subject_id,dataset,lesion_volume_voxels_1mm,out_of_brain_fraction_1mm,laterality_index_1mm,lesion_side_1mm,lesion_volume_voxels_2mm,out_of_brain_fraction_2mm,laterality_index_2mm,lesion_side_2mm
sub-STUNIPD0001,UNIPD/WashU,40139,0.00861983797668445,-1.0,right,5013,0.00948429164196799,-1.0,right
sub-STUNIPD0002,UNIPD/WashU,32660,0.2111111111111111,-1.0,right,4221,0.18434782608695652,-1.0,right
sub-STUNIPD0003,UNIPD/WashU,56918,0.009087743732590529,1.0,left,7100,0.011142061281337047,1.0,left
sub-STUNIPD0005,UNIPD/WashU,11369,0.013792505204718945,1.0,left,1423,0.012491325468424705,1.0,left
sub-STUNIPD0006,UNIPD/WashU,52962,0.04040440643571532,-1.0,right,6513,0.05595013770111611,-1.0,right
sub-STUNIPD0008,UNIPD/WashU,8840,0.14007782101167315,1.0,left,1139,0.11361867704280156,1.0,left
sub-STUNIPD0009,UNIPD/WashU,11566,0.030998659517426273,1.0,left,1446,0.030831099195710455,1.0,left
sub-STUNIPD0011,UNIPD/WashU,31403,0.028853290450272143,1.0,left,3968,0.01830776843146957,1.0,left
sub-STUNIPD0012,UNIPD/WashU,66793,0.028719753373662168,-1.0,right,8334,0.03047929269427641,-1.0,right
sub-STUNIPD0013,UNIPD/WashU,5000,0.0,-1.0,right,625,0.0,-1.0,right
sub-STUNIPD0014,UNIPD/WashU,4719,0.0185108153078203,-1.0,right,594,0.011647254575707155,-1.0,right
sub-STUNIPD0015,UNIPD/WashU,74806,0.05871250251660962,1.0,left,9446,0.04912421985101671,1.0,left
sub-STUNIPD0016,UNIPD/WashU,51111,0.006086652146857498,-0.9970216518075831,right,6402,0.004044803982576229,-1.0,right
sub-STUNIPD0017,UNIPD/WashU,33472,0.012042502951593861,0.9985515992757996,left,4215,0.004722550177095631,0.9985479186834463,left
sub-STUNIPD0019,UNIPD/WashU,39373,0.0025081070125658697,-1.0,right,4927,0.0014187271990271585,-1.0,right
sub-STUNIPD0020,UNIPD/WashU,6234,0.06788277511961723,-0.6919688241274145,right,774,0.07416267942583732,-0.788712011577424,right
sub-STUNIPD0021,UNIPD/WashU,1760,0.0,1.0,left,220,0.0,1.0,left
sub-STUNIPD0023,UNIPD/WashU,6889,0.013602520045819015,1.0,left,859,0.016036655211912942,1.0,left
sub-STUNIPD0024,UNIPD/WashU,26561,0.005652890086852351,-1.0,right,3327,0.0035938903863432167,-1.0,right
sub-STUNIPD0025,UNIPD/WashU,4361,0.05030487804878049,0.6277710109622412,left,545,0.050522648083623695,0.6058091286307054,left
sub-STUNIPD0026,UNIPD/WashU,24045,0.0470434369055168,-1.0,right,2991,0.05168040583386176,-1.0,right
sub-STUNIPD0027,UNIPD/WashU,791,0.04004854368932039,-1.0,right,100,0.02912621359223301,-1.0,right
sub-STUNIPD0029,UNIPD/WashU,32114,0.011268472906403941,1.0,left,4011,0.01206896551724138,1.0,left
sub-STUNIPD0031,UNIPD/WashU,4759,0.005225752508361204,1.0,left,594,0.006688963210702341,1.0,left
sub-STUNIPD0032,UNIPD/WashU,16152,0.0,-1.0,right,2019,0.0,-1.0,right
sub-STUNIPD0034,UNIPD/WashU,2284,0.018900343642611683,-1.0,right,289,0.006872852233676976,-1.0,right
sub-STUNIPD0036,UNIPD/WashU,3175,0.059537914691943125,0.8219224283305228,left,394,0.06635071090047394,0.8134110787172012,left
sub-STUNIPD0038,UNIPD/WashU,64452,0.09781634938409854,0.9900790865272123,left,8192,0.0826427771556551,0.9891371435625231,left
sub-STUNIPD0039,UNIPD/WashU,52006,0.033345724907063196,1.0,left,6548,0.026319702602230485,1.0,left
sub-STUNIPD0040,UNIPD/WashU,10174,0.052347242921013414,0.9823929571828731,left,1303,0.029061102831594635,0.9825119236883942,left
sub-STUNIPD0041,UNIPD/WashU,1948,0.11775362318840579,-0.5791284403669725,right,238,0.13768115942028986,-0.786096256684492,right
sub-STUNIPD0044,UNIPD/WashU,63795,0.00976344219545511,1.0,left,7960,0.011548491245498572,1.0,left
sub-STUNIPD0045,UNIPD/WashU,7314,0.033562367864693445,-1.0,right,911,0.03699788583509514,-1.0,right
sub-STUNIPD0047,UNIPD/WashU,272,0.0,-1.0,right,34,0.0,-1.0,right
sub-STUNIPD0048,UNIPD/WashU,70244,0.016410888316343675,-1.0,right,8719,0.023300100817743922,-1.0,right
sub-STUNIPD0049,UNIPD/WashU,18271,0.0009295713035870516,-0.9934105760254791,right,2284,0.0008748906386701663,-1.0,right
sub-STUNIPD0050,UNIPD/WashU,2184,0.0,-1.0,right,273,0.0,-1.0,right
sub-STUNIPD0051,UNIPD/WashU,2240,0.0,1.0,left,280,0.0,1.0,left
sub-STUNIPD0052,UNIPD/WashU,74563,0.0051899882591525245,-1.0,right,9319,0.005336748852598996,-1.0,right
sub-STUNIPD0053,UNIPD/WashU,3635,0.04342105263157895,0.8207018578590386,left,449,0.05473684210526316,0.8046272493573264,left
sub-STUNIPD0054,UNIPD/WashU,10766,0.00018573551263001485,1.0,left,1346,0.0,1.0,left
sub-STUNIPD0055,UNIPD/WashU,1727,0.00974770642201835,1.0,left,216,0.009174311926605505,1.0,left
sub-STUNIPD0056,UNIPD/WashU,12100,0.2724867724867725,1.0,left,1595,0.2328042328042328,1.0,left
sub-STUNIPD0057,UNIPD/WashU,2480,0.0,-1.0,right,310,0.0,-1.0,right
sub-STUNIPD0058,UNIPD/WashU,53153,0.06486629134412386,-1.0,right,6511,0.08360309641097818,-1.0,right
sub-STUNIPD0059,UNIPD/WashU,3624,0.0,1.0,left,453,0.0,1.0,left
sub-STUNIPD0060,UNIPD/WashU,3400,0.0,-1.0,right,425,0.0,-1.0,right
sub-STUNIPD0061,UNIPD/WashU,9244,0.005593803786574871,1.0,left,1155,0.006024096385542169,1.0,left
sub-STUNIPD0063,UNIPD/WashU,27733,0.022935456595264938,-1.0,right,3444,0.029312288613303268,-1.0,right
sub-STUNIPD0064,UNIPD/WashU,16011,0.042404306220095694,0.9247928616953474,left,1999,0.04354066985645933,0.9227557411273486,left
sub-STUNIPD0066,UNIPD/WashU,1432,0.0,-1.0,right,179,0.0,-1.0,right
sub-STUNIPD0068,UNIPD/WashU,9025,0.02663934426229508,1.0,left,1127,0.027610008628127698,1.0,left
sub-STUNIPD0069,UNIPD/WashU,11315,0.0032593375616631432,1.0,left,1412,0.004933051444679351,1.0,left
sub-STUNIPD0071,UNIPD/WashU,58084,0.02136406523790268,1.0,left,7248,0.023048928427011728,1.0,left
sub-STUNIPD0073,UNIPD/WashU,7968,0.0,1.0,left,996,0.0,1.0,left
sub-STUNIPD0074,UNIPD/WashU,2277,0.0013157894736842105,-0.9534258844603672,right,285,0.0,-0.9927007299270073,right
sub-STUNIPD0075,UNIPD/WashU,118598,0.07495632097841008,1.0,left,14974,0.0656433295894172,1.0,left
sub-STUNIPD0076,UNIPD/WashU,37344,0.012481489316691347,1.0,left,4666,0.012904590649460547,1.0,left
sub-STUNIPD0077,UNIPD/WashU,15408,0.07091172214182344,-1.0,right,1924,0.07187650747708635,-1.0,right
sub-STUNIPD0078,UNIPD/WashU,2048,0.011583011583011582,0.9463917525773196,left,257,0.007722007722007722,0.9385964912280702,left
sub-STUNIPD0079,UNIPD/WashU,74215,0.009727263023057216,1.0,left,9262,0.011315115286080273,1.0,left
sub-STUNIPD0080,UNIPD/WashU,2022,0.0009881422924901185,1.0,left,253,0.0,1.0,left
sub-STUNIPD0081,UNIPD/WashU,13929,0.0748538788522848,1.0,left,1774,0.057385759829968117,1.0,left
sub-STUNIPD0082,UNIPD/WashU,5752,0.0,1.0,left,719,0.0,1.0,left
sub-STUNIPD0083,UNIPD/WashU,15934,0.07360465116279069,-0.9979902022359,right,2006,0.06697674418604652,-1.0,right
sub-STUNIPD0084,UNIPD/WashU,60083,0.0576693851944793,1.0,left,7653,0.0397741530740276,1.0,left
sub-STUNIPD0085,UNIPD/WashU,105647,0.07013976904661315,-1.0,right,13152,0.0739332488381918,-1.0,right
sub-STUNIPD0086,UNIPD/WashU,238643,0.0633811108669032,-1.0,right,29668,0.06847938710791547,-1.0,right
sub-STUNIPD0088,UNIPD/WashU,13425,0.0011160714285714285,1.0,left,1677,0.0017857142857142857,1.0,left
sub-STUNIPD0090,UNIPD/WashU,71912,0.030103582218385844,-0.997773324426631,right,9042,0.02438498057833405,-0.9993354009747453,right
sub-STUNIPD0091,UNIPD/WashU,73866,0.09157319952774498,1.0,left,9410,0.07418339236521054,1.0,left
sub-STUNIPD0092,UNIPD/WashU,4220,0.000946969696969697,-1.0,right,528,0.0,-1.0,right
sub-STUNIPD0093,UNIPD/WashU,51447,0.00941543438077634,1.0,left,6426,0.010166358595194085,1.0,left
sub-STUNIPD0094,UNIPD/WashU,86931,0.22763700334067807,-0.4275142248752051,right,11131,0.2088279195394129,-0.42084942084942084,right
sub-STUNIPD0095,UNIPD/WashU,35069,0.1174501711294544,1.0,left,4485,0.09704046708274612,1.0,left
sub-STUNIPD0096,UNIPD/WashU,33693,0.006457891012031139,1.0,left,4214,0.005897617362585515,1.0,left
sub-STUNIPD0098,UNIPD/WashU,78877,0.01057451078775715,1.0,left,9889,0.007626693426994481,1.0,left
sub-STUNIPD0099,UNIPD/WashU,3032,0.0,-1.0,right,379,0.0,-1.0,right
sub-STUNIPD0100,UNIPD/WashU,3555,0.3023940345368917,0.8983957219251337,left,459,0.2794348508634223,0.8970588235294118,left
sub-STUNIPD0101,UNIPD/WashU,781,0.07023809523809524,-0.9897039897039897,right,97,0.0761904761904762,-1.0,right
sub-STUNIPD0102,UNIPD/WashU,20729,0.013280654988575781,-0.9941942038802071,right,2594,0.012185833968012186,-1.0,right
sub-STUNIPD0104,UNIPD/WashU,226965,0.07500163020442764,0.9975579975579976,left,28571,0.06846858596067947,0.9975478175576263,left
sub-STUNIPD0105,UNIPD/WashU,267912,0.05715250992426588,-0.9976685796269728,right,33113,0.06773839353585405,-0.9996368808061246,right
sub-STUNIPD0109,UNIPD/WashU,107428,0.0498478737706078,-1.0,right,13149,0.06962428359159414,-1.0,right
sub-STUNIPD0111,UNIPD/WashU,47227,0.013308540865786395,1.0,left,5878,0.01754972421861942,1.0,left
sub-STUNIPD0112,UNIPD/WashU,3296,0.0,1.0,left,412,0.0,1.0,left
sub-STUNIPD0114,UNIPD/WashU,22687,0.025137504297009283,-1.0,right,2845,0.022000687521485048,-1.0,right
sub-STUNIPD0116,UNIPD/WashU,72160,0.0064985130520982485,-1.0,right,9036,0.004736204427800418,-1.0,right
sub-STUNIPD0118,UNIPD/WashU,5106,0.03148710166919575,1.0,left,629,0.04552352048558422,1.0,left
sub-STUNIPD0119,UNIPD/WashU,13214,0.010928143712574851,-1.0,right,1663,0.004191616766467066,-1.0,right
sub-STUNIPD0120,UNIPD/WashU,32277,0.06756990986826901,1.0,left,4096,0.05338571758724289,1.0,left
sub-STUNIPD0121,UNIPD/WashU,1856,0.0,-1.0,right,232,0.0,-1.0,right
sub-STUNIPD0126,UNIPD/WashU,51411,0.016019751952227837,1.0,left,6400,0.020058184045322308,1.0,left
sub-STUNIPD0127,UNIPD/WashU,14775,0.0016891891891891893,1.0,left,1847,0.0016216216216216215,1.0,left
sub-STUNIPD0128,UNIPD/WashU,75247,0.021953311843610275,0.9906441452815394,left,9482,0.0140376416761984,0.9907192575406032,left
sub-STUNIPD0130,UNIPD/WashU,3420,0.0194954128440367,-1.0,right,431,0.011467889908256881,-1.0,right
sub-STUNIPD0131,UNIPD/WashU,8621,0.15013801261829654,1.0,left,1115,0.12066246056782334,1.0,left
sub-STUNIPD0133,UNIPD/WashU,26480,0.00421179302045728,1.0,left,3307,0.005114320096269555,1.0,left
sub-STUNIPD0134,UNIPD/WashU,53920,0.00824014125956445,-0.9988127040664886,right,6750,0.006768687463213655,-0.9994070560332049,right
sub-STUNIPD0136,UNIPD/WashU,53721,0.013642038777908342,-1.0,right,6728,0.011750881316098707,-1.0,right
sub-STUNIPD0137,UNIPD/WashU,58430,0.02186286326503281,-0.9997261118148516,right,7324,0.01915093076201955,-1.0,right
sub-STUNIPD0138,UNIPD/WashU,48146,0.041527313266443704,-1.0,right,6009,0.04300047778308648,-1.0,right
sub-STUNIPD0139,UNIPD/WashU,7223,0.03125,0.9416958654519972,left,904,0.030042918454935622,0.9410430839002267,left
sub-STUNIPD0140,UNIPD/WashU,32428,0.052920560747663555,-1.0,right,4032,0.05794392523364486,-1.0,right
sub-STUNIPD0141,UNIPD/WashU,7622,0.10202639019792649,-0.9883874373185537,right,978,0.07822808671065033,-1.0,right
sub-STUNIPD0142,UNIPD/WashU,30157,0.09034145752895753,-1.0,right,3822,0.0777027027027027,-1.0,right
sub-STUNIPD0143,UNIPD/WashU,62566,0.03435609334485739,-1.0,right,7778,0.039634522780590195,-1.0,right
sub-STUNIPD0144,UNIPD/WashU,2560,0.0,1.0,left,320,0.0,1.0,left
sub-STUNIPD0145,UNIPD/WashU,7965,0.004375,1.0,left,993,0.007,1.0,left
sub-STUNIPD0146,UNIPD/WashU,43658,0.012798480463096961,-1.0,right,5468,0.01085383502170767,-1.0,right
sub-STUNIPD0147,UNIPD/WashU,7827,0.039867517173699706,1.0,left,980,0.038272816486751716,1.0,left
sub-STUNIPD0148,UNIPD/WashU,44643,0.012497788002123518,-1.0,right,5593,0.01026367014687666,-1.0,right
sub-STUNIPD0149,UNIPD/WashU,16682,0.03146771946121691,-0.9389480085132259,right,2094,0.02740362285183465,-0.9665354330708661,right
sub-STUNIPD0150,UNIPD/WashU,236219,0.04439059516489207,-1.0,right,29320,0.05110197741027218,-1.0,right
sub-STUNIPD0151,UNIPD/WashU,5804,0.16704936854190586,0.9569553805774278,left,751,0.1377726750861079,0.953168044077135,left
sub-STUNIPD0154,UNIPD/WashU,33652,0.011398354876615746,1.0,left,4200,0.012925969447708578,1.0,left
sub-STUNIPD0155,UNIPD/WashU,6484,0.0018472906403940886,-1.0,right,811,0.0012315270935960591,-1.0,right
sub-STUNIPD0156,UNIPD/WashU,35658,0.000616591928251121,1.0,left,4458,0.0004484304932735426,1.0,left
sub-STUNIPD0157,UNIPD/WashU,16625,0.028005144995322733,-0.31398384089496584,right,2087,0.023854069223573433,-0.35758196721311475,right
sub-STUNIPD0158,UNIPD/WashU,4421,0.0024819494584837547,1.0,left,553,0.0018050541516245488,1.0,left
sub-STUNIPD0159,UNIPD/WashU,20081,0.0007464171974522294,1.0,left,2511,0.0003980891719745223,1.0,left
sub-STUNIPD0162,UNIPD/WashU,1038,0.19409937888198758,0.4146868250539957,left,130,0.19254658385093168,0.3333333333333333,left
sub-STUNIPD0163,UNIPD/WashU,60044,0.05519889224572004,-0.9686244178030367,right,7481,0.058282980866062435,-0.9877367488758686,right
sub-STUNIPD0164,UNIPD/WashU,30235,0.03316065489895114,-0.9220326484094794,right,3797,0.028651829112304936,-0.9507175737882481,right
sub-STUNIPD0166,UNIPD/WashU,18583,0.032538525614327365,1.0,left,2346,0.022907122032486463,1.0,left
sub-STUNIPD0168,UNIPD/WashU,116072,0.012052294702437696,1.0,left,14580,0.0072177584093694675,1.0,left
sub-STUNIPD0169,UNIPD/WashU,1808,0.0,0.7009345794392523,left,226,0.0,0.6831683168316832,left
sub-STUNIPD0171,UNIPD/WashU,133262,0.05621813031161473,-1.0,right,16530,0.06345609065155808,-1.0,right
sub-STUNIPD0172,UNIPD/WashU,9723,0.008666394779771614,1.0,left,1213,0.010603588907014683,1.0,left
sub-STUNIPD0173,UNIPD/WashU,5760,0.008264462809917356,1.0,left,723,0.004132231404958678,1.0,left
sub-STUNIPD0174,UNIPD/WashU,62338,0.008871788349020606,-0.9996149279594391,right,7819,0.005469346222335284,-1.0,right
sub-STUNIPD0175,UNIPD/WashU,4264,0.0,1.0,left,533,0.0,1.0,left
sub-STUNIPD0176,UNIPD/WashU,1708,0.002336448598130841,-1.0,right,214,0.0,-1.0,right
sub-STUNIPD0177,UNIPD/WashU,5566,0.0597972972972973,-0.6876322369686478,right,693,0.06351351351351352,-0.8202995008319468,right
sub-STUNIPD0178,UNIPD/WashU,4753,0.014718076285240465,-1.0,right,598,0.008291873963515755,-1.0,right
sub-STUNIPD0179,UNIPD/WashU,128057,0.012149777832633917,-0.9999375258681952,right,16060,0.008886694643297952,-1.0,right
sub-STUNIPD0180,UNIPD/WashU,232,0.0,1.0,left,29,0.0,1.0,left
sub-STUNIPD0181,UNIPD/WashU,160413,0.02812984683986041,1.0,left,20228,0.019581233036060488,1.0,left
sub-STUNIPD0182,UNIPD/WashU,6418,0.005885997521685254,1.0,left,800,0.008674101610904586,1.0,left
sub-STUNIPD0183,UNIPD/WashU,66206,0.007465819141280883,-1.0,right,8278,0.007195970256656272,-1.0,right
sub-STUNIPD0185,UNIPD/WashU,11800,0.006064690026954178,1.0,left,1475,0.006064690026954178,1.0,left
sub-STUNIPD0187,UNIPD/WashU,2014,0.004940711462450593,-0.8915537017726799,right,252,0.003952569169960474,-0.9912280701754386,right
sub-STUNIPD0188,UNIPD/WashU,5129,0.03734984984984985,0.8182576073363902,left,643,0.03453453453453453,0.7996422182468694,left
sub-STUNIPD0189,UNIPD/WashU,79346,0.039673702556158014,-0.9727314274107551,right,9952,0.03640588690937258,-0.9867441623330274,right
sub-STUNIPD0191,UNIPD/WashU,3580,0.007760532150776054,1.0,left,449,0.004434589800443459,1.0,left
sub-STUNIPD0192,UNIPD/WashU,19152,0.0,-1.0,right,2394,0.0,-1.0,right
sub-STUNIPD0193,UNIPD/WashU,58176,0.0049261083743842365,1.0,left,7277,0.004241926655719759,1.0,left
sub-STUNIPD0194,UNIPD/WashU,9382,0.06702466189339698,1.0,left,1169,0.07000795544948289,1.0,left
sub-STUNIPD0195,UNIPD/WashU,2312,0.0,-1.0,right,289,0.0,-1.0,right
sub-STUNIPD0196,UNIPD/WashU,67935,0.007030519176800748,-1.0,right,8495,0.00666510757717493,-1.0,right
sub-STUNIPD0197,UNIPD/WashU,73723,0.01175603217158177,-1.0,right,9223,0.01093833780160858,-1.0,right
sub-STUNIPD0199,UNIPD/WashU,40,0.0,-1.0,right,5,0.0,-1.0,right
sub-STUNIPD0201,UNIPD/WashU,36987,0.0020774875890351824,1.0,left,4625,0.0017267429311461256,1.0,left
sub-STUNIPD0202,UNIPD/WashU,160955,0.01736874236874237,-1.0,right,20190,0.01391941391941392,-1.0,right
sub-STUNIPD0203,UNIPD/WashU,134673,0.05036808258588594,1.0,left,16935,0.04467761042477576,1.0,left
sub-STUNIPD0205,UNIPD/WashU,536,0.0,-0.12149532710280374,both,67,0.0,-0.5,right
sub-STUNIPD0206,UNIPD/WashU,544,0.0,1.0,left,68,0.0,1.0,left
sub-STUNIPD0207,UNIPD/WashU,19636,0.019768370607028754,1.0,left,2451,0.021166134185303515,1.0,left
sub-STUNIPD0210,UNIPD/WashU,3160,0.0,1.0,left,395,0.0,1.0,left
sub-STUNIPD0211,UNIPD/WashU,2042,0.03314393939393939,-0.7576396206533192,right,258,0.022727272727272728,-0.9004524886877828,right
sub-STUNIPD0212,UNIPD/WashU,6044,0.0032981530343007917,0.9973045822102425,left,755,0.00395778364116095,0.9972527472527473,left
sub-STUNIPD0213,UNIPD/WashU,856,0.0,1.0,left,107,0.0,1.0,left
sub-STUNIPD0215,UNIPD/WashU,1182,0.0016891891891891893,-1.0,right,148,0.0,-1.0,right
sub-STUNIPD0216,UNIPD/WashU,14048,0.0,1.0,left,1756,0.0,1.0,left
sub-STUNIPD0217,UNIPD/WashU,912,0.0,-1.0,right,114,0.0,-1.0,right
sub-STUNIPD0218,UNIPD/WashU,20962,0.050634057971014494,1.0,left,2619,0.051086956521739134,1.0,left
sub-STUNIPD0219,UNIPD/WashU,65268,0.013124470787468248,-1.0,right,8178,0.01076569493165598,-1.0,right
sub-STUNIPD0220,UNIPD/WashU,288,0.0,1.0,left,36,0.0,1.0,left
sub-STUNIPD0221,UNIPD/WashU,15166,0.04109762266059686,-1.0,right,1863,0.057663125948406675,-1.0,right
sub-STUNIPD0222,UNIPD/WashU,16,0.0,-1.0,right,2,0.0,-1.0,right
sub-STUNIPD0223,UNIPD/WashU,1201,0.031451612903225803,-1.0,right,154,0.0064516129032258064,-1.0,right
sub-STUNIPD0224,UNIPD/WashU,920,0.03361344537815126,0.9817351598173516,left,116,0.025210084033613446,0.9809523809523809,left
sub-STUNIPD0225,UNIPD/WashU,53787,0.003944444444444445,1.0,left,6710,0.005925925925925926,1.0,left
sub-STUNIPD0226,UNIPD/WashU,120,0.0,-1.0,right,15,0.0,-1.0,right
sub-STUNIPD0227,UNIPD/WashU,6624,0.0,-1.0,right,828,0.0,-1.0,right
sub-STUNIPD0228,UNIPD/WashU,2712,0.0,1.0,left,339,0.0,1.0,left
sub-STUNIPD0229,UNIPD/WashU,4096,0.0,-1.0,right,512,0.0,-1.0,right
sub-STUNIPD0231,UNIPD/WashU,94005,0.013050142785150345,-1.0,right,11710,0.016462287922056108,-1.0,right
sub-STUNIPD0232,UNIPD/WashU,12837,0.00887893761581223,1.0,left,1602,0.010500308832612723,1.0,left
sub-STUNIPD0233,UNIPD/WashU,81664,0.0034169676852484625,1.0,left,10193,0.004881382407497803,1.0,left
sub-STUNIPD0234,UNIPD/WashU,151211,0.1276020031385581,-1.0,right,18938,0.12591156650973875,-1.0,right
sub-STUNIPD0235,UNIPD/WashU,1280,0.0,1.0,left,160,0.0,1.0,left
sub-STUNIPD0236,UNIPD/WashU,768,0.0,-1.0,right,96,0.0,-1.0,right
sub-STUNIPD0237,UNIPD/WashU,27796,0.02756787013713966,1.0,left,3507,0.018471872376154493,1.0,left
sub-STUNIPD0238,UNIPD/WashU,416,0.0,1.0,left,52,0.0,1.0,left
sub-STUNIPD0239,UNIPD/WashU,2824,0.016713091922005572,-0.9127906976744186,right,353,0.016713091922005572,-0.9641791044776119,right
sub-STUNIPD0241,UNIPD/WashU,85039,0.015934549157563413,-0.9996236312527198,right,10602,0.01851508979818552,-1.0,right
sub-STUNIPD0242,UNIPD/WashU,142635,0.0479829666809056,0.9988737787538362,left,17751,0.05216787697565143,0.9988644106291165,left
sub-STUNIPD0245,UNIPD/WashU,28792,0.0,-1.0,right,3599,0.0,-1.0,right
sub-STUNIPD0246,UNIPD/WashU,928,0.0,-0.8715596330275229,right,116,0.0,-1.0,right
sub-STUNIPD0247,UNIPD/WashU,21899,0.01034887924801157,-1.0,right,2729,0.013376717281272595,-1.0,right
sub-STUNIPD0248,UNIPD/WashU,143552,0.025788587871219935,-1.0,right,17853,0.03072913838970628,-1.0,right
sub-STUNIPD0249,UNIPD/WashU,576,0.0,-1.0,right,72,0.0,-1.0,right
sub-STUNIPD0250,UNIPD/WashU,177128,0.03229895104895105,1.0,left,22287,0.025917832167832167,1.0,left
sub-STUNIPD0251,UNIPD/WashU,112955,0.115105602907997,-1.0,right,14009,0.12202306342441714,-1.0,right
sub-STUNIPD0489,UNIPD/PASPORT,253622,0.0025876985999685386,1.0,left,31710,0.0023909897439124144,1.0,left
sub-STUNIPD0490,UNIPD/PASPORT,15665,0.0005104319530402603,1.0,left,1944,0.0,1.0,left
sub-STUNIPD0491,UNIPD/PASPORT,7793,0.0,1.0,left,984,0.0,1.0,left
sub-STUNIPD0492,UNIPD/PASPORT,31833,0.006212537462537463,1.0,left,3981,0.00475,1.0,left
sub-STUNIPD0493,UNIPD/PASPORT,116203,0.01129914660812892,1.0,left,14568,0.010393315671489708,1.0,left
sub-STUNIPD0494,UNIPD/PASPORT,98772,0.002141760284490423,-1.0,right,12324,0.002509105625252934,-1.0,right
sub-STUNIPD0495,UNIPD/PASPORT,114731,0.006958930194313411,-1.0,right,14199,0.0068545848779464225,-1.0,right
sub-STUNIPD0496,UNIPD/PASPORT,203338,0.0008304382650228247,-1.0,right,25273,0.0009882204126808443,-1.0,right
sub-STUNIPD0497,UNIPD/PASPORT,3062,0.009702457956015523,1.0,left,385,0.015345268542199489,1.0,left
sub-STUNIPD0498,UNIPD/PASPORT,243669,0.0008078206884108486,-1.0,right,30473,0.0006231142594778958,-1.0,right
sub-STUNIPD0499,UNIPD/PASPORT,1047,0.0,-1.0,right,139,0.0,-1.0,right
sub-STUNIPD0500,UNIPD/PASPORT,15654,0.0,-1.0,right,1950,0.0,-1.0,right
sub-STUNIPD0501,UNIPD/PASPORT,88848,0.00045000450004500047,1.0,left,11113,0.0001799370220422852,1.0,left
sub-STUNIPD0502,UNIPD/PASPORT,29520,0.0,-1.0,right,3704,0.0,-1.0,right
sub-STUNIPD0503,UNIPD/PASPORT,333080,0.0009568115081328979,0.9476459476095611,left,41618,0.0006723334774047928,0.9553310941675451,left
sub-STUNIPD0504,UNIPD/PASPORT,329044,0.007279979001801139,0.9995621889337172,left,41206,0.0065097887935191435,1.0,left
sub-STUNIPD0505,UNIPD/PASPORT,5229,0.0,-1.0,right,653,0.0,-1.0,right
sub-STUNIPD0506,UNIPD/PASPORT,105504,0.01200531904931358,1.0,left,13184,0.0111011101110111,1.0,left
sub-STUNIPD0507,UNIPD/PASPORT,27818,0.0004311893639956881,-1.0,right,3500,0.00028563267637817766,-1.0,right
sub-STUNIPD0508,UNIPD/PASPORT,52243,0.008972607936869261,-1.0,right,6557,0.007717917675544794,-1.0,right
sub-STUNIPD0509,UNIPD/PASPORT,12018,0.0002495632642874969,-1.0,right,1493,0.0,-1.0,right
sub-STUNIPD0510,UNIPD/PASPORT,23373,0.0002566405748748877,1.0,left,2934,0.0,1.0,left
sub-STUNIPD0511,UNIPD/PASPORT,24378,0.0,1.0,left,3055,0.0,1.0,left
sub-STUNIPD0512,UNIPD/PASPORT,45982,0.025928907342287,-1.0,right,5756,0.025232853513971212,-1.0,right
sub-STUNIPD0513,UNIPD/PASPORT,22368,0.0,1.0,left,2784,0.0,1.0,left
sub-STUNIPD0514,UNIPD/PASPORT,17259,0.0,-1.0,right,2165,0.0,-1.0,right
sub-STUNIPD0515,UNIPD/PASPORT,120636,8.289330802324328e-06,-1.0,right,15141,6.60414740457007e-05,-1.0,right
sub-STUNIPD0516,UNIPD/PASPORT,6723,0.9427478965834384,-1.0,right,847,0.9432913765399036,-1.0,right
sub-STUNIPD0517,UNIPD/PASPORT,1668,0.0,1.0,left,204,0.0,1.0,left
sub-STUNIPD0518,UNIPD/PASPORT,23558,8.488964346349746e-05,1.0,left,2957,0.0006759040216289286,1.0,left
sub-STUNIPD0519,UNIPD/PASPORT,187659,0.0012294427590611528,-0.9999786842876556,right,23460,0.0011070424934003236,-1.0,right
sub-STUNIPD0520,UNIPD/PASPORT,13234,0.0,1.0,left,1635,0.0,1.0,left
sub-STUNIPD0521,UNIPD/PASPORT,27931,0.0013229405034324944,1.0,left,3494,0.0008578781812982557,1.0,left
sub-STUNIPD0522,UNIPD/PASPORT,130813,0.011702754567020746,1.0,left,16313,0.011153543068436685,1.0,left
sub-STUNIPD0523,UNIPD/PASPORT,294776,0.005754143590504651,1.0,left,36800,0.005405405405405406,1.0,left
sub-STUNIPD0524,UNIPD/PASPORT,18244,0.0015870409894379687,1.0,left,2296,0.0008703220191470844,1.0,left
sub-STUNIPD0525,UNIPD/PASPORT,262752,0.004644326421141156,0.9825620491502629,left,32832,0.00454793523740222,0.9859388431781898,left
sub-STUNIPD0526,UNIPD/PASPORT,54080,0.014738836561059593,1.0,left,6783,0.012663755458515284,1.0,left
sub-STUNIPD0527,UNIPD/PASPORT,196678,0.0002998927502198366,1.0,left,24601,0.0001625685836212152,1.0,left
sub-STUNIPD0528,UNIPD/PASPORT,43119,0.0015976660183384273,-1.0,right,5402,0.001294139397300795,-1.0,right
sub-STUNIPD0529,UNIPD/PASPORT,5991,0.0,1.0,left,753,0.0,1.0,left
sub-STUNIPD0530,UNIPD/PASPORT,55883,0.008041039477421187,1.0,left,7004,0.006524822695035461,1.0,left
sub-STUNIPD0531,UNIPD/PASPORT,39885,0.0,1.0,left,4988,0.0,1.0,left
sub-STUNIPD0532,UNIPD/PASPORT,41904,0.00014316392269148176,1.0,left,5237,0.00019091256204658267,1.0,left
sub-STUNIPD0533,UNIPD/PASPORT,10776,0.0,1.0,left,1369,0.0,1.0,left
sub-STUNIPD0534,UNIPD/PASPORT,73833,0.0023915687069314957,-1.0,right,9227,0.002054942677914774,-1.0,right
sub-STUNIPD0535,UNIPD/PASPORT,10492,0.0,-1.0,right,1310,0.0,-1.0,right
sub-STUNIPD0536,UNIPD/PASPORT,46677,0.0,-1.0,right,5802,0.0,-1.0,right
sub-STUNIPD0537,UNIPD/PASPORT,4590,0.0,1.0,left,580,0.0,1.0,left
sub-STUNIPD0538,UNIPD/PASPORT,1715,0.0,-1.0,right,215,0.0,-1.0,right
sub-STUNIPD0539,UNIPD/PASPORT,69688,0.0001721664275466284,1.0,left,8729,0.0002290688351849731,1.0,left
sub-STUNIPD0540,UNIPD/PASPORT,75288,0.0004115827347681196,-1.0,right,9411,0.0006371455877668047,-1.0,right
sub-STUNIPD0541,UNIPD/PASPORT,19953,0.0,1.0,left,2479,0.0,1.0,left
sub-STUNIPD0542,UNIPD/PASPORT,9621,0.0,1.0,left,1170,0.0,1.0,left
sub-STUNIPD0543,UNIPD/PASPORT,1810,0.0,1.0,left,238,0.0,1.0,left
sub-STUNIPD0547,UNIPD/PASPORT,43732,0.02688028482421006,1.0,left,5484,0.024719900409034323,1.0,left
sub-STUNIPD0548,UNIPD/PASPORT,194323,0.014024263396368102,0.9899495931855352,left,24269,0.013214605188257298,0.9929589131875414,left
sub-STUNIPD0551,UNIPD/PASPORT,286416,0.01371900826446281,0.8760136961614705,left,35851,0.013048864418444597,0.8852276299619902,left
sub-STUNIPD0552,UNIPD/PASPORT,23288,0.4111012770261727,1.0,left,2930,0.4102254428341385,1.0,left
sub-STUNIPD0553,UNIPD/PASPORT,3436,0.0,-1.0,right,397,0.0,-1.0,right
sub-STUNIPD0556,UNIPD/PASPORT,16376,0.00012211503236048357,-1.0,right,2016,0.0,-1.0,right
sub-STUNIPD0557,UNIPD/PASPORT,97643,0.00023549648803063502,-1.0,right,12172,0.000328515111695138,-1.0,right
sub-STUNIPD0558,UNIPD/PASPORT,38,0.9994384844992168,1.0,left,0,1.0,,
sub-STUNIPD0559,UNIPD/PASPORT,57608,0.00027766208524226016,1.0,left,7184,0.00013917884481558804,1.0,left
sub-STUNIPD0560,UNIPD/PASPORT,92581,0.0007555234158292948,-1.0,right,11563,0.0006050129645635263,-1.0,right
sub-STUNIPD0561,UNIPD/PASPORT,10957,0.0,-1.0,right,1391,0.0,-1.0,right
sub-STUNIPD0562,UNIPD/PASPORT,6693,0.0,-1.0,right,831,0.0,-1.0,right
sub-STUNIPD0563,UNIPD/PASPORT,6943,0.0,-1.0,right,865,0.0,-1.0,right
sub-STUNIPD0564,UNIPD/PASPORT,125877,0.0009920477452738845,-1.0,right,15725,0.0008895101340618845,-1.0,right
sub-STUNIPD0565,UNIPD/PASPORT,74884,0.0018261553431705789,-1.0,right,9353,0.0019208195496745277,-1.0,right
sub-STUNIPD0567,UNIPD/PASPORT,16508,0.004462670365456519,1.0,left,2085,0.0028694404591104736,1.0,left
sub-STUNIPD0568,UNIPD/PASPORT,35367,0.0,-0.9905576186774908,right,4420,0.0,-1.0,right
sub-STUNIPD0571,UNIPD/PASPORT,40079,0.0022405337449276806,1.0,left,5005,0.001197365795250449,1.0,left
sub-STUNIPD0573,UNIPD/PASPORT,1218,0.0,1.0,left,156,0.0,1.0,left
sub-STUNIPD0574,UNIPD/PASPORT,67468,0.0014208750222011722,-1.0,right,8426,0.001303780964797914,-1.0,right
sub-STUNIPD0575,UNIPD/PASPORT,7816,0.0,-1.0,right,971,0.0,-1.0,right
sub-STUNIPD0576,UNIPD/PASPORT,111348,0.00015265119202622008,1.0,left,13906,0.0002156876842332303,1.0,left
sub-STUNIPD0577,UNIPD/PASPORT,2285,0.0,1.0,left,293,0.0,1.0,left
sub-STUNIPD0578,UNIPD/PASPORT,107441,0.0012363582278245673,1.0,left,13431,0.0011898564735628764,1.0,left
sub-STUNIPD0580,UNIPD/PASPORT,19194,0.005337617246204073,1.0,left,2395,0.005811540058115401,1.0,left
sub-STUNIPD0583,UNIPD/PASPORT,30227,0.024778190030650106,1.0,left,3782,0.025508889461479,1.0,left
sub-STUNIPD0584,UNIPD/PASPORT,1092,0.0,-1.0,right,139,0.0,-1.0,right
sub-STUNIPD0585,UNIPD/PASPORT,4948,0.0,1.0,left,620,0.0,1.0,left
sub-STUNIPD0252,UNIPD/PSP,10970,0.006700470843897139,-1.0,right,1538,0.008381689232753063,-1.0,right
sub-STUNIPD0253,UNIPD/PSP,47249,0.0004654016204438239,1.0,left,6408,0.0006238303181534623,1.0,left
sub-STUNIPD0254,UNIPD/PSP,60488,0.0017987689159529349,-0.9600813035220419,right,8276,0.0008451044307618013,-0.954316590937001,right
sub-STUNIPD0255,UNIPD/PSP,26963,0.020382211887807006,-0.8554819163037304,right,3736,0.017875920084121977,-0.8551454138702461,right
sub-STUNIPD0256,UNIPD/PSP,80102,2.496754219514631e-05,1.0,left,10853,0.0,1.0,left
sub-STUNIPD0257,UNIPD/PSP,9169,0.0,-1.0,right,1371,0.0,-1.0,right
sub-STUNIPD0258,UNIPD/PSP,49721,0.029265911753221397,1.0,left,6806,0.02813080108524918,1.0,left
sub-STUNIPD0259,UNIPD/PSP,47994,2.0835503698301906e-05,1.0,left,6664,0.0,1.0,left
sub-STUNIPD0260,UNIPD/PSP,118231,0.009425583967291129,-1.0,right,16175,0.00803385256960628,-1.0,right
sub-STUNIPD0261,UNIPD/PSP,1264,0.0,-1.0,right,222,0.0,-1.0,right
sub-STUNIPD0262,UNIPD/PSP,2877,0.0,-1.0,right,443,0.0,-1.0,right
sub-STUNIPD0264,UNIPD/PSP,311,0.0,-1.0,right,59,0.0,-1.0,right
sub-STUNIPD0265,UNIPD/PSP,21184,0.0,1.0,left,3122,0.0,1.0,left
sub-STUNIPD0266,UNIPD/PSP,22634,0.0,-1.0,right,3181,0.0,-1.0,right
sub-STUNIPD0267,UNIPD/PSP,18035,0.0,1.0,left,2687,0.0,1.0,left
sub-STUNIPD0268,UNIPD/PSP,1558,0.0,0.8571428571428571,left,281,0.0,0.7591240875912408,left
sub-STUNIPD0270,UNIPD/PSP,936,0.0,1.0,left,174,0.0,1.0,left
sub-STUNIPD0271,UNIPD/PSP,1190,0.0,1.0,left,215,0.0,1.0,left
sub-STUNIPD0272,UNIPD/PSP,1253,0.0007974481658692185,0.7567114093959731,left,215,0.0,0.7538461538461538,left
sub-STUNIPD0273,UNIPD/PSP,2199,0.0,-1.0,right,373,0.0,-1.0,right
sub-STUNIPD0274,UNIPD/PSP,2960,0.0,-1.0,right,464,0.0,-1.0,right
sub-STUNIPD0275,UNIPD/PSP,13773,0.0002903389707483487,1.0,left,1996,0.0,1.0,left
sub-STUNIPD0276,UNIPD/PSP,1204,0.0,-1.0,right,203,0.0,-1.0,right
sub-STUNIPD0277,UNIPD/PSP,15026,0.0,-0.9440968987089046,right,2278,0.0,-0.9297629499561019,right
sub-STUNIPD0278,UNIPD/PSP,35767,5.5914339232296124e-05,1.0,left,4987,0.0,1.0,left
sub-STUNIPD0279,UNIPD/PSP,18902,0.0,1.0,left,2655,0.0,1.0,left
sub-STUNIPD0280,UNIPD/PSP,1498,0.0,-1.0,right,231,0.0,-1.0,right
sub-STUNIPD0281,UNIPD/PSP,156,0.0,1.0,left,34,0.0,1.0,left
sub-STUNIPD0282,UNIPD/PSP,78786,0.000190352914303118,1.0,left,10962,9.121590805436468e-05,1.0,left
sub-STUNIPD0283,UNIPD/PSP,1313,0.00680786686838124,1.0,left,244,0.0,1.0,left
sub-STUNIPD0284,UNIPD/PSP,77752,0.00018002726127099247,-1.0,right,10532,0.0004745183638606814,-1.0,right
sub-STUNIPD0285,UNIPD/PSP,1897,0.05055055055055055,-0.4793577981651376,right,319,0.04491017964071856,-0.46715328467153283,right
sub-STUNIPD0286,UNIPD/PSP,199,0.0,1.0,left,41,0.0,1.0,left
sub-STUNIPD0287,UNIPD/PSP,871,0.0,-1.0,right,145,0.0,-1.0,right
sub-STUNIPD0288,UNIPD/PSP,1692,0.0,1.0,left,263,0.0,1.0,left
sub-STUNIPD0289,UNIPD/PSP,39024,0.06881740956380643,-0.9592655293658029,right,5364,0.0642009769713887,-0.9610714973983426,right
sub-STUNIPD0290,UNIPD/PSP,86030,0.02014829326074329,0.9968305386918981,left,11729,0.01906832817596387,0.9979430922180322,left
sub-STUNIPD0291,UNIPD/PSP,76009,0.005195927021438107,1.0,left,10392,0.004883654122378627,1.0,left
sub-STUNIPD0292,UNIPD/PSP,9613,0.0,1.0,left,1378,0.0,1.0,left
sub-STUNIPD0293,UNIPD/PSP,122,0.0,1.0,left,28,0.0,1.0,left
sub-STUNIPD0295,UNIPD/PSP,8340,0.0,-1.0,right,1206,0.0,-1.0,right
sub-STUNIPD0296,UNIPD/PSP,12576,0.0,1.0,left,1911,0.0,1.0,left
sub-STUNIPD0297,UNIPD/PSP,16462,0.0037521181312030983,1.0,left,2321,0.005569837189374464,1.0,left
sub-STUNIPD0299,UNIPD/PSP,166,0.0,-1.0,right,34,0.0,-1.0,right
sub-STUNIPD0300,UNIPD/PSP,1000,0.0,1.0,left,210,0.0,1.0,left
sub-STUNIPD0303,UNIPD/PSP,55771,3.585964534810751e-05,0.9998924172060748,left,7911,0.0,0.9994943749209961,left
sub-STUNIPD0304,UNIPD/PSP,29356,0.001020894303409787,1.0,left,4095,0.000488162069807176,1.0,left
sub-STUNIPD0305,UNIPD/PSP,25448,0.0,-1.0,right,3615,0.0,-1.0,right
sub-STUNIPD0306,UNIPD/PSP,32978,0.00030314053595246755,-1.0,right,4582,0.0004363001745200698,-1.0,right
sub-STUNIPD0308,UNIPD/PSP,40538,4.93339911198816e-05,0.9998014839077892,left,5744,0.0,0.9989423585404548,left
sub-STUNIPD0309,UNIPD/PSP,2094,0.0,1.0,left,338,0.0,1.0,left
sub-STUNIPD0310,UNIPD/PSP,137,0.0,-1.0,right,28,0.0,-1.0,right
sub-STUNIPD0311,UNIPD/PSP,13695,0.0,-1.0,right,1992,0.0,-1.0,right
sub-STUNIPD0312,UNIPD/PSP,55284,0.0,-1.0,right,7550,0.0,-1.0,right
sub-STUNIPD0313,UNIPD/PSP,22144,0.0,1.0,left,3126,0.0,1.0,left
sub-STUNIPD0314,UNIPD/PSP,1775,0.0,1.0,left,314,0.0,1.0,left
sub-STUNIPD0315,UNIPD/PSP,20025,0.0,1.0,left,2941,0.0,1.0,left
sub-STUNIPD0317,UNIPD/PSP,16379,0.0,1.0,left,2560,0.0,1.0,left
sub-STUNIPD0318,UNIPD/PSP,113,0.0,-1.0,right,34,0.0,-1.0,right
sub-STUNIPD0319,UNIPD/PSP,3601,0.0,1.0,left,601,0.0,1.0,left
sub-STUNIPD0320,UNIPD/PSP,10005,0.0,1.0,left,1483,0.0,1.0,left
sub-STUNIPD0322,UNIPD/PSP,40949,0.0006833101495961149,0.8478781445182314,left,5576,0.0,0.8406462272810722,left
sub-STUNIPD0323,UNIPD/PSP,3492,0.0017152658662092624,-1.0,right,541,0.0018450184501845018,-1.0,right
sub-STUNIPD0325,UNIPD/PSP,741,0.0,-1.0,right,127,0.0,-1.0,right
sub-STUNIPD0326,UNIPD/PSP,6102,0.0031040679627511846,1.0,left,913,0.0054466230936819175,1.0,left
sub-STUNIPD0327,UNIPD/PSP,20602,0.0,-1.0,right,2957,0.0,-1.0,right
sub-STUNIPD0329,UNIPD/PSP,52,0.018867924528301886,-1.0,right,17,0.0,-1.0,right
sub-STUNIPD0330,UNIPD/PSP,147,0.0,1.0,left,38,0.0,1.0,left
sub-STUNIPD0332,UNIPD/PSP,114,0.0,-1.0,right,28,0.0,-1.0,right
sub-STUNIPD0333,UNIPD/PSP,1013,0.0,1.0,left,200,0.0,1.0,left
sub-STUNIPD0335,UNIPD/PSP,6625,0.005255255255255256,-1.0,right,1013,0.007835455435847209,-1.0,right
sub-STUNIPD0336,UNIPD/PSP,3187,0.0,-1.0,right,536,0.0,-1.0,right
sub-STUNIPD0338,UNIPD/PSP,812,0.0,-1.0,right,144,0.0,-1.0,right
sub-STUNIPD0341,UNIPD/PSP,419,0.0389908256880734,-0.9398907103825137,right,84,0.056179775280898875,-0.9384615384615385,right
sub-STUNIPD0342,UNIPD/PSP,12617,0.0,1.0,left,1949,0.0,1.0,left
sub-STUNIPD0343,UNIPD/PSP,184,0.0,-1.0,right,37,0.0,-1.0,right
sub-STUNIPD0344,UNIPD/PSP,21830,0.0001832005129614363,-1.0,right,3231,0.0003094059405940594,-1.0,right
sub-STUNIPD0345,UNIPD/PSP,125481,0.0037632487793259495,-0.9998565348381234,right,16950,0.0039372392313568785,-0.9997639282341831,right
sub-STUNIPD0346,UNIPD/PSP,3036,0.0,-1.0,right,458,0.0,-1.0,right
sub-STUNIPD0348,UNIPD/PSP,673,0.0,-0.044481054365733116,both,127,0.0,-0.12380952380952381,both
sub-STUNIPD0349,UNIPD/PSP,2298,0.0,-1.0,right,366,0.0,-1.0,right
sub-STUNIPD0350,UNIPD/PSP,7261,0.0,1.0,left,1070,0.0,1.0,left
sub-STUNIPD0352,UNIPD/PSP,18771,0.013661920025222006,1.0,left,2688,0.012490815576781777,1.0,left
sub-STUNIPD0353,UNIPD/PSP,1091,0.0,-1.0,right,180,0.0,-1.0,right
sub-STUNIPD0355,UNIPD/PSP,706,0.0,-1.0,right,128,0.0,-1.0,right
sub-STUNIPD0357,UNIPD/PSP,259056,0.006100227895306278,-0.995306471193177,right,35285,0.005215675218494502,-0.9952785915412838,right
sub-STUNIPD0358,UNIPD/PSP,23003,0.002168915108662647,1.0,left,3335,0.002094554159186116,1.0,left
sub-STUNIPD0359,UNIPD/PSP,146,0.0,-1.0,right,32,0.0,-1.0,right
sub-STUNIPD0360,UNIPD/PSP,212615,0.010941214232882256,-0.9865093066915726,right,28365,0.009913085971587141,-0.9848839684905258,right
sub-STUNIPD0361,UNIPD/PSP,247,0.0,1.0,left,55,0.0,1.0,left
sub-STUNIPD0366,UNIPD/PSP,4125,0.0,1.0,left,642,0.0,1.0,left
sub-STUNIPD0368,UNIPD/PSP,103016,0.018091007873115125,0.9907897047632056,left,14081,0.016415199776473877,0.9933988663270431,left
sub-STUNIPD0369,UNIPD/PSP,20967,0.0,1.0,left,2966,0.0,1.0,left
sub-STUNIPD0371,UNIPD/PSP,66221,0.0,-1.0,right,9262,0.0,-1.0,right
sub-STUNIPD0372,UNIPD/PSP,11364,0.0,1.0,left,1892,0.0,1.0,left
sub-STUNIPD0373,UNIPD/PSP,41982,0.00011908447852906852,1.0,left,5713,0.0,1.0,left
sub-STUNIPD0375,UNIPD/PSP,196,0.0,1.0,left,48,0.0,1.0,left
sub-STUNIPD0376,UNIPD/PSP,849,0.0,-1.0,right,159,0.0,-1.0,right
sub-STUNIPD0377,UNIPD/PSP,1069,0.0,-1.0,right,187,0.0,-1.0,right
sub-STUNIPD0378,UNIPD/PSP,6373,0.0,1.0,left,959,0.0,1.0,left
sub-STUNIPD0380,UNIPD/PSP,22795,0.0002631463532301215,-1.0,right,3313,0.00030175015087507544,-1.0,right
sub-STUNIPD0381,UNIPD/PSP,7140,0.0,1.0,left,1082,0.0,1.0,left
sub-STUNIPD0383,UNIPD/PSP,12126,0.0,1.0,left,1803,0.0,1.0,left
sub-STUNIPD0384,UNIPD/PSP,4453,0.0,-1.0,right,700,0.0,-1.0,right
sub-STUNIPD0386,UNIPD/PSP,126195,0.009753762613976993,1.0,left,17054,0.00958243800452988,1.0,left
sub-STUNIPD0387,UNIPD/PSP,5405,0.0,1.0,left,862,0.0,1.0,left
sub-STUNIPD0388,UNIPD/PSP,17763,0.0,1.0,left,2639,0.0,1.0,left
sub-STUNIPD0389,UNIPD/PSP,10848,0.0,-1.0,right,1567,0.0,-1.0,right
sub-STUNIPD0390,UNIPD/PSP,170099,0.010609400720089807,-0.9983406786741905,right,22786,0.01059487624837169,-0.9978887178359358,right
sub-STUNIPD0391,UNIPD/PSP,1263,0.0,1.0,left,239,0.0,1.0,left
sub-STUNIPD0392,UNIPD/PSP,3433,0.0,1.0,left,542,0.0,1.0,left
sub-STUNIPD0393,UNIPD/PSP,2112,0.0,1.0,left,339,0.0,1.0,left
sub-STUNIPD0394,UNIPD/PSP,8276,0.0,-1.0,right,1256,0.0,-1.0,right
sub-STUNIPD0395,UNIPD/PSP,2556,0.0,-0.6921259842519685,right,403,0.0,-0.640506329113924,right
sub-STUNIPD0396,UNIPD/PSP,143049,0.011457635083306267,-1.0,right,19179,0.011289823693164244,-1.0,right
sub-STUNIPD0397,UNIPD/PSP,210,0.0,1.0,left,41,0.0,1.0,left
sub-STUNIPD0399,UNIPD/PSP,85,0.0,1.0,left,31,0.0,1.0,left
sub-STUNIPD0400,UNIPD/PSP,7260,0.0,1.0,left,1076,0.0,1.0,left
sub-STUNIPD0401,UNIPD/PSP,28605,0.0,-1.0,right,3901,0.0,-1.0,right
sub-STUNIPD0402,UNIPD/PSP,4967,0.0,-1.0,right,789,0.0,-1.0,right
sub-STUNIPD0403,UNIPD/PSP,904,0.0,1.0,left,185,0.0,1.0,left
sub-STUNIPD0405,UNIPD/PSP,6807,0.0,-1.0,right,1148,0.0,-1.0,right
sub-STUNIPD0407,UNIPD/PSP,1688,0.0,1.0,left,294,0.0,1.0,left
sub-STUNIPD0408,UNIPD/PSP,62124,0.0006113059425372414,-1.0,right,8510,0.0010564620260593966,-1.0,right
sub-STUNIPD0410,UNIPD/PSP,74740,0.0015763178284218119,-1.0,right,10030,0.001990049751243781,-1.0,right
sub-STUNIPD0412,UNIPD/PSP,8802,0.0,-1.0,right,1329,0.0,-1.0,right
sub-STUNIPD0414,UNIPD/PSP,51161,0.001405344211738528,0.7753189118191407,left,6977,0.0005729838132072769,0.7789661319073083,left
sub-STUNIPD0416,UNIPD/PSP,3344,0.0,1.0,left,499,0.0,1.0,left
sub-STUNIPD0417,UNIPD/PSP,2074,0.01566207878500237,1.0,left,310,0.0189873417721519,1.0,left
sub-STUNIPD0418,UNIPD/PSP,20180,0.0,1.0,left,3011,0.0,1.0,left
sub-STUNIPD0419,UNIPD/PSP,22173,0.0,1.0,left,3253,0.0,1.0,left
sub-STUNIPD0420,UNIPD/PSP,4929,0.0,1.0,left,737,0.0,1.0,left
sub-STUNIPD0422,UNIPD/PSP,4204,0.0,1.0,left,647,0.0,1.0,left
sub-STUNIPD0423,UNIPD/PSP,1935,0.0,1.0,left,346,0.0,1.0,left
sub-STUNIPD0424,UNIPD/PSP,159817,0.017810281781028177,0.99196676247976,left,21328,0.017097562099635928,0.9927303625377644,left
sub-STUNIPD0426,UNIPD/PSP,51024,0.0029116917124264747,-1.0,right,7047,0.001982721994051834,-1.0,right
sub-STUNIPD0429,UNIPD/PSP,17304,0.0,1.0,left,2440,0.0,1.0,left
sub-STUNIPD0432,UNIPD/PSP,4491,0.0,1.0,left,730,0.0,1.0,left
sub-STUNIPD0433,UNIPD/PSP,23590,0.0001695346274476562,-1.0,right,3332,0.00030003000300030005,-1.0,right
sub-STUNIPD0435,UNIPD/PSP,2139,0.0,-1.0,right,331,0.0,-1.0,right
sub-STUNIPD0436,UNIPD/PSP,3729,0.0,1.0,left,652,0.0,1.0,left
sub-STUNIPD0437,UNIPD/PSP,9719,0.0,-1.0,right,1437,0.0,-1.0,right
sub-STUNIPD0438,UNIPD/PSP,32739,0.0030755176613885505,-1.0,right,4459,0.0026839633191679713,-1.0,right
sub-STUNIPD0439,UNIPD/PSP,16302,0.0,1.0,left,2486,0.0,1.0,left
sub-STUNIPD0441,UNIPD/PSP,7556,0.0,-1.0,right,1122,0.0,-1.0,right
sub-STUNIPD0445,UNIPD/PSP,4806,0.0,1.0,left,758,0.0,1.0,left
sub-STUNIPD0446,UNIPD/PSP,104,0.0,1.0,left,23,0.0,1.0,left
sub-STUNIPD0447,UNIPD/PSP,146766,0.00955581649593068,1.0,left,20344,0.009735202492211837,1.0,left
sub-STUNIPD0449,UNIPD/PSP,317,0.0,1.0,left,62,0.0,1.0,left
sub-STUNIPD0450,UNIPD/PSP,3381,0.0,1.0,left,534,0.0,1.0,left
sub-STUNIPD0451,UNIPD/PSP,643,0.0,1.0,left,113,0.0,1.0,left
sub-STUNIPD0453,UNIPD/PSP,56235,0.00039106244556233,1.0,left,7648,0.00026143790849673205,1.0,left
sub-STUNIPD0454,UNIPD/PSP,6838,0.0,1.0,left,1107,0.0,1.0,left
sub-STUNIPD0456,UNIPD/PSP,27126,0.0,1.0,left,3835,0.0,1.0,left
sub-STUNIPD0459,UNIPD/PSP,19650,0.0,1.0,left,2747,0.0,1.0,left
sub-STUNIPD0463,UNIPD/PSP,1348,0.0,1.0,left,279,0.0,1.0,left
sub-STUNIPD0466,UNIPD/PSP,24689,0.01236098887911033,-0.08282879246552304,both,3561,0.015754560530679935,-0.07933634992458521,both
sub-STUNIPD0467,UNIPD/PSP,17396,0.002522935779816514,-1.0,right,2530,0.0031520882584712374,-1.0,right
sub-STUNIPD0472,UNIPD/PSP,68994,0.0004346314325452017,1.0,left,10323,0.0001937046004842615,1.0,left
sub-STUNIPD0473,UNIPD/PSP,30386,0.0001645223914974828,1.0,left,4188,0.0,1.0,left
sub-STUNIPD0474,UNIPD/PSP,21363,0.0,1.0,left,3097,0.0,1.0,left
sub-STUNIPD0475,UNIPD/PSP,21258,0.00023515026101678972,1.0,left,3034,0.00032948929159802305,1.0,left
sub-STUNIPD0476,UNIPD/PSP,4090,0.0,1.0,left,633,0.0,1.0,left
sub-STUNIPD0477,UNIPD/PSP,62424,0.0,-1.0,right,8627,0.0,-1.0,right
sub-STUNIPD0483,UNIPD/PSP,122728,0.006733570734865652,-1.0,right,17368,0.0065778184522107186,-1.0,right
sub-STUNIPD0485,UNIPD/PSP,17800,0.002130283664087902,-0.11014312383322962,both,2722,0.0032954961552544857,-0.09287579261469601,both
sub-STUNIPD0486,UNIPD/PSP,5245,0.0,-1.0,right,799,0.0,-1.0,right
sub-STUNIPD0487,UNIPD/PSP,4311,0.0004637143519591931,-1.0,right,742,0.0,-1.0,right
sub-STUKLFR0001,UKLFR/stroke_UKLFR,60446,0.00438134141520622,1.0,left,7561,0.0036895506654368165,1.0,left
sub-STUKLFR0002,UKLFR/stroke_UKLFR,89760,0.11079410366143605,1.0,left,11385,0.09771754636233952,1.0,left
sub-STUKLFR0003,UKLFR/stroke_UKLFR,1493,0.007313829787234043,1.0,left,187,0.005319148936170213,1.0,left
sub-STUKLFR0004,UKLFR/stroke_UKLFR,504,0.0,-1.0,right,63,0.0,-1.0,right
sub-STUKLFR0005,UKLFR/stroke_UKLFR,1387,0.009285714285714286,-0.7361211247296323,right,172,0.017142857142857144,-0.7325581395348837,right
sub-STUKLFR0006,UKLFR/stroke_UKLFR,1128,0.0,-1.0,right,141,0.0,-1.0,right
sub-STUKLFR0007,UKLFR/stroke_UKLFR,11661,0.009765625,-1.0,right,1452,0.01358695652173913,-1.0,right
sub-STUKLFR0008,UKLFR/stroke_UKLFR,68411,0.023258138206739006,0.585127545050316,left,8572,0.020902341519131926,0.5857960518631001,left
sub-STUKLFR0009,UKLFR/stroke_UKLFR,24658,0.005404969344949984,1.0,left,3089,0.003226847370119393,1.0,left
sub-STUKLFR0010,UKLFR/stroke_UKLFR,4008,0.0,-1.0,right,501,0.0,-1.0,right
sub-STUKLFR0011,UKLFR/stroke_UKLFR,5214,0.09854771784232365,1.0,left,656,0.09266943291839558,1.0,left
sub-STUKLFR0012,UKLFR/stroke_UKLFR,4872,0.004901960784313725,-1.0,right,610,0.0032679738562091504,-1.0,right
sub-STUKLFR0013,UKLFR/stroke_UKLFR,11524,0.04854689564068692,1.0,left,1457,0.037648612945838836,1.0,left
sub-STUKLFR0014,UKLFR/stroke_UKLFR,12021,0.010128458498023716,1.0,left,1505,0.008563899868247694,1.0,left
sub-STUKLFR0015,UKLFR/stroke_UKLFR,2600,0.0061162079510703364,1.0,left,324,0.009174311926605505,1.0,left
sub-STUKLFR0016,UKLFR/stroke_UKLFR,16079,6.218905472636816e-05,-0.9990049132408731,right,2010,0.0,-0.9990049751243781,right
sub-STUKLFR0017,UKLFR/stroke_UKLFR,7784,0.0,1.0,left,973,0.0,1.0,left
sub-STUKLFR0018,UKLFR/stroke_UKLFR,5968,0.0,-1.0,right,746,0.0,-1.0,right
sub-STUKLFR0019,UKLFR/stroke_UKLFR,2632,0.0,1.0,left,329,0.0,1.0,left
sub-STUKLFR0020,UKLFR/stroke_UKLFR,424,0.0,-1.0,right,53,0.0,-1.0,right
sub-STUKLFR0021,UKLFR/stroke_UKLFR,440,0.0,-1.0,right,55,0.0,-1.0,right
sub-STUKLFR0022,UKLFR/stroke_UKLFR,33005,0.04741976448857077,-1.0,right,4074,0.05933964442392057,-1.0,right
sub-STUKLFR0023,UKLFR/stroke_UKLFR,5856,0.0,-1.0,right,732,0.0,-1.0,right
sub-STUKLFR0024,UKLFR/stroke_UKLFR,1802,0.00331858407079646,1.0,left,226,0.0,1.0,left
sub-STUKLFR0025,UKLFR/stroke_UKLFR,165950,0.014408229201311351,-1.0,right,20724,0.01534660521689552,-1.0,right
sub-STUKLFR0026,UKLFR/stroke_UKLFR,42574,0.01812730627306273,1.0,left,5330,0.016605166051660517,1.0,left
sub-STUKLFR0027,UKLFR/stroke_UKLFR,1056,0.0,1.0,left,132,0.0,1.0,left
sub-STUKLFR0028,UKLFR/stroke_UKLFR,944,0.0,1.0,left,118,0.0,1.0,left
sub-STUKLFR0029,UKLFR/stroke_UKLFR,184,0.0,1.0,left,23,0.0,1.0,left
sub-STUKLFR0031,UKLFR/stroke_UKLFR,9497,0.025348932676518884,1.0,left,1190,0.022988505747126436,1.0,left
sub-STUKLFR0032,UKLFR/stroke_UKLFR,47633,0.07343215063803299,1.0,left,6032,0.06131341425459073,1.0,left
sub-STUKLFR0033,UKLFR/stroke_UKLFR,9706,0.10196150999259808,1.0,left,1249,0.07549962990377498,1.0,left
sub-STUKLFR0034,UKLFR/stroke_UKLFR,13025,0.0434048178613396,1.0,left,1649,0.031139835487661575,1.0,left
sub-STUKLFR0035,UKLFR/stroke_UKLFR,1120,0.0,1.0,left,140,0.0,1.0,left
sub-STUKLFR0036,UKLFR/stroke_UKLFR,952,0.0,-1.0,right,119,0.0,-1.0,right
sub-STUKLFR0037,UKLFR/stroke_UKLFR,5099,0.0041015625,1.0,left,636,0.00625,1.0,left
sub-STUKLFR0038,UKLFR/stroke_UKLFR,7088,0.0,1.0,left,886,0.0,1.0,left
sub-STUKLFR0039,UKLFR/stroke_UKLFR,2152,0.0,1.0,left,269,0.0,1.0,left
sub-STUKLFR0040,UKLFR/stroke_UKLFR,99803,0.0813420471281296,-0.9928263556078006,right,12601,0.07209131075110456,-0.9984039581837044,right
sub-STUKLFR0041,UKLFR/stroke_UKLFR,40251,0.0840387766247952,1.0,left,5086,0.0740943018387038,1.0,left
sub-STUKLFR0042,UKLFR/stroke_UKLFR,1768,0.0,1.0,left,221,0.0,1.0,left
sub-STUKLFR0043,UKLFR/stroke_UKLFR,920,0.0,-1.0,right,115,0.0,-1.0,right
sub-STUKLFR0044,UKLFR/stroke_UKLFR,296,0.0,1.0,left,37,0.0,1.0,left
sub-STUKLFR0045,UKLFR/stroke_UKLFR,2072,0.0038461538461538464,1.0,left,260,0.0,1.0,left
sub-STUKLFR0046,UKLFR/stroke_UKLFR,19953,0.0027489004398240703,-0.5067912143398132,right,2498,0.0011995201919232307,-0.5156440471353109,right
sub-STUKLFR0048,UKLFR/stroke_UKLFR,13631,0.014531521110468478,0.9682329583057577,left,1714,0.008675534991324466,0.9683470105509965,left
sub-STUKLFR0049,UKLFR/stroke_UKLFR,1131,0.0044014084507042256,1.0,left,142,0.0,1.0,left
sub-STUKLFR0050,UKLFR/stroke_UKLFR,5395,0.000925925925925926,1.0,left,673,0.002962962962962963,1.0,left
sub-STUKLFR0051,UKLFR/stroke_UKLFR,1552,0.0,1.0,left,194,0.0,1.0,left
sub-STUKLFR0052,UKLFR/stroke_UKLFR,19273,0.013058172879967227,1.0,left,2421,0.00819336337566571,1.0,left
sub-STUKLFR0053,UKLFR/stroke_UKLFR,48442,0.035481044918763936,1.0,left,6084,0.030901561006690028,1.0,left
sub-STUKLFR0054,UKLFR/stroke_UKLFR,32812,0.026927639383155396,1.0,left,4164,0.012099644128113879,1.0,left
sub-STUKLFR0055,UKLFR/stroke_UKLFR,12427,0.026707393483709273,-1.0,right,1565,0.019423558897243107,-1.0,right
sub-STUKLFR0057,UKLFR/stroke_UKLFR,2896,0.0,1.0,left,362,0.0,1.0,left
sub-STUKLFR0058,UKLFR/stroke_UKLFR,6158,0.018176020408163265,-1.0,right,774,0.012755102040816327,-1.0,right
sub-STUKLFR0059,UKLFR/stroke_UKLFR,1354,0.015988372093023256,-1.0,right,171,0.005813953488372093,-1.0,right
sub-STUKLFR0060,UKLFR/stroke_UKLFR,9758,0.005908720456397718,1.0,left,1226,0.0008149959250203749,1.0,left
sub-STUKLFR0061,UKLFR/stroke_UKLFR,98417,0.039196735395189,1.0,left,12446,0.02796001249609497,1.0,left
sub-STUKLFR0063,UKLFR/stroke_UKLFR,3087,0.00547680412371134,-1.0,right,388,0.0,-1.0,right
sub-STUKLFR0064,UKLFR/stroke_UKLFR,47125,0.043884921279013146,1.0,left,5965,0.0318130173673105,1.0,left
sub-STUKLFR0065,UKLFR/stroke_UKLFR,15563,0.01996221662468514,1.0,left,1939,0.023173803526448364,1.0,left
sub-STUKLFR0066,UKLFR/stroke_UKLFR,4287,0.0002332089552238806,1.0,left,536,0.0,1.0,left
sub-STUKLFR0067,UKLFR/stroke_UKLFR,61286,0.04538940809968847,1.0,left,7745,0.03489096573208723,1.0,left
sub-STUKLFR0068,UKLFR/stroke_UKLFR,5073,0.109375,1.0,left,644,0.09550561797752809,1.0,left
sub-STUKLFR0070,UKLFR/stroke_UKLFR,1192,0.0,-1.0,right,149,0.0,-1.0,right
sub-STUKLFR0071,UKLFR/stroke_UKLFR,3968,0.0,1.0,left,496,0.0,1.0,left
sub-STUKLFR0072,UKLFR/stroke_UKLFR,3999,0.004233067729083665,1.0,left,501,0.00199203187250996,1.0,left
sub-STUKLFR0073,UKLFR/stroke_UKLFR,46045,0.0174761010583817,1.0,left,5789,0.011778764083304883,1.0,left
sub-STUKLFR0074,UKLFR/stroke_UKLFR,50366,0.010102201257861635,1.0,left,6312,0.007547169811320755,1.0,left
sub-STUKLFR0075,UKLFR/stroke_UKLFR,96309,0.03814117929050815,-0.9990032084228888,right,11842,0.05385107062959412,-0.9989866576591792,right
sub-STUKLFR0076,UKLFR/stroke_UKLFR,7968,0.0,-1.0,right,996,0.0,-1.0,right
sub-STUKLFR0077,UKLFR/stroke_UKLFR,3735,0.0002676659528907923,-1.0,right,466,0.0021413276231263384,-1.0,right
sub-STUKLFR0078,UKLFR/stroke_UKLFR,30120,0.11411764705882353,1.0,left,3832,0.09835294117647059,1.0,left
sub-STUKLFR0080,UKLFR/stroke_UKLFR,1243,0.010350318471337579,1.0,left,154,0.01910828025477707,1.0,left
sub-STUKLFR0081,UKLFR/stroke_UKLFR,4338,0.005045871559633028,1.0,left,544,0.001834862385321101,1.0,left
sub-STUKLFR0082,UKLFR/stroke_UKLFR,7088,0.0,-1.0,right,886,0.0,-1.0,right
sub-STUKLFR0083,UKLFR/stroke_UKLFR,1308,0.00909090909090909,1.0,left,165,0.0,1.0,left
sub-STUKLFR0084,UKLFR/stroke_UKLFR,125574,0.06321616137502983,1.0,left,15909,0.05054905705418954,1.0,left
sub-STUKLFR0086,UKLFR/stroke_UKLFR,18537,0.0046713917525773195,1.0,left,2310,0.007731958762886598,1.0,left
sub-STUKLFR0087,UKLFR/stroke_UKLFR,139995,0.06048668527864276,1.0,left,17647,0.05256093632556641,1.0,left
sub-STUKLFR0088,UKLFR/stroke_UKLFR,40337,0.0053018346813967256,1.0,left,5043,0.0051292168080489245,1.0,left
sub-STUKLFR0089,UKLFR/stroke_UKLFR,4837,0.010433715220949264,-1.0,right,609,0.0032733224222585926,-1.0,right
sub-STUKLFR0090,UKLFR/stroke_UKLFR,1146,0.005208333333333333,-1.0,right,144,0.0,-1.0,right
sub-STUKLFR0091,UKLFR/stroke_UKLFR,13916,0.0546195652173913,1.0,left,1741,0.05380434782608696,1.0,left
sub-STUKLFR0092,UKLFR/stroke_UKLFR,840,0.0,1.0,left,105,0.0,1.0,left
sub-STUKLFR0093,UKLFR/stroke_UKLFR,45044,0.05322011098032622,1.0,left,5734,0.035816378005717166,1.0,left
sub-STUKLFR0094,UKLFR/stroke_UKLFR,38245,0.07620772946859904,-1.0,right,4659,0.09971014492753623,-1.0,right
sub-STUKLFR0095,UKLFR/stroke_UKLFR,13084,0.006982392228293868,1.0,left,1639,0.004857316332726169,1.0,left
sub-STUKLFR0096,UKLFR/stroke_UKLFR,749,0.13310185185185186,0.9415855354659249,left,89,0.17592592592592593,0.9512195121951219,left
sub-STUKLFR0097,UKLFR/stroke_UKLFR,7110,0.022277227722772276,1.0,left,902,0.007700770077007701,1.0,left
sub-STUKLFR0098,UKLFR/stroke_UKLFR,816,0.0,1.0,left,102,0.0,1.0,left
sub-STUKLFR0099,UKLFR/stroke_UKLFR,55520,0.04315455673514408,1.0,left,7018,0.0324003860471529,1.0,left
sub-STUKLFR0100,UKLFR/stroke_UKLFR,87222,0.016174878180833786,-1.0,right,10830,0.02273957769355712,-1.0,right
sub-STUKLFR0101,UKLFR/stroke_UKLFR,3120,0.0,-1.0,right,390,0.0,-1.0,right
sub-STUKLFR0102,UKLFR/stroke_UKLFR,1904,0.0,1.0,left,238,0.0,1.0,left
sub-STUKLFR0103,UKLFR/stroke_UKLFR,5640,0.0,0.9574468085106383,left,705,0.0,0.9574468085106383,left
sub-STUKLFR0104,UKLFR/stroke_UKLFR,886,0.0022522522522522522,1.0,left,110,0.009009009009009009,1.0,left
sub-STUKLFR0105,UKLFR/stroke_UKLFR,59245,0.030423540193768,-0.9991894767058982,right,7459,0.023435454307410317,-1.0,right
sub-STUKLFR0106,UKLFR/stroke_UKLFR,22174,0.02915936952714536,0.9639217101109407,left,2783,0.025218914185639228,0.9640675530003593,left
sub-STUKLFR0107,UKLFR/stroke_UKLFR,2904,0.0,1.0,left,363,0.0,1.0,left
sub-STUKLFR0108,UKLFR/stroke_UKLFR,80,0.0,1.0,left,10,0.0,1.0,left
sub-STUKLFR0109,UKLFR/stroke_UKLFR,628,0.05421686746987952,1.0,left,81,0.024096385542168676,1.0,left
sub-STUKLFR0110,UKLFR/stroke_UKLFR,25544,0.05783416937149602,1.0,left,3248,0.04160519327235172,1.0,left
sub-STUKLFR0111,UKLFR/stroke_UKLFR,4498,0.05345117845117845,-1.0,right,541,0.08922558922558922,-1.0,right
sub-STUKLFR0112,UKLFR/stroke_UKLFR,3429,0.005510440835266821,-1.0,right,431,0.0,-1.0,right
sub-STUKLFR0113,UKLFR/stroke_UKLFR,5153,0.009038461538461539,-1.0,right,644,0.009230769230769232,-1.0,right
sub-STUKLFR0114,UKLFR/stroke_UKLFR,177512,0.018576673006324915,-1.0,right,22049,0.024768897341766554,-1.0,right
sub-STUKLFR0115,UKLFR/stroke_UKLFR,26443,0.042197913648217907,1.0,left,3365,0.024920312952767313,1.0,left
sub-STUKLFR0116,UKLFR/stroke_UKLFR,1056,0.0,1.0,left,132,0.0,1.0,left
sub-STUKLFR0117,UKLFR/stroke_UKLFR,20696,0.021928166351606805,0.9806725937379204,left,2607,0.014366729678638942,0.9808208668968162,left
sub-STUKLFR0118,UKLFR/stroke_UKLFR,5485,0.024715504978662872,-1.0,right,691,0.017069701280227598,-1.0,right
sub-STUKLFR0119,UKLFR/stroke_UKLFR,44333,0.09686685136897001,1.0,left,5642,0.08050847457627118,1.0,left
sub-STUKLFR0120,UKLFR/stroke_UKLFR,7562,0.0070903361344537815,1.0,left,942,0.01050420168067227,1.0,left
sub-STUKLFR0121,UKLFR/stroke_UKLFR,79709,0.03946543912079437,-1.0,right,9872,0.048298467174395066,-1.0,right
sub-STUKLFR0122,UKLFR/stroke_UKLFR,6030,0.12047841306884481,1.0,left,764,0.10851808634772463,1.0,left
sub-STUKLFR0123,UKLFR/stroke_UKLFR,121570,0.011047117011584017,-1.0,right,15103,0.017115710009111024,-1.0,right
sub-STUKLFR0124,UKLFR/stroke_UKLFR,69365,0.01178196945520857,-1.0,right,8598,0.02005926601322088,-1.0,right
sub-STUKLFR0125,UKLFR/stroke_UKLFR,42010,0.07106845922519016,1.0,left,5314,0.05996815849991155,1.0,left
sub-STUKLFR0126,UKLFR/stroke_UKLFR,50525,0.10959749048357535,1.0,left,6427,0.09389538982095023,1.0,left
sub-STUKLFR0127,UKLFR/stroke_UKLFR,840,0.0,1.0,left,105,0.0,1.0,left
sub-STUKLFR0128,UKLFR/stroke_UKLFR,76821,0.02113914373088685,-1.0,right,9538,0.027726809378185526,-1.0,right
sub-STUKLFR0129,UKLFR/stroke_UKLFR,4491,0.04690152801358234,-1.0,right,574,0.025466893039049237,-1.0,right
sub-STUKLFR0130,UKLFR/stroke_UKLFR,9959,0.0041,1.0,left,1246,0.0032,1.0,left
sub-STUKLFR0132,UKLFR/stroke_UKLFR,4160,0.0,1.0,left,520,0.0,1.0,left
sub-STUKLFR0133,UKLFR/stroke_UKLFR,3729,0.014534883720930232,-1.0,right,460,0.02748414376321353,-1.0,right
sub-STUKLFR0134,UKLFR/stroke_UKLFR,717,0.004166666666666667,1.0,left,90,0.0,1.0,left
sub-STUKLFR0135,UKLFR/stroke_UKLFR,384,0.0,-1.0,right,48,0.0,-1.0,right
sub-STUKLFR0136,UKLFR/stroke_UKLFR,85104,0.0236784140969163,-1.0,right,10582,0.02881791483113069,-1.0,right
sub-STUKLFR0137,UKLFR/stroke_UKLFR,20170,0.06133655994043187,1.0,left,2530,0.058078927773641105,1.0,left
sub-STUKLFR0138,UKLFR/stroke_UKLFR,40340,0.016673166926677068,-1.0,right,5045,0.016185647425897037,-1.0,right
sub-STUKLFR0139,UKLFR/stroke_UKLFR,17486,0.01984304932735426,1.0,left,2199,0.01390134529147982,1.0,left
sub-STUKLFR0140,UKLFR/stroke_UKLFR,560,0.0,-0.9428571428571428,right,70,0.0,-0.9428571428571428,right
sub-STUKLFR0142,UKLFR/stroke_UKLFR,984,0.0,-1.0,right,123,0.0,-1.0,right
sub-STUKLFR0143,UKLFR/stroke_UKLFR,2054,0.04197761194029851,1.0,left,260,0.029850746268656716,1.0,left
sub-STUKLFR0144,UKLFR/stroke_UKLFR,6807,0.00014688601645123384,-1.0,right,851,0.0,-1.0,right
sub-STUKLFR0146,UKLFR/stroke_UKLFR,1176,0.0,1.0,left,147,0.0,1.0,left
sub-STUKLFR0147,UKLFR/stroke_UKLFR,99065,0.016666004923370125,-1.0,right,12338,0.020249344874136425,-1.0,right
sub-STUKLFR0148,UKLFR/stroke_UKLFR,41884,0.04094156438908225,1.0,left,5304,0.028393478659095073,1.0,left
sub-STUKLFR0149,UKLFR/stroke_UKLFR,544,0.0,1.0,left,68,0.0,1.0,left
sub-STUKLFR0150,UKLFR/stroke_UKLFR,111298,0.08357486331598708,1.0,left,14200,0.06462024899545485,1.0,left
sub-STUKLFR0151,UKLFR/stroke_UKLFR,5468,0.0007309941520467836,1.0,left,683,0.0014619883040935672,1.0,left
sub-STUKLFR0152,UKLFR/stroke_UKLFR,109656,0.012392823690467613,-0.9867221127890858,right,13640,0.017220260825707902,-0.986217008797654,right
sub-STUKLFR0153,UKLFR/stroke_UKLFR,1968,0.0,1.0,left,246,0.0,1.0,left
sub-STUKLFR0154,UKLFR/stroke_UKLFR,696,0.0,1.0,left,87,0.0,1.0,left
sub-STUKLFR0155,UKLFR/stroke_UKLFR,58034,0.048248491209656255,-1.0,right,7160,0.06061401207032275,-1.0,right
sub-STUKLFR0156,UKLFR/stroke_UKLFR,1348,0.02601156069364162,1.0,left,173,0.0,1.0,left
sub-STUKLFR0157,UKLFR/stroke_UKLFR,18397,0.00621218668971478,1.0,left,2302,0.005185825410544511,1.0,left
sub-STUKLFR0158,UKLFR/stroke_UKLFR,66592,0.10571551353674259,1.0,left,8444,0.09282337773957886,1.0,left
sub-STUKLFR0159,UKLFR/stroke_UKLFR,721,0.020380434782608696,-1.0,right,92,0.0,-1.0,right
sub-STUKLFR0160,UKLFR/stroke_UKLFR,4901,0.002239413680781759,1.0,left,610,0.006514657980456026,1.0,left
sub-STUKLFR0161,UKLFR/stroke_UKLFR,36036,0.11502946954813359,1.0,left,4551,0.10589390962671906,1.0,left
sub-STUKLFR0163,UKLFR/stroke_UKLFR,38928,0.04193738924985233,1.0,left,4955,0.02441425477456192,1.0,left
sub-STUKLFR0164,UKLFR/stroke_UKLFR,47782,0.06059295375904372,1.0,left,6075,0.04451085246932998,1.0,left
sub-STUKLFR0165,UKLFR/stroke_UKLFR,67404,0.03862391602008215,-1.0,right,8311,0.0516887266088544,-1.0,right
sub-STUKLFR0166,UKLFR/stroke_UKLFR,3100,0.001288659793814433,1.0,left,387,0.002577319587628866,1.0,left
sub-STUKLFR0167,UKLFR/stroke_UKLFR,2240,0.01060070671378092,-1.0,right,282,0.0035335689045936395,-1.0,right
sub-STUKLFR0168,UKLFR/stroke_UKLFR,5082,0.015116279069767442,1.0,left,629,0.024806201550387597,1.0,left
sub-STUKLFR0169,UKLFR/stroke_UKLFR,42082,0.0176937441643324,-1.0,right,5230,0.02334267040149393,-1.0,right
sub-STUKLFR0170,UKLFR/stroke_UKLFR,6156,0.061585365853658536,1.0,left,792,0.03414634146341464,1.0,left
sub-STUKLFR0171,UKLFR/stroke_UKLFR,616,0.0,-1.0,right,77,0.0,-1.0,right
sub-STUKLFR0172,UKLFR/stroke_UKLFR,185918,0.01676468099509223,-1.0,right,23224,0.017431037400575392,-1.0,right
sub-STUKLFR0173,UKLFR/stroke_UKLFR,44711,0.025819243507059438,1.0,left,5618,0.020742548370228344,1.0,left
sub-STUKLFR0174,UKLFR/stroke_UKLFR,144,0.0,-1.0,right,18,0.0,-1.0,right
sub-STUKLFR0175,UKLFR/stroke_UKLFR,432,0.0,1.0,left,54,0.0,1.0,left
sub-STUKLFR0176,UKLFR/stroke_UKLFR,16811,0.006442080378250591,-1.0,right,2100,0.0070921985815602835,-1.0,right
sub-STUKLFR0177,UKLFR/stroke_UKLFR,440,0.0,1.0,left,55,0.0,1.0,left
sub-STUKLFR0178,UKLFR/stroke_UKLFR,5232,0.0,-1.0,right,654,0.0,-1.0,right
sub-STUKLFR0179,UKLFR/stroke_UKLFR,4002,0.026750972762645913,1.0,left,503,0.021400778210116732,1.0,left
sub-STUKLFR0180,UKLFR/stroke_UKLFR,11448,0.0,1.0,left,1431,0.0,1.0,left
sub-STUKLFR0181,UKLFR/stroke_UKLFR,3584,0.0,1.0,left,448,0.0,1.0,left
sub-STUKLFR0182,UKLFR/stroke_UKLFR,6571,0.012770432692307692,1.0,left,829,0.003605769230769231,1.0,left
sub-STUKLFR0183,UKLFR/stroke_UKLFR,4032,0.0019801980198019802,1.0,left,504,0.003952569169960474,1.0,left
sub-STUKLFR0185,UKLFR/stroke_UKLFR,49880,0.044297976701410176,1.0,left,6297,0.03479460453709381,1.0,left
sub-STUKLFR0186,UKLFR/stroke_UKLFR,62758,0.030794415616506053,1.0,left,7891,0.025080306399802323,1.0,left
sub-STUKLFR0187,UKLFR/stroke_UKLFR,9244,0.016595744680851062,0.9700176366843033,left,1163,0.010212765957446808,0.9696428571428571,left
sub-STUKLFR0188,UKLFR/stroke_UKLFR,42678,0.06375043875043875,1.0,left,5332,0.06423306423306423,1.0,left
sub-STUKLFR0189,UKLFR/stroke_UKLFR,960,0.0,1.0,left,120,0.0,1.0,left
sub-STUKLFR0190,UKLFR/stroke_UKLFR,55058,0.0800360914316268,1.0,left,6943,0.07191551931559952,1.0,left
sub-STUKLFR0191,UKLFR/stroke_UKLFR,14909,0.06114609571788413,1.0,left,1853,0.06649874055415617,1.0,left
sub-STUKLFR0192,UKLFR/stroke_UKLFR,42307,0.018125696249535833,1.0,left,5325,0.011325659116227255,1.0,left
sub-STUKLFR0193,UKLFR/stroke_UKLFR,4464,0.0,-0.8566308243727598,right,558,0.0,-0.8566308243727598,right
sub-STUKLFR0194,UKLFR/stroke_UKLFR,3688,0.008602150537634409,-1.0,right,463,0.004301075268817204,-1.0,right
sub-STUKLFR0195,UKLFR/stroke_UKLFR,18462,0.02296782387806943,0.9965334199978334,left,2324,0.016088060965283656,0.9965576592082617,left
sub-STUKLFR0196,UKLFR/stroke_UKLFR,6059,0.017671854734111543,1.0,left,762,0.011673151750972763,1.0,left
sub-STUKLFR0197,UKLFR/stroke_UKLFR,8024,0.022417153996101363,1.0,left,1005,0.02046783625730994,1.0,left
sub-STUKLFR0198,UKLFR/stroke_UKLFR,1008,0.0,1.0,left,126,0.0,1.0,left
sub-STUKLFR0199,UKLFR/stroke_UKLFR,4958,0.002012882447665056,-1.0,right,621,0.0,-1.0,right
sub-STUKLFR0200,UKLFR/stroke_UKLFR,1473,0.0509020618556701,1.0,left,188,0.030927835051546393,1.0,left
sub-STUKLFR0201,UKLFR/stroke_UKLFR,173105,0.07172350922350923,1.0,left,21858,0.06229086229086229,1.0,left
sub-STUKLFR0202,UKLFR/stroke_UKLFR,5406,0.009164222873900294,-1.0,right,667,0.021994134897360705,-1.0,right
sub-STUKLFR0203,UKLFR/stroke_UKLFR,45211,0.029140182099295652,-1.0,right,5627,0.03332760694038825,-1.0,right
sub-STUKLFR0204,UKLFR/stroke_UKLFR,18096,0.0,1.0,left,2262,0.0,1.0,left
sub-STUKLFR0205,UKLFR/stroke_UKLFR,21507,0.01017120765832106,-1.0,right,2676,0.014727540500736377,-1.0,right
sub-STUKLFR0206,UKLFR/stroke_UKLFR,13810,0.009609868043602983,-1.0,right,1722,0.012048192771084338,-1.0,right
sub-STUKLFR0207,UKLFR/stroke_UKLFR,10776,0.022496371552975326,-1.0,right,1354,0.01741654571843251,-1.0,right
sub-STUKLFR0208,UKLFR/stroke_UKLFR,44494,0.05956205613797768,1.0,left,5593,0.05427798444369293,1.0,left
sub-STUKLFR0209,UKLFR/stroke_UKLFR,44300,0.0123952202603888,1.0,left,5567,0.0071339397182093815,1.0,left
sub-STUKLFR0210,UKLFR/stroke_UKLFR,25417,0.009315559713127534,-1.0,right,3163,0.013719987527284067,-1.0,right
sub-STUKLFR0211,UKLFR/stroke_UKLFR,2691,0.004807692307692308,1.0,left,337,0.0029585798816568047,1.0,left
sub-STUKLFR0212,UKLFR/stroke_UKLFR,1729,0.2913934426229508,1.0,left,230,0.2459016393442623,1.0,left
sub-STUKLFR0213,UKLFR/stroke_UKLFR,89055,0.01939085623678647,-1.0,right,11052,0.026427061310782242,-1.0,right
sub-STUKLFR0214,UKLFR/stroke_UKLFR,13446,0.059457190822607725,-1.0,right,1698,0.049804141018466704,-1.0,right
sub-STUKLFR0215,UKLFR/stroke_UKLFR,103292,0.04359259259259259,-1.0,right,12726,0.05733333333333333,-1.0,right
sub-STUKLFR0216,UKLFR/stroke_UKLFR,192,0.0,-1.0,right,24,0.0,-1.0,right
sub-STUKLFR0217,UKLFR/stroke_UKLFR,47664,0.027900146842878122,-1.0,right,5863,0.043400228422254855,-1.0,right
sub-STUKLFR0218,UKLFR/stroke_UKLFR,1522,0.014248704663212436,1.0,left,193,0.0,1.0,left
sub-STUKLFR0219,UKLFR/stroke_UKLFR,12468,0.03498452012383901,1.0,left,1565,0.030959752321981424,1.0,left
sub-STUKLFR0220,UKLFR/stroke_UKLFR,9136,0.0,1.0,left,1142,0.0,1.0,left
sub-STUKLFR0221,UKLFR/stroke_UKLFR,3781,0.0007928118393234672,1.0,left,472,0.0021141649048625794,1.0,left
sub-STUKLFR0222,UKLFR/stroke_UKLFR,4192,0.03853211009174312,-1.0,right,510,0.06422018348623854,-1.0,right
sub-STUKLFR0223,UKLFR/stroke_UKLFR,9430,0.001905165114309907,1.0,left,1179,0.001693480101608806,1.0,left
sub-STUKLFR0224,UKLFR/stroke_UKLFR,3905,0.025698602794411177,-1.0,right,494,0.013972055888223553,-1.0,right
sub-STUKLFR0225,UKLFR/stroke_UKLFR,1320,0.0,-1.0,right,165,0.0,-1.0,right
sub-STUKLFR0226,UKLFR/stroke_UKLFR,3910,0.0225,-1.0,right,484,0.032,-1.0,right
sub-STUKLFR0227,UKLFR/stroke_UKLFR,9322,0.7778148536562113,1.0,left,1253,0.7631379962192817,1.0,left
sub-STUKLFR0228,UKLFR/stroke_UKLFR,3677,0.005140692640692641,-1.0,right,460,0.004329004329004329,-1.0,right
sub-STUKLFR0229,UKLFR/stroke_UKLFR,26054,0.0028322106552357623,1.0,left,3262,0.001224739742804654,1.0,left
sub-STUKLFR0230,UKLFR/stroke_UKLFR,16024,0.0,1.0,left,2003,0.0,1.0,left
sub-STUKLFR0231,UKLFR/stroke_UKLFR,27803,0.11229246487867177,1.0,left,3524,0.09987228607918264,1.0,left
sub-STUKLFR0232,UKLFR/stroke_UKLFR,3212,0.08542141230068337,1.0,left,416,0.05239179954441914,1.0,left
sub-STUKLFR0233,UKLFR/stroke_UKLFR,26910,0.019028871391076115,1.0,left,3381,0.01399825021872266,1.0,left
sub-STUKLFR0234,UKLFR/stroke_UKLFR,2182,0.0009157509157509158,1.0,left,272,0.003663003663003663,1.0,left
sub-STUKLFR0235,UKLFR/stroke_UKLFR,2026,0.047932330827067667,1.0,left,255,0.041353383458646614,1.0,left
sub-STUKLFR0236,UKLFR/stroke_UKLFR,23370,0.01575134770889488,0.9582802687629002,left,2925,0.014487870619946091,0.9567411679884643,left
sub-STUKLFR0237,UKLFR/stroke_UKLFR,19809,0.009946021591363454,-1.0,right,2477,0.009596161535385846,-1.0,right
sub-STUKLFR0238,UKLFR/stroke_UKLFR,119949,0.03985495645491803,-0.988421994863515,right,14856,0.048668032786885244,-0.9952552023317291,right
sub-STUKLFR0239,UKLFR/stroke_UKLFR,13080,0.0,-1.0,right,1635,0.0,-1.0,right
sub-STUKLFR0240,UKLFR/stroke_UKLFR,98958,0.04517560787340795,-1.0,right,12187,0.0592821304515631,-1.0,right
sub-STUKLFR0241,UKLFR/stroke_UKLFR,33549,0.00625,-1.0,right,4188,0.007582938388625593,-1.0,right
sub-STUKLFR0242,UKLFR/stroke_UKLFR,995,0.09873188405797101,1.0,left,134,0.028985507246376812,1.0,left
sub-STUKLFR0243,UKLFR/stroke_UKLFR,4120,0.0,1.0,left,515,0.0,1.0,left
sub-STUKLFR0244,UKLFR/stroke_UKLFR,9692,0.1480309423347398,-1.0,right,1182,0.16877637130801687,-1.0,right
sub-STUKLFR0245,UKLFR/stroke_UKLFR,392,0.0,1.0,left,49,0.0,1.0,left
sub-STUKLFR0246,UKLFR/stroke_UKLFR,680,0.0,-1.0,right,85,0.0,-1.0,right
sub-STUKLFR0247,UKLFR/stroke_UKLFR,33932,0.14777978702029335,1.0,left,4278,0.1404460518384569,1.0,left
sub-STUKLFR0248,UKLFR/stroke_UKLFR,2910,0.06969309462915602,-1.0,right,351,0.10230179028132992,-1.0,right
sub-STUKLFR0249,UKLFR/stroke_UKLFR,1648,0.004830917874396135,1.0,left,206,0.004830917874396135,1.0,left
sub-STUKLFR0250,UKLFR/stroke_UKLFR,8856,0.0,0.6802168021680217,left,1107,0.0,0.6802168021680217,left
sub-STUKLFR0251,UKLFR/stroke_UKLFR,1168,0.0,-1.0,right,146,0.0,-1.0,right
sub-STUKLFR0252,UKLFR/stroke_UKLFR,73679,0.03531213993924793,-1.0,right,9165,0.040012569393526765,-1.0,right
sub-STUKLFR0253,UKLFR/stroke_UKLFR,720,0.0,1.0,left,90,0.0,1.0,left
sub-STUKLFR0254,UKLFR/stroke_UKLFR,376,0.0,1.0,left,47,0.0,1.0,left
sub-STUKLFR0255,UKLFR/stroke_UKLFR,14640,0.02711323763955343,-1.0,right,1846,0.018607123870281767,-1.0,right
sub-STUKLFR0256,UKLFR/stroke_UKLFR,224807,0.05862868915614217,1.0,left,28443,0.04716759907540786,1.0,left
sub-STUKLFR0257,UKLFR/stroke_UKLFR,1592,0.01485148514851485,-1.0,right,199,0.01485148514851485,-1.0,right
sub-STUKLFR0258,UKLFR/stroke_UKLFR,60591,0.009692076359832637,-1.0,right,7577,0.00928347280334728,-1.0,right
sub-STUKLFR0259,UKLFR/stroke_UKLFR,7779,0.002692307692307692,1.0,left,970,0.005128205128205128,1.0,left
sub-STUKLFR0260,UKLFR/stroke_UKLFR,1296,0.0,1.0,left,162,0.0,1.0,left
sub-STUKLFR0261,UKLFR/stroke_UKLFR,70552,0.03300438596491228,-1.0,right,8729,0.04287280701754386,-1.0,right
sub-STUKLFR0262,UKLFR/stroke_UKLFR,155134,0.018089523520178237,-0.7174249397755538,right,19427,0.01630462301888703,-0.7398605830164765,right
sub-STUKLFR0263,UKLFR/stroke_UKLFR,72848,0.011077324066029539,1.0,left,9124,0.009122502172024326,1.0,left
sub-STUKLFR0264,UKLFR/stroke_UKLFR,1611,0.008004926108374385,1.0,left,202,0.0049261083743842365,1.0,left
sub-STUKLFR0265,UKLFR/stroke_UKLFR,2614,0.006838905775075988,-1.0,right,327,0.0060790273556231,-1.0,right
sub-STUKLFR0267,UKLFR/stroke_UKLFR,5775,0.0029350828729281767,-1.0,right,724,0.0,-1.0,right
sub-STUKLFR0268,UKLFR/stroke_UKLFR,805,0.0037128712871287127,1.0,left,101,0.0,1.0,left
sub-STUKLFR0269,UKLFR/stroke_UKLFR,1198,0.027597402597402596,-1.0,right,152,0.012987012987012988,-1.0,right
sub-STUKLFR0270,UKLFR/stroke_UKLFR,29321,0.02549189045466631,-1.0,right,3673,0.023398032438181334,-1.0,right
sub-STUKLFR0271,UKLFR/stroke_UKLFR,42324,0.14998393316195371,1.0,left,5400,0.13239074550128535,1.0,left
sub-STUKLFR0272,UKLFR/stroke_UKLFR,2344,0.0,1.0,left,293,0.0,1.0,left
sub-STUKLFR0273,UKLFR/stroke_UKLFR,9622,0.00269485903814262,-1.0,right,1201,0.0041459369817578775,-1.0,right
sub-STUKLFR0274,UKLFR/stroke_UKLFR,336,0.0,1.0,left,42,0.0,1.0,left
sub-STUKLFR0275,UKLFR/stroke_UKLFR,15202,0.02099433281813498,1.0,left,1926,0.0077279752704791345,1.0,left
sub-STUKLFR0276,UKLFR/stroke_UKLFR,3720,0.0,-1.0,right,465,0.0,-1.0,right
sub-STUKLFR0277,UKLFR/stroke_UKLFR,2087,0.10964163822525597,1.0,left,267,0.08873720136518772,1.0,left
sub-STUKLFR0278,UKLFR/stroke_UKLFR,13336,0.007738095238095238,-1.0,right,1671,0.005357142857142857,-1.0,right
sub-STUKLFR0279,UKLFR/stroke_UKLFR,35662,0.019628326369034527,-0.9941674611631428,right,4422,0.027490653177919506,-0.9941203075531434,right
sub-STUKLFR0280,UKLFR/stroke_UKLFR,952,0.0,1.0,left,119,0.0,1.0,left
sub-STUKLFR0281,UKLFR/stroke_UKLFR,40724,0.08080534488985193,1.0,left,5216,0.058143734200072225,1.0,left
sub-STUKLFR0282,UKLFR/stroke_UKLFR,3423,0.0002920560747663551,1.0,left,428,0.0,1.0,left
sub-STUKLFR0283,UKLFR/stroke_UKLFR,17865,0.08478483606557377,1.0,left,2289,0.061885245901639345,1.0,left
sub-STUKLFR0284,UKLFR/stroke_UKLFR,6595,0.04142441860465116,-1.0,right,831,0.03372093023255814,-1.0,right
sub-STUKLFR0285,UKLFR/stroke_UKLFR,2400,0.0,1.0,left,300,0.0,1.0,left
sub-STUKLFR0286,UKLFR/stroke_UKLFR,24276,0.007684761281883584,1.0,left,3035,0.007521255722694572,1.0,left
sub-STUKLFR0287,UKLFR/stroke_UKLFR,127655,0.04489884479559466,0.9958638517880224,left,16207,0.029927575267851798,0.9959276855679644,left
sub-STUKLFR0288,UKLFR/stroke_UKLFR,13966,0.010345804988662131,-1.0,right,1751,0.007369614512471655,-1.0,right
sub-STUKLFR0289,UKLFR/stroke_UKLFR,3872,0.0,-1.0,right,484,0.0,-1.0,right
sub-STUKLFR0290,UKLFR/stroke_UKLFR,18659,0.003684322938914994,1.0,left,2338,0.0012815036309269544,1.0,left
sub-STUKLFR0292,UKLFR/stroke_UKLFR,13915,0.013959750566893425,-1.0,right,1748,0.009070294784580499,-1.0,right
sub-STUKLFR0293,UKLFR/stroke_UKLFR,3047,0.005548302872062663,1.0,left,380,0.007832898172323759,1.0,left
sub-STUKLFR0294,UKLFR/stroke_UKLFR,17888,0.04810557684120902,1.0,left,2289,0.02554278416347382,1.0,left
sub-STUKLFR0295,UKLFR/stroke_UKLFR,3668,0.005422993492407809,1.0,left,457,0.008676789587852495,1.0,left
sub-STUKLFR0296,UKLFR/stroke_UKLFR,2408,0.0,-1.0,right,301,0.0,-1.0,right
sub-STUKLFR0297,UKLFR/stroke_UKLFR,5556,0.0007194244604316547,1.0,left,695,0.0,1.0,left
sub-STUKLFR0298,UKLFR/stroke_UKLFR,46699,0.08217374213836479,1.0,left,5924,0.06855345911949685,1.0,left
sub-STUKLFR0299,UKLFR/stroke_UKLFR,2808,0.0,1.0,left,351,0.0,1.0,left
sub-STUKLFR0300,UKLFR/stroke_UKLFR,6811,0.025886727688787185,0.992952576714139,left,852,0.02517162471395881,0.9929577464788732,left
sub-STUKLFR0301,UKLFR/stroke_UKLFR,11388,0.021649484536082474,1.0,left,1430,0.01718213058419244,1.0,left
sub-STUKLFR0302,UKLFR/stroke_UKLFR,41029,0.11330826417704011,1.0,left,5178,0.10477178423236515,1.0,left
sub-STUKLFR0303,UKLFR/stroke_UKLFR,2112,0.0,1.0,left,264,0.0,1.0,left
sub-STUKLFR0304,UKLFR/stroke_UKLFR,76670,0.023162776475384773,-0.9982245894363071,right,9592,0.02232188360004077,-0.9993733681462141,right
sub-STUKLFR0305,UKLFR/stroke_UKLFR,6890,0.007776497695852535,1.0,left,862,0.0069124423963133645,1.0,left
sub-STUKLFR0306,UKLFR/stroke_UKLFR,3047,0.005548302872062663,-1.0,right,383,0.0,-1.0,right
sub-STUKLFR0307,UKLFR/stroke_UKLFR,15146,0.00039598732840549105,1.0,left,1893,0.0005279831045406547,1.0,left
sub-STUKLFR0308,UKLFR/stroke_UKLFR,31373,0.009690656565656566,-1.0,right,3910,0.012626262626262626,-1.0,right
sub-STUKLFR0309,UKLFR/stroke_UKLFR,7926,0.0002522704339051463,1.0,left,990,0.0010090817356205853,1.0,left
sub-STUKLFR0310,UKLFR/stroke_UKLFR,9099,0.09300239234449761,1.0,left,1182,0.05741626794258373,1.0,left
sub-STUKLFR0311,UKLFR/stroke_UKLFR,1007,0.008858267716535433,-1.0,right,126,0.007874015748031496,-1.0,right
sub-STUKLFR0312,UKLFR/stroke_UKLFR,110249,0.051735704947361176,1.0,left,13847,0.04720291749810775,1.0,left
sub-STUKLFR0313,UKLFR/stroke_UKLFR,31676,0.029772114677775054,1.0,left,3966,0.02817936780200931,1.0,left
sub-STUKLFR0314,UKLFR/stroke_UKLFR,5392,0.0,1.0,left,674,0.0,1.0,left
sub-STUKLFR0315,UKLFR/stroke_UKLFR,5464,0.0,-1.0,right,683,0.0,-1.0,right
sub-STUKLFR0316,UKLFR/stroke_UKLFR,5107,0.010271317829457364,1.0,left,638,0.010852713178294573,1.0,left
sub-STUKLFR0317,UKLFR/stroke_UKLFR,2503,0.09047965116279069,-1.0,right,325,0.055232558139534885,-1.0,right
sub-STUKLFR0318,UKLFR/stroke_UKLFR,21101,0.019834633965068748,1.0,left,2651,0.014864362690449646,1.0,left
sub-STUKLFR0319,UKLFR/stroke_UKLFR,8796,0.06345826235093696,1.0,left,1095,0.06729131175468483,1.0,left
sub-STUKLFR0320,UKLFR/stroke_UKLFR,33572,0.01095922696205515,-1.0,right,4172,0.016733443318406788,-1.0,right
sub-STUKLFR0321,UKLFR/stroke_UKLFR,66100,0.0049975915221579965,0.9798745263680974,left,8279,0.003010597302504817,0.9793709410416401,left
sub-STUKLFR0322,UKLFR/stroke_UKLFR,77691,0.04425007381163271,-0.9824595544830629,right,9563,0.058852475150083655,-0.9982996811902232,right
sub-STUKLFR0323,UKLFR/stroke_UKLFR,2260,0.21745152354570638,1.0,left,297,0.1772853185595568,1.0,left
sub-STUKLFR0324,UKLFR/stroke_UKLFR,2352,0.0,1.0,left,294,0.0,1.0,left
sub-STUKLFR0325,UKLFR/stroke_UKLFR,3280,0.0,1.0,left,410,0.0,1.0,left
sub-STUKLFR0326,UKLFR/stroke_UKLFR,9366,0.0002134927412467976,1.0,left,1171,0.0,1.0,left
sub-STUKLFR0327,UKLFR/stroke_UKLFR,5160,0.0,-1.0,right,645,0.0,-1.0,right
sub-STUKLFR0328,UKLFR/stroke_UKLFR,12154,0.13185714285714287,1.0,left,1548,0.11542857142857142,1.0,left
sub-STUKLFR0329,UKLFR/stroke_UKLFR,316898,0.02908772273830241,-1.0,right,39396,0.03438809774749381,-1.0,right
sub-STUKLFR0330,UKLFR/stroke_UKLFR,12588,0.0003176620076238882,1.0,left,1572,0.0012706480304955528,1.0,left
sub-STUKLFR0331,UKLFR/stroke_UKLFR,728,0.0,-1.0,right,91,0.0,-1.0,right
sub-STUKLFR0332,UKLFR/stroke_UKLFR,80513,0.06162004662004662,1.0,left,10241,0.04512820512820513,1.0,left
sub-STUKLFR0333,UKLFR/stroke_UKLFR,25718,0.008405305367057372,1.0,left,3223,0.005860579888957434,1.0,left
sub-STUKLFR0334,UKLFR/stroke_UKLFR,44796,0.03805188112008246,-1.0,right,5553,0.04604019927847449,-1.0,right
sub-STUKLFR0335,UKLFR/stroke_UKLFR,46494,0.08763736263736263,-0.998623478298275,right,5893,0.0748822605965463,-0.9986424571525538,right
sub-STUKLFR0336,UKLFR/stroke_UKLFR,18270,0.02528809218950064,1.0,left,2304,0.016645326504481434,1.0,left
sub-STUKLFR0337,UKLFR/stroke_UKLFR,141658,0.031120048150579997,-0.9846140720095558,right,17484,0.04333552199606041,-0.9989554317548747,right
sub-STUKLFR0338,UKLFR/stroke_UKLFR,87668,0.1317936935509428,1.0,left,11134,0.11788939946125812,1.0,left
sub-STUKLFR0339,UKLFR/stroke_UKLFR,93619,0.007768780735967441,-1.0,right,11691,0.008733254197049347,-1.0,right
sub-STUKLFR0340,UKLFR/stroke_UKLFR,54727,0.003949475829935935,-1.0,right,6818,0.007280139778683751,-1.0,right
sub-STUKLFR0341,UKLFR/stroke_UKLFR,5365,0.05545774647887324,-1.0,right,655,0.07746478873239436,-1.0,right
sub-STUKLFR0342,UKLFR/stroke_UKLFR,1368,0.0,1.0,left,171,0.0,1.0,left
sub-STUKLFR0343,UKLFR/stroke_UKLFR,100325,0.03541073763556649,1.0,left,12694,0.023613568187062534,1.0,left
sub-STUKLFR0344,UKLFR/stroke_UKLFR,8076,0.07385321100917432,-1.0,right,1023,0.061467889908256884,-1.0,right
sub-STUKLFR0345,UKLFR/stroke_UKLFR,95100,0.030304266253364874,-1.0,right,11759,0.040786361040867934,-1.0,right
sub-STUKLFR0346,UKLFR/stroke_UKLFR,8877,0.01278914590747331,1.0,left,1117,0.006227758007117438,1.0,left
sub-STUKLFR0347,UKLFR/stroke_UKLFR,21718,0.024173256649892165,-1.0,right,2728,0.019410496046010063,-1.0,right
sub-STUKLFR0348,UKLFR/stroke_UKLFR,472,0.0,1.0,left,59,0.0,1.0,left
sub-STUKLFR0349,UKLFR/stroke_UKLFR,36702,0.00482646420824295,-1.0,right,4567,0.009327548806941432,-1.0,right
sub-STUKLFR0350,UKLFR/stroke_UKLFR,59527,0.005762292891501871,0.9964802436754379,left,7458,0.00347407803313736,0.9964625850340136,left
sub-STUKLFR0351,UKLFR/stroke_UKLFR,5349,0.019611436950146627,-1.0,right,667,0.021994134897360705,-1.0,right
sub-STUKLFR0354,UKLFR/stroke_UKLFR,3956,0.00101010101010101,-1.0,right,494,0.00202020202020202,-1.0,right
sub-STUKLFR0355,UKLFR/stroke_UKLFR,11020,0.020966595593461264,1.0,left,1386,0.014925373134328358,1.0,left
sub-STUKLFR0356,UKLFR/stroke_UKLFR,56701,0.05561292471685543,1.0,left,7112,0.05236508994003997,1.0,left
sub-STUKLFR0357,UKLFR/stroke_UKLFR,96771,0.06076752853482413,-1.0,right,12036,0.06545539249941766,-1.0,right
sub-STUKLFR0358,UKLFR/stroke_UKLFR,12580,0.054419723391461214,0.9471082550667326,left,1573,0.054119061936259774,0.9425444596443229,left
sub-STUKLFR0359,UKLFR/stroke_UKLFR,55201,0.14676332385309757,-1.0,right,6740,0.16656362062569557,-1.0,right
sub-STUKLFR0360,UKLFR/stroke_UKLFR,45034,0.05295255720053836,1.0,left,5690,0.042732166890982505,1.0,left
sub-STUKLFR0361,UKLFR/stroke_UKLFR,72171,0.02503242191721604,1.0,left,9067,0.020101588673943585,1.0,left
sub-STUKLFR0362,UKLFR/stroke_UKLFR,77384,0.03085863139965935,1.0,left,9709,0.02725177837891995,1.0,left
sub-STUKLFR0363,UKLFR/stroke_UKLFR,67215,0.03615062521509694,-1.0,right,8343,0.04290466903751291,-1.0,right
sub-STUKLFR0364,UKLFR/stroke_UKLFR,13646,0.0042323409223584355,1.0,left,1698,0.008756567425569177,1.0,left
sub-STUKLFR0365,UKLFR/stroke_UKLFR,2200,0.0,-0.9477611940298507,right,275,0.0,-1.0,right
sub-STUKLFR0367,UKLFR/stroke_UKLFR,6660,0.0006002400960384153,1.0,left,831,0.0024009603841536613,1.0,left
sub-STUKLFR0368,UKLFR/stroke_UKLFR,69162,0.045462073534282874,1.0,left,8740,0.03500055205918074,1.0,left
sub-STUKLFR0369,UKLFR/stroke_UKLFR,5039,0.061289120715350226,-1.0,right,596,0.11177347242921014,-1.0,right
sub-STUKLFR0370,UKLFR/stroke_UKLFR,37511,0.03857391839245438,1.0,left,4729,0.030346524502768094,1.0,left
sub-STUKLFR0371,UKLFR/stroke_UKLFR,41514,0.011383120594398933,-0.9946042298983475,right,5173,0.014478948371118308,-0.9945872801082544,right
sub-STUKLFR0372,UKLFR/stroke_UKLFR,30611,0.05823898597095742,1.0,left,3907,0.038395274427762735,1.0,left
sub-STUKLFR0373,UKLFR/stroke_UKLFR,11065,0.04414305459571527,-1.0,right,1400,0.03248099516240498,-1.0,right
sub-STUKLFR0374,UKLFR/stroke_UKLFR,3926,0.002540650406504065,1.0,left,492,0.0,1.0,left
sub-STUKLFR0375,UKLFR/stroke_UKLFR,3025,0.012728459530026109,1.0,left,377,0.015665796344647518,1.0,left
sub-STUKLFR0376,UKLFR/stroke_UKLFR,63982,3.125781445361341e-05,-1.0,right,7997,0.00012503125781445363,-1.0,right
sub-STUKLFR0377,UKLFR/stroke_UKLFR,9411,0.011449579831932772,-1.0,right,1174,0.013445378151260505,-1.0,right
sub-STUKLFR0378,UKLFR/stroke_UKLFR,5976,0.0,1.0,left,747,0.0,1.0,left
sub-STUKLFR0379,UKLFR/stroke_UKLFR,4436,0.06016949152542373,0.992465269602072,left,541,0.08305084745762711,0.9919028340080972,left
sub-STUKLFR0380,UKLFR/stroke_UKLFR,25534,0.06891773628938157,-1.0,right,3133,0.08605600933488915,-1.0,right
sub-STUKLFR0381,UKLFR/stroke_UKLFR,22772,0.06977124183006536,1.0,left,2870,0.06209150326797386,1.0,left
sub-STUKLFR0382,UKLFR/stroke_UKLFR,18479,0.007359260850880962,-1.0,right,2300,0.011602922217447357,-1.0,right
sub-STUKLFR0383,UKLFR/stroke_UKLFR,1264,0.0,1.0,left,158,0.0,1.0,left
sub-STUKLFR0384,UKLFR/stroke_UKLFR,39937,0.0005755755755755755,1.0,left,4995,0.0,1.0,left
sub-STUKLFR0385,UKLFR/stroke_UKLFR,43654,0.008404506632745775,1.0,left,5472,0.00563329093221879,1.0,left
sub-STUKLFR0386,UKLFR/stroke_UKLFR,32230,0.032945271243398945,1.0,left,4073,0.022323571771483437,1.0,left
sub-STUKLFR0387,UKLFR/stroke_UKLFR,744,0.0,-1.0,right,93,0.0,-1.0,right
sub-STUKLFR0388,UKLFR/stroke_UKLFR,35499,0.09274688202821509,1.0,left,4556,0.0684931506849315,1.0,left
sub-STUKLFR0389,UKLFR/stroke_UKLFR,35778,0.05509190788083668,1.0,left,4520,0.04500316923727023,1.0,left
sub-STUKLFR0390,UKLFR/stroke_UKLFR,74488,0.06072833652779179,-1.0,right,9190,0.07293453041460708,-1.0,right
sub-STUKLFR0391,UKLFR/stroke_UKLFR,4192,0.0,-1.0,right,524,0.0,-1.0,right
sub-STUKLFR0392,UKLFR/stroke_UKLFR,85128,0.01663432215137233,-1.0,right,10588,0.021532205895943075,-1.0,right
sub-STUKLFR0393,UKLFR/stroke_UKLFR,45289,0.034102542228288686,-1.0,right,5564,0.050673946425524655,-1.0,right
sub-STUKLFR0394,UKLFR/stroke_UKLFR,16453,0.00018230432668935343,-1.0,right,2057,0.0,-1.0,right
sub-STUKLFR0395,UKLFR/stroke_UKLFR,47480,0.046126647380263584,-1.0,right,5799,0.06798457087753135,-1.0,right
sub-STUKLFR0396,UKLFR/stroke_UKLFR,61673,0.019943427409102467,-1.0,right,7659,0.02631578947368421,-1.0,right
sub-STUKLFR0397,UKLFR/stroke_UKLFR,13188,0.009314903846153846,1.0,left,1653,0.006610576923076923,1.0,left
sub-STUKLFR0398,UKLFR/stroke_UKLFR,4335,0.06573275862068965,1.0,left,541,0.06724137931034482,1.0,left
sub-STUKLFR0399,UKLFR/stroke_UKLFR,24884,0.09367715617715618,1.0,left,3171,0.07604895104895106,1.0,left
sub-STUKLFR0400,UKLFR/stroke_UKLFR,24563,0.004740680713128039,-1.0,right,3062,0.0074554294975688815,-1.0,right
sub-STUKLFR0401,UKLFR/stroke_UKLFR,12268,0.014460154241645245,1.0,left,1545,0.007069408740359897,1.0,left
sub-STUKLFR0402,UKLFR/stroke_UKLFR,17637,0.007819531953195319,-1.0,right,2211,0.0049504950495049506,-1.0,right
sub-STUKLFR0403,UKLFR/stroke_UKLFR,27691,0.010470268724985706,-1.0,right,3467,0.008862206975414523,-1.0,right
sub-STUKLFR0404,UKLFR/stroke_UKLFR,69171,0.037259213896002674,-1.0,right,8594,0.0430909698251865,-1.0,right
sub-STUKLFR0406,UKLFR/stroke_UKLFR,6328,0.08236658932714618,0.9974715549936789,left,821,0.04756380510440835,0.997563946406821,left
sub-STUKLFR0407,UKLFR/stroke_UKLFR,80908,0.11144790019328765,-1.0,right,9930,0.1275698471270427,-1.0,right
sub-STUKLFR0408,UKLFR/stroke_UKLFR,1088,0.0,1.0,left,136,0.0,1.0,left
sub-STUKLFR0409,UKLFR/stroke_UKLFR,55817,0.07636682552290178,1.0,left,7078,0.06301297325920042,1.0,left
sub-STUKLFR0411,UKLFR/stroke_UKLFR,1352,0.0,-1.0,right,169,0.0,-1.0,right
sub-STUKLFR0412,UKLFR/stroke_UKLFR,22561,0.033541809458533245,1.0,left,2846,0.02467443454420836,1.0,left
sub-STUKLFR0413,UKLFR/stroke_UKLFR,16688,0.0,1.0,left,2086,0.0,1.0,left
sub-STUKLFR0414,UKLFR/stroke_UKLFR,144,0.0,1.0,left,18,0.0,1.0,left
sub-STUKLFR0415,UKLFR/stroke_UKLFR,2560,0.15567282321899736,0.41875,left,321,0.15303430079155672,0.4205607476635514,left
sub-STUKLFR0416,UKLFR/stroke_UKLFR,11706,0.03288169200264376,1.0,left,1479,0.02247191011235955,1.0,left
sub-STUKLFR0417,UKLFR/stroke_UKLFR,600,0.0,1.0,left,75,0.0,1.0,left
sub-STUKLFR0418,UKLFR/stroke_UKLFR,11588,0.0030970406056434964,1.0,left,1451,0.0013764624913971094,1.0,left
sub-STUKLFR0419,UKLFR/stroke_UKLFR,80291,0.006397881397881398,-1.0,right,9986,0.011385011385011384,-1.0,right
sub-STUKLFR0420,UKLFR/stroke_UKLFR,9000,0.024284475281873375,-0.7991111111111111,right,1111,0.03642671292281006,-0.7965796579657966,right
sub-STUKLFR0421,UKLFR/stroke_UKLFR,5306,0.004129129129129129,-1.0,right,660,0.009009009009009009,-1.0,right
sub-STUKLFR0422,UKLFR/stroke_UKLFR,66493,0.06008990161709827,1.0,left,8328,0.058238154472464096,1.0,left
sub-STUKLFR0423,UKLFR/stroke_UKLFR,12476,0.0003205128205128205,1.0,left,1560,0.0,1.0,left
sub-STUKLFR0425,UKLFR/stroke_UKLFR,13418,0.015120375807398709,1.0,left,1682,0.012331180270111567,1.0,left
sub-STUKLFR0426,UKLFR/stroke_UKLFR,35931,0.0023600621945801866,-1.0,right,4484,0.003998223011994669,-1.0,right
sub-STUKLFR0427,UKLFR/stroke_UKLFR,472,0.0,1.0,left,59,0.0,1.0,left
sub-STUKLFR0428,UKLFR/stroke_UKLFR,5179,0.02356711915535445,-1.0,right,634,0.043740573152337855,-1.0,right
sub-STUKLFR0430,UKLFR/stroke_UKLFR,17647,0.006809995497523638,-1.0,right,2190,0.013957676722197209,-1.0,right
sub-STUKLFR0431,UKLFR/stroke_UKLFR,3872,0.0,0.9628099173553719,left,484,0.0,0.9628099173553719,left
sub-STUKLFR0432,UKLFR/stroke_UKLFR,144,0.0,-1.0,right,18,0.0,-1.0,right
sub-STUKLFR0433,UKLFR/stroke_UKLFR,14940,0.06904287138584247,-0.9967871485943776,right,1891,0.05732801595214357,-0.9968270756213644,right
sub-STUKLFR0434,UKLFR/stroke_UKLFR,30103,0.06744114002478314,1.0,left,3816,0.05427509293680297,1.0,left
sub-STUKLFR0435,UKLFR/stroke_UKLFR,92423,0.05117649474375821,-1.0,right,11421,0.062007227332457296,-1.0,right
sub-STUKLFR0436,UKLFR/stroke_UKLFR,9263,0.0009706643658326143,1.0,left,1157,0.001725625539257981,1.0,left
sub-STUKLFR0437,UKLFR/stroke_UKLFR,1735,0.005160550458715597,0.9262247838616715,left,218,0.0,0.926605504587156,left
sub-STUKLFR0438,UKLFR/stroke_UKLFR,11089,0.021788990825688075,1.0,left,1403,0.009880028228652082,1.0,left
sub-STUKLFR0439,UKLFR/stroke_UKLFR,24665,0.03501564945226917,1.0,left,3121,0.023161189358372455,1.0,left
sub-STUKLFR0440,UKLFR/stroke_UKLFR,138925,0.022646049076992344,-1.0,right,17329,0.024707339036470058,-1.0,right
sub-STUKLFR0441,UKLFR/stroke_UKLFR,33397,0.006751130145134428,-0.9808366020900081,right,4141,0.014751368070425886,-0.9806809949287612,right
sub-STUKLFR0442,UKLFR/stroke_UKLFR,1088,0.0,-1.0,right,136,0.0,-1.0,right
sub-STUKLFR0443,UKLFR/stroke_UKLFR,36380,0.11441090555014606,-1.0,right,4460,0.1314508276533593,-1.0,right
sub-STUKLFR0444,UKLFR/stroke_UKLFR,68738,0.029562909419471425,-1.0,right,8540,0.03546419697311949,-1.0,right
sub-STUKLFR0445,UKLFR/stroke_UKLFR,12446,0.00016066838046272492,-1.0,right,1556,0.0,-1.0,right
sub-STUKLFR0446,UKLFR/stroke_UKLFR,7034,0.023055555555555555,1.0,left,883,0.01888888888888889,1.0,left
sub-STUKLFR0447,UKLFR/stroke_UKLFR,4265,0.0324410163339383,1.0,left,544,0.012704174228675136,1.0,left
sub-STUKLFR0448,UKLFR/stroke_UKLFR,14783,0.01077355460385439,1.0,left,1841,0.014453961456102784,1.0,left
sub-STUKLFR0449,UKLFR/stroke_UKLFR,92875,0.04716226198292843,-1.0,right,11403,0.06410045961917268,-1.0,right
sub-STUKLFR0450,UKLFR/stroke_UKLFR,43652,0.03304979620769095,-1.0,right,5370,0.04837852206273259,-1.0,right
sub-STUKLFR0451,UKLFR/stroke_UKLFR,39227,0.020891573482428115,-1.0,right,4874,0.026757188498402557,-1.0,right
sub-STUKLFR0452,UKLFR/stroke_UKLFR,512,0.0,1.0,left,64,0.0,1.0,left
sub-STUKLFR0453,UKLFR/stroke_UKLFR,60223,0.006483436716378514,-1.0,right,7502,0.009898376666226739,-1.0,right
sub-STUKLFR0455,UKLFR/stroke_UKLFR,8443,0.011821161048689138,0.9867345730190691,left,1051,0.015917602996254682,0.9866793529971456,left
sub-STUKLFR0456,UKLFR/stroke_UKLFR,40614,0.0014260424862313139,-0.9956665189343576,right,5078,0.0011801730920535012,-0.9956675856636471,right
sub-STUKLFR0457,UKLFR/stroke_UKLFR,34171,0.022792267215740104,-1.0,right,4278,0.02127659574468085,-1.0,right
sub-STUKLFR0458,UKLFR/stroke_UKLFR,3445,0.0008700696055684454,-1.0,right,431,0.0,-1.0,right
sub-STUKLFR0459,UKLFR/stroke_UKLFR,2595,0.011051829268292682,-1.0,right,326,0.006097560975609756,-1.0,right
sub-STUKLFR0460,UKLFR/stroke_UKLFR,23521,0.00402269647696477,1.0,left,2940,0.0040650406504065045,1.0,left
sub-STUKLFR0461,UKLFR/stroke_UKLFR,11464,0.004861111111111111,-1.0,right,1430,0.006944444444444444,-1.0,right
sub-STUKLFR0462,UKLFR/stroke_UKLFR,21148,0.03239385065885798,1.0,left,2630,0.03733528550512445,1.0,left
sub-STUKLFR0463,UKLFR/stroke_UKLFR,6885,0.010775862068965518,0.6773399014778325,left,863,0.008045977011494253,0.6570680628272252,left
sub-STUKLFR0464,UKLFR/stroke_UKLFR,6408,0.0,1.0,left,801,0.0,1.0,left
sub-STUKLFR0465,UKLFR/stroke_UKLFR,51679,0.04056512698648448,-1.0,right,6409,0.04812119411852072,-1.0,right
sub-STUKLFR0466,UKLFR/stroke_UKLFR,15331,0.013703036541430777,1.0,left,1904,0.02007205352547607,1.0,left
sub-STUKLFR0467,UKLFR/stroke_UKLFR,7654,0.00026123301985370953,-0.9596066967844805,right,956,0.0010449320794148381,-0.9935064935064936,right
sub-STUKLFR0468,UKLFR/stroke_UKLFR,1120,0.0,1.0,left,140,0.0,1.0,left
sub-STUKLFR0469,UKLFR/stroke_UKLFR,29513,0.005626684636118599,-1.0,right,3674,0.009703504043126684,-1.0,right
sub-STUKLFR0470,UKLFR/stroke_UKLFR,23442,0.021619365609348917,-1.0,right,2892,0.0343906510851419,-1.0,right
sub-STUKLFR0471,UKLFR/stroke_UKLFR,36731,0.11924515633991943,1.0,left,4733,0.09207749856128908,1.0,left
sub-STUKLFR0472,UKLFR/stroke_UKLFR,58395,0.014264010803511142,-1.0,right,7254,0.02039162727886563,-1.0,right
sub-STUKLFR0473,UKLFR/stroke_UKLFR,400,0.0,1.0,left,50,0.0,1.0,left
sub-STUKLFR0474,UKLFR/stroke_UKLFR,11860,0.0050335570469798654,1.0,left,1477,0.0087248322147651,1.0,left
sub-STUKLFR0475,UKLFR/stroke_UKLFR,113063,0.0019156073446327684,-1.0,right,14114,0.0032485875706214687,-1.0,right
sub-STUKLFR0476,UKLFR/stroke_UKLFR,7740,0.03922542204568024,-1.0,right,958,0.04865938430983118,-1.0,right
sub-STUKLFR0477,UKLFR/stroke_UKLFR,5818,0.005129958960328317,1.0,left,731,0.0,1.0,left
sub-STUKLFR0478,UKLFR/stroke_UKLFR,47293,0.09372604629771578,-1.0,right,5890,0.09704123869385252,-1.0,right
sub-STUKLFR0479,UKLFR/stroke_UKLFR,34363,0.04334632516703786,1.0,left,4307,0.04075723830734967,1.0,left
sub-STUKLFR0480,UKLFR/stroke_UKLFR,24061,0.04154716379859783,-1.0,right,2983,0.049394518801784575,-1.0,right
sub-STUKLFR0481,UKLFR/stroke_UKLFR,54460,0.016683518705763397,-1.0,right,6821,0.014733497038855988,-1.0,right
sub-STUKLFR0482,UKLFR/stroke_UKLFR,141232,0.016435456014262634,-1.0,right,17565,0.021393949523650344,-1.0,right
sub-STUKLFR0484,UKLFR/stroke_UKLFR,880,0.0,1.0,left,110,0.0,1.0,left
sub-STUKLFR0485,UKLFR/stroke_UKLFR,15353,0.02681288032454361,0.901387351006318,left,1934,0.019269776876267748,0.8996897621509824,left
sub-STUKLFR0486,UKLFR/stroke_UKLFR,344,0.0,1.0,left,43,0.0,1.0,left
sub-STUKLFR0487,UKLFR/stroke_UKLFR,4697,0.16005007153075823,1.0,left,594,0.15021459227467812,1.0,left
sub-STUKLFR0488,UKLFR/stroke_UKLFR,12586,0.013636363636363636,1.0,left,1566,0.01818181818181818,1.0,left
sub-STUKLFR0489,UKLFR/stroke_UKLFR,34181,0.19898293963254593,1.0,left,4424,0.17060367454068243,1.0,left
sub-STUKLFR0490,UKLFR/stroke_UKLFR,1328,0.0,1.0,left,166,0.0,1.0,left
sub-STUKLFR0491,UKLFR/stroke_UKLFR,24492,0.003742271396029938,-1.0,right,3066,0.002277904328018223,-1.0,right
sub-STUKLFR0492,UKLFR/stroke_UKLFR,4485,0.021596858638743454,-1.0,right,565,0.013961605584642234,-1.0,right
sub-STUKLFR0493,UKLFR/stroke_UKLFR,10191,0.07016423357664234,1.0,left,1287,0.060583941605839416,1.0,left
sub-STUKLFR0494,UKLFR/stroke_UKLFR,17415,0.18377390326209223,1.0,left,2195,0.17697787776527935,1.0,left
sub-STUKLFR0495,UKLFR/stroke_UKLFR,83510,0.04117295857444659,1.0,left,10523,0.03343437126848535,1.0,left
sub-STUKLFR0496,UKLFR/stroke_UKLFR,15002,0.009899683210137275,1.0,left,1885,0.004751847940865892,1.0,left
sub-STUKLFR0497,UKLFR/stroke_UKLFR,240,0.0,-1.0,right,30,0.0,-1.0,right
sub-STUKLFR0498,UKLFR/stroke_UKLFR,48396,0.007302264522481129,1.0,left,6059,0.005743354118805382,1.0,left
sub-STUKLFR0499,UKLFR/stroke_UKLFR,28402,0.05427543953116676,1.0,left,3580,0.04635055940330314,1.0,left
sub-STUKLFR0500,UKLFR/stroke_UKLFR,43988,0.04207317073170732,1.0,left,5512,0.0397212543554007,1.0,left
sub-STUKLFR0501,UKLFR/stroke_UKLFR,92680,0.006517451333504845,-1.0,right,11581,0.006860475087899837,-1.0,right
sub-STUKLFR0502,UKLFR/stroke_UKLFR,6736,0.0,-1.0,right,842,0.0,-1.0,right
sub-STUKLFR0503,UKLFR/stroke_UKLFR,50090,0.056756553178668276,1.0,left,6362,0.04157878879180476,1.0,left
sub-STUKLFR0504,UKLFR/stroke_UKLFR,7191,0.028243243243243243,1.0,left,898,0.02918918918918919,1.0,left
sub-STUKLFR0505,UKLFR/stroke_UKLFR,39937,0.0009755853512107265,1.0,left,4991,0.0012007204322593557,1.0,left
sub-STUKLFR0506,UKLFR/stroke_UKLFR,31227,0.017277190332326282,1.0,left,3937,0.008811681772406849,1.0,left
sub-STUKLFR0507,UKLFR/stroke_UKLFR,5240,0.0,1.0,left,655,0.0,1.0,left
sub-STUKLFR0508,UKLFR/stroke_UKLFR,23108,0.016848196051735875,1.0,left,2919,0.006466984343090538,1.0,left
sub-STUKLFR0509,UKLFR/stroke_UKLFR,2039,0.056018518518518516,-1.0,right,251,0.07037037037037037,-1.0,right
sub-STUKLFR0511,UKLFR/stroke_UKLFR,21328,0.03580470162748644,1.0,left,2681,0.030379746835443037,1.0,left
sub-STUKLFR0512,UKLFR/stroke_UKLFR,2432,0.0,1.0,left,304,0.0,1.0,left
sub-STUKLFR0513,UKLFR/stroke_UKLFR,7309,0.023904914529914528,-1.0,right,911,0.026709401709401708,-1.0,right
sub-STUKLFR0514,UKLFR/stroke_UKLFR,896,0.0,1.0,left,112,0.0,1.0,left
sub-STUKLFR0515,UKLFR/stroke_UKLFR,152,0.0,1.0,left,19,0.0,1.0,left
sub-STUKLFR0516,UKLFR/stroke_UKLFR,34006,0.06556386018905254,1.0,left,4289,0.05715541877335678,1.0,left
sub-STUKLFR0517,UKLFR/stroke_UKLFR,81539,0.03426425999620997,-1.0,right,10164,0.03695281409891984,-1.0,right
sub-STUKLFR0518,UKLFR/stroke_UKLFR,14109,0.0007790368271954674,1.0,left,1761,0.0022662889518413596,1.0,left
sub-STUKLFR0519,UKLFR/stroke_UKLFR,58204,0.06520621868174226,-1.0,right,7127,0.08428626493639985,-1.0,right
sub-STUKLFR0520,UKLFR/stroke_UKLFR,42986,0.0432247150997151,1.0,left,5409,0.03685897435897436,1.0,left
sub-STUKLFR0521,UKLFR/stroke_UKLFR,1560,0.0,-1.0,right,195,0.0,-1.0,right
sub-STUKLFR0522,UKLFR/stroke_UKLFR,47578,0.07951555486766754,1.0,left,5926,0.08280451942423774,1.0,left
sub-STUKLFR0523,UKLFR/stroke_UKLFR,1440,0.0,-1.0,right,180,0.0,-1.0,right
sub-STUKLFR0524,UKLFR/stroke_UKLFR,1168,0.0,-1.0,right,146,0.0,-1.0,right
sub-STUKLFR0525,UKLFR/stroke_UKLFR,1121,0.078125,1.0,left,141,0.07236842105263158,1.0,left
sub-STUKLFR0526,UKLFR/stroke_UKLFR,3936,0.0199203187250996,1.0,left,487,0.029880478087649404,1.0,left
sub-STUKLFR0527,UKLFR/stroke_UKLFR,129336,0.007063014371698808,-1.0,right,16081,0.012344920771404004,-1.0,right
sub-STUKLFR0528,UKLFR/stroke_UKLFR,137132,0.032209801264679316,1.0,left,17312,0.022583559168925023,1.0,left
sub-STUKLFR0529,UKLFR/stroke_UKLFR,2431,0.0036885245901639345,1.0,left,304,0.003278688524590164,1.0,left
sub-STUKLFR0530,UKLFR/stroke_UKLFR,1088,0.0,1.0,left,136,0.0,1.0,left
sub-STUKLFR0531,UKLFR/stroke_UKLFR,36739,0.021858359957401492,-1.0,right,4547,0.03152289669861555,-1.0,right
sub-STUKLFR0532,UKLFR/stroke_UKLFR,9177,0.10450819672131148,-1.0,right,1142,0.10850897736143637,-1.0,right
sub-STUKLFR0533,UKLFR/stroke_UKLFR,32091,0.04559243397573162,0.9775386055217595,left,4042,0.03830597192481561,0.9776841061244731,left
sub-STUKLFR0534,UKLFR/stroke_UKLFR,80082,0.039046750503983874,1.0,left,10045,0.03571085725256792,1.0,left
sub-STUKLFR0535,UKLFR/stroke_UKLFR,12482,0.005576800509878904,1.0,left,1567,0.0012746972594008922,1.0,left
sub-STUKLFR0536,UKLFR/stroke_UKLFR,5686,0.0169432918395574,-1.0,right,701,0.030428769017980636,-1.0,right
sub-STUKLFR0537,UKLFR/stroke_UKLFR,21732,0.019667989895344642,-1.0,right,2695,0.02742692168892097,-1.0,right
sub-STUKLFR0538,UKLFR/stroke_UKLFR,7187,0.007320441988950276,1.0,left,900,0.0055248618784530384,1.0,left
sub-STUKLFR0539,UKLFR/stroke_UKLFR,28966,0.06969424460431654,1.0,left,3658,0.06012332990750257,1.0,left
sub-STUKLFR0540,UKLFR/stroke_UKLFR,1152,0.0,-1.0,right,144,0.0,-1.0,right
sub-STUKLFR0541,UKLFR/stroke_UKLFR,2007,0.004464285714285714,-1.0,right,249,0.011904761904761904,-1.0,right
sub-STUKLFR0542,UKLFR/stroke_UKLFR,17954,0.006969026548672566,-1.0,right,2241,0.008407079646017699,-1.0,right
sub-STUKLFR0543,UKLFR/stroke_UKLFR,2408,0.0,1.0,left,301,0.0,1.0,left
sub-STUKLFR0544,UKLFR/stroke_UKLFR,13649,0.031711123723041995,1.0,left,1697,0.03688989784335982,1.0,left
sub-STUKLFR0545,UKLFR/stroke_UKLFR,9547,0.12828707085463842,1.0,left,1207,0.1183345507669832,1.0,left
sub-STUKLFR0546,UKLFR/stroke_UKLFR,20180,0.03721374045801527,-1.0,right,2478,0.05419847328244275,-1.0,right
sub-STUKLFR0547,UKLFR/stroke_UKLFR,48487,0.004782430213464696,-1.0,right,6059,0.005090311986863711,-1.0,right
sub-STUKLFR0548,UKLFR/stroke_UKLFR,82746,0.07401521933751119,-1.0,right,10250,0.08236347358997315,-1.0,right
sub-STUKLFR0549,UKLFR/stroke_UKLFR,27719,0.007483529074763678,-1.0,right,3454,0.010598682325981094,-1.0,right
sub-STUKLFR0550,UKLFR/stroke_UKLFR,26012,0.033154921201308356,1.0,left,3268,0.02824858757062147,1.0,left
sub-STUKLFR0551,UKLFR/stroke_UKLFR,3200,0.0,1.0,left,400,0.0,1.0,left
sub-STUKLFR0552,UKLFR/stroke_UKLFR,55265,0.027024647887323942,1.0,left,6946,0.021690140845070423,1.0,left
sub-STUKLFR0553,UKLFR/stroke_UKLFR,15434,0.019191662430096595,1.0,left,1930,0.018810371123538384,1.0,left
sub-STUKLFR0554,UKLFR/stroke_UKLFR,1512,0.0,1.0,left,189,0.0,1.0,left
sub-STUKLFR0555,UKLFR/stroke_UKLFR,9535,0.08176040061633282,1.0,left,1225,0.05624036979969183,1.0,left
sub-STUKLFR0556,UKLFR/stroke_UKLFR,1736,0.0,-1.0,right,217,0.0,-1.0,right
sub-STUKLFR0557,UKLFR/stroke_UKLFR,45522,0.03962025316455696,1.0,left,5691,0.03949367088607595,1.0,left
sub-STUKLFR0558,UKLFR/stroke_UKLFR,47840,0.016123724909509706,1.0,left,6036,0.006910167818361303,1.0,left
sub-STUKLFR0559,UKLFR/stroke_UKLFR,8229,0.009031791907514452,1.0,left,1035,0.002890173410404624,1.0,left
sub-STUKLFR0560,UKLFR/stroke_UKLFR,42413,0.05395699500356888,1.0,left,5426,0.03176302640970735,1.0,left
sub-STUKLFR0561,UKLFR/stroke_UKLFR,166513,0.0860575656450338,-1.0,right,20438,0.10257310968648459,-1.0,right
sub-STUKLFR0562,UKLFR/stroke_UKLFR,12870,0.04184038117927338,-1.0,right,1597,0.048838594401429423,-1.0,right
sub-STUKLFR0563,UKLFR/stroke_UKLFR,285841,0.03956440513950863,-0.9997200849542164,right,35507,0.045562066555561526,-1.0,right
sub-STUKLFR0564,UKLFR/stroke_UKLFR,8248,0.01055662188099808,-1.0,right,1036,0.005758157389635317,-1.0,right
sub-STUKLFR0565,UKLFR/stroke_UKLFR,24330,0.04573266394728585,1.0,left,3086,0.03169124568559774,1.0,left
sub-STUKLFR0566,UKLFR/stroke_UKLFR,56609,0.15660011918951133,-1.0,right,7058,0.15876042908224075,-1.0,right
sub-STUKLFR0567,UKLFR/stroke_UKLFR,61408,0.07025193798449612,1.0,left,7754,0.06080426356589147,1.0,left
sub-STUKLFR0568,UKLFR/stroke_UKLFR,14612,0.005715841045182362,1.0,left,1816,0.011431682090364725,1.0,left
sub-STUKLFR0569,UKLFR/stroke_UKLFR,8371,0.0044005708848715505,1.0,left,1046,0.004757373929590866,1.0,left
sub-STUKLFR0570,UKLFR/stroke_UKLFR,544,0.0,1.0,left,68,0.0,1.0,left
sub-STUKLFR0571,UKLFR/stroke_UKLFR,57104,0.015040706499241066,1.0,left,7177,0.009659169311439217,1.0,left
sub-STUKLFR0572,UKLFR/stroke_UKLFR,15222,0.03609422492401216,-1.0,right,1914,0.030395136778115502,-1.0,right
sub-STUKLFR0573,UKLFR/stroke_UKLFR,103717,0.040581292089099386,-0.9482500952362347,right,13069,0.03285724857544587,-0.974399246112769,right
sub-STUKLFR0574,UKLFR/stroke_UKLFR,1983,0.12720070422535212,-1.0,right,243,0.1443661971830986,-1.0,right
sub-STUKLFR0575,UKLFR/stroke_UKLFR,69987,0.05012214983713355,-1.0,right,8661,0.05960912052117264,-1.0,right
sub-STUKLFR0576,UKLFR/stroke_UKLFR,374,0.065,1.0,left,47,0.06,1.0,left
sub-STUKLFR0577,UKLFR/stroke_UKLFR,31113,0.0009953763164654507,-1.0,right,3888,0.0012843565373747753,-1.0,right
sub-STUKLFR0578,UKLFR/stroke_UKLFR,16087,0.05769681349578257,-1.0,right,2039,0.04451733833177132,-1.0,right
sub-STUKLFR0579,UKLFR/stroke_UKLFR,84849,0.06890308138003687,1.0,left,10696,0.06101308050215082,1.0,left
sub-STUKLFR0580,UKLFR/stroke_UKLFR,7809,0.0029366700715015323,1.0,left,977,0.0020429009193054137,1.0,left
sub-STUKLFR0581,UKLFR/stroke_UKLFR,1338,0.010355029585798817,-1.0,right,168,0.005917159763313609,-1.0,right
sub-STUKLFR0582,UKLFR/stroke_UKLFR,52469,0.05440816032295271,-1.0,right,6423,0.07396193771626297,-1.0,right
sub-STUKLFR0583,UKLFR/stroke_UKLFR,6623,0.013259833134684148,-1.0,right,823,0.01907032181168057,-1.0,right
sub-STUKLFR0584,UKLFR/stroke_UKLFR,102666,0.022526468124000304,1.0,left,12905,0.017061466981491354,1.0,left
sub-STUKLFR0585,UKLFR/stroke_UKLFR,96510,0.023019922254616132,1.0,left,12070,0.022513767411726594,1.0,left
sub-STUKLFR0586,UKLFR/stroke_UKLFR,21387,0.032087255611875455,-1.0,right,2661,0.036567704561911656,-1.0,right
sub-STUKLFR0587,UKLFR/stroke_UKLFR,78090,0.015109474321461003,-1.0,right,9695,0.02179396630007063,-1.0,right
sub-STUKLFR0588,UKLFR/stroke_UKLFR,84714,0.018332251784555484,1.0,left,10646,0.013071289515157134,1.0,left
sub-STUKLFR0589,UKLFR/stroke_UKLFR,43225,0.027690300521864317,-1.0,right,5337,0.03958970667626417,-1.0,right
sub-STUKLFR0590,UKLFR/stroke_UKLFR,44673,0.0028348214285714287,1.0,left,5584,0.002857142857142857,1.0,left
sub-STUKLFR0591,UKLFR/stroke_UKLFR,32355,0.03682424386758752,1.0,left,4080,0.02834008097165992,1.0,left
sub-STUKLFR0592,UKLFR/stroke_UKLFR,119,0.0703125,-1.0,right,16,0.0,-1.0,right
sub-STUKLFR0593,UKLFR/stroke_UKLFR,10945,0.026245551601423486,-1.0,right,1384,0.01494661921708185,-1.0,right
sub-STUKLFR0594,UKLFR/stroke_UKLFR,52983,0.025187665587282897,1.0,left,6712,0.012069473064468648,1.0,left
sub-STUKLFR0595,UKLFR/stroke_UKLFR,73766,0.035587281665097795,1.0,left,9248,0.032737161384792386,1.0,left
sub-STUKLFR0596,UKLFR/stroke_UKLFR,103379,0.028465904819186528,1.0,left,13014,0.021577325013156904,1.0,left
sub-STUKLFR0597,UKLFR/stroke_UKLFR,20784,0.0,1.0,left,2598,0.0,1.0,left
sub-STUKLFR0598,UKLFR/stroke_UKLFR,22230,0.1632791327913279,1.0,left,2811,0.15356820234869015,1.0,left
sub-STUKLFR0599,UKLFR/stroke_UKLFR,13256,0.02701115678214915,1.0,left,1665,0.022313564298297124,1.0,left
sub-STUKLFR0600,UKLFR/stroke_UKLFR,96318,0.02448954788526981,-1.0,right,11954,0.031437368335764056,-1.0,right
sub-STUKLFR0601,UKLFR/stroke_UKLFR,83180,0.08609475257097653,-1.0,right,10336,0.09150039553485101,-1.0,right
sub-STUKLFR0603,UKLFR/stroke_UKLFR,14840,0.024710830704521555,1.0,left,1866,0.01892744479495268,1.0,left
sub-STUKLFR0604,UKLFR/stroke_UKLFR,9968,0.042275172943889314,-1.0,right,1244,0.043812451960030745,-1.0,right
sub-STUKLFR0605,UKLFR/stroke_UKLFR,85573,0.026428961499954492,1.0,left,10797,0.01729316464913079,1.0,left
sub-STUKLFR0606,UKLFR/stroke_UKLFR,2672,0.005952380952380952,1.0,left,332,0.011904761904761904,1.0,left
sub-STUKLFR0607,UKLFR/stroke_UKLFR,38954,0.0007695464806074287,-1.0,right,4867,0.001231274368971886,-1.0,right
sub-STUKLFR0608,UKLFR/stroke_UKLFR,49399,0.005175608184308039,1.0,left,6173,0.005477686483003061,1.0,left
sub-STUKLFR0609,UKLFR/stroke_UKLFR,2248,0.0,1.0,left,281,0.0,1.0,left
sub-STUKLFR0610,UKLFR/stroke_UKLFR,49914,0.031322775966464836,-1.0,right,6188,0.03927961496662009,-1.0,right
sub-STUKLFR0611,UKLFR/stroke_UKLFR,5112,0.0,-1.0,right,639,0.0,-1.0,right
sub-STUKLFR0612,UKLFR/stroke_UKLFR,119498,0.034936684326140326,1.0,left,14995,0.031205582116552527,1.0,left
sub-STUKLFR0613,UKLFR/stroke_UKLFR,14134,0.03456284153005464,1.0,left,1779,0.027868852459016394,1.0,left
sub-STUKLFR0614,UKLFR/stroke_UKLFR,7029,0.030215231788079472,-1.0,right,884,0.024282560706401765,-1.0,right
sub-STUKLFR0615,UKLFR/stroke_UKLFR,39911,0.04096981930026913,1.0,left,5020,0.03498654363706267,1.0,left
sub-STUKLFR0616,UKLFR/stroke_UKLFR,22497,0.021869565217391303,1.0,left,2812,0.02191304347826087,1.0,left
sub-STUKLFR0617,UKLFR/stroke_UKLFR,20802,0.08085896076352068,1.0,left,2614,0.07599858607281725,1.0,left
sub-STUKLFR0618,UKLFR/stroke_UKLFR,5488,0.0,1.0,left,686,0.0,1.0,left
sub-STUKLFR0619,UKLFR/stroke_UKLFR,64673,0.04375147859001656,1.0,left,8150,0.03595930920274426,1.0,left
sub-STUKLFR0620,UKLFR/stroke_UKLFR,9721,0.0048116298116298115,0.9983472781737424,left,1211,0.00819000819000819,0.9983347210657785,left
sub-STUKLFR0621,UKLFR/stroke_UKLFR,12025,0.1400886727688787,1.0,left,1504,0.13958810068649885,1.0,left
sub-STUKLFR0622,UKLFR/stroke_UKLFR,43441,0.06602597179222566,1.0,left,5430,0.06604747162022703,1.0,left
sub-STUKLFR0623,UKLFR/stroke_UKLFR,11514,0.018916155419222903,1.0,left,1434,0.022494887525562373,1.0,left
sub-STUKLFR0624,UKLFR/stroke_UKLFR,16649,0.1601594027441485,1.0,left,2097,0.15375302663438256,1.0,left
sub-STUKLFR0625,UKLFR/stroke_UKLFR,7760,0.017223910840932118,-1.0,right,975,0.0121580547112462,-1.0,right
sub-STUKLFR0626,UKLFR/stroke_UKLFR,32611,0.0016225814352192015,1.0,left,4074,0.002204261572373255,1.0,left
sub-STUKLFR0627,UKLFR/stroke_UKLFR,1811,0.0027533039647577094,-1.0,right,227,0.0,-1.0,right
sub-STUKLFR0628,UKLFR/stroke_UKLFR,5253,0.00661875945537065,1.0,left,657,0.006051437216338881,1.0,left
sub-STUKLFR0629,UKLFR/stroke_UKLFR,31973,0.005814676616915423,1.0,left,4001,0.00472636815920398,1.0,left
sub-STUKLFR0630,UKLFR/stroke_UKLFR,15397,0.14194159607668302,1.0,left,1981,0.11680784663397235,1.0,left
sub-STUKLFR0631,UKLFR/stroke_UKLFR,6778,0.01596980255516841,1.0,left,851,0.011614401858304297,1.0,left
sub-STUKLFR0632,UKLFR/stroke_UKLFR,251899,0.08692547484413513,1.0,left,32051,0.07058141220820646,1.0,left
sub-STUKLFR0634,UKLFR/stroke_UKLFR,42175,0.11337453750420451,1.0,left,5270,0.11368987554658594,1.0,left
sub-STUKLFR0635,UKLFR/stroke_UKLFR,43709,0.0031700419631454113,1.0,left,5460,0.0038314176245210726,1.0,left
sub-STUKLFR0636,UKLFR/stroke_UKLFR,12662,0.0493993993993994,1.0,left,1562,0.061861861861861864,1.0,left
sub-STUKLFR0637,UKLFR/stroke_UKLFR,69001,0.011899988543934013,1.0,left,8665,0.007331882231641654,1.0,left
sub-STUKLFR0638,UKLFR/stroke_UKLFR,1176,0.13529411764705881,1.0,left,141,0.17058823529411765,1.0,left
sub-STUKLFR0639,UKLFR/stroke_UKLFR,85545,0.05387320828172005,1.0,left,10797,0.044682357104937176,1.0,left
sub-STUKLFR0640,UKLFR/stroke_UKLFR,5591,0.008687943262411348,-1.0,right,695,0.014184397163120567,-1.0,right
sub-STUKLFR0641,UKLFR/stroke_UKLFR,14938,0.06823852295409182,-1.0,right,1830,0.08682634730538923,-1.0,right
sub-STUKLFR0642,UKLFR/stroke_UKLFR,118867,0.02644640283055956,1.0,left,14937,0.02129471890971039,1.0,left
sub-STUKLFR0643,UKLFR/stroke_UKLFR,37391,0.10837943533002671,1.0,left,4753,0.09328500572300649,1.0,left
sub-STUKLFR0644,UKLFR/stroke_UKLFR,6824,0.010440835266821345,-1.0,right,856,0.0069605568445475635,-1.0,right
sub-STUKLFR0645,UKLFR/stroke_UKLFR,51534,0.025895962498109784,1.0,left,6447,0.02510207167699985,1.0,left
sub-STUKLFR0646,UKLFR/stroke_UKLFR,125440,0.021345649731619024,1.0,left,15782,0.014979403320434403,1.0,left
sub-STUKLFR0647,UKLFR/stroke_UKLFR,127902,0.019096263574452422,1.0,left,16064,0.014418062457819498,1.0,left
sub-STUKLFR0648,UKLFR/stroke_UKLFR,3736,0.0,1.0,left,467,0.0,1.0,left
sub-STUKLFR0649,UKLFR/stroke_UKLFR,38918,0.019796494056014507,-0.9991774201840522,right,4803,0.03223856538384042,-1.0,right
sub-STUKLFR0650,UKLFR/stroke_UKLFR,46912,0.09366306027820712,1.0,left,5838,0.09768160741885626,1.0,left
sub-STUKLFR0651,UKLFR/stroke_UKLFR,1169,0.025833333333333333,-1.0,right,145,0.03333333333333333,-1.0,right
sub-STUKLFR0652,UKLFR/stroke_UKLFR,12230,0.014345583494519665,1.0,left,1537,0.009026434558349452,1.0,left
sub-STUKLFR0653,UKLFR/stroke_UKLFR,4003,0.0032370517928286854,-1.0,right,501,0.00199203187250996,-1.0,right
sub-STUKLFR0654,UKLFR/stroke_UKLFR,7812,0.0045871559633027525,-1.0,right,973,0.00815494393476045,-1.0,right
sub-STUKLFR0655,UKLFR/stroke_UKLFR,1616,0.0,1.0,left,202,0.0,1.0,left
sub-STUKLFR0656,UKLFR/stroke_UKLFR,22578,0.025802554366586124,-1.0,right,2784,0.03900586813945461,-1.0,right
sub-STUKLFR0657,UKLFR/stroke_UKLFR,1966,0.013052208835341365,-1.0,right,248,0.004016064257028112,-1.0,right
sub-STUKLFR0658,UKLFR/stroke_UKLFR,114824,0.03548148645924333,-1.0,right,14211,0.045023855923661045,-1.0,right
sub-STUKLFR0659,UKLFR/stroke_UKLFR,32387,0.00138751850024667,-1.0,right,4051,0.0007400098667982239,-1.0,right
sub-STUKLFR0661,UKLFR/stroke_UKLFR,36714,0.014124597207303973,-1.0,right,4590,0.013963480128893663,-1.0,right
sub-STUKLFR0662,UKLFR/stroke_UKLFR,8767,0.011834986474301172,1.0,left,1097,0.010820559062218215,1.0,left
sub-STUKLFR0663,UKLFR/stroke_UKLFR,58363,0.02935404470463012,-1.0,right,7239,0.03685470995210218,-1.0,right
sub-STUKLFR0664,UKLFR/stroke_UKLFR,98158,0.13263466704368726,1.0,left,12454,0.11960978368443376,1.0,left
sub-STUKLFR0665,UKLFR/stroke_UKLFR,1184,0.0,-1.0,right,148,0.0,-1.0,right
sub-STUKLFR0666,UKLFR/stroke_UKLFR,57315,0.243705795418558,-1.0,right,7007,0.26031880080228015,-1.0,right
sub-STUKLFR0667,UKLFR/stroke_UKLFR,54878,0.02073518915060671,-1.0,right,6786,0.03126338329764454,-1.0,right
sub-STUKLFR0668,UKLFR/stroke_UKLFR,24239,0.02040898803750404,-1.0,right,3018,0.02424830261881668,-1.0,right
sub-STUKLFR0669,UKLFR/stroke_UKLFR,15272,0.008311688311688312,1.0,left,1906,0.009870129870129871,1.0,left
sub-STUKLFR0670,UKLFR/stroke_UKLFR,728,0.0,1.0,left,91,0.0,1.0,left
sub-STUKLFR0671,UKLFR/stroke_UKLFR,0,,,,0,,,
sub-STUKLFR0672,UKLFR/stroke_UKLFR,6889,0.0033275462962962963,-1.0,right,861,0.003472222222222222,-1.0,right
sub-STUKLFR0673,UKLFR/stroke_UKLFR,13029,0.05532192575406032,1.0,left,1669,0.031902552204176336,1.0,left
sub-STUKLFR0674,UKLFR/stroke_UKLFR,56656,0.015705350938151494,-1.0,right,7094,0.014037526059763725,-1.0,right
sub-STUKLFR0675,UKLFR/stroke_UKLFR,110984,0.11715667557591956,1.0,left,13998,0.10920198549064529,1.0,left
sub-STUKLFR0676,UKLFR/stroke_UKLFR,2169,0.003216911764705882,1.0,left,271,0.003676470588235294,1.0,left
sub-STUKLFR0677,UKLFR/stroke_UKLFR,31843,0.008129828058808871,-1.0,right,3980,0.008223274358335409,-1.0,right
sub-STUKLFR0678,UKLFR/stroke_UKLFR,28133,0.0003908470722001137,-1.0,right,3518,0.0,-1.0,right
sub-STUKLFR0679,UKLFR/stroke_UKLFR,3422,0.0005841121495327102,1.0,left,427,0.002336448598130841,1.0,left
sub-STUKLFR0680,UKLFR/stroke_UKLFR,27193,0.015031874818893074,1.0,left,3406,0.01303969863807592,1.0,left
sub-STUKLFR0681,UKLFR/stroke_UKLFR,30330,0.018319523562920766,1.0,left,3813,0.012687726566545831,1.0,left
sub-STUKLFR0682,UKLFR/stroke_UKLFR,1316,0.11081081081081082,1.0,left,170,0.08108108108108109,1.0,left
sub-STUKLFR0683,UKLFR/stroke_UKLFR,18681,0.020090222408728493,0.9988208179235676,left,2351,0.013428451531682753,0.9982942430703625,left
sub-STUKLFR0684,UKLFR/stroke_UKLFR,1096,0.0,1.0,left,137,0.0,1.0,left
sub-STUKLFR0685,UKLFR/stroke_UKLFR,48039,0.03505142214366062,-1.0,right,6024,0.03197814558894424,-1.0,right
sub-STUKLFR0686,UKLFR/stroke_UKLFR,11461,0.1018025078369906,1.0,left,1426,0.10595611285266458,1.0,left
sub-STUKLFR0687,UKLFR/stroke_UKLFR,59179,0.08561495673671199,-1.0,right,7242,0.10482076637824475,-1.0,right
sub-STUKLFR0688,UKLFR/stroke_UKLFR,23681,0.01787491705374917,1.0,left,2977,0.01227604512276045,1.0,left
sub-STUKLFR0689,UKLFR/stroke_UKLFR,35333,0.0377723311546841,1.0,left,4460,0.02832244008714597,1.0,left
sub-STUKLFR0690,UKLFR/stroke_UKLFR,3534,0.018333333333333333,1.0,left,439,0.024444444444444446,1.0,left
sub-STUKLFR0691,UKLFR/stroke_UKLFR,132761,0.06453635851183766,-1.0,right,16449,0.07277339346110485,-1.0,right
sub-STUKLFR0693,UKLFR/stroke_UKLFR,32707,0.09927847543511786,1.0,left,4224,0.06939854593522803,1.0,left
sub-STUKLFR0694,UKLFR/stroke_UKLFR,22030,0.006941940137035701,-1.0,right,2759,0.005048683736025965,-1.0,right
sub-STUKLFR0695,UKLFR/stroke_UKLFR,33761,0.0030415780770139383,1.0,left,4224,0.002126151665485471,1.0,left
sub-STUKLFR0696,UKLFR/stroke_UKLFR,8183,0.040454971857410885,1.0,left,1015,0.04784240150093809,1.0,left
sub-STUKLFR0697,UKLFR/stroke_UKLFR,32317,0.03427563949318671,-0.9888035331073306,right,3977,0.04924695194836242,-0.9989837398373984,right
sub-STUKLFR0698,UKLFR/stroke_UKLFR,20476,0.009864603481624759,1.0,left,2550,0.013539651837524178,1.0,left
sub-STUKLFR0700,UKLFR/stroke_UKLFR,13889,0.15517031630170317,1.0,left,1671,0.18686131386861313,1.0,left
sub-STUKLFR0701,UKLFR/stroke_UKLFR,32320,0.023918820971249095,-1.0,right,4052,0.02101956994443102,-1.0,right
sub-STUKLFR0702,UKLFR/stroke_UKLFR,696,0.0,1.0,left,87,0.0,1.0,left
sub-STUKLFR0703,UKLFR/stroke_UKLFR,44767,0.0375171998624011,-1.0,right,5502,0.053663570691434466,-1.0,right
sub-STUKLFR0704,UKLFR/stroke_UKLFR,2062,0.0009689922480620155,-1.0,right,257,0.003875968992248062,-1.0,right
sub-STUKLFR0705,UKLFR/stroke_UKLFR,8095,0.005039331366764995,1.0,left,1005,0.011799410029498525,1.0,left
sub-STUKLFR0706,UKLFR/stroke_UKLFR,13885,0.004802178899082569,1.0,left,1735,0.005160550458715597,1.0,left
sub-STUKLFR0707,UKLFR/stroke_UKLFR,10378,0.0028823981552651805,1.0,left,1298,0.0023059185242121443,1.0,left
sub-STUKLFR0708,UKLFR/stroke_UKLFR,3018,0.001984126984126984,1.0,left,376,0.005291005291005291,1.0,left
sub-STUKLFR0709,UKLFR/stroke_UKLFR,41401,0.05008718795888399,1.0,left,5215,0.04276798825256975,1.0,left
sub-STUKLFR0710,UKLFR/stroke_UKLFR,130830,0.0330091059602649,-1.0,right,16285,0.03707426679280984,-1.0,right
sub-STUKLFR0711,UKLFR/stroke_UKLFR,4640,0.0,1.0,left,580,0.0,1.0,left
sub-STUKLFR0712,UKLFR/stroke_UKLFR,17718,0.005947037701974865,-1.0,right,2202,0.011669658886894075,-1.0,right
sub-STUKLFR0713,UKLFR/stroke_UKLFR,108186,0.014196675900277008,0.9467583606011869,left,13563,0.011299023181221753,0.946914399469144,left
sub-STUKLFR0714,UKLFR/stroke_UKLFR,13826,0.029073033707865167,-1.0,right,1730,0.028089887640449437,-1.0,right
sub-STUKLFR0715,UKLFR/stroke_UKLFR,36863,0.06458079577750711,1.0,left,4686,0.048721071863580996,1.0,left
sub-STUKLFR0716,UKLFR/stroke_UKLFR,15108,0.008140756302521009,-1.0,right,1881,0.01207983193277311,-1.0,right
sub-STUKLFR0717,UKLFR/stroke_UKLFR,5163,0.0009674922600619195,1.0,left,645,0.0015479876160990713,1.0,left
sub-STUKLFR0718,UKLFR/stroke_UKLFR,12907,0.18639687342410488,1.0,left,1649,0.16843166918809885,1.0,left
sub-STUKLFR0719,UKLFR/stroke_UKLFR,13835,0.08595401691331923,1.0,left,1765,0.06712473572938689,1.0,left
sub-STUKLFR0720,UKLFR/stroke_UKLFR,15984,0.0,1.0,left,1998,0.0,1.0,left
sub-STUKLFR0721,UKLFR/stroke_UKLFR,14689,0.043684895833333334,1.0,left,1827,0.0484375,1.0,left
sub-STUKLFR0722,UKLFR/stroke_UKLFR,77426,0.0635462022254475,-0.9998966701971016,right,9602,0.07092404450895017,-1.0,right
sub-STUKLFR0723,UKLFR/stroke_UKLFR,74119,0.030566600397614316,-0.9941544998173282,right,9322,0.024589306267657214,-1.0,right
sub-STUKLFR0724,UKLFR/stroke_UKLFR,11950,0.11033353186420489,1.0,left,1525,0.09172126265634306,1.0,left
sub-STUKLFR0725,UKLFR/stroke_UKLFR,2995,0.14720956719817768,1.0,left,383,0.1275626423690205,1.0,left
sub-STUKLFR0726,UKLFR/stroke_UKLFR,10067,0.03867456073338426,1.0,left,1268,0.03132161955691368,1.0,left
sub-STUKLFR0727,UKLFR/stroke_UKLFR,25951,0.006470137825421133,-1.0,right,3238,0.008269525267993875,-1.0,right
sub-STUKLFR0728,UKLFR/stroke_UKLFR,2672,0.023391812865497075,-1.0,right,337,0.014619883040935672,-1.0,right
sub-STUKLFR0729,UKLFR/stroke_UKLFR,1112,0.0,1.0,left,139,0.0,1.0,left
sub-STUKLFR0730,UKLFR/stroke_UKLFR,46670,0.03045537643343859,0.9675215878334837,left,5834,0.030413827488781783,0.9676141257536607,left
sub-STUKLFR0731,UKLFR/stroke_UKLFR,17792,0.043852106620808254,1.0,left,2248,0.03353396388650043,1.0,left
sub-STUKLFR0733,UKLFR/stroke_UKLFR,124599,0.014435550211985067,-1.0,right,15480,0.02043915712206543,-1.0,right
sub-STUKLFR0734,UKLFR/stroke_UKLFR,944,0.0,1.0,left,118,0.0,1.0,left
sub-STUKLFR0735,UKLFR/stroke_UKLFR,85453,0.07462314822836351,1.0,left,10902,0.05553149094689422,1.0,left
sub-STUCLUK0001,UCL-UK/UCLStrokeData,4064,0.0,1.0,left,508,0.0,1.0,left
sub-STUCLUK0002,UCL-UK/UCLStrokeData,10960,0.0,1.0,left,1370,0.0,1.0,left
sub-STUCLUK0003,UCL-UK/UCLStrokeData,173754,3.4530386740331494e-05,-0.9996303868232902,right,21720,0.0,-0.9996291145108948,right
sub-STUCLUK0004,UCL-UK/UCLStrokeData,392,0.0,1.0,left,49,0.0,1.0,left
sub-STUCLUK0005,UCL-UK/UCLStrokeData,1376,0.0,1.0,left,172,0.0,1.0,left
sub-STUCLUK0006,UCL-UK/UCLStrokeData,3312,0.0,-1.0,right,414,0.0,-1.0,right
sub-STUCLUK0007,UCL-UK/UCLStrokeData,38565,0.03626049580167933,-0.9177465378674834,right,4847,0.030987604958016793,-0.916298633017876,right
sub-STUCLUK0008,UCL-UK/UCLStrokeData,952,0.0,1.0,left,119,0.0,1.0,left
sub-STUCLUK0009,UCL-UK/UCLStrokeData,368,0.0,-1.0,right,46,0.0,-1.0,right
sub-STUCLUK0010,UCL-UK/UCLStrokeData,176,0.0,1.0,left,22,0.0,1.0,left
sub-STUCLUK0011,UCL-UK/UCLStrokeData,2720,0.0,-1.0,right,340,0.0,-1.0,right
sub-STUCLUK0012,UCL-UK/UCLStrokeData,12819,0.004736024844720497,-1.0,right,1606,0.002484472049689441,-1.0,right
sub-STUCLUK0013,UCL-UK/UCLStrokeData,16480,0.0,0.9980582524271845,left,2060,0.0,0.9980582524271845,left
sub-STUCLUK0014,UCL-UK/UCLStrokeData,3312,0.0,1.0,left,414,0.0,1.0,left
sub-STUCLUK0015,UCL-UK/UCLStrokeData,34947,0.0031093108169785487,1.0,left,4377,0.0011410314924691922,1.0,left
sub-STUCLUK0016,UCL-UK/UCLStrokeData,3928,0.0,1.0,left,491,0.0,1.0,left
sub-STUCLUK0017,UCL-UK/UCLStrokeData,5936,0.0,-0.9973045822102425,right,742,0.0,-0.9973045822102425,right
sub-STUCLUK0018,UCL-UK/UCLStrokeData,488,0.0,-1.0,right,61,0.0,-1.0,right
sub-STUCLUK0019,UCL-UK/UCLStrokeData,22008,0.0,-1.0,right,2751,0.0,-1.0,right
sub-STUCLUK0020,UCL-UK/UCLStrokeData,53635,0.003363312026163223,0.999403196628061,left,6724,0.0004459640255686041,1.0,left
sub-STUCLUK0021,UCL-UK/UCLStrokeData,808,0.0,1.0,left,101,0.0,1.0,left
sub-STUCLUK0022,UCL-UK/UCLStrokeData,7568,0.0,1.0,left,946,0.0,1.0,left
sub-STUCLUK0023,UCL-UK/UCLStrokeData,200,0.0,0.9591836734693877,left,25,0.0,1.0,left
sub-STUCLUK0024,UCL-UK/UCLStrokeData,1952,0.0,-1.0,right,244,0.0,-1.0,right
sub-STUCLUK0025,UCL-UK/UCLStrokeData,152,0.0,-0.5714285714285714,right,19,0.0,-0.3333333333333333,right
sub-STUCLUK0026,UCL-UK/UCLStrokeData,2472,0.0,1.0,left,309,0.0,1.0,left
sub-STUCLUK0027,UCL-UK/UCLStrokeData,2552,0.0,-1.0,right,319,0.0,-1.0,right
sub-STUCLUK0028,UCL-UK/UCLStrokeData,5240,0.0,1.0,left,655,0.0,1.0,left
sub-STUCLUK0029,UCL-UK/UCLStrokeData,1104,0.0,-1.0,right,138,0.0,-1.0,right
sub-STUCLUK0030,UCL-UK/UCLStrokeData,1160,0.0,1.0,left,145,0.0,1.0,left
sub-STUCLUK0031,UCL-UK/UCLStrokeData,616,0.0,1.0,left,77,0.0,1.0,left
sub-STUCLUK0032,UCL-UK/UCLStrokeData,6072,0.0,1.0,left,759,0.0,1.0,left
sub-STUCLUK0033,UCL-UK/UCLStrokeData,20168,0.0,1.0,left,2521,0.0,1.0,left
sub-STUCLUK0034,UCL-UK/UCLStrokeData,19920,0.0,1.0,left,2490,0.0,1.0,left
sub-STUCLUK0035,UCL-UK/UCLStrokeData,5208,0.0,1.0,left,651,0.0,1.0,left
sub-STUCLUK0036,UCL-UK/UCLStrokeData,4127,0.00024224806201550387,1.0,left,516,0.0,1.0,left
sub-STUCLUK0037,UCL-UK/UCLStrokeData,3304,0.0,-1.0,right,413,0.0,-1.0,right
sub-STUCLUK0038,UCL-UK/UCLStrokeData,11537,0.004744651483781919,1.0,left,1448,0.0006901311249137336,1.0,left
sub-STUCLUK0039,UCL-UK/UCLStrokeData,6032,0.0,-1.0,right,754,0.0,-1.0,right
sub-STUCLUK0040,UCL-UK/UCLStrokeData,262,0.03676470588235294,1.0,left,34,0.0,1.0,left
sub-STUCLUK0041,UCL-UK/UCLStrokeData,56,0.0,1.0,left,7,0.0,1.0,left
sub-STUCLUK0042,UCL-UK/UCLStrokeData,26138,0.006008518405841192,0.9953984201242426,left,3282,0.0015211439002129601,1.0,left
sub-STUCLUK0043,UCL-UK/UCLStrokeData,888,0.0,-1.0,right,111,0.0,-1.0,right
sub-STUCLUK0044,UCL-UK/UCLStrokeData,6216,0.0,-1.0,right,777,0.0,-1.0,right
sub-STUCLUK0045,UCL-UK/UCLStrokeData,2872,0.0,-1.0,right,359,0.0,-1.0,right
sub-STUCLUK0046,UCL-UK/UCLStrokeData,1888,0.0,0.31634819532908703,left,236,0.0,0.3191489361702128,left
sub-STUCLUK0047,UCL-UK/UCLStrokeData,57102,3.502381619501261e-05,-0.9992294490560751,right,7137,0.00014009526478005044,-0.999439540423147,right
sub-STUCLUK0048,UCL-UK/UCLStrokeData,3056,0.0,1.0,left,382,0.0,1.0,left
sub-STUCLUK0049,UCL-UK/UCLStrokeData,7929,0.004894578313253012,-1.0,right,991,0.0050200803212851405,-1.0,right
sub-STUCLUK0050,UCL-UK/UCLStrokeData,41648,0.0,1.0,left,5206,0.0,1.0,left
sub-STUCLUK0051,UCL-UK/UCLStrokeData,6056,0.019430051813471502,1.0,left,766,0.007772020725388601,1.0,left
sub-STUCLUK0052,UCL-UK/UCLStrokeData,6136,0.0,-1.0,right,767,0.0,-1.0,right
sub-STUCLUK0053,UCL-UK/UCLStrokeData,5104,0.0,0.9968652037617555,left,638,0.0,0.9968652037617555,left
sub-STUCLUK0054,UCL-UK/UCLStrokeData,6048,0.0,-1.0,right,756,0.0,-1.0,right
sub-STUCLUK0055,UCL-UK/UCLStrokeData,7960,0.0,-1.0,right,995,0.0,-1.0,right
sub-STUCLUK0056,UCL-UK/UCLStrokeData,14536,0.0,-0.976884975233902,right,1817,0.0,-0.976884975233902,right
sub-STUCLUK0057,UCL-UK/UCLStrokeData,9896,0.0,-0.9902200488997555,right,1237,0.0,-0.990139687756779,right
sub-STUCLUK0058,UCL-UK/UCLStrokeData,2752,0.0,-0.9069767441860465,right,344,0.0,-0.9069767441860465,right
sub-STUCLUK0059,UCL-UK/UCLStrokeData,1607,0.005569306930693069,-1.0,right,200,0.009900990099009901,-1.0,right
sub-STUCLUK0060,UCL-UK/UCLStrokeData,592,0.0,-0.9459459459459459,right,74,0.0,-0.9459459459459459,right
sub-STUCLUK0061,UCL-UK/UCLStrokeData,1040,0.0,1.0,left,130,0.0,1.0,left
sub-STUCLUK0062,UCL-UK/UCLStrokeData,960,0.0,1.0,left,120,0.0,1.0,left
sub-STUCLUK0063,UCL-UK/UCLStrokeData,8320,0.0,0.7788461538461539,left,1040,0.0,0.7788461538461539,left
sub-STUCLUK0064,UCL-UK/UCLStrokeData,44253,0.0018720678455431251,-0.9795064156812515,right,5533,0.001623962468422952,-0.9792592592592593,right
sub-STUCLUK0065,UCL-UK/UCLStrokeData,464,0.0,-1.0,right,58,0.0,-1.0,right
sub-STUCLUK0066,UCL-UK/UCLStrokeData,152,0.0,1.0,left,19,0.0,1.0,left
sub-STUCLUK0067,UCL-UK/UCLStrokeData,19712,0.0,1.0,left,2464,0.0,1.0,left
sub-STUCLUK0068,UCL-UK/UCLStrokeData,59248,0.0,-1.0,right,7406,0.0,-1.0,right
sub-STUCLUK0069,UCL-UK/UCLStrokeData,56480,0.0,1.0,left,7060,0.0,1.0,left
sub-STUCLUK0070,UCL-UK/UCLStrokeData,2344,0.0,0.9931506849315068,left,293,0.0,1.0,left
sub-STUCLUK0071,UCL-UK/UCLStrokeData,39186,0.00015309246785058175,1.0,left,4899,0.0,1.0,left
sub-STUCLUK0072,UCL-UK/UCLStrokeData,1352,0.0,1.0,left,169,0.0,1.0,left
sub-STUCLUK0073,UCL-UK/UCLStrokeData,152,0.0,1.0,left,19,0.0,1.0,left
sub-STUCLUK0074,UCL-UK/UCLStrokeData,7752,0.0,-1.0,right,969,0.0,-1.0,right
sub-STUCLUK0075,UCL-UK/UCLStrokeData,272,0.0,1.0,left,34,0.0,1.0,left
sub-STUCLUK0076,UCL-UK/UCLStrokeData,128,0.0,-1.0,right,16,0.0,-1.0,right
sub-STUCLUK0077,UCL-UK/UCLStrokeData,2016,0.0,1.0,left,252,0.0,1.0,left
sub-STUCLUK0078,UCL-UK/UCLStrokeData,1032,0.0,-1.0,right,129,0.0,-1.0,right
sub-STUCLUK0079,UCL-UK/UCLStrokeData,25024,0.0,-1.0,right,3128,0.0,-1.0,right
sub-STUCLUK0080,UCL-UK/UCLStrokeData,11176,0.0,-1.0,right,1397,0.0,-1.0,right
sub-STUCLUK0081,UCL-UK/UCLStrokeData,9208,0.0,-1.0,right,1151,0.0,-1.0,right
sub-STUCLUK0082,UCL-UK/UCLStrokeData,9248,0.0,1.0,left,1156,0.0,1.0,left
sub-STUCLUK0083,UCL-UK/UCLStrokeData,832,0.0,-1.0,right,104,0.0,-1.0,right
sub-STUCLUK0084,UCL-UK/UCLStrokeData,496,0.0,1.0,left,62,0.0,1.0,left
sub-STUCLUK0085,UCL-UK/UCLStrokeData,2776,0.0,-1.0,right,347,0.0,-1.0,right
sub-STUCLUK0086,UCL-UK/UCLStrokeData,11544,0.0,-1.0,right,1443,0.0,-1.0,right
sub-STUCLUK0087,UCL-UK/UCLStrokeData,1200,0.0,1.0,left,150,0.0,1.0,left
sub-STUCLUK0088,UCL-UK/UCLStrokeData,3888,0.0,-0.3168724279835391,right,486,0.0,-0.3168724279835391,right
sub-STUCLUK0089,UCL-UK/UCLStrokeData,56,0.0,1.0,left,7,0.0,1.0,left
sub-STUCLUK0090,UCL-UK/UCLStrokeData,18344,0.0,1.0,left,2293,0.0,1.0,left
sub-STUCLUK0091,UCL-UK/UCLStrokeData,30840,0.0,-0.9714656290531777,right,3855,0.0,-0.9714656290531777,right
sub-STUCLUK0092,UCL-UK/UCLStrokeData,1232,0.0,1.0,left,154,0.0,1.0,left
sub-STUCLUK0093,UCL-UK/UCLStrokeData,46160,0.0,1.0,left,5770,0.0,1.0,left
sub-STUCLUK0094,UCL-UK/UCLStrokeData,552,0.0,1.0,left,69,0.0,1.0,left
sub-STUCLUK0095,UCL-UK/UCLStrokeData,144,0.0,1.0,left,18,0.0,1.0,left
sub-STUCLUK0096,UCL-UK/UCLStrokeData,9368,0.0,1.0,left,1171,0.0,1.0,left
sub-STUCLUK0097,UCL-UK/UCLStrokeData,696,0.0,1.0,left,87,0.0,1.0,left
sub-STUCLUK0098,UCL-UK/UCLStrokeData,1632,0.0,1.0,left,204,0.0,1.0,left
sub-STUCLUK0099,UCL-UK/UCLStrokeData,120,0.0,-1.0,right,15,0.0,-1.0,right
sub-STUCLUK0100,UCL-UK/UCLStrokeData,3672,0.0,0.10239651416122005,both,459,0.0,0.10239651416122005,both
sub-STUCLUK0101,UCL-UK/UCLStrokeData,3096,0.0,1.0,left,387,0.0,1.0,left
sub-STUCLUK0102,UCL-UK/UCLStrokeData,12504,0.0,1.0,left,1563,0.0,1.0,left
sub-STUCLUK0103,UCL-UK/UCLStrokeData,248,0.0,1.0,left,31,0.0,1.0,left
sub-STUCLUK0104,UCL-UK/UCLStrokeData,12711,0.004464285714285714,1.0,left,1596,0.0,1.0,left
sub-STUCLUK0105,UCL-UK/UCLStrokeData,7296,0.0,-1.0,right,912,0.0,-1.0,right
sub-STUCLUK0106,UCL-UK/UCLStrokeData,121207,0.009746732026143791,-0.9961554077007847,right,15156,0.009411764705882352,-0.9961402808278432,right
sub-STUCLUK0107,UCL-UK/UCLStrokeData,20865,0.0014835375191424196,0.9788334219301214,left,2612,0.0,0.9953289217594394,left
sub-STUCLUK0108,UCL-UK/UCLStrokeData,2192,0.0,-1.0,right,274,0.0,-1.0,right
sub-STUCLUK0109,UCL-UK/UCLStrokeData,6398,0.007754342431761787,0.9949984370115661,left,806,0.0,0.9950372208436724,left
sub-STUCLUK0110,UCL-UK/UCLStrokeData,1040,0.0,1.0,left,130,0.0,1.0,left
sub-STUCLUK0111,UCL-UK/UCLStrokeData,18174,0.003181219833260202,-1.0,right,2274,0.002193944712593243,-1.0,right
sub-STUCLUK0112,UCL-UK/UCLStrokeData,20672,0.0,-1.0,right,2584,0.0,-1.0,right
sub-STUCLUK0113,UCL-UK/UCLStrokeData,24585,0.009308510638297872,0.9928172060564012,left,3079,0.007414571244358479,0.999345977763244,left
sub-STUCLUK0114,UCL-UK/UCLStrokeData,528,0.0,1.0,left,66,0.0,1.0,left
sub-STUCLUK0115,UCL-UK/UCLStrokeData,10984,0.0,-1.0,right,1373,0.0,-1.0,right
sub-STUCLUK0116,UCL-UK/UCLStrokeData,2456,0.0,0.4201954397394137,left,307,0.0,0.4201954397394137,left
sub-STUCLUK0117,UCL-UK/UCLStrokeData,10328,0.0,-1.0,right,1291,0.0,-1.0,right
sub-STUCLUK0118,UCL-UK/UCLStrokeData,2384,0.0,-1.0,right,298,0.0,-1.0,right
sub-STUCLUK0119,UCL-UK/UCLStrokeData,1744,0.0,-1.0,right,218,0.0,-1.0,right
sub-STUCLUK0120,UCL-UK/UCLStrokeData,6194,0.02364438839848676,0.8372618663222473,left,782,0.013871374527112233,0.8388746803069054,left
sub-STUCLUK0121,UCL-UK/UCLStrokeData,224,0.0,1.0,left,28,0.0,1.0,left
sub-STUCLUK0122,UCL-UK/UCLStrokeData,16087,0.007955106068080907,-1.0,right,2005,0.010853478046373951,-1.0,right
sub-STUCLUK0123,UCL-UK/UCLStrokeData,5016,0.0,-0.9776714513556619,right,627,0.0,-0.9776714513556619,right
sub-STUCLUK0124,UCL-UK/UCLStrokeData,296,0.0,-1.0,right,37,0.0,-1.0,right
sub-STUCLUK0125,UCL-UK/UCLStrokeData,64320,0.0014903129657228018,-0.9939128780673387,right,8049,0.00037257824143070045,-0.993798449612403,right
sub-STUCLUK0126,UCL-UK/UCLStrokeData,19720,0.0,1.0,left,2465,0.0,1.0,left
sub-STUCLUK0127,UCL-UK/UCLStrokeData,536,0.0,1.0,left,67,0.0,1.0,left
sub-STUCLUK0128,UCL-UK/UCLStrokeData,328,0.0,-1.0,right,41,0.0,-1.0,right
sub-STUCLUK0129,UCL-UK/UCLStrokeData,41148,0.001843586260430817,1.0,left,5152,0.00019406171162429653,1.0,left
sub-STUCLUK0130,UCL-UK/UCLStrokeData,1224,0.0,-1.0,right,153,0.0,-1.0,right
sub-STUCLUK0131,UCL-UK/UCLStrokeData,12528,0.0,-1.0,right,1566,0.0,-1.0,right
sub-STUCLUK0132,UCL-UK/UCLStrokeData,1048,0.0,-1.0,right,131,0.0,-1.0,right
sub-STUCLUK0133,UCL-UK/UCLStrokeData,9536,0.0,-1.0,right,1192,0.0,-1.0,right
sub-STUCLUK0134,UCL-UK/UCLStrokeData,1136,0.0,-1.0,right,142,0.0,-1.0,right
sub-STUCLUK0135,UCL-UK/UCLStrokeData,312,0.0,1.0,left,39,0.0,1.0,left
sub-STUCLUK0136,UCL-UK/UCLStrokeData,5520,0.0,1.0,left,690,0.0,1.0,left
sub-STUCLUK0137,UCL-UK/UCLStrokeData,280,0.0,-1.0,right,35,0.0,-1.0,right
sub-STUCLUK0138,UCL-UK/UCLStrokeData,288,0.0,1.0,left,36,0.0,1.0,left
sub-STUCLUK0139,UCL-UK/UCLStrokeData,640,0.0,1.0,left,80,0.0,1.0,left
sub-STUCLUK0140,UCL-UK/UCLStrokeData,1368,0.0,1.0,left,171,0.0,1.0,left
sub-STUCLUK0141,UCL-UK/UCLStrokeData,1128,0.0,1.0,left,141,0.0,1.0,left
sub-STUCLUK0142,UCL-UK/UCLStrokeData,616,0.0,-1.0,right,77,0.0,-1.0,right
sub-STUCLUK0143,UCL-UK/UCLStrokeData,312,0.0,-1.0,right,39,0.0,-1.0,right
sub-STUCLUK0144,UCL-UK/UCLStrokeData,22792,0.0031490552834149755,-0.806949806949807,right,2851,0.00244926522043387,-0.8070852332514907,right
sub-STUCLUK0145,UCL-UK/UCLStrokeData,7240,0.0,-1.0,right,905,0.0,-1.0,right
sub-STUCLUK0146,UCL-UK/UCLStrokeData,8080,0.0,-0.07722772277227723,both,1010,0.0,-0.07722772277227723,both
sub-STUCLUK0147,UCL-UK/UCLStrokeData,21272,0.0,1.0,left,2659,0.0,1.0,left
sub-STUCLUK0148,UCL-UK/UCLStrokeData,18832,0.0,1.0,left,2354,0.0,1.0,left
sub-STUCLUK0149,UCL-UK/UCLStrokeData,9016,0.0,-1.0,right,1127,0.0,-1.0,right
sub-STUCLUK0150,UCL-UK/UCLStrokeData,1644,0.007246376811594203,1.0,left,207,0.0,1.0,left
sub-STUCLUK0151,UCL-UK/UCLStrokeData,18256,0.0,1.0,left,2282,0.0,1.0,left
sub-STUCLUK0152,UCL-UK/UCLStrokeData,400,0.0,1.0,left,50,0.0,1.0,left
sub-STUCLUK0153,UCL-UK/UCLStrokeData,2024,0.0,1.0,left,253,0.0,1.0,left
sub-STUCLUK0154,UCL-UK/UCLStrokeData,1024,0.0,1.0,left,128,0.0,1.0,left
sub-STUCLUK0155,UCL-UK/UCLStrokeData,2688,0.0,-1.0,right,336,0.0,-1.0,right
sub-STUCLUK0156,UCL-UK/UCLStrokeData,1752,0.0,1.0,left,219,0.0,1.0,left
sub-STUCLUK0157,UCL-UK/UCLStrokeData,4688,0.020066889632107024,-0.9484978540772532,right,589,0.015050167224080268,-0.9484536082474226,right
sub-STUCLUK0158,UCL-UK/UCLStrokeData,12780,0.007763975155279503,1.0,left,1608,0.0012422360248447205,1.0,left
sub-STUCLUK0159,UCL-UK/UCLStrokeData,36459,0.00013712154453707768,-1.0,right,4558,0.0,-1.0,right
sub-STUCLUK0160,UCL-UK/UCLStrokeData,10064,0.0,-0.9507154213036566,right,1258,0.0,-0.9507154213036566,right
sub-STUCLUK0161,UCL-UK/UCLStrokeData,2464,0.0064516129032258064,1.0,left,310,0.0,1.0,left
sub-STUCLUK0162,UCL-UK/UCLStrokeData,1120,0.0,-1.0,right,140,0.0,-1.0,right
sub-STUCLUK0163,UCL-UK/UCLStrokeData,10672,0.0,-0.9969936114242766,right,1334,0.0,-0.9969856819894499,right
sub-STUCLUK0164,UCL-UK/UCLStrokeData,376,0.0,-1.0,right,47,0.0,-1.0,right
sub-STUCLUK0165,UCL-UK/UCLStrokeData,6648,0.0,-1.0,right,831,0.0,-1.0,right
sub-STUCLUK0166,UCL-UK/UCLStrokeData,41475,0.00012054001928640309,-0.9932884250006169,right,5185,0.0,-0.9931285367825384,right
sub-STUCLUK0167,UCL-UK/UCLStrokeData,176,0.0,1.0,left,22,0.0,1.0,left
sub-STUCLUK0168,UCL-UK/UCLStrokeData,56,0.0,1.0,left,7,0.0,1.0,left
sub-STUCLUK0169,UCL-UK/UCLStrokeData,2872,0.0,1.0,left,359,0.0,1.0,left
sub-STUCLUK0170,UCL-UK/UCLStrokeData,8336,0.0,-1.0,right,1042,0.0,-1.0,right
sub-STUCLUK0171,UCL-UK/UCLStrokeData,3832,0.0,-1.0,right,479,0.0,-1.0,right
sub-STUCLUK0172,UCL-UK/UCLStrokeData,944,0.0,-1.0,right,118,0.0,-1.0,right
sub-STUCLUK0173,UCL-UK/UCLStrokeData,234,0.056451612903225805,-0.5213675213675214,right,30,0.03225806451612903,-0.5333333333333333,right
sub-STUCLUK0174,UCL-UK/UCLStrokeData,3496,0.0,-1.0,right,437,0.0,-1.0,right
sub-STUCLUK0175,UCL-UK/UCLStrokeData,16406,0.004006799417192812,-1.0,right,2053,0.0029140359397765905,-1.0,right
sub-STUCLUK0176,UCL-UK/UCLStrokeData,608,0.0,1.0,left,76,0.0,1.0,left
sub-STUCLUK0177,UCL-UK/UCLStrokeData,5088,0.0,1.0,left,636,0.0,1.0,left
sub-STUCLUK0178,UCL-UK/UCLStrokeData,64,0.0,1.0,left,8,0.0,1.0,left
sub-STUCLUK0179,UCL-UK/UCLStrokeData,168,0.0,1.0,left,21,0.0,1.0,left
sub-STUCLUK0180,UCL-UK/UCLStrokeData,130456,0.0,-1.0,right,16307,0.0,-1.0,right
sub-STUCLUK0181,UCL-UK/UCLStrokeData,2736,0.0,1.0,left,342,0.0,1.0,left
sub-STUCLUK0182,UCL-UK/UCLStrokeData,31499,0.00015871000507872016,-1.0,right,3938,0.0,-1.0,right
sub-STUCLUK0183,UCL-UK/UCLStrokeData,816,0.0,-1.0,right,102,0.0,-1.0,right
sub-STUCLUK0184,UCL-UK/UCLStrokeData,2984,0.0,-0.646112600536193,right,373,0.0,-0.646112600536193,right
sub-STUCLUK0185,UCL-UK/UCLStrokeData,1504,0.0,-1.0,right,188,0.0,-1.0,right
sub-STUCLUK0186,UCL-UK/UCLStrokeData,1208,0.0,-1.0,right,151,0.0,-1.0,right
sub-STUCLUK0187,UCL-UK/UCLStrokeData,11152,0.0,1.0,left,1394,0.0,1.0,left
sub-STUCLUK0188,UCL-UK/UCLStrokeData,4472,0.0,-0.9463327370304114,right,559,0.0,-0.9463327370304114,right
sub-STUCLUK0189,UCL-UK/UCLStrokeData,22248,0.0,1.0,left,2781,0.0,1.0,left
sub-STUCLUK0190,UCL-UK/UCLStrokeData,3440,0.0,-1.0,right,430,0.0,-1.0,right
sub-STUCLUK0191,UCL-UK/UCLStrokeData,1048,0.0,-1.0,right,131,0.0,-1.0,right
sub-STUCLUK0192,UCL-UK/UCLStrokeData,1720,0.0,1.0,left,215,0.0,1.0,left
sub-STUCLUK0193,UCL-UK/UCLStrokeData,960,0.0,-1.0,right,120,0.0,-1.0,right
sub-STUCLUK0194,UCL-UK/UCLStrokeData,5296,0.0,-1.0,right,662,0.0,-1.0,right
sub-STUCLUK0195,UCL-UK/UCLStrokeData,7627,0.019161522633744855,-1.0,right,951,0.021604938271604937,-1.0,right
sub-STUCLUK0196,UCL-UK/UCLStrokeData,4368,0.0,-0.8901098901098901,right,546,0.0,-0.8901098901098901,right
sub-STUCLUK0197,UCL-UK/UCLStrokeData,592,0.0,-1.0,right,74,0.0,-1.0,right
sub-STUCLUK0198,UCL-UK/UCLStrokeData,5664,0.0,-1.0,right,708,0.0,-1.0,right
sub-STUCLUK0199,UCL-UK/UCLStrokeData,31552,0.0,-1.0,right,3944,0.0,-1.0,right
sub-STUCLUK0200,UCL-UK/UCLStrokeData,10512,0.0,1.0,left,1314,0.0,1.0,left
sub-STUCLUK0201,UCL-UK/UCLStrokeData,128,0.0,1.0,left,16,0.0,1.0,left
sub-STUCLUK0202,UCL-UK/UCLStrokeData,360,0.0,1.0,left,45,0.0,1.0,left
sub-STUCLUK0203,UCL-UK/UCLStrokeData,1368,0.0,-1.0,right,171,0.0,-1.0,right
sub-STUCLUK0204,UCL-UK/UCLStrokeData,168,0.0,1.0,left,21,0.0,1.0,left
sub-STUCLUK0205,UCL-UK/UCLStrokeData,248,0.0,1.0,left,31,0.0,1.0,left
sub-STUCLUK0206,UCL-UK/UCLStrokeData,30176,0.001059322033898305,-1.0,right,3771,0.0013241525423728813,-1.0,right
sub-STUCLUK0207,UCL-UK/UCLStrokeData,112204,0.0007480763750356226,1.0,left,14034,0.00014249073810202338,1.0,left
sub-STUCLUK0208,UCL-UK/UCLStrokeData,4455,0.007352941176470588,1.0,left,561,0.0,1.0,left
sub-STUCLUK0209,UCL-UK/UCLStrokeData,160,0.0,-1.0,right,20,0.0,-1.0,right
sub-STUCLUK0210,UCL-UK/UCLStrokeData,6048,0.0,1.0,left,756,0.0,1.0,left
sub-STUCLUK0211,UCL-UK/UCLStrokeData,1952,0.0,1.0,left,244,0.0,1.0,left
sub-STUCLUK0212,UCL-UK/UCLStrokeData,144,0.0,-1.0,right,18,0.0,-1.0,right
sub-STUCLUK0213,UCL-UK/UCLStrokeData,128,0.0,-1.0,right,16,0.0,-1.0,right
sub-STUCLUK0214,UCL-UK/UCLStrokeData,128,0.0,-1.0,right,16,0.0,-1.0,right
sub-STUCLUK0215,UCL-UK/UCLStrokeData,5056,0.0,-1.0,right,632,0.0,-1.0,right
sub-STUCLUK0216,UCL-UK/UCLStrokeData,6992,0.0,1.0,left,874,0.0,1.0,left
sub-STUCLUK0217,UCL-UK/UCLStrokeData,4840,0.0,1.0,left,605,0.0,1.0,left
sub-STUCLUK0218,UCL-UK/UCLStrokeData,24736,0.0,-1.0,right,3092,0.0,-1.0,right
sub-STUCLUK0219,UCL-UK/UCLStrokeData,7056,0.0,0.9954648526077098,left,882,0.0,0.9954648526077098,left
sub-STUCLUK0220,UCL-UK/UCLStrokeData,4760,0.0,0.9327731092436975,left,595,0.0,0.9327731092436975,left
sub-STUCLUK0221,UCL-UK/UCLStrokeData,1424,0.0,-1.0,right,178,0.0,-1.0,right
sub-STUCLUK0222,UCL-UK/UCLStrokeData,4752,0.0,-1.0,right,594,0.0,-1.0,right
sub-STUCLUK0223,UCL-UK/UCLStrokeData,1600,0.0,0.8015267175572519,left,200,0.0,0.8341968911917098,left
sub-STUCLUK0224,UCL-UK/UCLStrokeData,8264,0.0,-1.0,right,1033,0.0,-1.0,right
sub-STUCLUK0225,UCL-UK/UCLStrokeData,400,0.0,-0.92,right,50,0.0,-0.92,right
sub-STUCLUK0226,UCL-UK/UCLStrokeData,1168,0.0,1.0,left,146,0.0,1.0,left
sub-STUCLUK0227,UCL-UK/UCLStrokeData,1048,0.0,1.0,left,131,0.0,1.0,left
sub-STUCLUK0228,UCL-UK/UCLStrokeData,3216,0.0,1.0,left,402,0.0,1.0,left
sub-STUCLUK0229,UCL-UK/UCLStrokeData,33602,0.0016044687425719039,0.9995238378667937,left,4206,0.0002376990729736154,0.9995244888254874,left
sub-STUCLUK0230,UCL-UK/UCLStrokeData,49296,0.0,-1.0,right,6162,0.0,-1.0,right
sub-STUCLUK0231,UCL-UK/UCLStrokeData,1080,0.0,-1.0,right,135,0.0,-1.0,right
sub-STUCLUK0232,UCL-UK/UCLStrokeData,7288,0.0,1.0,left,911,0.0,1.0,left
sub-STUCLUK0233,UCL-UK/UCLStrokeData,1640,0.0,-1.0,right,205,0.0,-1.0,right
sub-STUCLUK0234,UCL-UK/UCLStrokeData,960,0.0,-1.0,right,120,0.0,-1.0,right
sub-STUCLUK0235,UCL-UK/UCLStrokeData,552,0.0,-1.0,right,69,0.0,-1.0,right
sub-STUCLUK0236,UCL-UK/UCLStrokeData,864,0.0,-1.0,right,108,0.0,-1.0,right
sub-STUCLUK0237,UCL-UK/UCLStrokeData,736,0.0,0.8620689655172413,left,92,0.0,0.975609756097561,left
sub-STUCLUK0238,UCL-UK/UCLStrokeData,89647,0.004010754599591148,0.9974984085858191,left,11227,0.0021331437205581727,0.9998214445138827,left
sub-STUCLUK0239,UCL-UK/UCLStrokeData,41104,0.0,0.8349367088607595,left,5138,0.0,0.9126029132362254,left
sub-STUCLUK0240,UCL-UK/UCLStrokeData,2136,0.0,-1.0,right,267,0.0,-1.0,right
sub-STUCLUK0241,UCL-UK/UCLStrokeData,7056,0.0,-1.0,right,882,0.0,-1.0,right
sub-STUCLUK0242,UCL-UK/UCLStrokeData,336,0.0,1.0,left,42,0.0,1.0,left
sub-STUCLUK0243,UCL-UK/UCLStrokeData,384,0.0,0.8901098901098901,left,48,0.0,1.0,left
sub-STUCLUK0244,UCL-UK/UCLStrokeData,384,0.0,1.0,left,48,0.0,1.0,left
sub-STUCLUK0245,UCL-UK/UCLStrokeData,5056,0.0,1.0,left,632,0.0,1.0,left
sub-STUCLUK0246,UCL-UK/UCLStrokeData,336,0.0,-1.0,right,42,0.0,-1.0,right
sub-STUCLUK0247,UCL-UK/UCLStrokeData,1229,0.002435064935064935,0.8437754271765663,left,154,0.0,0.8441558441558441,left
sub-STUCLUK0248,UCL-UK/UCLStrokeData,39528,0.0,-1.0,right,4941,0.0,-1.0,right
sub-STUCLUK0249,UCL-UK/UCLStrokeData,8096,0.0,-0.7628458498023716,right,1012,0.0,-0.7628458498023716,right
sub-STUCLUK0250,UCL-UK/UCLStrokeData,3184,0.0,-1.0,right,398,0.0,-1.0,right
sub-STUCLUK0251,UCL-UK/UCLStrokeData,85504,0.0,-1.0,right,10688,0.0,-1.0,right
sub-STUCLUK0252,UCL-UK/UCLStrokeData,18648,0.0,-1.0,right,2331,0.0,-1.0,right
sub-STUCLUK0253,UCL-UK/UCLStrokeData,1336,0.0,-1.0,right,167,0.0,-1.0,right
sub-STUCLUK0254,UCL-UK/UCLStrokeData,11198,0.007973068745570517,-1.0,right,1398,0.009213323883770375,-1.0,right
sub-STUCLUK0255,UCL-UK/UCLStrokeData,39299,0.007400484946453829,-1.0,right,4913,0.007274196807435846,-1.0,right
sub-STUCLUK0256,UCL-UK/UCLStrokeData,1392,0.0,-1.0,right,174,0.0,-1.0,right
sub-STUCLUK0257,UCL-UK/UCLStrokeData,11640,0.0,1.0,left,1455,0.0,1.0,left
sub-STUCLUK0258,UCL-UK/UCLStrokeData,73496,0.00010883761427949499,1.0,left,9188,0.0,1.0,left
sub-STUCLUK0259,UCL-UK/UCLStrokeData,7656,0.0,-1.0,right,957,0.0,-1.0,right
sub-STUCLUK0260,UCL-UK/UCLStrokeData,41784,0.0,1.0,left,5223,0.0,1.0,left
sub-STUCLUK0261,UCL-UK/UCLStrokeData,14118,0.002402487280949689,0.9124233347596634,left,1769,0.0,0.9255014326647565,left
sub-STUCLUK0262,UCL-UK/UCLStrokeData,2696,0.0,1.0,left,337,0.0,1.0,left
sub-STUCLUK0263,UCL-UK/UCLStrokeData,1904,0.0,1.0,left,238,0.0,1.0,left
sub-STUCLUK0264,UCL-UK/UCLStrokeData,35409,0.001325586642599278,1.0,left,4432,0.0,1.0,left
sub-STUCLUK0265,UCL-UK/UCLStrokeData,24717,0.00012135922330097087,0.22066300589790522,left,3090,0.0,0.2273470722930978,left
sub-STUCLUK0266,UCL-UK/UCLStrokeData,14232,0.0,1.0,left,1779,0.0,1.0,left
sub-STUCLUK0267,UCL-UK/UCLStrokeData,15317,0.0027994791666666667,-1.0,right,1917,0.0015625,-1.0,right
sub-STUCLUK0268,UCL-UK/UCLStrokeData,1104,0.0,1.0,left,138,0.0,1.0,left
sub-STUCLUK0269,UCL-UK/UCLStrokeData,1360,0.0,1.0,left,170,0.0,1.0,left
sub-STUCLUK0270,UCL-UK/UCLStrokeData,1352,0.0,-1.0,right,169,0.0,-1.0,right
sub-STUCLUK0271,UCL-UK/UCLStrokeData,21488,0.0018580453363062058,-1.0,right,2688,0.0011148272017837235,-1.0,right
sub-STUCLUK0272,UCL-UK/UCLStrokeData,1080,0.0,1.0,left,135,0.0,1.0,left
sub-STUCLUK0273,UCL-UK/UCLStrokeData,776,0.0,0.2391304347826087,left,97,0.0,0.3103448275862069,left
sub-STUCLUK0274,UCL-UK/UCLStrokeData,9192,0.0,1.0,left,1149,0.0,1.0,left
sub-STUCLUK0275,UCL-UK/UCLStrokeData,3336,0.0,-0.8033573141486811,right,417,0.0,-0.8033573141486811,right
sub-STUCLUK0276,UCL-UK/UCLStrokeData,240,0.0,-1.0,right,30,0.0,-1.0,right
sub-STUCLUK0277,UCL-UK/UCLStrokeData,1224,0.0,1.0,left,153,0.0,1.0,left
sub-STUCLUK0278,UCL-UK/UCLStrokeData,384,0.0,-1.0,right,48,0.0,-1.0,right
sub-STUCLUK0279,UCL-UK/UCLStrokeData,23116,0.0005188516084399862,-1.0,right,2891,0.0,-1.0,right
sub-STUCLUK0280,UCL-UK/UCLStrokeData,512,0.0,1.0,left,64,0.0,1.0,left
sub-STUCLUK0281,UCL-UK/UCLStrokeData,18080,0.0,1.0,left,2260,0.0,1.0,left
sub-STUCLUK0282,UCL-UK/UCLStrokeData,18032,0.0,1.0,left,2254,0.0,1.0,left
sub-STUCLUK0283,UCL-UK/UCLStrokeData,40368,0.0,-1.0,right,5046,0.0,-1.0,right
sub-STUCLUK0284,UCL-UK/UCLStrokeData,4648,0.0,1.0,left,581,0.0,1.0,left
sub-STUCLUK0285,UCL-UK/UCLStrokeData,6507,0.030542312276519667,1.0,left,827,0.014302741358760428,1.0,left
sub-STUCLUK0286,UCL-UK/UCLStrokeData,34803,0.00014364513904849459,0.5534149041194244,left,4351,0.0,0.6201647117544298,left
sub-STUCLUK0287,UCL-UK/UCLStrokeData,69910,0.0028811045184847102,1.0,left,8753,0.0012551346417161114,1.0,left
sub-STUCLUK0288,UCL-UK/UCLStrokeData,82488,0.0,1.0,left,10311,0.0,1.0,left
sub-STUCLUK0289,UCL-UK/UCLStrokeData,23304,0.0,1.0,left,2913,0.0,1.0,left
sub-STUCLUK0290,UCL-UK/UCLStrokeData,328,0.0,0.8048780487804879,left,41,0.0,0.8048780487804879,left
sub-STUCLUK0291,UCL-UK/UCLStrokeData,13280,0.0,1.0,left,1660,0.0,1.0,left
sub-STUCLUK0292,UCL-UK/UCLStrokeData,2879,0.0247289972899729,-0.9944425147620701,right,363,0.016260162601626018,-0.9944903581267218,right
sub-STUCLUK0293,UCL-UK/UCLStrokeData,1600,0.0,-1.0,right,200,0.0,-1.0,right
sub-STUCLUK0294,UCL-UK/UCLStrokeData,432,0.0,-1.0,right,54,0.0,-1.0,right
sub-STUCLUK0295,UCL-UK/UCLStrokeData,960,0.0,1.0,left,120,0.0,1.0,left
sub-STUCLUK0296,UCL-UK/UCLStrokeData,23927,0.00037600267379679143,-0.9623956016284048,right,2990,0.0006684491978609625,-0.9622259696458685,right
sub-STUCLUK0297,UCL-UK/UCLStrokeData,320,0.0,0.25,left,40,0.0,0.25,left
sub-STUCLUK0298,UCL-UK/UCLStrokeData,840,0.0,1.0,left,105,0.0,1.0,left
sub-STUCLUK0299,UCL-UK/UCLStrokeData,26424,0.0,-1.0,right,3303,0.0,-1.0,right
sub-STUCLUK0300,UCL-UK/UCLStrokeData,2552,0.0,1.0,left,319,0.0,1.0,left
sub-STUCLUK0301,UCL-UK/UCLStrokeData,448,0.0,-1.0,right,56,0.0,-1.0,right
sub-STUCLUK0302,UCL-UK/UCLStrokeData,3320,0.0,1.0,left,415,0.0,1.0,left
sub-STUCLUK0303,UCL-UK/UCLStrokeData,25168,0.0,-1.0,right,3146,0.0,-1.0,right
sub-STUCLUK0304,UCL-UK/UCLStrokeData,3064,0.0,-1.0,right,383,0.0,-1.0,right
sub-STUCLUK0305,UCL-UK/UCLStrokeData,1776,0.0,1.0,left,222,0.0,1.0,left
sub-STUCLUK0306,UCL-UK/UCLStrokeData,680,0.0,1.0,left,85,0.0,1.0,left
sub-STUCLUK0307,UCL-UK/UCLStrokeData,76275,0.0020541134603307516,1.0,left,9547,0.0007326774126020515,1.0,left
sub-STUCLUK0308,UCL-UK/UCLStrokeData,5712,0.0,1.0,left,714,0.0,1.0,left
sub-STUCLUK0309,UCL-UK/UCLStrokeData,176,0.0,1.0,left,22,0.0,1.0,left
sub-STUCLUK0310,UCL-UK/UCLStrokeData,17007,0.009377912395153775,1.0,left,2142,0.001863932898415657,1.0,left
sub-STUCLUK0311,UCL-UK/UCLStrokeData,1888,0.0,-1.0,right,236,0.0,-1.0,right
sub-STUCLUK0312,UCL-UK/UCLStrokeData,13560,0.0,1.0,left,1695,0.0,1.0,left
sub-STUCLUK0313,UCL-UK/UCLStrokeData,28692,0.0009749303621169916,0.9772535804549284,left,3589,0.0002785515320334262,0.9915206331260599,left
sub-STUCLUK0314,UCL-UK/UCLStrokeData,10744,0.0,-1.0,right,1343,0.0,-1.0,right
sub-STUCLUK0315,UCL-UK/UCLStrokeData,72,0.0,-1.0,right,9,0.0,-1.0,right
sub-STUCLUK0316,UCL-UK/UCLStrokeData,384,0.0,1.0,left,48,0.0,1.0,left
sub-STUCLUK0317,UCL-UK/UCLStrokeData,208,0.0,-1.0,right,26,0.0,-1.0,right
sub-STUCLUK0318,UCL-UK/UCLStrokeData,360,0.0,1.0,left,45,0.0,1.0,left
sub-STUCLUK0319,UCL-UK/UCLStrokeData,12912,0.0,-1.0,right,1614,0.0,-1.0,right
sub-STUCLUK0320,UCL-UK/UCLStrokeData,3456,0.0,1.0,left,432,0.0,1.0,left
sub-STUCLUK0321,UCL-UK/UCLStrokeData,800,0.0,-1.0,right,100,0.0,-1.0,right
sub-STUCLUK0322,UCL-UK/UCLStrokeData,47952,0.0,-1.0,right,5994,0.0,-1.0,right
sub-STUCLUK0323,UCL-UK/UCLStrokeData,5111,0.0033151326053042123,0.5359005214600883,left,640,0.0015600624024961,0.5756578947368421,left
sub-STUCLUK0324,UCL-UK/UCLStrokeData,11496,0.0,1.0,left,1437,0.0,1.0,left
sub-STUCLUK0325,UCL-UK/UCLStrokeData,2632,0.0,1.0,left,329,0.0,1.0,left
sub-STUCLUK0326,UCL-UK/UCLStrokeData,704,0.0,-1.0,right,88,0.0,-1.0,right
sub-STUCLUK0327,UCL-UK/UCLStrokeData,7443,0.029848800834202296,1.0,left,944,0.01564129301355579,1.0,left
sub-STUCLUK0328,UCL-UK/UCLStrokeData,13005,0.0020718232044198894,0.29319492502883504,left,1627,0.0012277470841006752,0.2931776275353411,left
sub-STUCLUK0329,UCL-UK/UCLStrokeData,1800,0.0,1.0,left,225,0.0,1.0,left
sub-STUCLUK0330,UCL-UK/UCLStrokeData,4200,0.0,1.0,left,525,0.0,1.0,left
sub-STUCLUK0331,UCL-UK/UCLStrokeData,1112,0.034722222222222224,-0.45323741007194246,right,138,0.041666666666666664,-0.463768115942029,right
sub-STUCLUK0332,UCL-UK/UCLStrokeData,11816,0.0,-0.9174001354096141,right,1477,0.0,-0.9174001354096141,right
sub-STUCLUK0333,UCL-UK/UCLStrokeData,17080,0.0,1.0,left,2135,0.0,1.0,left
sub-STUCLUK0334,UCL-UK/UCLStrokeData,800,0.0,1.0,left,100,0.0,1.0,left
sub-STUCLUK0335,UCL-UK/UCLStrokeData,4792,0.0,-1.0,right,599,0.0,-1.0,right
sub-STUCLUK0336,UCL-UK/UCLStrokeData,192,0.0,1.0,left,24,0.0,1.0,left
sub-STUCLUK0337,UCL-UK/UCLStrokeData,1416,0.0,1.0,left,177,0.0,1.0,left
sub-STUCLUK0338,UCL-UK/UCLStrokeData,106064,0.0,1.0,left,13258,0.0,1.0,left
sub-STUCLUK0339,UCL-UK/UCLStrokeData,39296,0.0,0.6812951837898381,left,4912,0.0,0.6818089223874516,left
sub-STUCLUK0340,UCL-UK/UCLStrokeData,1008,0.0,-1.0,right,126,0.0,-1.0,right
sub-STUCLUK0341,UCL-UK/UCLStrokeData,2752,0.0,1.0,left,344,0.0,1.0,left
sub-STUCLUK0342,UCL-UK/UCLStrokeData,20896,0.0,-0.3085473361441165,right,2612,0.0,-0.30775134305448965,right
sub-STUCLUK0343,UCL-UK/UCLStrokeData,2056,0.0,1.0,left,257,0.0,1.0,left
sub-STUCLUK0344,UCL-UK/UCLStrokeData,1008,0.0,-1.0,right,126,0.0,-1.0,right
sub-STUCLUK0345,UCL-UK/UCLStrokeData,1192,0.0,0.46308724832214765,left,149,0.0,0.46308724832214765,left
sub-STUCLUK0346,UCL-UK/UCLStrokeData,80560,0.0023776500891618782,-0.8755200240589445,right,10074,0.0019813750743015654,-0.8743550834597875,right
sub-STUCLUK0347,UCL-UK/UCLStrokeData,3199,0.0003125,-1.0,right,400,0.0,-1.0,right
sub-STUCLUK0348,UCL-UK/UCLStrokeData,11560,0.0,-1.0,right,1445,0.0,-1.0,right
sub-STUCLUK0349,UCL-UK/UCLStrokeData,88496,0.0,-1.0,right,11062,0.0,-1.0,right
sub-STUCLUK0350,UCL-UK/UCLStrokeData,4072,0.0,1.0,left,509,0.0,1.0,left
sub-STUCLUK0351,UCL-UK/UCLStrokeData,312,0.0,1.0,left,39,0.0,1.0,left
sub-STUCLUK0352,UCL-UK/UCLStrokeData,19968,0.0,1.0,left,2496,0.0,1.0,left
sub-STUCLUK0353,UCL-UK/UCLStrokeData,208,0.0,-1.0,right,26,0.0,-1.0,right
sub-STUCLUK0354,UCL-UK/UCLStrokeData,54956,0.0036983321247280637,-1.0,right,6875,0.0029006526468455403,-1.0,right
sub-STUCLUK0355,UCL-UK/UCLStrokeData,85988,0.005229060620083294,1.0,left,10771,0.003146691346598797,1.0,left
sub-STUCLUK0356,UCL-UK/UCLStrokeData,3472,0.0,0.7777777777777778,left,434,0.0,0.8252427184466019,left
sub-STUCLUK0357,UCL-UK/UCLStrokeData,28941,0.00037993920972644377,-1.0,right,3617,0.0005526388505111909,-1.0,right
sub-STUCLUK0358,UCL-UK/UCLStrokeData,19918,0.00010040160642570282,0.30695852997288886,left,2490,0.0,0.3068273092369478,left
sub-STUCLUK0359,UCL-UK/UCLStrokeData,184,0.0,1.0,left,23,0.0,1.0,left
sub-STUCLUK0360,UCL-UK/UCLStrokeData,1472,0.0,-1.0,right,184,0.0,-1.0,right
sub-STUCLUK0361,UCL-UK/UCLStrokeData,9352,0.0,1.0,left,1169,0.0,1.0,left
sub-STUCLUK0362,UCL-UK/UCLStrokeData,40,0.0,-1.0,right,5,0.0,,
sub-STUCLUK0363,UCL-UK/UCLStrokeData,12548,0.013522012578616353,1.0,left,1583,0.00440251572327044,1.0,left
sub-STUCLUK0364,UCL-UK/UCLStrokeData,8816,0.0,1.0,left,1102,0.0,1.0,left
sub-STUCLUK0365,UCL-UK/UCLStrokeData,9485,0.007014237855946398,-1.0,right,1186,0.006700167504187605,-1.0,right
sub-STUCLUK0366,UCL-UK/UCLStrokeData,30632,0.0,1.0,left,3829,0.0,1.0,left
sub-STUCLUK0367,UCL-UK/UCLStrokeData,5288,0.0,-1.0,right,661,0.0,-1.0,right
sub-STUCLUK0368,UCL-UK/UCLStrokeData,728,0.0,1.0,left,91,0.0,1.0,left
sub-STUCLUK0369,UCL-UK/UCLStrokeData,288,0.0,-1.0,right,36,0.0,-1.0,right
sub-STUCLUK0370,UCL-UK/UCLStrokeData,432,0.0,1.0,left,54,0.0,1.0,left
sub-STUCLUK0371,UCL-UK/UCLStrokeData,30232,0.0,0.9089706271500397,left,3779,0.0,0.9089706271500397,left
sub-STUCLUK0372,UCL-UK/UCLStrokeData,45048,0.0,0.997154543837809,left,5631,0.0,1.0,left
sub-STUCLUK0373,UCL-UK/UCLStrokeData,720,0.0,-1.0,right,90,0.0,-1.0,right
sub-STUCLUK0374,UCL-UK/UCLStrokeData,608,0.0,1.0,left,76,0.0,1.0,left
sub-STUCLUK0375,UCL-UK/UCLStrokeData,4152,0.0,1.0,left,519,0.0,1.0,left
sub-STUCLUK0376,UCL-UK/UCLStrokeData,34984,0.0,1.0,left,4373,0.0,1.0,left
sub-STUCLUK0377,UCL-UK/UCLStrokeData,7312,0.0,0.946067415730337,left,914,0.0,1.0,left
sub-STUCLUK0378,UCL-UK/UCLStrokeData,30782,0.0003247596778383996,0.0004571279305165546,both,3849,0.0,0.005249343832020997,both
sub-STUCLUK0379,UCL-UK/UCLStrokeData,36870,5.424170101974398e-05,-1.0,right,4609,0.0,-1.0,right
sub-STUCLUK0380,UCL-UK/UCLStrokeData,1736,0.0,0.7880184331797235,left,217,0.0,0.7880184331797235,left
sub-STUCLUK0381,UCL-UK/UCLStrokeData,37457,0.00040029888983774553,-1.0,right,4683,0.0002134927412467976,-1.0,right
sub-STUCLUK0382,UCL-UK/UCLStrokeData,6624,0.0,1.0,left,828,0.0,1.0,left
sub-STUCLUK0383,UCL-UK/UCLStrokeData,56,0.0,-1.0,right,7,0.0,-1.0,right
sub-STUCLUK0384,UCL-UK/UCLStrokeData,6272,0.0,-1.0,right,784,0.0,-1.0,right
sub-STUCLUK0385,UCL-UK/UCLStrokeData,107687,0.0017149955502818155,-1.0,right,13463,0.0015574013645802433,-1.0,right
sub-STUCLUK0386,UCL-UK/UCLStrokeData,456,0.0,1.0,left,57,0.0,1.0,left
sub-STUCLUK0387,UCL-UK/UCLStrokeData,248,0.0,-1.0,right,31,0.0,-1.0,right
sub-STUCLUK0388,UCL-UK/UCLStrokeData,34824,0.00022967386311437759,1.0,left,4354,0.0,1.0,left
sub-STUCLUK0389,UCL-UK/UCLStrokeData,1536,0.0,-1.0,right,192,0.0,-1.0,right
sub-STUCLUK0390,UCL-UK/UCLStrokeData,2808,0.0,-1.0,right,351,0.0,-1.0,right
sub-STUCLUK0391,UCL-UK/UCLStrokeData,3000,0.0,1.0,left,375,0.0,1.0,left
sub-STUCLUK0392,UCL-UK/UCLStrokeData,3176,0.0,-0.5869017632241813,right,397,0.0,-0.5869017632241813,right
sub-STUCLUK0393,UCL-UK/UCLStrokeData,126990,0.0017137286963084084,-1.0,right,15875,0.0016351172882208666,-1.0,right
sub-STUCLUK0394,UCL-UK/UCLStrokeData,4376,0.009057971014492754,1.0,left,551,0.0018115942028985507,1.0,left
sub-STUCLUK0395,UCL-UK/UCLStrokeData,36875,0.00013557483731019523,0.9699370966424312,left,4610,0.0,0.9781277340332458,left
sub-STUCLUK0396,UCL-UK/UCLStrokeData,1248,0.0,-1.0,right,156,0.0,-1.0,right
sub-STUCLUK0397,UCL-UK/UCLStrokeData,7649,0.006107068607068607,-1.0,right,954,0.008316008316008316,-1.0,right
sub-STUCLUK0398,UCL-UK/UCLStrokeData,9328,0.0,-1.0,right,1166,0.0,-1.0,right
sub-STUCLUK0399,UCL-UK/UCLStrokeData,10767,0.0037934863064396744,1.0,left,1351,0.0,1.0,left
sub-STUCLUK0400,UCL-UK/UCLStrokeData,6911,0.001300578034682081,1.0,left,865,0.0,1.0,left
sub-STUCLUK0401,UCL-UK/UCLStrokeData,32,0.0,1.0,left,4,0.0,1.0,left
sub-STUCLUK0402,UCL-UK/UCLStrokeData,31792,0.0,-1.0,right,3974,0.0,-1.0,right
sub-STUCLUK0403,UCL-UK/UCLStrokeData,17976,0.0,-1.0,right,2247,0.0,-1.0,right
sub-STUCLUK0404,UCL-UK/UCLStrokeData,1439,0.011675824175824176,-0.044595616024187455,both,180,0.01098901098901099,0.046357615894039736,both
sub-STUCLUK0405,UCL-UK/UCLStrokeData,123554,0.004816676332237902,1.0,left,15475,0.002835234229009601,1.0,left
sub-STUCLUK0406,UCL-UK/UCLStrokeData,960,0.0,-1.0,right,120,0.0,-1.0,right
sub-STUCLUK0407,UCL-UK/UCLStrokeData,1632,0.0,-1.0,right,204,0.0,-1.0,right
sub-STUCLUK0408,UCL-UK/UCLStrokeData,1280,0.0,1.0,left,160,0.0,1.0,left
sub-STUCLUK0409,UCL-UK/UCLStrokeData,54553,0.0014460389515302387,-0.9935114011318181,right,6818,0.0016107775662615317,-0.9934737466627114,right
sub-STUCLUK0410,UCL-UK/UCLStrokeData,128,0.0,-1.0,right,16,0.0,-1.0,right
sub-STUCLUK0411,UCL-UK/UCLStrokeData,328,0.0,-1.0,right,41,0.0,-1.0,right
sub-STUCLUK0412,UCL-UK/UCLStrokeData,3040,0.0,-1.0,right,380,0.0,-1.0,right
sub-STUCLUK0413,UCL-UK/UCLStrokeData,408,0.0,-1.0,right,51,0.0,-1.0,right
sub-STUCLUK0414,UCL-UK/UCLStrokeData,1784,0.0,-0.9641255605381166,right,223,0.0,-0.9641255605381166,right
sub-STUCLUK0415,UCL-UK/UCLStrokeData,1152,0.0,1.0,left,144,0.0,1.0,left
sub-STUCLUK0416,UCL-UK/UCLStrokeData,560,0.0,1.0,left,70,0.0,1.0,left
sub-STUCLUK0417,UCL-UK/UCLStrokeData,408,0.0,1.0,left,51,0.0,1.0,left
sub-STUCLUK0418,UCL-UK/UCLStrokeData,3912,0.0,1.0,left,489,0.0,1.0,left
sub-STUCLUK0419,UCL-UK/UCLStrokeData,616,0.0,-1.0,right,77,0.0,-1.0,right
sub-STUCLUK0420,UCL-UK/UCLStrokeData,72,0.0,-1.0,right,9,0.0,-1.0,right
sub-STUCLUK0421,UCL-UK/UCLStrokeData,7824,0.0,1.0,left,978,0.0,1.0,left
sub-STUCLUK0422,UCL-UK/UCLStrokeData,5520,0.0,1.0,left,690,0.0,1.0,left
sub-STUCLUK0423,UCL-UK/UCLStrokeData,22216,0.0,-1.0,right,2777,0.0,-1.0,right
sub-STUCLUK0424,UCL-UK/UCLStrokeData,2862,0.00625,0.22349464351680828,left,359,0.002777777777777778,0.29780564263322884,left
sub-STUCLUK0425,UCL-UK/UCLStrokeData,982,0.0020325203252032522,0.9226069246435845,left,123,0.0,0.9186991869918699,left
sub-STUCLUK0426,UCL-UK/UCLStrokeData,240,0.0,-1.0,right,30,0.0,-1.0,right
sub-STUCLUK0427,UCL-UK/UCLStrokeData,14480,0.0,0.8812271320011258,left,1810,0.0,0.9173838209982789,left
sub-STUCLUK0428,UCL-UK/UCLStrokeData,664,0.0,1.0,left,83,0.0,1.0,left
sub-STUCLUK0429,UCL-UK/UCLStrokeData,181764,0.0011210762331838565,-1.0,right,22725,0.0009232392508572936,-1.0,right
sub-STUCLUK0430,UCL-UK/UCLStrokeData,312,0.0,-1.0,right,39,0.0,-1.0,right
sub-STUCLUK0431,UCL-UK/UCLStrokeData,624,0.012658227848101266,1.0,left,78,0.012658227848101266,1.0,left
sub-STUCLUK0432,UCL-UK/UCLStrokeData,64,0.0,1.0,left,8,0.0,1.0,left
sub-STUCLUK0433,UCL-UK/UCLStrokeData,3392,0.0,-0.9858490566037735,right,424,0.0,-0.9858490566037735,right
sub-STUCLUK0434,UCL-UK/UCLStrokeData,80,0.0,1.0,left,10,0.0,1.0,left
sub-STUCLUK0435,UCL-UK/UCLStrokeData,12512,0.0,-0.2764592687620269,right,1564,0.0,-0.27413127413127414,right
sub-STUCLUK0436,UCL-UK/UCLStrokeData,3440,0.0,-1.0,right,430,0.0,-1.0,right
sub-STUCLUK0437,UCL-UK/UCLStrokeData,1360,0.0,-1.0,right,170,0.0,-1.0,right
sub-STUCLUK0438,UCL-UK/UCLStrokeData,8616,0.0,-1.0,right,1077,0.0,-1.0,right
sub-STUCLUK0439,UCL-UK/UCLStrokeData,72,0.0,1.0,left,9,0.0,1.0,left
sub-STUCLUK0440,UCL-UK/UCLStrokeData,5128,0.0,1.0,left,641,0.0,1.0,left
sub-STUCLUK0441,UCL-UK/UCLStrokeData,2992,0.0,0.5989304812834224,left,374,0.0,0.5989304812834224,left
sub-STUCLUK0442,UCL-UK/UCLStrokeData,320,0.0,-1.0,right,40,0.0,-1.0,right
sub-STUCLUK0443,UCL-UK/UCLStrokeData,904,0.0,1.0,left,113,0.0,1.0,left
sub-STUCLUK0444,UCL-UK/UCLStrokeData,22062,0.004062838569880823,-1.0,right,2759,0.0036114120621162874,-1.0,right
sub-STUCLUK0445,UCL-UK/UCLStrokeData,992,0.0,-1.0,right,124,0.0,-1.0,right
sub-STUCLUK0446,UCL-UK/UCLStrokeData,16488,0.0,-1.0,right,2061,0.0,-1.0,right
sub-STUCLUK0447,UCL-UK/UCLStrokeData,13472,0.0,1.0,left,1684,0.0,1.0,left
sub-STUCLUK0448,UCL-UK/UCLStrokeData,14856,0.0,0.7584650112866818,left,1857,0.0,0.8470657972732661,left
sub-STUCLUK0449,UCL-UK/UCLStrokeData,22224,0.0,-1.0,right,2778,0.0,-1.0,right
sub-STUCLUK0450,UCL-UK/UCLStrokeData,3656,0.0,1.0,left,457,0.0,1.0,left
sub-STUCLUK0451,UCL-UK/UCLStrokeData,51088,0.0,-1.0,right,6386,0.0,-1.0,right
sub-STUCLUK0452,UCL-UK/UCLStrokeData,288,0.0,-0.2777777777777778,right,36,0.0,-0.2777777777777778,right
sub-STUCLUK0453,UCL-UK/UCLStrokeData,11496,0.0034674063800277394,1.0,left,1441,0.0006934812760055479,1.0,left
sub-STUCLUK0454,UCL-UK/UCLStrokeData,424,0.0,1.0,left,53,0.0,1.0,left
sub-STUCLUK0455,UCL-UK/UCLStrokeData,5856,0.0,0.9638386648122392,left,732,0.0,1.0,left
sub-STUCLUK0456,UCL-UK/UCLStrokeData,2792,0.002857142857142857,-0.8823529411764706,right,350,0.0,-0.8795180722891566,right
sub-STUCLUK0457,UCL-UK/UCLStrokeData,75096,0.0003194888178913738,1.0,left,9385,0.0005324813631522897,1.0,left
sub-STUCLUK0458,UCL-UK/UCLStrokeData,1064,0.0,-1.0,right,133,0.0,-1.0,right
sub-STUCLUK0459,UCL-UK/UCLStrokeData,124476,3.2133676092544985e-05,-0.9593817282046339,right,15560,0.0,-0.9593830334190231,right
sub-STUCLUK0460,UCL-UK/UCLStrokeData,7808,0.0,0.9569672131147541,left,976,0.0,0.9569672131147541,left
sub-STUCLUK0461,UCL-UK/UCLStrokeData,1408,0.0,-1.0,right,176,0.0,-1.0,right
sub-STUCLUK0462,UCL-UK/UCLStrokeData,2464,0.0,-1.0,right,308,0.0,-1.0,right
sub-STUCLUK0463,UCL-UK/UCLStrokeData,792,0.0,1.0,left,99,0.0,1.0,left
sub-STUCLUK0464,UCL-UK/UCLStrokeData,26736,0.0005980861244019139,-1.0,right,3344,0.0,-1.0,right
sub-STUCLUK0465,UCL-UK/UCLStrokeData,1784,0.0,-0.8295964125560538,right,223,0.0,-0.8295964125560538,right
sub-STUCLUK0466,UCL-UK/UCLStrokeData,12024,0.0,-1.0,right,1503,0.0,-1.0,right
sub-STUCLUK0467,UCL-UK/UCLStrokeData,226372,8.834234425244708e-05,-1.0,right,28299,0.0,-1.0,right
sub-STUCLUK0468,UCL-UK/UCLStrokeData,11931,0.0017570281124497991,-0.8983653764715847,right,1491,0.002008032128514056,-0.8972602739726028,right
sub-STUCLUK0469,UCL-UK/UCLStrokeData,144,0.0,-1.0,right,18,0.0,-1.0,right
sub-STUCLUK0470,UCL-UK/UCLStrokeData,2984,0.0,-1.0,right,373,0.0,-1.0,right
sub-STUCLUK0471,UCL-UK/UCLStrokeData,184,0.0,1.0,left,23,0.0,1.0,left
sub-STUCLUK0472,UCL-UK/UCLStrokeData,2940,0.050387596899224806,-0.964625850340136,right,365,0.056847545219638244,-0.9780821917808219,right
sub-STUCLUK0473,UCL-UK/UCLStrokeData,20440,0.0,-1.0,right,2555,0.0,-1.0,right
sub-STUCLUK0474,UCL-UK/UCLStrokeData,3628,0.005482456140350877,-1.0,right,452,0.008771929824561403,-1.0,right
sub-STUCLUK0475,UCL-UK/UCLStrokeData,512,0.0,1.0,left,64,0.0,1.0,left
sub-STUCLUK0476,UCL-UK/UCLStrokeData,64,0.0,-0.75,right,8,0.0,-0.75,right
sub-STUCLUK0477,UCL-UK/UCLStrokeData,7208,0.0,0.9977802441731409,left,901,0.0,0.9977802441731409,left
sub-STUCLUK0478,UCL-UK/UCLStrokeData,1264,0.0,0.9029126213592233,left,158,0.0,0.9470198675496688,left
sub-STUCLUK0479,UCL-UK/UCLStrokeData,2296,0.0,1.0,left,287,0.0,1.0,left
sub-STUCLUK0480,UCL-UK/UCLStrokeData,23312,0.0,-1.0,right,2914,0.0,-1.0,right
sub-STUCLUK0481,UCL-UK/UCLStrokeData,9560,0.0,-1.0,right,1195,0.0,-1.0,right
sub-STUCLUK0482,UCL-UK/UCLStrokeData,21070,0.0034998108210367008,-1.0,right,2634,0.00340522133938706,-1.0,right
sub-STUCLUK0483,UCL-UK/UCLStrokeData,9168,0.0,1.0,left,1146,0.0,1.0,left
sub-STUCLUK0484,UCL-UK/UCLStrokeData,13504,0.0,-0.1895734597156398,both,1688,0.0,-0.1895734597156398,both
sub-STUCLUK0485,UCL-UK/UCLStrokeData,8080,0.0,0.8772277227722772,left,1010,0.0,0.8772277227722772,left
sub-STUCLUK0486,UCL-UK/UCLStrokeData,21632,0.0011082379017362395,-1.0,right,2702,0.001847063169560399,-1.0,right
sub-STUCLUK0487,UCL-UK/UCLStrokeData,2274,0.013020833333333334,0.5567282321899736,left,287,0.003472222222222222,0.5609756097560976,left
sub-STUCLUK0488,UCL-UK/UCLStrokeData,39712,0.0,-1.0,right,4964,0.0,-1.0,right
sub-STUCLUK0489,UCL-UK/UCLStrokeData,88,0.0,-1.0,right,11,0.0,-1.0,right
sub-STUCLUK0490,UCL-UK/UCLStrokeData,16928,0.0,-1.0,right,2116,0.0,-1.0,right
sub-STUCLUK0491,UCL-UK/UCLStrokeData,4824,0.0,0.9734660033167496,left,603,0.0,0.9734660033167496,left
sub-STUCLUK0492,UCL-UK/UCLStrokeData,96,0.0,1.0,left,12,0.0,1.0,left
sub-STUCLUK0493,UCL-UK/UCLStrokeData,4280,0.0,-1.0,right,535,0.0,-1.0,right
sub-STUCLUK0494,UCL-UK/UCLStrokeData,29736,0.0111731843575419,0.9997309296381004,left,3742,0.004522479382814578,1.0,left
sub-STUCLUK0495,UCL-UK/UCLStrokeData,2552,0.0,-1.0,right,319,0.0,-1.0,right
sub-STUCLUK0496,UCL-UK/UCLStrokeData,4440,0.0,1.0,left,555,0.0,1.0,left
sub-STUCLUK0497,UCL-UK/UCLStrokeData,2336,0.0,1.0,left,292,0.0,1.0,left
sub-STUCLUK0498,UCL-UK/UCLStrokeData,47384,0.0,-1.0,right,5923,0.0,-1.0,right
sub-STUCLUK0499,UCL-UK/UCLStrokeData,6899,0.026664785553047403,0.9953508644486416,left,877,0.010158013544018058,1.0,left
sub-STUCLUK0500,UCL-UK/UCLStrokeData,280,0.0,1.0,left,35,0.0,1.0,left
sub-STUCLUK0501,UCL-UK/UCLStrokeData,336,0.0,-1.0,right,42,0.0,-1.0,right
sub-STUCLUK0502,UCL-UK/UCLStrokeData,488,0.0,1.0,left,61,0.0,1.0,left
sub-STUCLUK0503,UCL-UK/UCLStrokeData,312,0.0,-1.0,right,39,0.0,-1.0,right
sub-STUCLUK0504,UCL-UK/UCLStrokeData,11104,0.0,-1.0,right,1388,0.0,-1.0,right
sub-STUCLUK0505,UCL-UK/UCLStrokeData,712,0.0,-1.0,right,89,0.0,-1.0,right
sub-STUCLUK0506,UCL-UK/UCLStrokeData,29457,0.00023757806136301927,0.9934820246460943,left,3683,0.0,0.9934835731740429,left
sub-STUCLUK0507,UCL-UK/UCLStrokeData,34800,0.0,1.0,left,4350,0.0,1.0,left
sub-STUCLUK0508,UCL-UK/UCLStrokeData,784,0.0,1.0,left,98,0.0,1.0,left
sub-STUCLUK0509,UCL-UK/UCLStrokeData,816,0.0,1.0,left,102,0.0,1.0,left
sub-STUCLUK0510,UCL-UK/UCLStrokeData,153363,0.002270479858436557,1.0,left,19190,0.0012490892057874466,1.0,left
sub-STUCLUK0511,UCL-UK/UCLStrokeData,10000,0.0,1.0,left,1250,0.0,1.0,left
sub-STUCLUK0512,UCL-UK/UCLStrokeData,104,0.0,0.8461538461538461,left,13,0.0,0.8461538461538461,left
sub-STUCLUK0513,UCL-UK/UCLStrokeData,1880,0.0,1.0,left,235,0.0,1.0,left
sub-STUCLUK0514,UCL-UK/UCLStrokeData,136,0.0,1.0,left,17,0.0,1.0,left
sub-STUCLUK0515,UCL-UK/UCLStrokeData,3872,0.0,1.0,left,484,0.0,1.0,left
sub-STUCLUK0516,UCL-UK/UCLStrokeData,8040,0.0,-1.0,right,1005,0.0,-1.0,right
sub-STUCLUK0517,UCL-UK/UCLStrokeData,17888,0.0,-1.0,right,2236,0.0,-1.0,right
sub-STUCLUK0518,UCL-UK/UCLStrokeData,2208,0.0,-1.0,right,276,0.0,-1.0,right
sub-STUCLUK0519,UCL-UK/UCLStrokeData,3944,0.0,1.0,left,493,0.0,1.0,left
sub-STUCLUK0520,UCL-UK/UCLStrokeData,2312,0.0,-1.0,right,289,0.0,-1.0,right
sub-STUCLUK0521,UCL-UK/UCLStrokeData,152,0.0,-1.0,right,19,0.0,-1.0,right
sub-STUCLUK0522,UCL-UK/UCLStrokeData,632,0.0,1.0,left,79,0.0,1.0,left
sub-STUCLUK0523,UCL-UK/UCLStrokeData,1368,0.0,1.0,left,171,0.0,1.0,left
sub-STUCLUK0524,UCL-UK/UCLStrokeData,1944,0.0,-0.7448559670781894,right,243,0.0,-0.7448559670781894,right
sub-STUCLUK0525,UCL-UK/UCLStrokeData,22728,0.0,-0.977472720872932,right,2841,0.0,-0.977472720872932,right
sub-STUCLUK0526,UCL-UK/UCLStrokeData,7040,0.0,-0.7931818181818182,right,880,0.0,-0.7931818181818182,right
sub-STUCLUK0527,UCL-UK/UCLStrokeData,1608,0.0,-1.0,right,201,0.0,-1.0,right
sub-STUCLUK0528,UCL-UK/UCLStrokeData,1328,0.0,-1.0,right,166,0.0,-1.0,right
sub-STUCLUK0529,UCL-UK/UCLStrokeData,248,0.0,1.0,left,31,0.0,1.0,left
sub-STUCLUK0530,UCL-UK/UCLStrokeData,736,0.0,1.0,left,92,0.0,1.0,left
sub-STUCLUK0531,UCL-UK/UCLStrokeData,112,0.0,-1.0,right,14,0.0,-1.0,right
sub-STUCLUK0532,UCL-UK/UCLStrokeData,80,0.0,1.0,left,10,0.0,1.0,left
sub-STUCLUK0533,UCL-UK/UCLStrokeData,8440,0.0,-1.0,right,1055,0.0,-1.0,right
sub-STUCLUK0534,UCL-UK/UCLStrokeData,2592,0.0,-1.0,right,324,0.0,-1.0,right
sub-STUCLUK0535,UCL-UK/UCLStrokeData,25547,0.00019567939887288666,-1.0,right,3193,0.00031308703819661864,-1.0,right
sub-STUCLUK0536,UCL-UK/UCLStrokeData,4088,0.0,-1.0,right,511,0.0,-1.0,right
sub-STUCLUK0537,UCL-UK/UCLStrokeData,3888,0.0,-1.0,right,486,0.0,-1.0,right
sub-STUCLUK0538,UCL-UK/UCLStrokeData,376,0.0,-1.0,right,47,0.0,-1.0,right
sub-STUCLUK0539,UCL-UK/UCLStrokeData,7192,0.0,1.0,left,899,0.0,1.0,left
sub-STUCLUK0540,UCL-UK/UCLStrokeData,704,0.0,-1.0,right,88,0.0,-1.0,right
sub-STUCLUK0541,UCL-UK/UCLStrokeData,208,0.0,-0.9230769230769231,right,26,0.0,-0.9230769230769231,right
sub-STUCLUK0542,UCL-UK/UCLStrokeData,2136,0.0,1.0,left,267,0.0,1.0,left
sub-STUCLUK0543,UCL-UK/UCLStrokeData,2152,0.0,0.9925650557620818,left,269,0.0,0.9925650557620818,left
sub-STUCLUK0544,UCL-UK/UCLStrokeData,680,0.0,1.0,left,85,0.0,1.0,left
sub-STUCLUK0545,UCL-UK/UCLStrokeData,328,0.0,-1.0,right,41,0.0,-1.0,right
sub-STUCLUK0546,UCL-UK/UCLStrokeData,18363,0.00027221254355400695,-1.0,right,2296,0.0,-1.0,right
sub-STUCLUK0547,UCL-UK/UCLStrokeData,3152,0.0,1.0,left,394,0.0,1.0,left
sub-STUCLUK0548,UCL-UK/UCLStrokeData,61432,0.0,-0.9025914832660503,right,7679,0.0,-0.9025914832660503,right
sub-STUCLUK0549,UCL-UK/UCLStrokeData,50862,0.0066015625,-1.0,right,6364,0.005625,-1.0,right
sub-STUCLUK0550,UCL-UK/UCLStrokeData,2928,0.0,1.0,left,366,0.0,1.0,left
sub-STUCLUK0551,UCL-UK/UCLStrokeData,19504,0.0,1.0,left,2438,0.0,1.0,left
sub-STUCLUK0552,UCL-UK/UCLStrokeData,192,0.0,1.0,left,24,0.0,1.0,left
sub-STUCLUK0553,UCL-UK/UCLStrokeData,25936,0.0,-1.0,right,3242,0.0,-1.0,right
sub-STUCLUK0554,UCL-UK/UCLStrokeData,2160,0.0,1.0,left,270,0.0,1.0,left
sub-STUCLUK0555,UCL-UK/UCLStrokeData,1296,0.0,1.0,left,162,0.0,1.0,left
sub-STUCLUK0556,UCL-UK/UCLStrokeData,10448,0.0,1.0,left,1306,0.0,1.0,left
sub-STUCLUK0557,UCL-UK/UCLStrokeData,22599,0.004273880860063447,1.0,left,2831,0.0021149101163200562,1.0,left
sub-STUCLUK0558,UCL-UK/UCLStrokeData,16088,0.0,-0.9801093983092989,right,2011,0.0,-0.9801093983092989,right
sub-STUCLUK0559,UCL-UK/UCLStrokeData,8840,0.0,0.9259936043855642,left,1105,0.0,0.9446494464944649,left
sub-STUCLUK0560,UCL-UK/UCLStrokeData,18008,0.0,-1.0,right,2251,0.0,-1.0,right
sub-STUCLUK0561,UCL-UK/UCLStrokeData,8000,0.0,1.0,left,1000,0.0,1.0,left
sub-STUCLUK0562,UCL-UK/UCLStrokeData,792,0.0,-1.0,right,99,0.0,-1.0,right
sub-STUCLUK0563,UCL-UK/UCLStrokeData,96,0.0,1.0,left,12,0.0,1.0,left
sub-STUCLUK0564,UCL-UK/UCLStrokeData,34760,0.0,-1.0,right,4345,0.0,-1.0,right
sub-STUCLUK0565,UCL-UK/UCLStrokeData,648,0.0,1.0,left,81,0.0,1.0,left
sub-STUCLUK0566,UCL-UK/UCLStrokeData,552,0.0,-0.9710144927536232,right,69,0.0,-0.9710144927536232,right
sub-STUCLUK0567,UCL-UK/UCLStrokeData,10112,0.0,-1.0,right,1264,0.0,-1.0,right
sub-STUCLUK0568,UCL-UK/UCLStrokeData,26072,0.0,0.9459957042037435,left,3259,0.0,0.9459957042037435,left
sub-STUCLUK0569,UCL-UK/UCLStrokeData,1344,0.0,-1.0,right,168,0.0,-1.0,right
sub-STUCLUK0570,UCL-UK/UCLStrokeData,752,0.0,1.0,left,94,0.0,1.0,left
sub-STUCLUK0571,UCL-UK/UCLStrokeData,1632,0.0,1.0,left,204,0.0,1.0,left
sub-STUCLUK0572,UCL-UK/UCLStrokeData,864,0.0,1.0,left,108,0.0,1.0,left
sub-STUCLUK0573,UCL-UK/UCLStrokeData,352,0.0,-1.0,right,44,0.0,-1.0,right
sub-STUCLUK0574,UCL-UK/UCLStrokeData,816,0.0,1.0,left,102,0.0,1.0,left
sub-STUCLUK0575,UCL-UK/UCLStrokeData,3663,0.0002729257641921397,-0.9519519519519519,right,458,0.0,-0.9519650655021834,right
sub-STUCLUK0576,UCL-UK/UCLStrokeData,2056,0.0,1.0,left,257,0.0,1.0,left
sub-STUCLUK0577,UCL-UK/UCLStrokeData,93304,0.0,-1.0,right,11663,0.0,-1.0,right
sub-STUCLUK0578,UCL-UK/UCLStrokeData,12632,0.0,1.0,left,1579,0.0,1.0,left
sub-STUCLUK0579,UCL-UK/UCLStrokeData,3504,0.0,-0.12082853855005754,both,438,0.0,-0.1136890951276102,both
sub-STUCLUK0580,UCL-UK/UCLStrokeData,20600,0.0,0.4330097087378641,left,2575,0.0,0.4330097087378641,left
sub-STUCLUK0581,UCL-UK/UCLStrokeData,784,0.0,-1.0,right,98,0.0,-1.0,right
sub-STUCLUK0582,UCL-UK/UCLStrokeData,22448,0.0,1.0,left,2806,0.0,1.0,left
sub-STUCLUK0583,UCL-UK/UCLStrokeData,112,0.0,1.0,left,14,0.0,1.0,left
sub-STUCLUK0584,UCL-UK/UCLStrokeData,4360,0.0,-1.0,right,545,0.0,-1.0,right
sub-STUCLUK0585,UCL-UK/UCLStrokeData,464,0.0,-1.0,right,58,0.0,-1.0,right
sub-STUCLUK0586,UCL-UK/UCLStrokeData,30760,0.0,-1.0,right,3845,0.0,-1.0,right
sub-STUCLUK0587,UCL-UK/UCLStrokeData,16536,0.0,0.12723754233188195,both,2067,0.0,0.12723754233188195,both
sub-STUCLUK0588,UCL-UK/UCLStrokeData,1224,0.0,0.3333333333333333,left,153,0.0,0.3333333333333333,left
sub-STUCLUK0589,UCL-UK/UCLStrokeData,3788,0.009414225941422594,1.0,left,477,0.0020920502092050207,1.0,left
sub-STUCLUK0590,UCL-UK/UCLStrokeData,952,0.0,1.0,left,119,0.0,1.0,left
sub-STUCLUK0591,UCL-UK/UCLStrokeData,400,0.0,-1.0,right,50,0.0,-1.0,right
sub-STUCLUK0592,UCL-UK/UCLStrokeData,10911,0.02719329529243937,1.0,left,1379,0.016405135520684736,1.0,left
sub-STUCLUK0593,UCL-UK/UCLStrokeData,12568,0.0,-0.354551241247613,right,1571,0.0,-0.354551241247613,right
sub-STUCLUK0594,UCL-UK/UCLStrokeData,96,0.0,0.16666666666666666,both,12,0.0,0.16666666666666666,both
sub-STUCLUK0595,UCL-UK/UCLStrokeData,113912,0.0,-1.0,right,14239,0.0,-1.0,right
sub-STUCLUK0596,UCL-UK/UCLStrokeData,3488,0.0,-1.0,right,436,0.0,-1.0,right
sub-STUCLUK0597,UCL-UK/UCLStrokeData,24240,0.0,-1.0,right,3030,0.0,-1.0,right
sub-STUCLUK0598,UCL-UK/UCLStrokeData,448,0.0,-1.0,right,56,0.0,-1.0,right
sub-STUCLUK0599,UCL-UK/UCLStrokeData,1120,0.0,-1.0,right,140,0.0,-1.0,right
sub-STUCLUK0600,UCL-UK/UCLStrokeData,12496,0.0,0.6927016645326505,left,1562,0.0,0.6927016645326505,left
sub-STUCLUK0601,UCL-UK/UCLStrokeData,2702,0.0007396449704142012,1.0,left,338,0.0,1.0,left
sub-STUCLUK0602,UCL-UK/UCLStrokeData,240,0.0,0.8181818181818182,left,30,0.0,1.0,left
sub-STUCLUK0603,UCL-UK/UCLStrokeData,8832,0.0,-1.0,right,1104,0.0,-1.0,right
sub-STUCLUK0604,UCL-UK/UCLStrokeData,17336,0.0,-1.0,right,2167,0.0,-1.0,right
sub-STUCLUK0605,UCL-UK/UCLStrokeData,164045,0.0021108083118399922,1.0,left,20524,0.0012166042143169984,1.0,left
sub-STUCLUK0606,UCL-UK/UCLStrokeData,14112,0.0,-1.0,right,1764,0.0,-1.0,right
sub-STUCLUK0607,UCL-UK/UCLStrokeData,680,0.0,-1.0,right,85,0.0,-1.0,right
sub-STUCLUK0608,UCL-UK/UCLStrokeData,280,0.0,0.0,both,35,0.0,0.5294117647058824,left
sub-STUCLUK0609,UCL-UK/UCLStrokeData,13872,0.0,1.0,left,1734,0.0,1.0,left
sub-STUCLUK0610,UCL-UK/UCLStrokeData,5096,0.0,-1.0,right,637,0.0,-1.0,right
sub-STUCLUK0611,UCL-UK/UCLStrokeData,496,0.0,1.0,left,62,0.0,1.0,left
sub-STUCLUK0612,UCL-UK/UCLStrokeData,6920,0.0,1.0,left,865,0.0,1.0,left
sub-STUCLUK0613,UCL-UK/UCLStrokeData,1112,0.0,1.0,left,139,0.0,1.0,left
sub-STUCLUK0614,UCL-UK/UCLStrokeData,1376,0.005780346820809248,1.0,left,172,0.005780346820809248,1.0,left
sub-STUCLUK0615,UCL-UK/UCLStrokeData,48712,0.0,1.0,left,6089,0.0,1.0,left
sub-STUCLUK0616,UCL-UK/UCLStrokeData,1456,0.0,1.0,left,182,0.0,1.0,left
sub-STUCLUK0617,UCL-UK/UCLStrokeData,6536,0.0,1.0,left,817,0.0,1.0,left
sub-STUCLUK0618,UCL-UK/UCLStrokeData,92496,0.0,-1.0,right,11562,0.0,-1.0,right
sub-STUCLUK0619,UCL-UK/UCLStrokeData,248,0.0,-1.0,right,31,0.0,-1.0,right
sub-STUCLUK0620,UCL-UK/UCLStrokeData,15776,0.0,1.0,left,1972,0.0,1.0,left
sub-STUCLUK0621,UCL-UK/UCLStrokeData,296,0.0,0.02702702702702703,both,37,0.0,0.02702702702702703,both
sub-STUCLUK0622,UCL-UK/UCLStrokeData,7965,0.03337378640776699,-0.12370860927152318,both,1006,0.02330097087378641,-0.07111111111111111,both
sub-STUCLUK0623,UCL-UK/UCLStrokeData,33496,0.0,-1.0,right,4187,0.0,-1.0,right
sub-STUCLUK0624,UCL-UK/UCLStrokeData,18870,0.000105977108944468,1.0,left,2359,0.0,1.0,left
sub-STUCLUK0625,UCL-UK/UCLStrokeData,19572,0.00467860048820179,-1.0,right,2450,0.0032546786004882017,-1.0,right
sub-STUCLUK0626,UCL-UK/UCLStrokeData,10608,0.0,1.0,left,1326,0.0,1.0,left
sub-STUCLUK0627,UCL-UK/UCLStrokeData,18784,0.0,1.0,left,2348,0.0,1.0,left
sub-STUCLUK0628,UCL-UK/UCLStrokeData,45616,0.0,-1.0,right,5702,0.0,-1.0,right
sub-STUCLUK0629,UCL-UK/UCLStrokeData,312,0.0,1.0,left,39,0.0,1.0,left
sub-STUCLUK0630,UCL-UK/UCLStrokeData,528,0.0,-1.0,right,66,0.0,-1.0,right
sub-STUCLUK0631,UCL-UK/UCLStrokeData,312,0.0,1.0,left,39,0.0,1.0,left
sub-STUCLUK0632,UCL-UK/UCLStrokeData,496,0.0,-0.06451612903225806,both,62,0.0,-0.06451612903225806,both
sub-STUCLUK0633,UCL-UK/UCLStrokeData,22368,0.0,-0.8610812746151092,right,2796,0.0,-0.860931899641577,right
sub-STUCLUK0634,UCL-UK/UCLStrokeData,1264,0.0,1.0,left,158,0.0,1.0,left
sub-STUCLUK0635,UCL-UK/UCLStrokeData,792,0.0,-1.0,right,99,0.0,-1.0,right
sub-STUCLUK0636,UCL-UK/UCLStrokeData,112,0.0,-1.0,right,14,0.0,-1.0,right
sub-STUCLUK0637,UCL-UK/UCLStrokeData,85361,0.00101816309334332,1.0,left,10680,9.362419249133976e-05,1.0,left
sub-STUCLUK0638,UCL-UK/UCLStrokeData,20744,0.0,1.0,left,2593,0.0,1.0,left
sub-STUCLUK0639,UCL-UK/UCLStrokeData,24995,0.022104851330203443,0.7473710053602848,left,3135,0.018779342723004695,0.7889111556446226,left
sub-STUCLUK0640,UCL-UK/UCLStrokeData,15368,0.0,-1.0,right,1921,0.0,-1.0,right
sub-STUCLUK0641,UCL-UK/UCLStrokeData,384,0.0,1.0,left,48,0.0,1.0,left
sub-STUCLUK0642,UCL-UK/UCLStrokeData,608,0.0,1.0,left,76,0.0,1.0,left
sub-STUCLUK0643,UCL-UK/UCLStrokeData,3056,0.0,1.0,left,382,0.0,1.0,left
sub-STUCLUK0644,UCL-UK/UCLStrokeData,35620,0.0025761648745519714,-1.0,right,4454,0.002240143369175627,-1.0,right
sub-STUCLUK0645,UCL-UK/UCLStrokeData,5019,0.005744849445324881,1.0,left,631,0.0,1.0,left
sub-STUCLUK0646,UCL-UK/UCLStrokeData,597,0.005,1.0,left,75,0.0,1.0,left
sub-STUCLUK0647,UCL-UK/UCLStrokeData,728,0.0,1.0,left,91,0.0,1.0,left
sub-STUCLUK0648,UCL-UK/UCLStrokeData,664,0.0,1.0,left,83,0.0,1.0,left
sub-STUCLUK0649,UCL-UK/UCLStrokeData,784,0.0,1.0,left,98,0.0,1.0,left
sub-STUCLUK0650,UCL-UK/UCLStrokeData,368,0.0,1.0,left,46,0.0,1.0,left
sub-STUCLUK0651,UCL-UK/UCLStrokeData,632,0.0,-1.0,right,79,0.0,-1.0,right
sub-STUCLUK0652,UCL-UK/UCLStrokeData,40497,0.0005676209279368214,0.010297059041410475,both,5065,0.0,0.01085883514313919,both
sub-STUCLUK0653,UCL-UK/UCLStrokeData,856,0.0,1.0,left,107,0.0,1.0,left
sub-STUCLUK0654,UCL-UK/UCLStrokeData,9232,0.0,1.0,left,1154,0.0,1.0,left
sub-STUCLUK0655,UCL-UK/UCLStrokeData,3920,0.0,-1.0,right,490,0.0,-1.0,right
sub-STUCLUK0656,UCL-UK/UCLStrokeData,2760,0.0,1.0,left,345,0.0,1.0,left
sub-STUCLUK0657,UCL-UK/UCLStrokeData,39240,0.0,-1.0,right,4905,0.0,-1.0,right
sub-STUCLUK0658,UCL-UK/UCLStrokeData,120,0.0,1.0,left,15,0.0,1.0,left
sub-STUCLUK0659,UCL-UK/UCLStrokeData,1792,0.0044444444444444444,1.0,left,225,0.0,1.0,left
sub-STUCLUK0660,UCL-UK/UCLStrokeData,1512,0.0,1.0,left,189,0.0,1.0,left
sub-STUCLUK0661,UCL-UK/UCLStrokeData,32,0.0,1.0,left,4,0.0,1.0,left
sub-STUCLUK0662,UCL-UK/UCLStrokeData,1768,0.0,-1.0,right,221,0.0,-1.0,right
sub-STUCLUK0663,UCL-UK/UCLStrokeData,7448,0.0,1.0,left,931,0.0,1.0,left
sub-STUCLUK0664,UCL-UK/UCLStrokeData,6240,0.0,-1.0,right,780,0.0,-1.0,right
sub-STUCLUK0665,UCL-UK/UCLStrokeData,2672,0.0,1.0,left,334,0.0,1.0,left
sub-STUCLUK0666,UCL-UK/UCLStrokeData,4040,0.0,0.9722772277227723,left,505,0.0,0.9722772277227723,left
sub-STUCLUK0667,UCL-UK/UCLStrokeData,16696,0.0,-1.0,right,2087,0.0,-1.0,right
sub-STUCLUK0668,UCL-UK/UCLStrokeData,3551,0.0025280898876404493,0.7504961723844628,left,445,0.0,0.7630979498861048,left
sub-STUCLUK0669,UCL-UK/UCLStrokeData,3944,0.0,0.8498985801217038,left,493,0.0,0.8498985801217038,left
sub-STUCLUK0670,UCL-UK/UCLStrokeData,2784,0.0,0.9770114942528736,left,348,0.0,0.9770114942528736,left
sub-STUCLUK0671,UCL-UK/UCLStrokeData,8008,0.0,-1.0,right,1001,0.0,-1.0,right
sub-STUCLUK0672,UCL-UK/UCLStrokeData,14512,0.0,0.9670114621190942,left,1814,0.0,0.9954622802041974,left
sub-STUCLUK0673,UCL-UK/UCLStrokeData,6496,0.0,1.0,left,812,0.0,1.0,left
sub-STUCLUK0674,UCL-UK/UCLStrokeData,1240,0.0,0.23809523809523808,left,155,0.0,0.30935251798561153,left
sub-STUCLUK0675,UCL-UK/UCLStrokeData,5000,0.0,1.0,left,625,0.0,1.0,left
sub-STUCLUK0676,UCL-UK/UCLStrokeData,30824,0.0,1.0,left,3853,0.0,1.0,left
sub-STUCLUK0677,UCL-UK/UCLStrokeData,630,0.0031645569620253164,-1.0,right,79,0.0,-1.0,right
sub-STUCLUK0678,UCL-UK/UCLStrokeData,2976,0.0,-1.0,right,372,0.0,-1.0,right
sub-STUCLUK0679,UCL-UK/UCLStrokeData,18520,0.0,-1.0,right,2315,0.0,-1.0,right
sub-STUCLUK0680,UCL-UK/UCLStrokeData,8504,0.0,-0.9661335841956726,right,1063,0.0,-0.9661335841956726,right
sub-STUCLUK0681,UCL-UK/UCLStrokeData,108206,0.0002402247024909454,-1.0,right,13526,0.00022174587922241113,-1.0,right
sub-STUCLUK0682,UCL-UK/UCLStrokeData,2976,0.0,-1.0,right,372,0.0,-1.0,right
sub-STUCLUK0683,UCL-UK/UCLStrokeData,53394,0.000262133013780707,-1.0,right,6675,0.00014979029358897544,-1.0,right
sub-STUCLUK0684,UCL-UK/UCLStrokeData,38503,0.009492693969952665,-1.0,right,4809,0.010290183165260341,-1.0,right
sub-STUCLUK0685,UCL-UK/UCLStrokeData,400,0.0,-1.0,right,50,0.0,-1.0,right
sub-STUCLUK0686,UCL-UK/UCLStrokeData,560,0.0,-1.0,right,70,0.0,-1.0,right
sub-STUCLUK0687,UCL-UK/UCLStrokeData,96,0.0,1.0,left,12,0.0,1.0,left
sub-STUCLUK0688,UCL-UK/UCLStrokeData,11816,0.0,0.3459715639810427,left,1477,0.0,0.3459715639810427,left
sub-STUCLUK0689,UCL-UK/UCLStrokeData,1008,0.0,-1.0,right,126,0.0,-1.0,right
sub-STUCLUK0690,UCL-UK/UCLStrokeData,18262,0.0096529284164859,0.02245099112912058,both,2295,0.004338394793926247,0.01699346405228758,both
sub-STUCLUK0691,UCL-UK/UCLStrokeData,5904,0.0,1.0,left,738,0.0,1.0,left
sub-STUCLUK0692,UCL-UK/UCLStrokeData,170900,0.0005847953216374269,-1.0,right,21363,0.0005614035087719298,-1.0,right
sub-STUCLUK0693,UCL-UK/UCLStrokeData,16055,0.008950617283950617,1.0,left,2018,0.0034567901234567903,1.0,left
sub-STUCLUK0694,UCL-UK/UCLStrokeData,43488,0.0001839249586168843,1.0,left,5437,0.0,1.0,left
sub-STUCLUK0695,UCL-UK/UCLStrokeData,36544,0.0,-0.35376532399299476,right,4568,0.0,-0.35376532399299476,right
sub-STUCLUK0696,UCL-UK/UCLStrokeData,144,0.0,1.0,left,18,0.0,1.0,left
sub-STUCLUK0697,UCL-UK/UCLStrokeData,16224,0.0,-1.0,right,2028,0.0,-1.0,right
sub-STUCLUK0698,UCL-UK/UCLStrokeData,15512,0.0,-1.0,right,1939,0.0,-1.0,right
sub-STUCLUK0699,UCL-UK/UCLStrokeData,5600,0.0,-0.9482758620689655,right,700,0.0,-0.9479768786127167,right
sub-STUCLUK0700,UCL-UK/UCLStrokeData,1472,0.0,-1.0,right,184,0.0,-1.0,right
sub-STUCLUK0701,UCL-UK/UCLStrokeData,1288,0.0,-1.0,right,161,0.0,-1.0,right
sub-STUCLUK0702,UCL-UK/UCLStrokeData,976,0.0,1.0,left,122,0.0,1.0,left
sub-STUCLUK0703,UCL-UK/UCLStrokeData,21248,0.0,0.7974397590361446,left,2656,0.0,0.7974397590361446,left
sub-STUCLUK0704,UCL-UK/UCLStrokeData,14399,0.001733222407099279,-1.0,right,1797,0.0033277870216306157,-1.0,right
sub-STUCLUK0705,UCL-UK/UCLStrokeData,16815,0.01964785447761194,1.0,left,2114,0.013992537313432836,1.0,left
sub-STUCLUK0706,UCL-UK/UCLStrokeData,9496,0.0,1.0,left,1187,0.0,1.0,left
sub-STUCLUK0707,UCL-UK/UCLStrokeData,48,0.0,1.0,left,6,0.0,1.0,left
sub-STUCLUK0708,UCL-UK/UCLStrokeData,26834,0.006736748593426118,-1.0,right,3354,0.006810778797749482,-1.0,right
sub-STUCLUK0709,UCL-UK/UCLStrokeData,13144,0.0,-1.0,right,1643,0.0,-1.0,right
sub-STUCLUK0710,UCL-UK/UCLStrokeData,19812,0.0030193236714975845,-0.9019407558733401,right,2477,0.002818035426731079,-0.9007854485324515,right
sub-STUCLUK0711,UCL-UK/UCLStrokeData,960,0.0,1.0,left,120,0.0,1.0,left
sub-STUCLUK0712,UCL-UK/UCLStrokeData,128,0.0,1.0,left,16,0.0,1.0,left
sub-STUCLUK0713,UCL-UK/UCLStrokeData,3680,0.0,-1.0,right,460,0.0,-1.0,right
sub-STUCLUK0714,UCL-UK/UCLStrokeData,784,0.0,-1.0,right,98,0.0,-1.0,right
sub-STUCLUK0715,UCL-UK/UCLStrokeData,4304,0.0,1.0,left,538,0.0,1.0,left
sub-STUCLUK0716,UCL-UK/UCLStrokeData,7640,0.0,1.0,left,955,0.0,1.0,left
sub-STUCLUK0717,UCL-UK/UCLStrokeData,63994,0.006797864415197417,-0.9942455043002345,right,8004,0.006208095356344674,-0.9942449643438008,right
sub-STUCLUK0718,UCL-UK/UCLStrokeData,53554,0.0004106316261012394,-1.0,right,6695,0.00029864118261908315,-1.0,right
sub-STUCLUK0719,UCL-UK/UCLStrokeData,2464,0.0,-1.0,right,308,0.0,-1.0,right
sub-STUCLUK0720,UCL-UK/UCLStrokeData,2176,0.0,-1.0,right,272,0.0,-1.0,right
sub-STUCLUK0721,UCL-UK/UCLStrokeData,816,0.0,-1.0,right,102,0.0,-1.0,right
sub-STUCLUK0722,UCL-UK/UCLStrokeData,600,0.0,-1.0,right,75,0.0,-1.0,right
sub-STUCLUK0723,UCL-UK/UCLStrokeData,27281,0.02456378718535469,0.7438401610317963,left,3406,0.02574370709382151,0.772782503037667,left
sub-STUCLUK0724,UCL-UK/UCLStrokeData,3304,0.0,-1.0,right,413,0.0,-1.0,right
sub-STUCLUK0725,UCL-UK/UCLStrokeData,9432,0.0,1.0,left,1179,0.0,1.0,left
sub-STUCLUK0726,UCL-UK/UCLStrokeData,1714,0.0034883720930232558,0.9312009656004828,left,215,0.0,1.0,left
sub-STUCLUK0727,UCL-UK/UCLStrokeData,5776,0.0,1.0,left,722,0.0,1.0,left
sub-STUCLUK0728,UCL-UK/UCLStrokeData,38619,0.0026084710743801654,0.10660897950724112,both,4830,0.002066115702479339,0.10673575129533679,both
sub-STUCLUK0729,UCL-UK/UCLStrokeData,15976,0.0,1.0,left,1997,0.0,1.0,left
sub-STUCLUK0730,UCL-UK/UCLStrokeData,1032,0.0,1.0,left,129,0.0,1.0,left
sub-STUCLUK0731,UCL-UK/UCLStrokeData,73984,0.0,-0.05363321799307959,both,9248,0.0,-0.05363321799307959,both
sub-STUCLUK0732,UCL-UK/UCLStrokeData,6680,0.0,-1.0,right,835,0.0,-1.0,right
sub-STUCLUK0733,UCL-UK/UCLStrokeData,384,0.0,-1.0,right,48,0.0,-1.0,right
sub-STUCLUK0734,UCL-UK/UCLStrokeData,1065,0.0065298507462686565,1.0,left,134,0.0,1.0,left
sub-STUCLUK0735,UCL-UK/UCLStrokeData,1360,0.0,-1.0,right,170,0.0,-1.0,right
sub-STUCLUK0736,UCL-UK/UCLStrokeData,80,0.0,0.6,left,10,0.0,0.6,left
sub-STUCLUK0737,UCL-UK/UCLStrokeData,1728,0.0,1.0,left,216,0.0,1.0,left
sub-STUCLUK0738,UCL-UK/UCLStrokeData,88,0.0,-1.0,right,11,0.0,-1.0,right
sub-STUCLUK0739,UCL-UK/UCLStrokeData,4136,0.0019305019305019305,0.4506769825918762,left,518,0.0,0.4517374517374517,left
sub-STUCLUK0740,UCL-UK/UCLStrokeData,2352,0.0,1.0,left,294,0.0,1.0,left
sub-STUCLUK0741,UCL-UK/UCLStrokeData,352,0.0,-1.0,right,44,0.0,-1.0,right
sub-STUCLUK0742,UCL-UK/UCLStrokeData,160,0.0,1.0,left,20,0.0,1.0,left
sub-STUCLUK0743,UCL-UK/UCLStrokeData,87272,0.0,1.0,left,10909,0.0,1.0,left
sub-STUCLUK0744,UCL-UK/UCLStrokeData,11634,0.0005154639175257732,-1.0,right,1455,0.0,-1.0,right
sub-STUCLUK0745,UCL-UK/UCLStrokeData,4398,0.00045454545454545455,1.0,left,550,0.0,1.0,left
sub-STUCLUK0746,UCL-UK/UCLStrokeData,15832,0.0,1.0,left,1979,0.0,1.0,left
sub-STUCLUK0747,UCL-UK/UCLStrokeData,9992,0.0,1.0,left,1249,0.0,1.0,left
sub-STUCLUK0748,UCL-UK/UCLStrokeData,29473,0.0021329902491874324,-1.0,right,3686,0.0016251354279523294,-1.0,right
sub-STUCLUK0749,UCL-UK/UCLStrokeData,1936,0.0,-1.0,right,242,0.0,-1.0,right
sub-STUCLUK0750,UCL-UK/UCLStrokeData,8879,0.011687444345503117,-0.9340583858042358,right,1109,0.012466607301869992,-0.9328984156570364,right
sub-STUCLUK0751,UCL-UK/UCLStrokeData,720,0.0,-1.0,right,90,0.0,-1.0,right
sub-STUCLUK0752,UCL-UK/UCLStrokeData,776,0.0,-1.0,right,97,0.0,-1.0,right
sub-STUCLUK0753,UCL-UK/UCLStrokeData,22892,0.00017470300489168413,-1.0,right,2862,0.0,-1.0,right
sub-STUCLUK0754,UCL-UK/UCLStrokeData,83786,0.0003579268874677866,-1.0,right,10473,0.000381788679965639,-1.0,right
sub-STUCLUK0755,UCL-UK/UCLStrokeData,848,0.0,-1.0,right,106,0.0,-1.0,right
sub-STUCLUK0756,UCL-UK/UCLStrokeData,712,0.0,-1.0,right,89,0.0,-1.0,right
sub-STUCLUK0757,UCL-UK/UCLStrokeData,5280,0.0,0.5878787878787879,left,660,0.0,0.5878787878787879,left
sub-STUCLUK0758,UCL-UK/UCLStrokeData,125045,0.002258074811694115,1.0,left,15648,0.0011489850631941786,1.0,left
sub-STUCLUK0759,UCL-UK/UCLStrokeData,168,0.0,1.0,left,21,0.0,1.0,left
sub-STUCLUK0760,UCL-UK/UCLStrokeData,864,0.0,1.0,left,108,0.0,1.0,left
sub-STUCLUK0761,UCL-UK/UCLStrokeData,18280,0.0,1.0,left,2285,0.0,1.0,left
sub-STUCLUK0762,UCL-UK/UCLStrokeData,1136,0.0,1.0,left,142,0.0,1.0,left
sub-STUCLUK0763,UCL-UK/UCLStrokeData,2496,0.0,-1.0,right,312,0.0,-1.0,right
sub-STUCLUK0764,UCL-UK/UCLStrokeData,2032,0.0,1.0,left,254,0.0,1.0,left
sub-STUCLUK0765,UCL-UK/UCLStrokeData,13432,0.0,-0.9988088147706968,right,1679,0.0,-0.9988088147706968,right
sub-STUCLUK0766,UCL-UK/UCLStrokeData,26256,0.0,-1.0,right,3282,0.0,-1.0,right
sub-STUCLUK0767,UCL-UK/UCLStrokeData,11326,0.00017655367231638418,-1.0,right,1416,0.0,-1.0,right
sub-STUCLUK0768,UCL-UK/UCLStrokeData,101922,0.006375760411792232,-1.0,right,12789,0.0025737014506317267,-1.0,right
sub-STUCLUK0769,UCL-UK/UCLStrokeData,2256,0.0,1.0,left,282,0.0,1.0,left
sub-STUCLUK0770,UCL-UK/UCLStrokeData,776,0.0,0.6626506024096386,left,97,0.0,1.0,left
sub-STUCLUK0771,UCL-UK/UCLStrokeData,28801,0.005490331491712707,0.688333626605666,left,3608,0.0033149171270718232,0.7123326687553404,left
sub-STUCLUK0772,UCL-UK/UCLStrokeData,2224,0.0,0.8531073446327684,left,278,0.0,0.9446640316205533,left
sub-STUCLUK0773,UCL-UK/UCLStrokeData,19504,0.0,1.0,left,2438,0.0,1.0,left
sub-STUCLUK0774,UCL-UK/UCLStrokeData,4880,0.0,-1.0,right,610,0.0,-1.0,right
sub-STUCLUK0775,UCL-UK/UCLStrokeData,3280,0.0,-1.0,right,410,0.0,-1.0,right
sub-STUCLUK0776,UCL-UK/UCLStrokeData,176,0.0,1.0,left,22,0.0,1.0,left
sub-STUCLUK0777,UCL-UK/UCLStrokeData,664,0.0,1.0,left,83,0.0,1.0,left
sub-STUCLUK0778,UCL-UK/UCLStrokeData,7816,0.0,-1.0,right,977,0.0,-1.0,right
sub-STUCLUK0779,UCL-UK/UCLStrokeData,4480,0.0,-0.9571428571428572,right,560,0.0,-0.9571428571428572,right
sub-STUCLUK0780,UCL-UK/UCLStrokeData,5456,0.0,1.0,left,682,0.0,1.0,left
sub-STUCLUK0781,UCL-UK/UCLStrokeData,8368,0.0,-1.0,right,1046,0.0,-1.0,right
sub-STUCLUK0782,UCL-UK/UCLStrokeData,15928,0.0,0.8884982420894023,left,1991,0.0,0.8884982420894023,left
sub-STUCLUK0783,UCL-UK/UCLStrokeData,4912,0.003246753246753247,0.9967373572593801,left,616,0.0,1.0,left
sub-STUCLUK0784,UCL-UK/UCLStrokeData,7520,0.0,1.0,left,940,0.0,1.0,left
sub-STUCLUK0785,UCL-UK/UCLStrokeData,2040,0.0,-1.0,right,255,0.0,-1.0,right
sub-STUCLUK0786,UCL-UK/UCLStrokeData,232,0.0,-1.0,right,29,0.0,-1.0,right
sub-STUCLUK0787,UCL-UK/UCLStrokeData,3880,0.0,1.0,left,485,0.0,1.0,left
sub-STUCLUK0788,UCL-UK/UCLStrokeData,2040,0.0,-0.5450980392156862,right,255,0.0,-0.5450980392156862,right
sub-STUCLUK0789,UCL-UK/UCLStrokeData,1320,0.0,-1.0,right,165,0.0,-1.0,right
sub-STUCLUK0790,UCL-UK/UCLStrokeData,5312,0.0,-1.0,right,664,0.0,-1.0,right
sub-STUCLUK0791,UCL-UK/UCLStrokeData,3996,0.001,1.0,left,500,0.0,1.0,left
sub-STUCLUK0792,UCL-UK/UCLStrokeData,216,0.0,1.0,left,27,0.0,1.0,left
sub-STUCLUK0793,UCL-UK/UCLStrokeData,1208,0.0,1.0,left,151,0.0,1.0,left
sub-STUCLUK0794,UCL-UK/UCLStrokeData,7704,0.0,-1.0,right,963,0.0,-1.0,right
sub-STUCLUK0795,UCL-UK/UCLStrokeData,14013,0.02143854748603352,-0.9840148433597374,right,1770,0.0111731843575419,-0.984180790960452,right
sub-STUCLUK0796,UCL-UK/UCLStrokeData,76454,2.6158836454954484e-05,-1.0,right,9557,0.0,-1.0,right
sub-STUCLUK0797,UCL-UK/UCLStrokeData,88,0.0,1.0,left,11,0.0,1.0,left
sub-STUCLUK0798,UCL-UK/UCLStrokeData,688,0.0,1.0,left,86,0.0,1.0,left
sub-STUCLUK0799,UCL-UK/UCLStrokeData,112,0.0,-0.7142857142857143,right,14,0.0,-0.7142857142857143,right
sub-STUCLUK0800,UCL-UK/UCLStrokeData,2216,0.0,-0.05973025048169557,both,277,0.0,0.008264462809917356,both
sub-STUCLUK0801,UCL-UK/UCLStrokeData,912,0.0,1.0,left,114,0.0,1.0,left
sub-STUCLUK0802,UCL-UK/UCLStrokeData,64,0.0,1.0,left,8,0.0,1.0,left
sub-STUCLUK0803,UCL-UK/UCLStrokeData,480,0.0,-1.0,right,60,0.0,-1.0,right
sub-STUCLUK0804,UCL-UK/UCLStrokeData,1831,0.0005458515283842794,1.0,left,229,0.0,1.0,left
sub-STUCLUK0805,UCL-UK/UCLStrokeData,296,0.0,1.0,left,37,0.0,1.0,left
sub-STUCLUK0806,UCL-UK/UCLStrokeData,2576,0.0,-1.0,right,322,0.0,-1.0,right
sub-STUCLUK0807,UCL-UK/UCLStrokeData,1480,0.0,1.0,left,185,0.0,1.0,left
sub-STUCLUK0808,UCL-UK/UCLStrokeData,2944,0.0,-1.0,right,368,0.0,-1.0,right
sub-STUCLUK0809,UCL-UK/UCLStrokeData,6672,0.0,-1.0,right,834,0.0,-1.0,right
sub-STUCLUK0810,UCL-UK/UCLStrokeData,168,0.0,1.0,left,21,0.0,1.0,left
sub-STUCLUK0811,UCL-UK/UCLStrokeData,152,0.0,-1.0,right,19,0.0,-1.0,right
sub-STUCLUK0812,UCL-UK/UCLStrokeData,2736,0.0,1.0,left,342,0.0,1.0,left
sub-STUCLUK0813,UCL-UK/UCLStrokeData,11792,0.0,-1.0,right,1474,0.0,-1.0,right
sub-STUCLUK0814,UCL-UK/UCLStrokeData,384,0.0,-1.0,right,48,0.0,-1.0,right
sub-STUCLUK0815,UCL-UK/UCLStrokeData,1288,0.0,-1.0,right,161,0.0,-1.0,right
sub-STUCLUK0816,UCL-UK/UCLStrokeData,3856,0.0,-0.31950207468879666,right,482,0.0,-0.31950207468879666,right
sub-STUCLUK0817,UCL-UK/UCLStrokeData,4072,0.0,0.7131630648330058,left,509,0.0,0.7131630648330058,left
sub-STUCLUK0818,UCL-UK/UCLStrokeData,14280,0.0,1.0,left,1785,0.0,1.0,left
sub-STUCLUK0819,UCL-UK/UCLStrokeData,314,0.0872093023255814,-1.0,right,41,0.046511627906976744,-1.0,right
sub-STUCLUK0820,UCL-UK/UCLStrokeData,19272,0.0,1.0,left,2409,0.0,1.0,left
sub-STUCLUK0821,UCL-UK/UCLStrokeData,17144,0.0,-0.9925268566090611,right,2143,0.0,-0.9925198690977092,right
sub-STUCLUK0822,UCL-UK/UCLStrokeData,3088,0.0,-1.0,right,386,0.0,-1.0,right
sub-STUCLUK0823,UCL-UK/UCLStrokeData,11240,0.0,0.47046263345195727,left,1405,0.0,0.47046263345195727,left
sub-STUCLUK0824,UCL-UK/UCLStrokeData,47872,0.0,0.9911096200620649,left,5984,0.0,0.998652971880788,left
sub-STUCLUK0825,UCL-UK/UCLStrokeData,1424,0.0,1.0,left,178,0.0,1.0,left
sub-STUCLUK0826,UCL-UK/UCLStrokeData,320,0.0,1.0,left,40,0.0,1.0,left
sub-STUCLUK0827,UCL-UK/UCLStrokeData,2783,0.0032234957020057307,1.0,left,349,0.0,1.0,left
sub-STUCLUK0828,UCL-UK/UCLStrokeData,21048,0.0,1.0,left,2631,0.0,1.0,left
sub-STUCLUK0829,UCL-UK/UCLStrokeData,648,0.0,-1.0,right,81,0.0,-1.0,right
sub-STUCLUK0830,UCL-UK/UCLStrokeData,61393,0.00011400651465798045,1.0,left,7675,0.0,1.0,left
sub-STUCLUK0831,UCL-UK/UCLStrokeData,23783,0.0149519549370444,1.0,left,2998,0.0066269052352551355,1.0,left
sub-STUCLUK0832,UCL-UK/UCLStrokeData,29911,0.009044526901669759,0.9975899581589959,left,3761,0.0031804929764113437,1.0,left
sub-STUCLUK0833,UCL-UK/UCLStrokeData,855,0.010416666666666666,-1.0,right,108,0.0,-1.0,right
sub-STUCLUK0834,UCL-UK/UCLStrokeData,304,0.0,1.0,left,38,0.0,1.0,left
sub-STUCLUK0835,UCL-UK/UCLStrokeData,9348,0.011421319796954314,1.0,left,1176,0.005076142131979695,1.0,left
sub-STUCLUK0836,UCL-UK/UCLStrokeData,10744,0.0,1.0,left,1343,0.0,1.0,left
sub-STUCLUK0837,UCL-UK/UCLStrokeData,3301,0.00572289156626506,-1.0,right,415,0.0,-1.0,right
sub-STUCLUK0838,UCL-UK/UCLStrokeData,544,0.0,-0.9117647058823529,right,68,0.0,-0.9117647058823529,right
sub-STUCLUK0839,UCL-UK/UCLStrokeData,7015,0.002417519908987486,1.0,left,879,0.0,1.0,left
sub-STUCLUK0840,UCL-UK/UCLStrokeData,2104,0.0,-1.0,right,263,0.0,-1.0,right
sub-STUCLUK0841,UCL-UK/UCLStrokeData,2720,0.0,1.0,left,340,0.0,1.0,left
sub-STUCLUK0842,UCL-UK/UCLStrokeData,1512,0.0,-1.0,right,189,0.0,-1.0,right
sub-STUCLUK0843,UCL-UK/UCLStrokeData,16032,0.0,1.0,left,2004,0.0,1.0,left
sub-STUCLUK0844,UCL-UK/UCLStrokeData,66054,0.00027243007628042137,1.0,left,8256,0.0003632401017072285,1.0,left
sub-STUCLUK0845,UCL-UK/UCLStrokeData,440,0.0,1.0,left,55,0.0,1.0,left
sub-STUCLUK0846,UCL-UK/UCLStrokeData,1688,0.0,1.0,left,211,0.0,1.0,left
sub-STUCLUK0847,UCL-UK/UCLStrokeData,40571,0.0016978346456692913,-1.0,right,5079,0.0001968503937007874,-1.0,right
sub-STUCLUK0848,UCL-UK/UCLStrokeData,27744,0.0,-1.0,right,3468,0.0,-1.0,right
sub-STUCLUK0849,UCL-UK/UCLStrokeData,198119,0.0026630018927952964,1.0,left,24794,0.001490072892755024,1.0,left
sub-STUCLUK0850,UCL-UK/UCLStrokeData,5283,0.003959276018099547,1.0,left,663,0.0,1.0,left
sub-STUCLUK0851,UCL-UK/UCLStrokeData,896,0.0,-1.0,right,112,0.0,-1.0,right
sub-STUCLUK0852,UCL-UK/UCLStrokeData,14104,0.0,1.0,left,1763,0.0,1.0,left
sub-STUCLUK0853,UCL-UK/UCLStrokeData,1200,0.0,-1.0,right,150,0.0,-1.0,right
sub-STUCLUK0854,UCL-UK/UCLStrokeData,2693,0.001112759643916914,1.0,left,337,0.0,1.0,left
sub-STUCLUK0855,UCL-UK/UCLStrokeData,1208,0.0,1.0,left,151,0.0,1.0,left
sub-STUCLUK0856,UCL-UK/UCLStrokeData,10906,0.0005498533724340176,-0.7640293108245988,right,1363,0.0007331378299120235,-0.7612612612612613,right
sub-STUCLUK0857,UCL-UK/UCLStrokeData,2216,0.0,1.0,left,277,0.0,1.0,left
sub-STUCLUK0858,UCL-UK/UCLStrokeData,7144,0.0,1.0,left,893,0.0,1.0,left
sub-STUCLUK0859,UCL-UK/UCLStrokeData,1280,0.0,1.0,left,160,0.0,1.0,left
sub-STUCLUK0860,UCL-UK/UCLStrokeData,424,0.0,1.0,left,53,0.0,1.0,left
sub-STUCLUK0861,UCL-UK/UCLStrokeData,18088,0.0,0.9174659826009369,left,2261,0.0,0.9342934293429342,left
sub-STUCLUK0862,UCL-UK/UCLStrokeData,7864,0.0,1.0,left,983,0.0,1.0,left
sub-STUCLUK0863,UCL-UK/UCLStrokeData,808,0.0,-1.0,right,101,0.0,-1.0,right
sub-STUCLUK0864,UCL-UK/UCLStrokeData,6968,0.0,-0.41271676300578036,right,871,0.0,-0.4086146682188591,right
sub-STUCLUK0865,UCL-UK/UCLStrokeData,488,0.0,1.0,left,61,0.0,1.0,left
sub-STUCLUK0866,UCL-UK/UCLStrokeData,11272,0.0,1.0,left,1409,0.0,1.0,left
sub-STUCLUK0867,UCL-UK/UCLStrokeData,944,0.0,1.0,left,118,0.0,1.0,left
sub-STUCLUK0868,UCL-UK/UCLStrokeData,200,0.0,-1.0,right,25,0.0,-1.0,right
sub-STUCLUK0869,UCL-UK/UCLStrokeData,48374,0.00037196230781947427,-1.0,right,6046,0.000495949743759299,-1.0,right
sub-STUCLUK0870,UCL-UK/UCLStrokeData,31048,0.0,0.9435736677115988,left,3881,0.0,0.9708609271523179,left
sub-STUCLUK0871,UCL-UK/UCLStrokeData,56,0.0,1.0,left,7,0.0,1.0,left
sub-STUCLUK0872,UCL-UK/UCLStrokeData,21840,0.0,1.0,left,2730,0.0,1.0,left
sub-STUCLUK0873,UCL-UK/UCLStrokeData,1720,0.0,-0.3395348837209302,right,215,0.0,-0.3395348837209302,right
sub-STUCLUK0874,UCL-UK/UCLStrokeData,8776,0.0,-1.0,right,1097,0.0,-1.0,right
sub-STUCLUK0875,UCL-UK/UCLStrokeData,856,0.0,-1.0,right,107,0.0,-1.0,right
sub-STUCLUK0876,UCL-UK/UCLStrokeData,16536,0.001931434089811685,1.0,left,2071,0.0,1.0,left
sub-STUCLUK0877,UCL-UK/UCLStrokeData,512,0.0,1.0,left,64,0.0,1.0,left
sub-STUCLUK0878,UCL-UK/UCLStrokeData,875,0.005681818181818182,0.104,both,110,0.0,0.10909090909090909,both
sub-STUCLUK0879,UCL-UK/UCLStrokeData,5712,0.0,1.0,left,714,0.0,1.0,left
sub-STUCLUK0880,UCL-UK/UCLStrokeData,432,0.0,-1.0,right,54,0.0,-1.0,right
sub-STUCLUK0881,UCL-UK/UCLStrokeData,7912,0.0,-1.0,right,989,0.0,-1.0,right
sub-STUCLUK0882,UCL-UK/UCLStrokeData,11429,0.012015905947441218,1.0,left,1441,0.003457814661134163,1.0,left
sub-STUCLUK0883,UCL-UK/UCLStrokeData,12840,0.0,1.0,left,1605,0.0,1.0,left
sub-STUCLUK0884,UCL-UK/UCLStrokeData,36830,0.0002714440825190011,1.0,left,4605,0.0,1.0,left
sub-STUCLUK0885,UCL-UK/UCLStrokeData,26174,0.0006872327428222358,1.0,left,3274,0.0,1.0,left
sub-STUCLUK0886,UCL-UK/UCLStrokeData,1128,0.0,1.0,left,141,0.0,1.0,left
sub-STUCLUK0887,UCL-UK/UCLStrokeData,22220,0.002334770114942529,0.9985598559855986,left,2781,0.0010775862068965517,0.998561668464581,left
sub-STUCLUK0888,UCL-UK/UCLStrokeData,256,0.0,-1.0,right,32,0.0,-1.0,right
sub-STUCLUK0889,UCL-UK/UCLStrokeData,376,0.0,0.7446808510638298,left,47,0.0,0.7446808510638298,left
sub-STUCLUK0890,UCL-UK/UCLStrokeData,26498,0.004433423504658852,-1.0,right,3313,0.004207995190862639,-1.0,right
sub-STUCLUK0891,UCL-UK/UCLStrokeData,368,0.0,1.0,left,46,0.0,1.0,left
sub-STUCLUK0892,UCL-UK/UCLStrokeData,216,0.0,-1.0,right,27,0.0,-1.0,right
sub-STUCLUK0893,UCL-UK/UCLStrokeData,4680,0.0,-1.0,right,585,0.0,-1.0,right
sub-STUCLUK0894,UCL-UK/UCLStrokeData,50499,9.900205924283225e-05,-0.9980886774045832,right,6312,0.0001584032947885316,-0.9980781550288277,right
sub-STUCLUK0895,UCL-UK/UCLStrokeData,2240,0.0,0.9571428571428572,left,280,0.0,0.9571428571428572,left
sub-STUCLUK0896,UCL-UK/UCLStrokeData,144,0.0,-1.0,right,18,0.0,-1.0,right
sub-STUCLUK0897,UCL-UK/UCLStrokeData,5558,0.05860433604336043,0.9542342342342343,left,707,0.04200542005420054,0.9574468085106383,left
sub-STUCLUK0898,UCL-UK/UCLStrokeData,30528,0.0,-1.0,right,3816,0.0,-1.0,right
sub-STUCLUK0899,UCL-UK/UCLStrokeData,20052,0.004962286621675268,-1.0,right,2505,0.0055577610162763,-1.0,right
sub-STUCLUK0900,UCL-UK/UCLStrokeData,25648,0.0,-1.0,right,3206,0.0,-1.0,right
sub-STUCLUK0901,UCL-UK/UCLStrokeData,632,0.0,-1.0,right,79,0.0,-1.0,right
sub-STUCLUK0902,UCL-UK/UCLStrokeData,16696,0.0,1.0,left,2087,0.0,1.0,left
sub-STUCLUK0903,UCL-UK/UCLStrokeData,4368,0.0,1.0,left,546,0.0,1.0,left
sub-STUCLUK0904,UCL-UK/UCLStrokeData,12168,0.0,0.8884004058167061,left,1521,0.0,0.9442896935933147,left
sub-STUCLUK0905,UCL-UK/UCLStrokeData,432,0.0,-1.0,right,54,0.0,-1.0,right
sub-STUCLUK0906,UCL-UK/UCLStrokeData,29152,0.0,-0.5521405049396267,right,3644,0.0,-0.5521405049396267,right
sub-STUCLUK0907,UCL-UK/UCLStrokeData,152,0.0,-1.0,right,19,0.0,-1.0,right
sub-STUCLUK0908,UCL-UK/UCLStrokeData,368,0.0,1.0,left,46,0.0,1.0,left
sub-STUCLUK0909,UCL-UK/UCLStrokeData,176,0.0,-1.0,right,22,0.0,-1.0,right
sub-STUCLUK0910,UCL-UK/UCLStrokeData,6440,0.0,1.0,left,805,0.0,1.0,left
sub-STUCLUK0911,UCL-UK/UCLStrokeData,1128,0.0,1.0,left,141,0.0,1.0,left
sub-STUCLUK0912,UCL-UK/UCLStrokeData,4208,0.0,1.0,left,526,0.0,1.0,left
sub-STUCLUK0913,UCL-UK/UCLStrokeData,544,0.0,1.0,left,68,0.0,1.0,left
sub-STUCLUK0914,UCL-UK/UCLStrokeData,16688,0.0,-1.0,right,2086,0.0,-1.0,right
sub-STUCLUK0915,UCL-UK/UCLStrokeData,217507,0.0008314652162728308,-1.0,right,27193,0.0006614971886369483,-1.0,right
sub-STUCLUK0916,UCL-UK/UCLStrokeData,12840,0.0,-1.0,right,1605,0.0,-1.0,right
sub-STUCLUK0917,UCL-UK/UCLStrokeData,5280,0.0,1.0,left,660,0.0,1.0,left
sub-STUCLUK0918,UCL-UK/UCLStrokeData,8019,0.004592850049652433,0.7658062102506547,left,1001,0.005958291956305859,0.7682317682317682,left
sub-STUCLUK0919,UCL-UK/UCLStrokeData,84878,0.00011780228065215342,1.0,left,10611,0.0,1.0,left
sub-STUCLUK0920,UCL-UK/UCLStrokeData,804,0.014705882352941176,-1.0,right,101,0.00980392156862745,-1.0,right
sub-STUCLUK0921,UCL-UK/UCLStrokeData,14749,0.0029069767441860465,0.9392615846584317,left,1843,0.003244997295835587,0.9527212754260582,left
sub-STUCLUK0922,UCL-UK/UCLStrokeData,3720,0.0,1.0,left,465,0.0,1.0,left
sub-STUCLUK0923,UCL-UK/UCLStrokeData,14702,0.00013601741022850925,0.9913928547031902,left,1838,0.0,1.0,left
sub-STUCLUK0924,UCL-UK/UCLStrokeData,2760,0.0,-1.0,right,345,0.0,-1.0,right
sub-STUCLUK0925,UCL-UK/UCLStrokeData,1048,0.0,1.0,left,131,0.0,1.0,left
sub-STUCLUK0926,UCL-UK/UCLStrokeData,1848,0.0,-1.0,right,231,0.0,-1.0,right
sub-STUCLUK0927,UCL-UK/UCLStrokeData,2360,0.0,0.8576271186440678,left,295,0.0,0.8576271186440678,left
sub-STUCLUK0928,UCL-UK/UCLStrokeData,15888,0.0,-1.0,right,1986,0.0,-1.0,right
sub-STUCLUK0929,UCL-UK/UCLStrokeData,3165,0.000946969696969697,1.0,left,396,0.0,1.0,left
sub-STUCLUK0930,UCL-UK/UCLStrokeData,34224,0.0,-1.0,right,4278,0.0,-1.0,right
sub-STUCLUK0931,UCL-UK/UCLStrokeData,1008,0.0,1.0,left,126,0.0,1.0,left
sub-STUCLUK0932,UCL-UK/UCLStrokeData,10080,0.0,0.8904761904761904,left,1260,0.0,0.8904761904761904,left
sub-STUCLUK0933,UCL-UK/UCLStrokeData,8772,0.00045578851412944393,-0.9944572748267898,right,1096,0.0009115770282588879,-0.9943820224719101,right
sub-STUCLUK0934,UCL-UK/UCLStrokeData,832,0.0,1.0,left,104,0.0,1.0,left
sub-STUCLUK0935,UCL-UK/UCLStrokeData,1432,0.0,0.664804469273743,left,179,0.0,0.664804469273743,left
sub-STUCLUK0936,UCL-UK/UCLStrokeData,5664,0.0,0.9786476868327402,left,708,0.0,0.994261119081779,left
sub-STUCLUK0937,UCL-UK/UCLStrokeData,15848,0.0,-0.5158911772184084,right,1981,0.0,-0.5122950819672131,right
sub-STUCLUK0938,UCL-UK/UCLStrokeData,496,0.0,1.0,left,62,0.0,1.0,left
sub-STUCLUK0939,UCL-UK/UCLStrokeData,840,0.0,-1.0,right,105,0.0,-1.0,right
sub-STUCLUK0940,UCL-UK/UCLStrokeData,37136,0.0,-1.0,right,4642,0.0,-1.0,right
sub-STUCLUK0941,UCL-UK/UCLStrokeData,3000,0.0,1.0,left,375,0.0,1.0,left
sub-STUCLUK0942,UCL-UK/UCLStrokeData,2496,0.0,-1.0,right,312,0.0,-1.0,right
sub-STUCLUK0943,UCL-UK/UCLStrokeData,4424,0.0,1.0,left,553,0.0,1.0,left
sub-STUCLUK0944,UCL-UK/UCLStrokeData,8520,0.0,0.9952941176470588,left,1065,0.0,1.0,left
sub-STUCLUK0945,UCL-UK/UCLStrokeData,1000,0.0,1.0,left,125,0.0,1.0,left
sub-STUCLUK0946,UCL-UK/UCLStrokeData,13304,0.0,-1.0,right,1663,0.0,-1.0,right
sub-STUCLUK0947,UCL-UK/UCLStrokeData,31520,0.0,1.0,left,3940,0.0,1.0,left
sub-STUCLUK0948,UCL-UK/UCLStrokeData,1253,0.00870253164556962,1.0,left,157,0.006329113924050633,1.0,left
sub-STUCLUK0949,UCL-UK/UCLStrokeData,2728,0.0,1.0,left,341,0.0,1.0,left
sub-STUCLUK0950,UCL-UK/UCLStrokeData,45666,0.0003064798598949212,-0.9905400078833267,right,5708,0.0003502626970227671,-0.9905395935529082,right
sub-STUCLUK0951,UCL-UK/UCLStrokeData,304,0.0,1.0,left,38,0.0,1.0,left
sub-STUCLUK0952,UCL-UK/UCLStrokeData,600,0.0,0.7066666666666667,left,75,0.0,0.7066666666666667,left
sub-STUCLUK0953,UCL-UK/UCLStrokeData,56,0.0,-1.0,right,7,0.0,-1.0,right
sub-STUCLUK0954,UCL-UK/UCLStrokeData,7180,0.0016685205784204673,-1.0,right,898,0.0011123470522803114,-1.0,right
sub-STUCLUK0955,UCL-UK/UCLStrokeData,12552,0.0,-1.0,right,1569,0.0,-1.0,right
sub-STUCLUK0956,UCL-UK/UCLStrokeData,24460,0.0008169934640522876,1.0,left,3060,0.0,1.0,left
sub-STUCLUK0957,UCL-UK/UCLStrokeData,288,0.0,-1.0,right,36,0.0,-1.0,right
sub-STUCLUK0958,UCL-UK/UCLStrokeData,272,0.0,1.0,left,34,0.0,1.0,left
sub-STUCLUK0959,UCL-UK/UCLStrokeData,29498,0.00020336225596529283,1.0,left,3688,0.0,1.0,left
sub-STUCLUK0960,UCL-UK/UCLStrokeData,3896,0.0,-1.0,right,487,0.0,-1.0,right
sub-STUCLUK0961,UCL-UK/UCLStrokeData,66440,0.0,-1.0,right,8305,0.0,-1.0,right
sub-STUCLUK0962,UCL-UK/UCLStrokeData,9368,0.0,0.48590947907771137,left,1171,0.0,0.48590947907771137,left
sub-STUCLUK0963,UCL-UK/UCLStrokeData,68830,0.00832757030889811,-0.9806780154226684,right,8602,0.008529276164130935,-0.9806459134895651,right
sub-STUCLUK0964,UCL-UK/UCLStrokeData,26298,0.012541303694803245,0.5804575416828228,left,3297,0.009612496245118654,0.6131271694540865,left
sub-STUCLUK0965,UCL-UK/UCLStrokeData,122587,0.00017127756753229805,-1.0,right,15325,6.524859715516116e-05,-1.0,right
sub-STUCLUK0966,UCL-UK/UCLStrokeData,4720,0.0,-1.0,right,590,0.0,-1.0,right
sub-STUCLUK0967,UCL-UK/UCLStrokeData,3448,0.0,1.0,left,431,0.0,1.0,left
sub-STUCLUK0968,UCL-UK/UCLStrokeData,1146,0.018835616438356163,-0.9685863874345549,right,143,0.02054794520547945,-0.972027972027972,right
sub-STUCLUK0969,UCL-UK/UCLStrokeData,5371,0.0009300595238095238,1.0,left,672,0.0,1.0,left
sub-STUCLUK0970,UCL-UK/UCLStrokeData,1072,0.0,-1.0,right,134,0.0,-1.0,right
sub-STUCLUK0971,UCL-UK/UCLStrokeData,568,0.0,1.0,left,71,0.0,1.0,left
sub-STUCLUK0972,UCL-UK/UCLStrokeData,272,0.0,1.0,left,34,0.0,1.0,left
sub-STUCLUK0973,UCL-UK/UCLStrokeData,3600,0.0,1.0,left,450,0.0,1.0,left
sub-STUCLUK0974,UCL-UK/UCLStrokeData,368,0.0,1.0,left,46,0.0,1.0,left
sub-STUCLUK0975,UCL-UK/UCLStrokeData,7200,0.0,1.0,left,900,0.0,1.0,left
sub-STUCLUK0976,UCL-UK/UCLStrokeData,4898,0.0012234910277324632,1.0,left,613,0.0,1.0,left
sub-STUCLUK0977,UCL-UK/UCLStrokeData,17088,0.004195804195804196,-1.0,right,2134,0.005128205128205128,-1.0,right
sub-STUCLUK0978,UCL-UK/UCLStrokeData,352,0.0,-1.0,right,44,0.0,-1.0,right
sub-STUCLUK0979,UCL-UK/UCLStrokeData,37248,0.0,1.0,left,4656,0.0,1.0,left
sub-STUCLUK0980,UCL-UK/UCLStrokeData,712,0.0,-1.0,right,89,0.0,-1.0,right
sub-STUCLUK0981,UCL-UK/UCLStrokeData,856,0.0,1.0,left,107,0.0,1.0,left
sub-STUCLUK0982,UCL-UK/UCLStrokeData,88,0.0,-0.14285714285714285,both,11,0.0,1.0,left
sub-STUCLUK0983,UCL-UK/UCLStrokeData,50985,0.0015470781764060787,-0.18745215052708034,both,6376,0.0010966630111232962,-0.1861743912018853,both
sub-STUCLUK0984,UCL-UK/UCLStrokeData,824,0.0,-0.33980582524271846,right,103,0.0,-0.33980582524271846,right
sub-STUCLUK0985,UCL-UK/UCLStrokeData,1864,0.0,-1.0,right,233,0.0,-1.0,right
sub-STUCLUK0986,UCL-UK/UCLStrokeData,2572,0.0015527950310559005,-1.0,right,322,0.0,-1.0,right
sub-STUCLUK0987,UCL-UK/UCLStrokeData,9736,0.002459016393442623,-1.0,right,1218,0.001639344262295082,-1.0,right
sub-STUCLUK0988,UCL-UK/UCLStrokeData,472,0.0,-1.0,right,59,0.0,-1.0,right
sub-STUCLUK0989,UCL-UK/UCLStrokeData,33586,0.001367745004757374,-1.0,right,4200,0.0009514747859181732,-1.0,right
sub-STUCLUK0990,UCL-UK/UCLStrokeData,30824,0.0007780082987551867,-1.0,right,3852,0.001037344398340249,-1.0,right
sub-STUCLUK0991,UCL-UK/UCLStrokeData,2104,0.0,1.0,left,263,0.0,1.0,left
sub-STUCLUK0992,UCL-UK/UCLStrokeData,400,0.0,-1.0,right,50,0.0,-1.0,right
sub-STUCLUK0993,UCL-UK/UCLStrokeData,528,0.0,-1.0,right,66,0.0,-1.0,right
sub-STUCLUK0994,UCL-UK/UCLStrokeData,520,0.0,1.0,left,65,0.0,1.0,left
sub-STUCLUK0995,UCL-UK/UCLStrokeData,8712,0.0,0.7410468319559229,left,1089,0.0,0.7410468319559229,left
sub-STUCLUK0996,UCL-UK/UCLStrokeData,616,0.0,-1.0,right,77,0.0,-1.0,right
sub-STUCLUK0997,UCL-UK/UCLStrokeData,680,0.0,-1.0,right,85,0.0,-1.0,right
sub-STUCLUK0998,UCL-UK/UCLStrokeData,5200,0.0,1.0,left,650,0.0,1.0,left
sub-STUCLUK0999,UCL-UK/UCLStrokeData,2808,0.0,-1.0,right,351,0.0,-1.0,right
sub-STUCLUK1000,UCL-UK/UCLStrokeData,12795,0.0016385767790262173,1.0,left,1602,0.0,1.0,left
sub-STUCLUK1001,UCL-UK/UCLStrokeData,4588,0.0008710801393728223,-1.0,right,573,0.0017421602787456446,-1.0,right
sub-STUCLUK1002,UCL-UK/UCLStrokeData,2056,0.0,-1.0,right,257,0.0,-1.0,right
sub-STUCLUK1003,UCL-UK/UCLStrokeData,42563,0.02806448666423091,0.7575146451550946,left,5379,0.017354767994154183,0.7972762645914397,left
sub-STUCLUK1004,UCL-UK/UCLStrokeData,2384,0.0,0.47651006711409394,left,298,0.0,0.47651006711409394,left
sub-STUCLUK1005,UCL-UK/UCLStrokeData,272,0.0,1.0,left,34,0.0,1.0,left
sub-STUCLUK1006,UCL-UK/UCLStrokeData,464,0.0,-1.0,right,58,0.0,-1.0,right
sub-STUCLUK1007,UCL-UK/UCLStrokeData,920,0.0,-1.0,right,115,0.0,-1.0,right
sub-STUCLUK1008,UCL-UK/UCLStrokeData,2392,0.0,-0.9866220735785953,right,299,0.0,-0.9866220735785953,right
sub-STUCLUK1009,UCL-UK/UCLStrokeData,880,0.0,1.0,left,110,0.0,1.0,left
sub-STUCLUK1010,UCL-UK/UCLStrokeData,1280,0.0,-0.375,right,160,0.0,-0.375,right
sub-STUCLUK1011,UCL-UK/UCLStrokeData,448,0.0,-1.0,right,56,0.0,-1.0,right
sub-STUCLUK1012,UCL-UK/UCLStrokeData,2024,0.0,-1.0,right,253,0.0,-1.0,right
sub-STUCLUK1013,UCL-UK/UCLStrokeData,7376,0.0,0.9868995633187773,left,922,0.0,1.0,left
sub-STUCLUK1014,UCL-UK/UCLStrokeData,48,0.0,-1.0,right,6,0.0,-1.0,right
sub-STUCLUK1015,UCL-UK/UCLStrokeData,1088,0.0,1.0,left,136,0.0,1.0,left
sub-STUCLUK1016,UCL-UK/UCLStrokeData,6744,0.0,-1.0,right,843,0.0,-1.0,right
sub-STUCLUK1017,UCL-UK/UCLStrokeData,224,0.0,1.0,left,28,0.0,1.0,left
sub-STUCLUK1018,UCL-UK/UCLStrokeData,1752,0.0,-1.0,right,219,0.0,-1.0,right
sub-STUCLUK1019,UCL-UK/UCLStrokeData,25333,0.0013796909492273732,0.5383097146015079,left,3169,0.000630715862503942,0.5386557273587883,left
sub-STUCLUK1020,UCL-UK/UCLStrokeData,736,0.0,1.0,left,92,0.0,1.0,left
sub-STUCLUK1021,UCL-UK/UCLStrokeData,47346,0.00046444857287620335,-0.41863911589109537,right,5920,0.00016889039013680122,-0.41683638832315,right
sub-STUCLUK1022,UCL-UK/UCLStrokeData,10656,0.0,1.0,left,1332,0.0,1.0,left
sub-STUCLUK1023,UCL-UK/UCLStrokeData,520,0.0,-1.0,right,65,0.0,-1.0,right
sub-STUCLUK1024,UCL-UK/UCLStrokeData,13622,0.048743016759776533,-1.0,right,1720,0.03910614525139665,-1.0,right
sub-STUCLUK1025,UCL-UK/UCLStrokeData,7683,0.004792746113989638,-1.0,right,961,0.004145077720207254,-1.0,right
sub-STUCLUK1026,UCL-UK/UCLStrokeData,6442,0.007090012330456227,1.0,left,807,0.004932182490752158,1.0,left
sub-STUCLUK1027,UCL-UK/UCLStrokeData,720,0.0,1.0,left,90,0.0,1.0,left
sub-STUCLUK1028,UCL-UK/UCLStrokeData,664,0.0,1.0,left,83,0.0,1.0,left
sub-STUCLUK1029,UCL-UK/UCLStrokeData,64,0.0,1.0,left,8,0.0,1.0,left
sub-STUCLUK1030,UCL-UK/UCLStrokeData,1600,0.0,-1.0,right,200,0.0,-1.0,right
sub-STUCLUK1031,UCL-UK/UCLStrokeData,3623,0.0002759381898454746,1.0,left,453,0.0,1.0,left
sub-STUCLUK1032,UCL-UK/UCLStrokeData,7789,0.01852318548387097,1.0,left,988,0.004032258064516129,1.0,left
sub-STUCLUK1033,UCL-UK/UCLStrokeData,280,0.0,-1.0,right,35,0.0,-1.0,right
sub-STUCLUK1034,UCL-UK/UCLStrokeData,736,0.0,1.0,left,92,0.0,1.0,left
sub-STUCLUK1035,UCL-UK/UCLStrokeData,568,0.0,0.5932203389830508,left,71,0.0,1.0,left
sub-STUCLUK1036,UCL-UK/UCLStrokeData,2616,0.0,1.0,left,327,0.0,1.0,left
sub-STUCLUK1037,UCL-UK/UCLStrokeData,680,0.0,-1.0,right,85,0.0,-1.0,right
sub-STUCLUK1038,UCL-UK/UCLStrokeData,6760,0.0,-1.0,right,845,0.0,-1.0,right
sub-STUCLUK1039,UCL-UK/UCLStrokeData,1376,0.0,0.5641025641025641,left,172,0.0,0.7428571428571429,left
sub-STUCLUK1040,UCL-UK/UCLStrokeData,3432,0.0,-1.0,right,429,0.0,-1.0,right
sub-STUCLUK1041,UCL-UK/UCLStrokeData,7728,0.0,0.8530020703933747,left,966,0.0,0.8530020703933747,left
sub-STUCLUK1042,UCL-UK/UCLStrokeData,1987,0.08009259259259259,0.9049095607235143,left,258,0.044444444444444446,0.9591836734693877,left
sub-STUCLUK1043,UCL-UK/UCLStrokeData,448,0.16417910447761194,-1.0,right,56,0.16417910447761194,-1.0,right
sub-STUCLUK1044,UCL-UK/UCLStrokeData,3720,0.0,-1.0,right,465,0.0,-1.0,right
sub-STUCLUK1045,UCL-UK/UCLStrokeData,35229,0.007521974306964165,-1.0,right,4404,0.0074374577417173765,-1.0,right
sub-STUCLUK1046,UCL-UK/UCLStrokeData,11216,0.0,0.8628318584070797,left,1402,0.0,0.9282442748091603,left
sub-STUCLUK1047,UCL-UK/UCLStrokeData,4600,0.0,1.0,left,575,0.0,1.0,left
sub-STUCLUK1048,UCL-UK/UCLStrokeData,123920,0.0,1.0,left,15490,0.0,1.0,left
sub-STUCLUK1049,UCL-UK/UCLStrokeData,15622,0.00063971340839304,-1.0,right,1954,0.0,-1.0,right
sub-STUCLUK1050,UCL-UK/UCLStrokeData,216,0.0,1.0,left,27,0.0,1.0,left
sub-STUCLUK1051,UCL-UK/UCLStrokeData,1208,0.050314465408805034,1.0,left,151,0.050314465408805034,1.0,left
sub-STUCLUK1052,UCL-UK/UCLStrokeData,9283,0.0005383290267011198,-0.7035441128945384,right,1160,0.0008613264427217916,-0.7034482758620689,right
sub-STUCLUK1053,UCL-UK/UCLStrokeData,2224,0.0,1.0,left,278,0.0,1.0,left
sub-STUCLUK1054,UCL-UK/UCLStrokeData,22008,0.0,1.0,left,2751,0.0,1.0,left
sub-STUCLUK1055,UCL-UK/UCLStrokeData,160,0.0,1.0,left,20,0.0,1.0,left
sub-STUCLUK1056,UCL-UK/UCLStrokeData,264,0.0,1.0,left,33,0.0,1.0,left
sub-STUCLUK1057,UCL-UK/UCLStrokeData,2528,0.0,1.0,left,316,0.0,1.0,left
sub-STUCLUK1058,UCL-UK/UCLStrokeData,863,0.0011574074074074073,-1.0,right,108,0.0,-1.0,right
sub-STUCLUK1059,UCL-UK/UCLStrokeData,21104,0.0,1.0,left,2638,0.0,1.0,left
sub-STUCLUK1060,UCL-UK/UCLStrokeData,680,0.0,-1.0,right,85,0.0,-1.0,right
sub-STUCLUK1061,UCL-UK/UCLStrokeData,54523,0.0012639214536928488,-1.0,right,6816,0.0011723329425556857,-1.0,right
sub-STUCLUK1062,UCL-UK/UCLStrokeData,8696,0.0,-0.3173873045078197,right,1087,0.0,-0.3173873045078197,right
sub-STUCLUK1063,UCL-UK/UCLStrokeData,4760,0.0,1.0,left,595,0.0,1.0,left
sub-STUCLUK1064,UCL-UK/UCLStrokeData,360,0.0,1.0,left,45,0.0,1.0,left
sub-STUCLUK1065,UCL-UK/UCLStrokeData,137844,0.0006669759888644008,-0.9997678535155683,right,17230,0.0006959749449019835,-0.9997678467788741,right
sub-STUCLUK1066,UCL-UK/UCLStrokeData,816,0.0,-1.0,right,102,0.0,-1.0,right
sub-STUCLUK1067,UCL-UK/UCLStrokeData,808,0.0,-1.0,right,101,0.0,-1.0,right
sub-STUCLUK1068,UCL-UK/UCLStrokeData,400,0.0,1.0,left,50,0.0,1.0,left
sub-STUCLUK1069,UCL-UK/UCLStrokeData,4575,0.00021853146853146853,1.0,left,572,0.0,1.0,left
sub-STUCLUK1070,UCL-UK/UCLStrokeData,28016,0.0,1.0,left,3502,0.0,1.0,left
sub-STUCLUK1071,UCL-UK/UCLStrokeData,1336,0.0,-1.0,right,167,0.0,-1.0,right
sub-STUCLUK1072,UCL-UK/UCLStrokeData,3792,0.0,1.0,left,474,0.0,1.0,left
sub-STUCLUK1073,UCL-UK/UCLStrokeData,800,0.0,-1.0,right,100,0.0,-1.0,right
sub-STUCLUK1074,UCL-UK/UCLStrokeData,13389,0.004387269482450922,1.0,left,1680,0.000594883997620464,1.0,left
sub-STUCLUK1075,UCL-UK/UCLStrokeData,36488,0.002405949256342957,-1.0,right,4561,0.002405949256342957,-1.0,right
sub-STUCLUK1076,UCL-UK/UCLStrokeData,256,0.0,-1.0,right,32,0.0,-1.0,right
sub-STUCLUK1077,UCL-UK/UCLStrokeData,2286,0.014655172413793103,1.0,left,288,0.006896551724137931,1.0,left
sub-STUCLUK1078,UCL-UK/UCLStrokeData,21161,0.001085725075528701,-1.0,right,2645,0.0011329305135951663,-1.0,right
sub-STUCLUK1079,UCL-UK/UCLStrokeData,14102,0.00014180374361883155,-0.12097574812083392,both,1763,0.0,-0.12081678956324447,both
sub-STUCLUK1080,UCL-UK/UCLStrokeData,2008,0.0,1.0,left,251,0.0,1.0,left
sub-STUCLUK1081,UCL-UK/UCLStrokeData,248,0.0,-1.0,right,31,0.0,-1.0,right
sub-STUCLUK1082,UCL-UK/UCLStrokeData,2216,0.0,-0.9855595667870036,right,277,0.0,-0.9855595667870036,right
sub-STUCLUK1083,UCL-UK/UCLStrokeData,1152,0.0,-1.0,right,144,0.0,-1.0,right
sub-STUCLUK1084,UCL-UK/UCLStrokeData,3592,0.00663716814159292,1.0,left,450,0.004424778761061947,1.0,left
sub-STUCLUK1085,UCL-UK/UCLStrokeData,10480,0.0,-1.0,right,1310,0.0,-1.0,right
sub-STUCLUK1086,UCL-UK/UCLStrokeData,184,0.0,1.0,left,23,0.0,1.0,left
sub-STUCLUK1087,UCL-UK/UCLStrokeData,21496,0.0,1.0,left,2687,0.0,1.0,left
sub-STUCLUK1088,UCL-UK/UCLStrokeData,7286,0.0024644030668127055,1.0,left,913,0.0,1.0,left
sub-STUCLUK1089,UCL-UK/UCLStrokeData,76960,0.0,-1.0,right,9620,0.0,-1.0,right
sub-STUCLUK1090,UCL-UK/UCLStrokeData,12960,0.0,-0.7148148148148148,right,1620,0.0,-0.7148148148148148,right
sub-STUCLUK1091,UCL-UK/UCLStrokeData,43752,0.0,-1.0,right,5469,0.0,-1.0,right
sub-STUCLUK1092,UCL-UK/UCLStrokeData,1944,0.0,1.0,left,243,0.0,1.0,left
sub-STUCLUK1093,UCL-UK/UCLStrokeData,44256,0.0001807337791433219,0.8898264909452925,left,5532,0.0001807337791433219,0.9872382851445664,left
sub-STUCLUK1094,UCL-UK/UCLStrokeData,54479,0.0020699003516998827,0.38716157688125474,left,6821,0.0004396248534583822,0.3928465858705291,left
sub-STUCLUK1095,UCL-UK/UCLStrokeData,20894,0.008823529411764706,1.0,left,2626,0.003415559772296015,1.0,left
sub-STUCLUK1096,UCL-UK/UCLStrokeData,1136,0.0,1.0,left,142,0.0,1.0,left
sub-STUCLUK1097,UCL-UK/UCLStrokeData,12184,0.005225342913128674,1.0,left,1521,0.006531678641410843,1.0,left
sub-STUCLUK1098,UCL-UK/UCLStrokeData,488,0.0,-1.0,right,61,0.0,-1.0,right
sub-STUCLUK1099,UCL-UK/UCLStrokeData,2112,0.0,-1.0,right,264,0.0,-1.0,right
sub-STUCLUK1100,UCL-UK/UCLStrokeData,1464,0.0,1.0,left,183,0.0,1.0,left
sub-STUCLUK1101,UCL-UK/UCLStrokeData,168,0.0,0.9047619047619048,left,21,0.0,0.9047619047619048,left
sub-STUCLUK1102,UCL-UK/UCLStrokeData,528,0.029411764705882353,0.21212121212121213,left,66,0.029411764705882353,0.21212121212121213,left
sub-STUCLUK1103,UCL-UK/UCLStrokeData,720,0.0,1.0,left,90,0.0,1.0,left
sub-STUCLUK1104,UCL-UK/UCLStrokeData,18376,0.0,-1.0,right,2297,0.0,-1.0,right
sub-STUCLUK1105,UCL-UK/UCLStrokeData,832,0.0,1.0,left,104,0.0,1.0,left
sub-STUCLUK1106,UCL-UK/UCLStrokeData,34207,2.9232927970065482e-05,-1.0,right,4276,0.0,-1.0,right
sub-STUCLUK1107,UCL-UK/UCLStrokeData,7296,0.0,-1.0,right,912,0.0,-1.0,right
sub-STUCLUK1108,UCL-UK/UCLStrokeData,13120,0.0,-1.0,right,1640,0.0,-1.0,right
sub-STUCLUK1109,UCL-UK/UCLStrokeData,14856,0.0,-1.0,right,1857,0.0,-1.0,right
sub-STUCLUK1110,UCL-UK/UCLStrokeData,464,0.0,-1.0,right,58,0.0,-1.0,right
sub-STUCLUK1111,UCL-UK/UCLStrokeData,13520,0.0,-1.0,right,1690,0.0,-1.0,right
sub-STUCLUK1112,UCL-UK/UCLStrokeData,1727,0.0005787037037037037,-1.0,right,216,0.0,-1.0,right
sub-STUCLUK1113,UCL-UK/UCLStrokeData,2104,0.0,-1.0,right,263,0.0,-1.0,right
sub-STUCLUK1114,UCL-UK/UCLStrokeData,19838,0.0013089005235602095,0.6731755321903973,left,2483,0.0,0.7208510638297873,left
sub-STUCLUK1115,UCL-UK/UCLStrokeData,22432,0.0,1.0,left,2804,0.0,1.0,left
sub-STUCLUK1116,UCL-UK/UCLStrokeData,128,0.0,-1.0,right,16,0.0,-1.0,right
sub-STUCLUK1117,UCL-UK/UCLStrokeData,3048,0.0,-0.9566982408660352,right,381,0.0,-0.9553072625698324,right
sub-STUCLUK1118,UCL-UK/UCLStrokeData,488,0.0,1.0,left,61,0.0,1.0,left
sub-STUCLUK1119,UCL-UK/UCLStrokeData,216,0.0,1.0,left,27,0.0,1.0,left
sub-STUCLUK1120,UCL-UK/UCLStrokeData,145232,0.0,1.0,left,18154,0.0,1.0,left
sub-STUCLUK1121,UCL-UK/UCLStrokeData,28063,0.0011745444191343963,-1.0,right,3508,0.0011389521640091116,-1.0,right
sub-STUCLUK1122,UCL-UK/UCLStrokeData,7024,0.0,0.6036446469248291,left,878,0.0,0.6036446469248291,left
sub-STUCLUK1123,UCL-UK/UCLStrokeData,224,0.0,1.0,left,28,0.0,1.0,left
sub-STUCLUK1124,UCL-UK/UCLStrokeData,4039,0.00024752475247524753,-0.8058925476603119,right,504,0.0019801980198019802,-0.8055555555555556,right
sub-STUCLUK1125,UCL-UK/UCLStrokeData,8936,0.0,0.6150402864816473,left,1117,0.0,0.6150402864816473,left
sub-STUCLUK1126,UCL-UK/UCLStrokeData,65013,0.005795816001957426,0.9953147877013178,left,8150,0.002936138977244923,0.9992609016999261,left
sub-STUCLUK1127,UCL-UK/UCLStrokeData,135218,0.0046375360697249865,1.0,left,16940,0.00241446322360285,1.0,left
sub-STUCLUK1128,UCL-UK/UCLStrokeData,8720,0.0,-0.998165137614679,right,1090,0.0,-0.998165137614679,right
sub-STUCLUK1129,UCL-UK/UCLStrokeData,9776,0.0,1.0,left,1222,0.0,1.0,left
sub-STUCLUK1130,UCL-UK/UCLStrokeData,3856,0.0,-0.983402489626556,right,482,0.0,-0.983402489626556,right
sub-STUCLUK1131,UCL-UK/UCLStrokeData,5680,0.0,-1.0,right,710,0.0,-1.0,right
sub-STUCLUK1132,UCL-UK/UCLStrokeData,32559,0.0002763448784082535,0.9896267481707882,left,4069,0.0004912797838368951,1.0,left
sub-STUCLUK1133,UCL-UK/UCLStrokeData,1856,0.0,1.0,left,232,0.0,1.0,left
sub-STUCLUK1134,UCL-UK/UCLStrokeData,2047,0.00048828125,1.0,left,256,0.0,1.0,left
sub-STUCLUK1135,UCL-UK/UCLStrokeData,2928,0.0,-1.0,right,366,0.0,-1.0,right
sub-STUCLUK1136,UCL-UK/UCLStrokeData,184,0.0,1.0,left,23,0.0,1.0,left
sub-STUCLUK1137,UCL-UK/UCLStrokeData,232,0.0,-1.0,right,29,0.0,-1.0,right
sub-STUCLUK1138,UCL-UK/UCLStrokeData,45264,0.0,1.0,left,5658,0.0,1.0,left
sub-STUCLUK1139,UCL-UK/UCLStrokeData,2296,0.0,1.0,left,287,0.0,1.0,left
sub-STUCLUK1140,UCL-UK/UCLStrokeData,256,0.0,1.0,left,32,0.0,1.0,left
sub-STUCLUK1141,UCL-UK/UCLStrokeData,1168,0.0,1.0,left,146,0.0,1.0,left
sub-STUCLUK1142,UCL-UK/UCLStrokeData,248,0.0,1.0,left,31,0.0,1.0,left
sub-STUCLUK1143,UCL-UK/UCLStrokeData,10425,0.0022013782542113325,-0.9860478635791106,right,1301,0.0038284839203675345,-0.9858823529411764,right
sub-STUCLUK1144,UCL-UK/UCLStrokeData,672,0.0,-1.0,right,84,0.0,-1.0,right
sub-STUCLUK1145,UCL-UK/UCLStrokeData,408,0.0,1.0,left,51,0.0,1.0,left
sub-STUCLUK1146,UCL-UK/UCLStrokeData,672,0.0,1.0,left,84,0.0,1.0,left
sub-STUCLUK1147,UCL-UK/UCLStrokeData,1752,0.0,1.0,left,219,0.0,1.0,left
sub-STUCLUK1148,UCL-UK/UCLStrokeData,264,0.0,1.0,left,33,0.0,1.0,left
sub-STUCLUK1149,UCL-UK/UCLStrokeData,5336,0.0,1.0,left,667,0.0,1.0,left
sub-STUCLUK1150,UCL-UK/UCLStrokeData,328,0.0,1.0,left,41,0.0,1.0,left
sub-STUCLUK1151,UCL-UK/UCLStrokeData,25706,0.003334367245657568,0.9405239556289827,left,3220,0.0012406947890818859,0.9625277865989202,left
sub-STUCLUK1152,UCL-UK/UCLStrokeData,2840,0.0,-1.0,right,355,0.0,-1.0,right
sub-STUCLUK1153,UCL-UK/UCLStrokeData,29848,0.0,1.0,left,3731,0.0,1.0,left
sub-STUCLUK1154,UCL-UK/UCLStrokeData,13893,0.0002158894645941278,1.0,left,1737,0.0,1.0,left
sub-STUCLUK1155,UCL-UK/UCLStrokeData,102600,0.00980543545398394,-0.9919918746826047,right,12818,0.010345892526250773,-0.9920112781954887,right
sub-STUCLUK1156,UCL-UK/UCLStrokeData,115042,0.004620336402021181,-0.9981884373530283,right,14362,0.005883574444521354,-0.9981825807353558,right
sub-STUCLUK1157,UCL-UK/UCLStrokeData,112,0.0,-1.0,right,14,0.0,-1.0,right
sub-STUCLUK1158,UCL-UK/UCLStrokeData,584,0.0,1.0,left,73,0.0,1.0,left
sub-STUCLUK1159,UCL-UK/UCLStrokeData,6456,0.0,1.0,left,807,0.0,1.0,left
sub-STUCLUK1160,UCL-UK/UCLStrokeData,14656,0.0,1.0,left,1832,0.0,1.0,left
sub-STUCLUK1161,UCL-UK/UCLStrokeData,15120,0.0,1.0,left,1890,0.0,1.0,left
sub-STUCLUK1162,UCL-UK/UCLStrokeData,48968,0.0009792720744246776,-0.9986925968295474,right,6121,0.0009792720744246776,-0.9986921693640674,right
sub-STUCLUK1163,UCL-UK/UCLStrokeData,14916,0.007716870675891432,-1.0,right,1861,0.009579563597658328,-1.0,right
sub-STUCLUK1164,UCL-UK/UCLStrokeData,1320,0.0,-0.9878787878787879,right,165,0.0,-0.9878787878787879,right
sub-STUCLUK1165,UCL-UK/UCLStrokeData,7648,0.0,-1.0,right,956,0.0,-1.0,right
sub-STUCLUK1166,UCL-UK/UCLStrokeData,29504,0.0,-1.0,right,3688,0.0,-1.0,right
sub-STUCLUK1167,UCL-UK/UCLStrokeData,15533,0.00019309989701338825,1.0,left,1942,0.0,1.0,left
sub-STUCLUK1168,UCL-UK/UCLStrokeData,216,0.0,1.0,left,27,0.0,1.0,left
sub-STUCLUK1169,UCL-UK/UCLStrokeData,25549,0.002303967510153077,0.8934709267711848,left,3194,0.0021868166198063107,0.9207984546039922,left
sub-STUCLUK1170,UCL-UK/UCLStrokeData,6544,0.0,0.9242053789731052,left,818,0.0,0.9242053789731052,left
sub-STUCLUK1171,UCL-UK/UCLStrokeData,176,0.0,-0.8181818181818182,right,22,0.0,-0.8181818181818182,right
sub-STUCLUK1172,UCL-UK/UCLStrokeData,1304,0.0,1.0,left,163,0.0,1.0,left
sub-STUCLUK1173,UCL-UK/UCLStrokeData,344,0.0,0.813953488372093,left,43,0.0,0.813953488372093,left
sub-STUCLUK1174,UCL-UK/UCLStrokeData,11168,0.0,-1.0,right,1396,0.0,-1.0,right
sub-STUCLUK1175,UCL-UK/UCLStrokeData,6512,0.0,-0.4594594594594595,right,814,0.0,-0.4594594594594595,right
sub-STUCLUK1176,UCL-UK/UCLStrokeData,120,0.0,1.0,left,15,0.0,1.0,left
sub-STUCLUK1177,UCL-UK/UCLStrokeData,2640,0.0,-0.8787878787878788,right,330,0.0,-0.8787878787878788,right
sub-STUCLUK1178,UCL-UK/UCLStrokeData,856,0.0,-1.0,right,107,0.0,-1.0,right
sub-STUCLUK1179,UCL-UK/UCLStrokeData,48,0.0,-1.0,right,6,0.0,-1.0,right
sub-STUCLUK1180,UCL-UK/UCLStrokeData,8098,0.00662414131501472,0.9095502779181405,left,1014,0.004906771344455349,0.9545454545454546,left
sub-STUCLUK1181,UCL-UK/UCLStrokeData,1248,0.0,-1.0,right,156,0.0,-1.0,right
sub-STUCLUK1182,UCL-UK/UCLStrokeData,4880,0.0,1.0,left,610,0.0,1.0,left
sub-STUCLUK1183,UCL-UK/UCLStrokeData,704,0.0,1.0,left,88,0.0,1.0,left
sub-STUCLUK1184,UCL-UK/UCLStrokeData,1280,0.0,1.0,left,160,0.0,1.0,left
sub-STUCLUK1185,UCL-UK/UCLStrokeData,10200,0.0,-1.0,right,1275,0.0,-1.0,right
sub-STUCLUK1186,UCL-UK/UCLStrokeData,160,0.0,-1.0,right,20,0.0,-1.0,right
sub-STUCLUK1187,UCL-UK/UCLStrokeData,3660,0.005434782608695652,-1.0,right,456,0.008695652173913044,-1.0,right
sub-STUCLUK1188,UCL-UK/UCLStrokeData,392,0.0,1.0,left,49,0.0,1.0,left
sub-STUCLUK1189,UCL-UK/UCLStrokeData,1656,0.0,-1.0,right,207,0.0,-1.0,right
sub-STUCLUK1190,UCL-UK/UCLStrokeData,43792,0.0,1.0,left,5474,0.0,1.0,left
sub-STUCLUK1191,UCL-UK/UCLStrokeData,4496,0.0,-1.0,right,562,0.0,-1.0,right
sub-STUCLUK1192,UCL-UK/UCLStrokeData,8616,0.0,1.0,left,1077,0.0,1.0,left
sub-STUCLUK1193,UCL-UK/UCLStrokeData,4800,0.0,-1.0,right,600,0.0,-1.0,right
sub-STUCLUK1194,UCL-UK/UCLStrokeData,80,0.0,0.7777777777777778,left,10,0.0,1.0,left
sub-STUCLUK1195,UCL-UK/UCLStrokeData,2576,0.0,1.0,left,322,0.0,1.0,left
sub-STUCLUK1196,UCL-UK/UCLStrokeData,25528,0.0,-1.0,right,3191,0.0,-1.0,right
sub-STUCLUK1197,UCL-UK/UCLStrokeData,1016,0.0,-1.0,right,127,0.0,-1.0,right
sub-STUCLUK1198,UCL-UK/UCLStrokeData,16928,0.0,0.10658455708195168,both,2116,0.0,0.10921177587844255,both
sub-STUCLUK1199,UCL-UK/UCLStrokeData,1512,0.0,0.8823529411764706,left,189,0.0,1.0,left
sub-STUCLUK1200,UCL-UK/UCLStrokeData,96,0.0,1.0,left,12,0.0,1.0,left
sub-STUCLUK1201,UCL-UK/UCLStrokeData,3072,0.0,-1.0,right,384,0.0,-1.0,right
sub-STUCLUK1202,UCL-UK/UCLStrokeData,4218,0.0272140221402214,-1.0,right,525,0.03136531365313653,-1.0,right
sub-STUCLUK1203,UCL-UK/UCLStrokeData,56,0.0,-1.0,right,7,0.0,-1.0,right
sub-STUCLUK1204,UCL-UK/UCLStrokeData,37368,0.0,1.0,left,4671,0.0,1.0,left
sub-STUCLUK1205,UCL-UK/UCLStrokeData,54322,0.0008460859329017068,-0.9961088038313316,right,6791,0.0007357268981753973,-0.9960450258594463,right
sub-STUCLUK1206,UCL-UK/UCLStrokeData,40,0.0,-1.0,right,5,0.0,-1.0,right
sub-STUCLUK1207,UCL-UK/UCLStrokeData,1424,0.0,1.0,left,178,0.0,1.0,left
sub-STUCLUK1208,UCL-UK/UCLStrokeData,27736,0.0,-1.0,right,3467,0.0,-1.0,right
sub-STUCLUK1209,UCL-UK/UCLStrokeData,17436,0.00022935779816513763,-0.9925702345019736,right,2180,0.0,-0.9924812030075187,right
sub-STUCLUK1210,UCL-UK/UCLStrokeData,3224,0.0,-1.0,right,403,0.0,-1.0,right
sub-STUCLUK1211,UCL-UK/UCLStrokeData,1808,0.0,1.0,left,226,0.0,1.0,left
sub-STUCLUK1212,UCL-UK/UCLStrokeData,976,0.0,1.0,left,122,0.0,1.0,left
sub-STUCLUK1213,UCL-UK/UCLStrokeData,568,0.0,-1.0,right,71,0.0,-1.0,right
sub-STUCLUK1214,UCL-UK/UCLStrokeData,728,0.0,-1.0,right,91,0.0,-1.0,right
sub-STUCLUK1215,UCL-UK/UCLStrokeData,9687,0.00010322047894302229,-0.8563022607618458,right,1211,0.0,-0.856317093311313,right
sub-STUCLUK1216,UCL-UK/UCLStrokeData,336,0.0,1.0,left,42,0.0,1.0,left
sub-STUCLUK1217,UCL-UK/UCLStrokeData,888,0.0,-1.0,right,111,0.0,-1.0,right
sub-STUCLUK1218,UCL-UK/UCLStrokeData,256,0.0,-1.0,right,32,0.0,-1.0,right
sub-STUCLUK1219,UCL-UK/UCLStrokeData,40,0.0,-1.0,right,5,0.0,-1.0,right
sub-STUCLUK1220,UCL-UK/UCLStrokeData,73278,0.00046377127891750327,0.04330157335456767,both,9161,0.00032736796158882583,0.04938680808750414,both
sub-STUCLUK1221,UCL-UK/UCLStrokeData,168,0.0,-1.0,right,21,0.0,-1.0,right
sub-STUCLUK1222,UCL-UK/UCLStrokeData,59544,0.0,1.0,left,7443,0.0,1.0,left
sub-STUCLUK1223,UCL-UK/UCLStrokeData,3680,0.0,-0.8260869565217391,right,460,0.0,-0.8260869565217391,right
sub-STUCLUK1224,UCL-UK/UCLStrokeData,8680,0.0,-0.9668202764976959,right,1085,0.0,-0.9668202764976959,right
sub-STUCLUK1225,UCL-UK/UCLStrokeData,667,0.00744047619047619,-1.0,right,84,0.0,-1.0,right
sub-STUCLUK1226,UCL-UK/UCLStrokeData,6192,0.005141388174807198,1.0,left,778,0.0,1.0,left
sub-STUCLUK1227,UCL-UK/UCLStrokeData,168,0.0,1.0,left,21,0.0,1.0,left
sub-STUCLUK1228,UCL-UK/UCLStrokeData,96,0.0,0.8181818181818182,left,12,0.0,1.0,left
sub-STUCLUK1229,UCL-UK/UCLStrokeData,9551,0.01900164338537387,1.0,left,1206,0.009038619556285949,1.0,left
sub-STUCLUK1230,UCL-UK/UCLStrokeData,712,0.0,0.6404494382022472,left,89,0.0,0.6404494382022472,left
sub-STUCLUK1231,UCL-UK/UCLStrokeData,264,0.0,-1.0,right,33,0.0,-1.0,right
sub-STUCLUK1232,UCL-UK/UCLStrokeData,912,0.0,-1.0,right,114,0.0,-1.0,right
sub-STUCLUK1233,UCL-UK/UCLStrokeData,552,0.0,1.0,left,69,0.0,1.0,left
sub-STUCLUK1234,UCL-UK/UCLStrokeData,16520,0.0,-1.0,right,2065,0.0,-1.0,right
sub-STUCLUK1235,UCL-UK/UCLStrokeData,512,0.0,-1.0,right,64,0.0,-1.0,right
sub-STUCLUK1236,UCL-UK/UCLStrokeData,888,0.0,1.0,left,111,0.0,1.0,left
sub-STUCLUK1237,UCL-UK/UCLStrokeData,520,0.0,1.0,left,65,0.0,1.0,left
sub-STUCLUK1238,UCL-UK/UCLStrokeData,9685,0.006055008210180624,-1.0,right,1214,0.003284072249589491,-1.0,right
sub-STUCLUK1239,UCL-UK/UCLStrokeData,9464,0.0016877637130801688,1.0,left,1185,0.0,1.0,left
sub-STUCLUK1240,UCL-UK/UCLStrokeData,280,0.0,-1.0,right,35,0.0,-1.0,right
sub-STUCLUK1241,UCL-UK/UCLStrokeData,9624,0.0,0.9966749792186201,left,1203,0.0,0.9966749792186201,left
sub-STUCLUK1242,UCL-UK/UCLStrokeData,472,0.0,-1.0,right,59,0.0,-1.0,right
sub-STUCLUK1243,UCL-UK/UCLStrokeData,216,0.0,0.4883720930232558,left,27,0.0,1.0,left
sub-STUCLUK1244,UCL-UK/UCLStrokeData,7846,0.0012729124236252546,1.0,left,982,0.0,1.0,left
sub-STUCLUK1245,UCL-UK/UCLStrokeData,712,0.0,1.0,left,89,0.0,1.0,left
sub-STUCLUK1246,UCL-UK/UCLStrokeData,1072,0.0,1.0,left,134,0.0,1.0,left
sub-STUCLUK1247,UCL-UK/UCLStrokeData,25736,0.0,-1.0,right,3217,0.0,-1.0,right
sub-STUCLUK1248,UCL-UK/UCLStrokeData,848,0.0,1.0,left,106,0.0,1.0,left
sub-STUCLUK1249,UCL-UK/UCLStrokeData,768,0.0,0.7543859649122807,left,96,0.0,1.0,left
sub-STUCLUK1250,UCL-UK/UCLStrokeData,3616,0.0,-1.0,right,452,0.0,-1.0,right
sub-STUCLUK1251,UCL-UK/UCLStrokeData,631,0.0140625,0.8510301109350238,left,80,0.0,0.825,left
sub-STUCLUK1252,UCL-UK/UCLStrokeData,504,0.0,-1.0,right,63,0.0,-1.0,right
sub-STUCLUK1253,UCL-UK/UCLStrokeData,20448,0.0,-1.0,right,2556,0.0,-1.0,right
sub-STUCLUK1254,UCL-UK/UCLStrokeData,128,0.0,-1.0,right,16,0.0,-1.0,right
sub-STUCLUK1255,UCL-UK/UCLStrokeData,22002,0.004254163649529326,1.0,left,2750,0.004344677769732078,1.0,left
sub-STUCLUK1256,UCL-UK/UCLStrokeData,1896,0.0,1.0,left,237,0.0,1.0,left
sub-STUCLUK1257,UCL-UK/UCLStrokeData,19057,0.000786493288590604,0.9957932376294895,left,2381,0.0012583892617449664,1.0,left
sub-STUCLUK1258,UCL-UK/UCLStrokeData,680,0.0,1.0,left,85,0.0,1.0,left
sub-STUCLUK1259,UCL-UK/UCLStrokeData,1976,0.0,1.0,left,247,0.0,1.0,left
sub-STUCLUK1260,UCL-UK/UCLStrokeData,920,0.0,-1.0,right,115,0.0,-1.0,right
sub-STUCLUK1261,UCL-UK/UCLStrokeData,280,0.0,1.0,left,35,0.0,1.0,left
sub-STUCLUK1262,UCL-UK/UCLStrokeData,208,0.0,-1.0,right,26,0.0,-1.0,right
sub-STUCLUK1263,UCL-UK/UCLStrokeData,160,0.0,1.0,left,20,0.0,1.0,left
sub-STUCLUK1264,UCL-UK/UCLStrokeData,15584,0.0,1.0,left,1948,0.0,1.0,left
sub-STUCLUK1265,UCL-UK/UCLStrokeData,52514,0.0008751902587519026,-1.0,right,6564,0.0009132420091324201,-1.0,right
sub-STUCLUK1266,UCL-UK/UCLStrokeData,17768,0.0,1.0,left,2221,0.0,1.0,left
sub-STUCLUK1267,UCL-UK/UCLStrokeData,148114,0.0006881848113563987,-1.0,right,18516,0.0005937280725427755,-1.0,right
sub-STUCLUK1268,UCL-UK/UCLStrokeData,856,0.0,-1.0,right,107,0.0,-1.0,right
sub-STUCLUK1269,UCL-UK/UCLStrokeData,3323,0.0038968824940047962,1.0,left,417,0.0,1.0,left
sub-STUCLUK1270,UCL-UK/UCLStrokeData,4056,0.0,1.0,left,507,0.0,1.0,left
sub-STUCLUK1271,UCL-UK/UCLStrokeData,32528,0.0,-1.0,right,4066,0.0,-1.0,right
sub-STUCLUK1272,UCL-UK/UCLStrokeData,1880,0.0,1.0,left,235,0.0,1.0,left
sub-STUCLUK1273,UCL-UK/UCLStrokeData,1728,0.0,-1.0,right,216,0.0,-1.0,right
sub-STUCLUK1274,UCL-UK/UCLStrokeData,25872,0.0,1.0,left,3234,0.0,1.0,left
sub-STUCLUK1275,UCL-UK/UCLStrokeData,1824,0.0,0.6575682382133995,left,228,0.0,0.9085714285714286,left
sub-STUCLUK1276,UCL-UK/UCLStrokeData,224,0.0,1.0,left,28,0.0,1.0,left
sub-STUCLUK1277,UCL-UK/UCLStrokeData,48,0.0,1.0,left,6,0.0,1.0,left
sub-STUCLUK1278,UCL-UK/UCLStrokeData,6368,0.0,1.0,left,796,0.0,1.0,left
sub-STUCLUK1279,UCL-UK/UCLStrokeData,6071,0.0014802631578947369,1.0,left,760,0.0,1.0,left
sub-STUCLUK1280,UCL-UK/UCLStrokeData,176,0.0,-1.0,right,22,0.0,-1.0,right
sub-STUCLUK1281,UCL-UK/UCLStrokeData,11988,0.015440210249671484,-1.0,right,1498,0.01576872536136662,-1.0,right
sub-STUCLUK1282,UCL-UK/UCLStrokeData,12304,0.0,-1.0,right,1538,0.0,-1.0,right
sub-STUCLUK1283,UCL-UK/UCLStrokeData,8784,0.0,-1.0,right,1098,0.0,-1.0,right
sub-STUCLUK1284,UCL-UK/UCLStrokeData,48,0.0,-1.0,right,6,0.0,,
sub-STUCLUK1285,UCL-UK/UCLStrokeData,2392,0.0,-1.0,right,299,0.0,-1.0,right
sub-STUCLUK1286,UCL-UK/UCLStrokeData,552,0.0,1.0,left,69,0.0,1.0,left
sub-STUCLUK1287,UCL-UK/UCLStrokeData,808,0.0,-1.0,right,101,0.0,-1.0,right
sub-STUCLUK1288,UCL-UK/UCLStrokeData,136,0.0,1.0,left,17,0.0,1.0,left
sub-STUCLUK1289,UCL-UK/UCLStrokeData,144,0.0,1.0,left,18,0.0,1.0,left
sub-STUCLUK1290,UCL-UK/UCLStrokeData,224,0.0,-1.0,right,28,0.0,-1.0,right
sub-STUCLUK1291,UCL-UK/UCLStrokeData,1040,0.0,-1.0,right,130,0.0,-1.0,right
sub-STUCLUK1292,UCL-UK/UCLStrokeData,4237,0.0007075471698113207,1.0,left,530,0.0,1.0,left
sub-STUCLUK1293,UCL-UK/UCLStrokeData,32586,0.0004294478527607362,-1.0,right,4075,0.0,-1.0,right
sub-STUCLUK1294,UCL-UK/UCLStrokeData,6216,0.0,1.0,left,777,0.0,1.0,left
sub-STUCLUK1295,UCL-UK/UCLStrokeData,128,0.0,-1.0,right,16,0.0,-1.0,right
sub-STUCLUK1296,UCL-UK/UCLStrokeData,1288,0.0,1.0,left,161,0.0,1.0,left
sub-STUCLUK1297,UCL-UK/UCLStrokeData,480,0.0,-1.0,right,60,0.0,-1.0,right
sub-STUCLUK1298,UCL-UK/UCLStrokeData,10240,0.0,1.0,left,1280,0.0,1.0,left
sub-STUCLUK1299,UCL-UK/UCLStrokeData,25976,0.0,-0.9784416384354789,right,3247,0.0,-0.9784416384354789,right
sub-STUCLUK1300,UCL-UK/UCLStrokeData,152,0.0,-1.0,right,19,0.0,-1.0,right
sub-STUCLUK1301,UCL-UK/UCLStrokeData,440,0.0,1.0,left,55,0.0,1.0,left
sub-STUCLUK1302,UCL-UK/UCLStrokeData,1416,0.0,-1.0,right,177,0.0,-1.0,right
sub-STUCLUK1303,UCL-UK/UCLStrokeData,1784,0.0,-1.0,right,223,0.0,-1.0,right
sub-STUCLUK1304,UCL-UK/UCLStrokeData,696,0.0,-1.0,right,87,0.0,-1.0,right
sub-STUCLUK1305,UCL-UK/UCLStrokeData,1272,0.0,-1.0,right,159,0.0,-1.0,right
sub-STUCLUK1306,UCL-UK/UCLStrokeData,358,0.08673469387755102,1.0,left,47,0.04081632653061224,1.0,left
sub-STUCLUK1307,UCL-UK/UCLStrokeData,664,0.0,1.0,left,83,0.0,1.0,left
sub-STUCLUK1308,UCL-UK/UCLStrokeData,11072,0.0,1.0,left,1384,0.0,1.0,left
sub-STUCLUK1309,UCL-UK/UCLStrokeData,80,0.0,-1.0,right,10,0.0,-1.0,right
sub-STUCLUK1310,UCL-UK/UCLStrokeData,14256,0.0,-0.93149915777653,right,1782,0.0,-0.9314606741573034,right
sub-STUCLUK1311,UCL-UK/UCLStrokeData,424,0.0,-0.8113207547169812,right,53,0.0,-0.8113207547169812,right
sub-STUCLUK1312,UCL-UK/UCLStrokeData,7858,0.000762970498474059,-1.0,right,983,0.0,-1.0,right
sub-STUCLUK1313,UCL-UK/UCLStrokeData,17432,0.0,1.0,left,2179,0.0,1.0,left
sub-STUCLUK1314,UCL-UK/UCLStrokeData,152,0.0,1.0,left,19,0.0,1.0,left
sub-STUCLUK1315,UCL-UK/UCLStrokeData,46808,0.0015358361774744026,-1.0,right,5851,0.0015358361774744026,-1.0,right
sub-STUCLUK1316,UCL-UK/UCLStrokeData,21360,0.0,1.0,left,2670,0.0,1.0,left
sub-STUCLUK1317,UCL-UK/UCLStrokeData,1471,0.0006793478260869565,1.0,left,184,0.0,1.0,left
sub-STUCLUK1318,UCL-UK/UCLStrokeData,6032,0.0,1.0,left,754,0.0,1.0,left
sub-STUCLUK1319,UCL-UK/UCLStrokeData,2696,0.0,-1.0,right,337,0.0,-1.0,right
sub-STUCLUK1320,UCL-UK/UCLStrokeData,72,0.0,1.0,left,9,0.0,1.0,left
sub-STUCLUK1321,UCL-UK/UCLStrokeData,2576,0.0,-1.0,right,322,0.0,-1.0,right
sub-STUCLUK1322,UCL-UK/UCLStrokeData,1512,0.0,-1.0,right,189,0.0,-1.0,right
sub-STUCLUK1323,UCL-UK/UCLStrokeData,6864,0.0,0.9743589743589743,left,858,0.0,0.9743589743589743,left
sub-STUCLUK1324,UCL-UK/UCLStrokeData,15848,0.0,-1.0,right,1981,0.0,-1.0,right
sub-STUCLUK1325,UCL-UK/UCLStrokeData,2845,0.001053370786516854,1.0,left,356,0.0,1.0,left
sub-STUCLUK1326,UCL-UK/UCLStrokeData,2792,0.0,-1.0,right,349,0.0,-1.0,right
sub-STUCLUK1327,UCL-UK/UCLStrokeData,1248,0.0,-1.0,right,156,0.0,-1.0,right
sub-STUCLUK1328,UCL-UK/UCLStrokeData,160,0.0,1.0,left,20,0.0,1.0,left
sub-STUCLUK1329,UCL-UK/UCLStrokeData,9776,0.0,0.9616346955796498,left,1222,0.0,1.0,left
sub-STUCLUK1330,UCL-UK/UCLStrokeData,13712,0.002328288707799767,0.82174688057041,left,1715,0.0017462165308498253,0.8560193587416818,left
sub-STUCLUK1331,UCL-UK/UCLStrokeData,56445,0.001609593887080798,1.0,left,7063,0.0005660110372152257,1.0,left
sub-STUCLUK1332,UCL-UK/UCLStrokeData,13320,0.0,0.9975947083583885,left,1665,0.0,1.0,left
sub-STUCLUK1333,UCL-UK/UCLStrokeData,168,0.0,1.0,left,21,0.0,1.0,left
sub-STUCLUK1334,UCL-UK/UCLStrokeData,24216,0.0,1.0,left,3027,0.0,1.0,left
sub-STUCLUK1335,UCL-UK/UCLStrokeData,5744,0.0,-1.0,right,718,0.0,-1.0,right
sub-STUCLUK1336,UCL-UK/UCLStrokeData,49969,0.0003000960307298335,1.0,left,6247,0.00016005121638924455,1.0,left
sub-STUCLUK1337,UCL-UK/UCLStrokeData,2192,0.0,1.0,left,274,0.0,1.0,left
sub-STUCLUK1338,UCL-UK/UCLStrokeData,80509,0.0008315131056393963,1.0,left,10070,0.00019857029388403494,1.0,left
sub-STUCLUK1339,UCL-UK/UCLStrokeData,1640,0.0,1.0,left,205,0.0,1.0,left
sub-STUCLUK1340,UCL-UK/UCLStrokeData,15760,0.0005073566717402334,-1.0,right,1970,0.0005073566717402334,-1.0,right
sub-STUCLUK1341,UCL-UK/UCLStrokeData,657,0.06676136363636363,-1.0,right,83,0.056818181818181816,-1.0,right
sub-STUCLUK1342,UCL-UK/UCLStrokeData,1338,0.004464285714285714,-1.0,right,168,0.0,-1.0,right
sub-STUCLUK1343,UCL-UK/UCLStrokeData,7080,0.0,-1.0,right,885,0.0,-1.0,right
sub-STUCLUK1344,UCL-UK/UCLStrokeData,1144,0.0,-1.0,right,143,0.0,-1.0,right
sub-STUCLUK1345,UCL-UK/UCLStrokeData,2104,0.0,-1.0,right,263,0.0,-1.0,right
sub-STUCLUK1346,UCL-UK/UCLStrokeData,10750,0.00610207100591716,-1.0,right,1346,0.004437869822485207,-1.0,right
sub-STUCLUK1347,UCL-UK/UCLStrokeData,856,0.0,1.0,left,107,0.0,1.0,left
sub-STUCLUK1348,UCL-UK/UCLStrokeData,696,0.0,-1.0,right,87,0.0,-1.0,right
sub-STUCLUK1349,UCL-UK/UCLStrokeData,16536,0.0,-1.0,right,2067,0.0,-1.0,right
sub-STUCLUK1350,UCL-UK/UCLStrokeData,5648,0.0,-1.0,right,706,0.0,-1.0,right
sub-STUCLUK1351,UCL-UK/UCLStrokeData,1184,0.0,-1.0,right,148,0.0,-1.0,right
sub-STUCLUK1352,UCL-UK/UCLStrokeData,344,0.0,-1.0,right,43,0.0,-1.0,right
sub-STUCLUK1353,UCL-UK/UCLStrokeData,176,0.0,1.0,left,22,0.0,1.0,left
sub-STUCLUK1354,UCL-UK/UCLStrokeData,2724,0.001466275659824047,-1.0,right,340,0.002932551319648094,-1.0,right
sub-STUCLUK1355,UCL-UK/UCLStrokeData,1184,0.0,-1.0,right,148,0.0,-1.0,right
sub-STUCLUK1356,UCL-UK/UCLStrokeData,6936,0.0,-1.0,right,867,0.0,-1.0,right
sub-STUCLUK1357,UCL-UK/UCLStrokeData,163443,0.009196168768186228,-1.0,right,20467,0.007419980601357905,-1.0,right
sub-STUCLUK1358,UCL-UK/UCLStrokeData,2543,0.00039308176100628933,-1.0,right,318,0.0,-1.0,right
sub-STUCLUK1359,UCL-UK/UCLStrokeData,2280,0.0,-0.9228070175438596,right,285,0.0,-0.9228070175438596,right
sub-STUCLUK1360,UCL-UK/UCLStrokeData,1488,0.0,-0.8817204301075269,right,186,0.0,-0.8817204301075269,right
sub-STUCLUK1361,UCL-UK/UCLStrokeData,4976,0.0,-1.0,right,622,0.0,-1.0,right
sub-STUCLUK1362,UCL-UK/UCLStrokeData,1344,0.0,0.9819819819819819,left,168,0.0,1.0,left
sub-STUCLUK1363,UCL-UK/UCLStrokeData,11352,0.0,1.0,left,1419,0.0,1.0,left
sub-STUCLUK1364,UCL-UK/UCLStrokeData,2048,0.0,-1.0,right,256,0.0,-1.0,right
sub-STUCLUK1365,UCL-UK/UCLStrokeData,624,0.0,-1.0,right,78,0.0,-1.0,right
sub-STUCLUK1366,UCL-UK/UCLStrokeData,19160,0.0,1.0,left,2395,0.0,1.0,left
sub-STUCLUK1367,UCL-UK/UCLStrokeData,6400,0.0,-1.0,right,800,0.0,-1.0,right
sub-STUCLUK1368,UCL-UK/UCLStrokeData,2040,0.0,1.0,left,255,0.0,1.0,left
sub-STUCLUK1369,UCL-UK/UCLStrokeData,40904,0.0,-1.0,right,5113,0.0,-1.0,right
sub-STUCLUK1370,UCL-UK/UCLStrokeData,9116,0.0021891418563922942,1.0,left,1142,0.0,1.0,left
sub-STUCLUK1371,UCL-UK/UCLStrokeData,51465,0.0001359962698165993,0.7153295099699981,left,6434,0.0,0.8060856111397627,left
sub-STUCLUK1372,UCL-UK/UCLStrokeData,1856,0.0,1.0,left,232,0.0,1.0,left
sub-STUCLUK1373,UCL-UK/UCLStrokeData,256,0.0,1.0,left,32,0.0,1.0,left
sub-STUCLUK1374,UCL-UK/UCLStrokeData,128,0.0,1.0,left,16,0.0,1.0,left
sub-STUCLUK1375,UCL-UK/UCLStrokeData,80,0.0,1.0,left,10,0.0,1.0,left
sub-STUCLUK1376,UCL-UK/UCLStrokeData,2200,0.0,0.5709090909090909,left,275,0.0,0.5709090909090909,left
sub-STUCLUK1377,UCL-UK/UCLStrokeData,9424,0.0,-0.2733446519524618,right,1178,0.0,-0.2733446519524618,right
sub-STUCLUK1378,UCL-UK/UCLStrokeData,112,0.0,-1.0,right,14,0.0,-1.0,right
sub-STUCLUK1379,UCL-UK/UCLStrokeData,1680,0.0,-0.6476190476190476,right,210,0.0,-0.6476190476190476,right
sub-STUCLUK1380,UCL-UK/UCLStrokeData,112,0.0,-1.0,right,14,0.0,-1.0,right
sub-STUCLUK1381,UCL-UK/UCLStrokeData,1299,0.003834355828220859,1.0,left,162,0.006134969325153374,1.0,left
sub-STUCLUK1382,UCL-UK/UCLStrokeData,368,0.0,1.0,left,46,0.0,1.0,left
sub-STUCLUK1383,UCL-UK/UCLStrokeData,17655,0.001414027149321267,-0.8724989967322135,right,2205,0.0022624434389140274,-0.870817843866171,right
sub-STUCLUK1384,UCL-UK/UCLStrokeData,440,0.0,-1.0,right,55,0.0,-1.0,right
sub-STUCLUK1385,UCL-UK/UCLStrokeData,1736,0.0,0.9672131147540983,left,217,0.0,1.0,left
sub-STUCLUK1386,UCL-UK/UCLStrokeData,2928,0.0,-1.0,right,366,0.0,-1.0,right
sub-STUCLUK1387,UCL-UK/UCLStrokeData,1656,0.0,0.8840579710144928,left,207,0.0,0.8840579710144928,left
sub-STUCLUK1388,UCL-UK/UCLStrokeData,2648,0.0,0.9119496855345912,left,331,0.0,0.9934426229508196,left
sub-STUCLUK1389,UCL-UK/UCLStrokeData,984,0.0,0.25,left,123,0.0,0.5294117647058824,left
sub-STUCLUK1390,UCL-UK/UCLStrokeData,351,0.002840909090909091,1.0,left,44,0.0,1.0,left
sub-STUCLUK1391,UCL-UK/UCLStrokeData,4184,0.0,0.2045889101338432,left,523,0.0,0.2045889101338432,left
sub-STUCLUK1392,UCL-UK/UCLStrokeData,100736,0.0,-1.0,right,12592,0.0,-1.0,right
sub-STUCLUK1393,UCL-UK/UCLStrokeData,6567,0.0013686131386861315,1.0,left,822,0.0,1.0,left
sub-STUCLUK1394,UCL-UK/UCLStrokeData,64,0.0,-1.0,right,8,0.0,-1.0,right
sub-STUCLUK1395,UCL-UK/UCLStrokeData,25394,0.006805381727158949,1.0,left,3186,0.0031289111389236545,1.0,left
sub-STUCLUK1396,UCL-UK/UCLStrokeData,5997,0.008432539682539682,1.0,left,750,0.007936507936507936,1.0,left
sub-STUCLUK1397,UCL-UK/UCLStrokeData,152,0.0,-1.0,right,19,0.0,-1.0,right
sub-STUCLUK1398,UCL-UK/UCLStrokeData,760,0.0,1.0,left,95,0.0,1.0,left
sub-STUCLUK1399,UCL-UK/UCLStrokeData,1384,0.0,-1.0,right,173,0.0,-1.0,right
sub-STUCLUK1400,UCL-UK/UCLStrokeData,20776,0.0,-1.0,right,2597,0.0,-1.0,right
sub-STUCLUK1401,UCL-UK/UCLStrokeData,224,0.0,1.0,left,28,0.0,1.0,left
sub-STUCLUK1402,UCL-UK/UCLStrokeData,2896,0.0,1.0,left,362,0.0,1.0,left
sub-STUCLUK1403,UCL-UK/UCLStrokeData,66097,0.001555891238670695,1.0,left,8269,0.0007250755287009063,1.0,left
sub-STUCLUK1404,UCL-UK/UCLStrokeData,783,0.011363636363636364,-1.0,right,99,0.0,-1.0,right
sub-STUCLUK1405,UCL-UK/UCLStrokeData,1200,0.0,0.972972972972973,left,150,0.0,1.0,left
sub-STUCLUK1406,UCL-UK/UCLStrokeData,13064,0.0,-0.9804041641151255,right,1633,0.0,-0.9804041641151255,right
sub-STUCLUK1407,UCL-UK/UCLStrokeData,3112,0.0,-1.0,right,389,0.0,-1.0,right
sub-STUCLUK1408,UCL-UK/UCLStrokeData,136,0.0,-1.0,right,17,0.0,-1.0,right
sub-STUCLUK1409,UCL-UK/UCLStrokeData,2704,0.0,1.0,left,338,0.0,1.0,left
sub-STUCLUK1410,UCL-UK/UCLStrokeData,3736,0.0,-0.6702355460385439,right,467,0.0,-0.6702355460385439,right
sub-STUCLUK1411,UCL-UK/UCLStrokeData,496,0.0,0.6451612903225806,left,62,0.0,0.6451612903225806,left
sub-STUCLUK1412,UCL-UK/UCLStrokeData,17128,0.0,-0.9925268566090611,right,2141,0.0,-0.9925268566090611,right
sub-STUCLUK1413,UCL-UK/UCLStrokeData,22896,0.0,-1.0,right,2862,0.0,-1.0,right
sub-STUCLUK1414,UCL-UK/UCLStrokeData,400,0.0,-1.0,right,50,0.0,-1.0,right
sub-STUCLUK1415,UCL-UK/UCLStrokeData,152,0.0,1.0,left,19,0.0,1.0,left
sub-STUCLUK1416,UCL-UK/UCLStrokeData,10816,0.0,-1.0,right,1352,0.0,-1.0,right
sub-STUCLUK1417,UCL-UK/UCLStrokeData,2968,0.0,-1.0,right,371,0.0,-1.0,right
sub-STUCLUK1418,UCL-UK/UCLStrokeData,4728,0.0,1.0,left,591,0.0,1.0,left
sub-STUCLUK1419,UCL-UK/UCLStrokeData,74080,0.0,1.0,left,9260,0.0,1.0,left
sub-STUCLUK1420,UCL-UK/UCLStrokeData,16799,5.9523809523809524e-05,-1.0,right,2100,0.0,-1.0,right
sub-STUCLUK1421,UCL-UK/UCLStrokeData,1528,0.0,-0.9790575916230366,right,191,0.0,-0.9790575916230366,right
sub-STUCLUK1422,UCL-UK/UCLStrokeData,2093,0.01644736842105263,-1.0,right,261,0.018796992481203006,-1.0,right
sub-STUCLUK1423,UCL-UK/UCLStrokeData,1976,0.0,-1.0,right,247,0.0,-1.0,right
sub-STUCLUK1424,UCL-UK/UCLStrokeData,66319,0.0007383076181292189,0.21080966318375519,left,8290,0.0007232401157184186,0.2178157413056742,left
sub-STUCLUK1425,UCL-UK/UCLStrokeData,46906,0.0030181941846624725,-1.0,right,5869,0.0020404693079408265,-1.0,right
sub-STUCLUK1426,UCL-UK/UCLStrokeData,752,0.0,0.8994413407821229,left,94,0.0,1.0,left
sub-STUCLUK1427,UCL-UK/UCLStrokeData,48968,0.0,1.0,left,6121,0.0,1.0,left
sub-STUCLUK1428,UCL-UK/UCLStrokeData,11560,0.0,-1.0,right,1445,0.0,-1.0,right
sub-STUCLUK1429,UCL-UK/UCLStrokeData,111234,0.00019774214424390596,-1.0,right,13905,0.00014381246854102252,-1.0,right
sub-STUCLUK1430,UCL-UK/UCLStrokeData,1184,0.0,1.0,left,148,0.0,1.0,left
sub-STUCLUK1431,UCL-UK/UCLStrokeData,416,0.0,-0.8222222222222222,right,52,0.0,-0.7894736842105263,right
sub-STUCLUK1432,UCL-UK/UCLStrokeData,11080,0.0,0.9781021897810219,left,1385,0.0,1.0,left
sub-STUCLUK1433,UCL-UK/UCLStrokeData,6840,0.0,0.9988297249853716,left,855,0.0,1.0,left
sub-STUCLUK1434,UCL-UK/UCLStrokeData,19472,0.0,-1.0,right,2434,0.0,-1.0,right
sub-STUCLUK1435,UCL-UK/UCLStrokeData,16112,0.0,-1.0,right,2014,0.0,-1.0,right
sub-STUCLUK1436,UCL-UK/UCLStrokeData,408,0.0,-0.7647058823529411,right,51,0.0,-0.7647058823529411,right
sub-STUCLUK1437,UCL-UK/UCLStrokeData,4957,0.0006048387096774194,-1.0,right,620,0.0,-1.0,right
sub-STUCLUK1438,UCL-UK/UCLStrokeData,8600,0.0,1.0,left,1075,0.0,1.0,left
sub-STUCLUK1439,UCL-UK/UCLStrokeData,856,0.0,1.0,left,107,0.0,1.0,left
sub-STUCLUK1440,UCL-UK/UCLStrokeData,288,0.0,1.0,left,36,0.0,1.0,left
sub-STUCLUK1441,UCL-UK/UCLStrokeData,7984,0.0,1.0,left,998,0.0,1.0,left
sub-STUCLUK1442,UCL-UK/UCLStrokeData,72,0.0,1.0,left,9,0.0,1.0,left
sub-STUCLUK1443,UCL-UK/UCLStrokeData,14016,0.0,1.0,left,1752,0.0,1.0,left
sub-STUCLUK1444,UCL-UK/UCLStrokeData,376,0.0,1.0,left,47,0.0,1.0,left
sub-STUCLUK1445,UCL-UK/UCLStrokeData,856,0.0,1.0,left,107,0.0,1.0,left
sub-STUCLUK1446,UCL-UK/UCLStrokeData,504,0.0,1.0,left,63,0.0,1.0,left
sub-STUCLUK1447,UCL-UK/UCLStrokeData,1728,0.0,-1.0,right,216,0.0,-1.0,right
sub-STUCLUK1448,UCL-UK/UCLStrokeData,4648,0.0,1.0,left,581,0.0,1.0,left
sub-STUCLUK1449,UCL-UK/UCLStrokeData,3528,0.0,-0.10148232611174458,both,441,0.0,-0.0963302752293578,both
sub-STUCLUK1450,UCL-UK/UCLStrokeData,480,0.03225806451612903,-1.0,right,60,0.03225806451612903,-1.0,right
sub-STUCLUK1451,UCL-UK/UCLStrokeData,1184,0.0,1.0,left,148,0.0,1.0,left
sub-STUCLUK1452,UCL-UK/UCLStrokeData,3672,0.0,1.0,left,459,0.0,1.0,left
sub-STUCLUK1453,UCL-UK/UCLStrokeData,360,0.0,1.0,left,45,0.0,1.0,left
sub-STUCLUK1454,UCL-UK/UCLStrokeData,9217,0.0024891774891774893,1.0,left,1155,0.0,1.0,left
sub-STUCLUK1455,UCL-UK/UCLStrokeData,5464,0.0,0.9777942264988897,left,683,0.0,1.0,left
sub-STUCLUK1456,UCL-UK/UCLStrokeData,2888,0.0,-1.0,right,361,0.0,-1.0,right
sub-STUCLUK1457,UCL-UK/UCLStrokeData,2008,0.0,1.0,left,251,0.0,1.0,left
sub-STUCLUK1458,UCL-UK/UCLStrokeData,31040,0.0,1.0,left,3880,0.0,1.0,left
sub-STUCLUK1459,UCL-UK/UCLStrokeData,1112,0.0,1.0,left,139,0.0,1.0,left
sub-STUCLUK1460,UCL-UK/UCLStrokeData,112,0.0,-1.0,right,14,0.0,-1.0,right
sub-STUCLUK1461,UCL-UK/UCLStrokeData,15216,0.0,-1.0,right,1902,0.0,-1.0,right
sub-STUCLUK1462,UCL-UK/UCLStrokeData,896,0.0,1.0,left,112,0.0,1.0,left
sub-STUCLUK1463,UCL-UK/UCLStrokeData,38280,0.0,1.0,left,4785,0.0,1.0,left
sub-STUCLUK1464,UCL-UK/UCLStrokeData,5600,0.0,-1.0,right,700,0.0,-1.0,right
sub-STUCLUK1465,UCL-UK/UCLStrokeData,888,0.0,1.0,left,111,0.0,1.0,left
sub-STUCLUK1466,UCL-UK/UCLStrokeData,680,0.0,-0.8823529411764706,right,85,0.0,-0.8823529411764706,right
sub-STUCLUK1467,UCL-UK/UCLStrokeData,2776,0.0,1.0,left,347,0.0,1.0,left
sub-STUCLUK1468,UCL-UK/UCLStrokeData,296,0.0,1.0,left,37,0.0,1.0,left
sub-STUCLUK1469,UCL-UK/UCLStrokeData,3180,0.001256281407035176,0.939622641509434,left,397,0.002512562814070352,0.9395465994962217,left
sub-STUCLUK1470,UCL-UK/UCLStrokeData,1144,0.0,0.17482517482517482,both,143,0.0,0.17482517482517482,both
sub-STUCLUK1471,UCL-UK/UCLStrokeData,35880,0.0,-1.0,right,4485,0.0,-1.0,right
sub-STUCLUK1472,UCL-UK/UCLStrokeData,688,0.011494252873563218,-1.0,right,86,0.011494252873563218,-1.0,right
sub-STUCLUK1473,UCL-UK/UCLStrokeData,312,0.0,1.0,left,39,0.0,1.0,left
sub-STUCLUK1474,UCL-UK/UCLStrokeData,448,0.0,0.944954128440367,left,56,0.0,1.0,left
sub-STUCLUK1475,UCL-UK/UCLStrokeData,88,0.0,1.0,left,11,0.0,1.0,left
sub-STUCLUK1476,UCL-UK/UCLStrokeData,5960,0.0,1.0,left,745,0.0,1.0,left
sub-STUCLUK1477,UCL-UK/UCLStrokeData,19528,0.0016359918200408998,0.9987702398032383,left,2439,0.00245398773006135,1.0,left
sub-STUCLUK1478,UCL-UK/UCLStrokeData,392,0.0,1.0,left,49,0.0,1.0,left
sub-STUCLUK1479,UCL-UK/UCLStrokeData,2224,0.0,-0.5971223021582733,right,278,0.0,-0.5971223021582733,right
sub-STUCLUK1480,UCL-UK/UCLStrokeData,7984,0.0,0.19438877755511022,both,998,0.0,0.19438877755511022,both
sub-STUCLUK1481,UCL-UK/UCLStrokeData,840,0.0,1.0,left,105,0.0,1.0,left
sub-STUCLUK1482,UCL-UK/UCLStrokeData,384,0.0,-1.0,right,48,0.0,-1.0,right
sub-STUCLUK1483,UCL-UK/UCLStrokeData,104,0.0,-1.0,right,13,0.0,-1.0,right
sub-STUCLUK1484,UCL-UK/UCLStrokeData,624,0.0,-1.0,right,78,0.0,-1.0,right
sub-STUCLUK1485,UCL-UK/UCLStrokeData,120,0.0,1.0,left,15,0.0,1.0,left
sub-STUCLUK1486,UCL-UK/UCLStrokeData,1254,0.08866279069767442,1.0,left,163,0.05232558139534884,1.0,left
sub-STUCLUK1487,UCL-UK/UCLStrokeData,22456,0.0,-1.0,right,2807,0.0,-1.0,right
sub-STUCLUK1488,UCL-UK/UCLStrokeData,3256,0.0,0.9803439803439803,left,407,0.0,0.9803439803439803,left
sub-STUCLUK1489,UCL-UK/UCLStrokeData,4616,0.0,-0.7671589921807124,right,577,0.0,-0.7665505226480837,right
sub-STUCLUK1490,UCL-UK/UCLStrokeData,3208,0.0,-1.0,right,401,0.0,-1.0,right
sub-STUCLUK1491,UCL-UK/UCLStrokeData,4246,0.00047080979284369113,-1.0,right,531,0.0,-1.0,right
sub-STUCLUK1492,UCL-UK/UCLStrokeData,3728,0.0,-1.0,right,466,0.0,-1.0,right
sub-STUCLUK1493,UCL-UK/UCLStrokeData,1846,0.0010822510822510823,-1.0,right,231,0.0,-1.0,right
sub-STUCLUK1494,UCL-UK/UCLStrokeData,782,0.050970873786407765,1.0,left,103,0.0,1.0,left
sub-STUCLUK1495,UCL-UK/UCLStrokeData,15438,0.012915601023017902,-1.0,right,1933,0.011253196930946292,-1.0,right
sub-STUCLUK1496,UCL-UK/UCLStrokeData,3368,0.0,1.0,left,421,0.0,1.0,left
sub-STUCLUK1497,UCL-UK/UCLStrokeData,3648,0.0,1.0,left,456,0.0,1.0,left
sub-STUCLUK1498,UCL-UK/UCLStrokeData,2256,0.0,0.7588652482269503,left,282,0.0,0.7588652482269503,left
sub-STUCLUK1499,UCL-UK/UCLStrokeData,56,0.0,1.0,left,7,0.0,1.0,left
sub-STUCLUK1500,UCL-UK/UCLStrokeData,72,0.0,1.0,left,9,0.0,1.0,left
sub-STUCLUK1501,UCL-UK/UCLStrokeData,22704,0.006650332516625832,-1.0,right,2840,0.005950297514875744,-1.0,right
sub-STUCLUK1502,UCL-UK/UCLStrokeData,1280,0.0,-1.0,right,160,0.0,-1.0,right
sub-STUCLUK1503,UCL-UK/UCLStrokeData,800,0.0,1.0,left,100,0.0,1.0,left
sub-STUCLUK1504,UCL-UK/UCLStrokeData,472,0.0,-1.0,right,59,0.0,-1.0,right
sub-STUCLUK1505,UCL-UK/UCLStrokeData,6040,0.0,0.9443708609271523,left,755,0.0,0.9443708609271523,left
sub-STUCLUK1506,UCL-UK/UCLStrokeData,760,0.0,-1.0,right,95,0.0,-1.0,right
sub-STUCLUK1507,UCL-UK/UCLStrokeData,32688,0.0,-1.0,right,4086,0.0,-1.0,right
sub-STUCLUK1508,UCL-UK/UCLStrokeData,80,0.0,-1.0,right,10,0.0,-1.0,right
sub-STUCLUK1509,UCL-UK/UCLStrokeData,29440,0.0,-1.0,right,3680,0.0,-1.0,right
sub-STUCLUK1510,UCL-UK/UCLStrokeData,368,0.0,-1.0,right,46,0.0,-1.0,right
sub-STUCLUK1511,UCL-UK/UCLStrokeData,1096,0.0,1.0,left,137,0.0,1.0,left
sub-STUCLUK1512,UCL-UK/UCLStrokeData,1568,0.0,-1.0,right,196,0.0,-1.0,right
sub-STUCLUK1513,UCL-UK/UCLStrokeData,344,0.0,1.0,left,43,0.0,1.0,left
sub-STUCLUK1514,UCL-UK/UCLStrokeData,1136,0.0,1.0,left,142,0.0,1.0,left
sub-STUCLUK1515,UCL-UK/UCLStrokeData,2184,0.0,1.0,left,273,0.0,1.0,left
sub-STUCLUK1516,UCL-UK/UCLStrokeData,576,0.0,1.0,left,72,0.0,1.0,left
sub-STUCLUK1517,UCL-UK/UCLStrokeData,2464,0.0,1.0,left,308,0.0,1.0,left
sub-STUCLUK1518,UCL-UK/UCLStrokeData,67333,0.00028210001187789523,1.0,left,8419,0.0,1.0,left
sub-STUCLUK1519,UCL-UK/UCLStrokeData,1272,0.0,1.0,left,159,0.0,1.0,left
sub-STUCLUK1520,UCL-UK/UCLStrokeData,272,0.0,-1.0,right,34,0.0,-1.0,right
sub-STUCLUK1521,UCL-UK/UCLStrokeData,104,0.0,1.0,left,13,0.0,1.0,left
sub-STUCLUK1522,UCL-UK/UCLStrokeData,54728,0.0,-0.9941529016225698,right,6841,0.0,-0.9941529016225698,right
sub-STUCLUK1523,UCL-UK/UCLStrokeData,5216,0.0,1.0,left,652,0.0,1.0,left
sub-STUCLUK1524,UCL-UK/UCLStrokeData,5288,0.0,1.0,left,661,0.0,1.0,left
sub-STUCLUK1525,UCL-UK/UCLStrokeData,976,0.0,1.0,left,122,0.0,1.0,left
sub-STUCLUK1526,UCL-UK/UCLStrokeData,4316,0.000925925925925926,1.0,left,540,0.0,1.0,left
sub-STUCLUK1527,UCL-UK/UCLStrokeData,1000,0.0,1.0,left,125,0.0,1.0,left
sub-STUCLUK1528,UCL-UK/UCLStrokeData,208,0.0,1.0,left,26,0.0,1.0,left
sub-STUCLUK1529,UCL-UK/UCLStrokeData,26684,0.00014988009592326138,1.0,left,3336,0.0,1.0,left
sub-STUCLUK1530,UCL-UK/UCLStrokeData,312,0.0,1.0,left,39,0.0,1.0,left
sub-STUCLUK1531,UCL-UK/UCLStrokeData,2200,0.0,0.705050505050505,left,275,0.0,0.9181818181818182,left
sub-STUCLUK1532,UCL-UK/UCLStrokeData,1368,0.0,-1.0,right,171,0.0,-1.0,right
sub-STUCLUK1533,UCL-UK/UCLStrokeData,1992,0.0,-1.0,right,249,0.0,-1.0,right
sub-STUCLUK1534,UCL-UK/UCLStrokeData,656,0.0,1.0,left,82,0.0,1.0,left
sub-STUCLUK1535,UCL-UK/UCLStrokeData,24960,0.0,1.0,left,3120,0.0,1.0,left
sub-STUCLUK1536,UCL-UK/UCLStrokeData,1864,0.0,-1.0,right,233,0.0,-1.0,right
sub-STUCLUK1537,UCL-UK/UCLStrokeData,4952,0.0,-1.0,right,619,0.0,-1.0,right
sub-STUCLUK1538,UCL-UK/UCLStrokeData,488,0.0,-1.0,right,61,0.0,-1.0,right
sub-STUCLUK1539,UCL-UK/UCLStrokeData,312,0.0,-0.28205128205128205,right,39,0.0,-0.28205128205128205,right
sub-STUCLUK1540,UCL-UK/UCLStrokeData,1896,0.0,1.0,left,237,0.0,1.0,left
sub-STUCLUK1541,UCL-UK/UCLStrokeData,1942,0.013211382113821139,-1.0,right,243,0.012195121951219513,-1.0,right
sub-STUCLUK1542,UCL-UK/UCLStrokeData,2280,0.0,-1.0,right,285,0.0,-1.0,right
sub-STUCLUK1543,UCL-UK/UCLStrokeData,2536,0.0,-0.8801261829652997,right,317,0.0,-0.8801261829652997,right
sub-STUCLUK1544,UCL-UK/UCLStrokeData,752,0.0,-1.0,right,94,0.0,-1.0,right
sub-STUCLUK1545,UCL-UK/UCLStrokeData,208,0.0,-1.0,right,26,0.0,-1.0,right
sub-STUCLUK1546,UCL-UK/UCLStrokeData,3406,0.012180974477958236,0.7369348209042865,left,431,0.0,0.740139211136891,left
sub-STUCLUK1547,UCL-UK/UCLStrokeData,36531,0.005796864794252123,-0.921411519358999,right,4566,0.005878510777269758,-0.9212147887323944,right
sub-STUCLUK1548,UCL-UK/UCLStrokeData,1928,0.0,-0.7510373443983402,right,241,0.0,-0.7510373443983402,right
sub-STUCLUK1549,UCL-UK/UCLStrokeData,5887,0.004228687415426252,0.9603486583490002,left,739,0.0,0.9726027397260274,left
sub-STUCLUK1550,UCL-UK/UCLStrokeData,936,0.0,1.0,left,117,0.0,1.0,left
sub-STUCLUK1551,UCL-UK/UCLStrokeData,5600,0.0,0.13793103448275862,both,700,0.0,0.14450867052023122,both
sub-STUCLUK1552,UCL-UK/UCLStrokeData,25288,0.0,-1.0,right,3161,0.0,-1.0,right
sub-STUCLUK1553,UCL-UK/UCLStrokeData,512,0.0,1.0,left,64,0.0,1.0,left
sub-STUCLUK1554,UCL-UK/UCLStrokeData,1584,0.0,1.0,left,198,0.0,1.0,left
sub-STUCLUK1555,UCL-UK/UCLStrokeData,2048,0.0,1.0,left,256,0.0,1.0,left
sub-STUCLUK1556,UCL-UK/UCLStrokeData,1960,0.0,-1.0,right,245,0.0,-1.0,right
sub-STUCLUK1557,UCL-UK/UCLStrokeData,3632,0.0,-1.0,right,454,0.0,-1.0,right
sub-STUCLUK1558,UCL-UK/UCLStrokeData,152,0.0,-1.0,right,19,0.0,-1.0,right
sub-STUCLUK1559,UCL-UK/UCLStrokeData,280,0.0,-1.0,right,35,0.0,-1.0,right
sub-STUCLUK1560,UCL-UK/UCLStrokeData,125857,5.5615585075955e-05,-1.0,right,15733,0.0,-1.0,right
sub-STUCLUK1561,UCL-UK/UCLStrokeData,19664,0.0,1.0,left,2458,0.0,1.0,left
sub-STUCLUK1562,UCL-UK/UCLStrokeData,272,0.0,1.0,left,34,0.0,1.0,left
sub-STUCLUK1563,UCL-UK/UCLStrokeData,2008,0.0,1.0,left,251,0.0,1.0,left
sub-STUCLUK1564,UCL-UK/UCLStrokeData,288,0.0,-1.0,right,36,0.0,-1.0,right
sub-STUCLUK1565,UCL-UK/UCLStrokeData,8486,0.000235626767200754,0.1363311920057102,both,1061,0.0,0.14697406340057637,both
sub-STUCLUK1566,UCL-UK/UCLStrokeData,5664,0.004219409282700422,0.8988439306358381,left,711,0.0,0.9440353460972017,left
sub-STUCLUK1567,UCL-UK/UCLStrokeData,1424,0.0,1.0,left,178,0.0,1.0,left
sub-STUCLUK1568,UCL-UK/UCLStrokeData,1664,0.0,1.0,left,208,0.0,1.0,left
sub-STUCLUK1569,UCL-UK/UCLStrokeData,17336,0.0,-0.9990770650669127,right,2167,0.0,-0.9990770650669127,right
sub-STUCLUK1570,UCL-UK/UCLStrokeData,5552,0.0,-1.0,right,694,0.0,-1.0,right
sub-STUCLUK1571,UCL-UK/UCLStrokeData,3976,0.0,-1.0,right,497,0.0,-1.0,right
sub-STUCLUK1572,UCL-UK/UCLStrokeData,1328,0.0,-1.0,right,166,0.0,-1.0,right
sub-STUCLUK1573,UCL-UK/UCLStrokeData,48,0.0,-1.0,right,6,0.0,-1.0,right
sub-STUCLUK1574,UCL-UK/UCLStrokeData,25416,0.0,1.0,left,3177,0.0,1.0,left
sub-STUCLUK1575,UCL-UK/UCLStrokeData,256,0.0,-1.0,right,32,0.0,-1.0,right
sub-STUCLUK1576,UCL-UK/UCLStrokeData,6856,0.0,-1.0,right,857,0.0,-1.0,right
sub-STUCLUK1577,UCL-UK/UCLStrokeData,3264,0.0,-1.0,right,408,0.0,-1.0,right
sub-STUCLUK1578,UCL-UK/UCLStrokeData,3354,0.0017857142857142857,-1.0,right,419,0.002380952380952381,-1.0,right
sub-STUCLUK1579,UCL-UK/UCLStrokeData,149,0.37916666666666665,0.9727891156462585,left,21,0.3,1.0,left
sub-STUCLUK1580,UCL-UK/UCLStrokeData,2472,0.0,1.0,left,309,0.0,1.0,left
sub-STUCLUK1581,UCL-UK/UCLStrokeData,504,0.0,-0.7777777777777778,right,63,0.0,-0.7777777777777778,right
sub-STUCLUK1582,UCL-UK/UCLStrokeData,952,0.0,1.0,left,119,0.0,1.0,left
sub-STUCLUK1583,UCL-UK/UCLStrokeData,264,0.0,-1.0,right,33,0.0,-1.0,right
sub-STUCLUK1584,UCL-UK/UCLStrokeData,5152,0.0,-1.0,right,644,0.0,-1.0,right
sub-STUCLUK1585,UCL-UK/UCLStrokeData,1408,0.0,1.0,left,176,0.0,1.0,left
sub-STUCLUK1586,UCL-UK/UCLStrokeData,1352,0.0,-0.38461538461538464,right,169,0.0,-0.38461538461538464,right
sub-STUCLUK1587,UCL-UK/UCLStrokeData,1032,0.0,-1.0,right,129,0.0,-1.0,right
sub-STUCLUK1588,UCL-UK/UCLStrokeData,17536,0.0,1.0,left,2192,0.0,1.0,left
sub-STUCLUK1589,UCL-UK/UCLStrokeData,1848,0.0,-1.0,right,231,0.0,-1.0,right
sub-STUCLUK1590,UCL-UK/UCLStrokeData,50032,0.0,-1.0,right,6254,0.0,-1.0,right
sub-STUCLUK1591,UCL-UK/UCLStrokeData,141080,0.0,-1.0,right,17635,0.0,-1.0,right
sub-STUCLUK1592,UCL-UK/UCLStrokeData,1602,0.008663366336633664,-1.0,right,200,0.009900990099009901,-1.0,right
sub-STUCLUK1593,UCL-UK/UCLStrokeData,64,0.0,-1.0,right,8,0.0,-1.0,right
sub-STUCLUK1594,UCL-UK/UCLStrokeData,29193,0.0018804704595185996,1.0,left,3656,0.0,1.0,left
sub-STUCLUK1595,UCL-UK/UCLStrokeData,1368,0.0,1.0,left,171,0.0,1.0,left
sub-STUCLUK1596,UCL-UK/UCLStrokeData,95974,0.0013527012403229835,1.0,left,12007,0.0004994589195038708,1.0,left
sub-STUCLUK1597,UCL-UK/UCLStrokeData,16560,0.0,1.0,left,2070,0.0,1.0,left
sub-STUCLUK1598,UCL-UK/UCLStrokeData,16640,0.0,0.869176924933623,left,2080,0.0,0.8768783325254483,left
sub-STUCLUK1599,UCL-UK/UCLStrokeData,88,0.0,-1.0,right,11,0.0,-1.0,right
sub-STUCLUK1600,UCL-UK/UCLStrokeData,432,0.0,0.75,left,54,0.0,1.0,left
sub-STUCLUK1601,UCL-UK/UCLStrokeData,2920,0.0,0.5287671232876713,left,365,0.0,0.5287671232876713,left
sub-STUCLUK1602,UCL-UK/UCLStrokeData,4144,0.0,1.0,left,518,0.0,1.0,left
sub-STUCLUK1603,UCL-UK/UCLStrokeData,1208,0.0,-1.0,right,151,0.0,-1.0,right
sub-STUCLUK1604,UCL-UK/UCLStrokeData,232,0.0,-1.0,right,29,0.0,-1.0,right
sub-STUCLUK1605,UCL-UK/UCLStrokeData,25464,0.0,-0.8906691800188501,right,3183,0.0,-0.8906691800188501,right
sub-STUCLUK1606,UCL-UK/UCLStrokeData,7603,0.010026041666666667,1.0,left,958,0.0020833333333333333,1.0,left
sub-STUCLUK1607,UCL-UK/UCLStrokeData,904,0.0,0.8230088495575221,left,113,0.0,0.8230088495575221,left
sub-STUCLUK1608,UCL-UK/UCLStrokeData,2936,0.0,-1.0,right,367,0.0,-1.0,right
sub-STUCLUK1609,UCL-UK/UCLStrokeData,1088,0.0,-1.0,right,136,0.0,-1.0,right
sub-STUCLUK1610,UCL-UK/UCLStrokeData,232,0.0,-1.0,right,29,0.0,-1.0,right
sub-STUCLUK1611,UCL-UK/UCLStrokeData,3624,0.0,0.6335540838852097,left,453,0.0,0.6335540838852097,left
sub-STUCLUK1612,UCL-UK/UCLStrokeData,11841,0.014563914780292942,-1.0,right,1485,0.011318242343541944,-1.0,right
sub-STUCLUK1613,UCL-UK/UCLStrokeData,15040,0.0,1.0,left,1880,0.0,1.0,left
sub-STUCLUK1614,UCL-UK/UCLStrokeData,2368,0.0,1.0,left,296,0.0,1.0,left
sub-STUCLUK1615,UCL-UK/UCLStrokeData,1144,0.0,-0.8461538461538461,right,143,0.0,-0.8461538461538461,right
sub-STUCLUK1616,UCL-UK/UCLStrokeData,4704,0.0,-1.0,right,588,0.0,-1.0,right
sub-STUCLUK1617,UCL-UK/UCLStrokeData,616,0.0,-1.0,right,77,0.0,-1.0,right
sub-STUCLUK1618,UCL-UK/UCLStrokeData,1426,0.004189944134078212,-1.0,right,179,0.0,-1.0,right
sub-STUCLUK1619,UCL-UK/UCLStrokeData,145279,6.194592808766037e-05,-1.0,right,18161,0.0,-1.0,right
sub-STUCLUK1620,UCL-UK/UCLStrokeData,46510,0.0034710318820706204,-1.0,right,5814,0.0034281796366129585,-1.0,right
sub-STUCLUK1621,UCL-UK/UCLStrokeData,4728,0.0,-1.0,right,591,0.0,-1.0,right
sub-STUCLUK1622,UCL-UK/UCLStrokeData,6720,0.0,0.36579427875836884,left,840,0.0,0.3972602739726027,left
sub-STUCLUK1623,UCL-UK/UCLStrokeData,320,0.0,1.0,left,40,0.0,1.0,left
sub-STUCLUK1624,UCL-UK/UCLStrokeData,24208,0.0,-1.0,right,3026,0.0,-1.0,right
sub-STUCLUK1625,UCL-UK/UCLStrokeData,7200,0.0,1.0,left,900,0.0,1.0,left
sub-STUCLUK1626,UCL-UK/UCLStrokeData,5624,0.0,0.812723373838456,left,703,0.0,0.8218390804597702,left
sub-STUCLUK1627,UCL-UK/UCLStrokeData,22877,0.0074192988545643875,-1.0,right,2862,0.006594932315168344,-1.0,right
sub-STUCLUK1628,UCL-UK/UCLStrokeData,488,0.0,-1.0,right,61,0.0,-1.0,right
sub-STUCLUK1629,UCL-UK/UCLStrokeData,7522,0.01647489539748954,-1.0,right,938,0.01882845188284519,-1.0,right
sub-STUCLUK1630,UCL-UK/UCLStrokeData,4944,0.0,-1.0,right,618,0.0,-1.0,right
sub-STUCLUK1631,UCL-UK/UCLStrokeData,29230,0.018864124597207304,-0.9652448657187994,right,3677,0.012620837808807734,-0.9649122807017544,right
sub-STUCLUK1632,UCL-UK/UCLStrokeData,153536,5.210232897410514e-05,-1.0,right,19193,0.0,-1.0,right
sub-STUCLUK1633,UCL-UK/UCLStrokeData,5680,0.0,-1.0,right,710,0.0,-1.0,right
sub-STUCLUK1634,UCL-UK/UCLStrokeData,1512,0.0,-0.19576719576719576,both,189,0.0,-0.19576719576719576,both
sub-STUCLUK1635,UCL-UK/UCLStrokeData,2072,0.0,-1.0,right,259,0.0,-1.0,right
sub-STUCLUK1636,UCL-UK/UCLStrokeData,2616,0.0,1.0,left,327,0.0,1.0,left
sub-STUCLUK1637,UCL-UK/UCLStrokeData,1312,0.0,-1.0,right,164,0.0,-1.0,right
sub-STUCLUK1638,UCL-UK/UCLStrokeData,568,0.0,1.0,left,71,0.0,1.0,left
sub-STUCLUK1639,UCL-UK/UCLStrokeData,2352,0.0,0.047619047619047616,both,294,0.0,0.047619047619047616,both
sub-STUCLUK1640,UCL-UK/UCLStrokeData,2312,0.0,1.0,left,289,0.0,1.0,left
sub-STUCLUK1641,UCL-UK/UCLStrokeData,5400,0.0,-1.0,right,675,0.0,-1.0,right
sub-STUCLUK1642,UCL-UK/UCLStrokeData,105408,0.0,0.9327565270188221,left,13176,0.0,0.9327565270188221,left
sub-STUCLUK1643,UCL-UK/UCLStrokeData,9960,0.0,-0.9550200803212852,right,1245,0.0,-0.9550200803212852,right
sub-STUCLUK1644,UCL-UK/UCLStrokeData,11008,0.0,-0.5683139534883721,right,1376,0.0,-0.5683139534883721,right
sub-STUCLUK1645,UCL-UK/UCLStrokeData,7336,0.0,1.0,left,917,0.0,1.0,left
sub-STUCLUK1646,UCL-UK/UCLStrokeData,3152,0.0,1.0,left,394,0.0,1.0,left
sub-STUCLUK1647,UCL-UK/UCLStrokeData,2025,0.026442307692307692,1.0,left,260,0.0,1.0,left
sub-STUCLUK1648,UCL-UK/UCLStrokeData,10192,0.0,-1.0,right,1274,0.0,-1.0,right
sub-STUCLUK1649,UCL-UK/UCLStrokeData,65584,0.0,-1.0,right,8198,0.0,-1.0,right
sub-STUCLUK1650,UCL-UK/UCLStrokeData,464,0.0,-0.6551724137931034,right,58,0.0,-0.6551724137931034,right
sub-STUCLUK1651,UCL-UK/UCLStrokeData,12416,0.0,-1.0,right,1552,0.0,-1.0,right
sub-STUCLUK1652,UCL-UK/UCLStrokeData,2016,0.0,-1.0,right,252,0.0,-1.0,right
sub-STUCLUK1653,UCL-UK/UCLStrokeData,2544,0.0,1.0,left,318,0.0,1.0,left
sub-STUCLUK1654,UCL-UK/UCLStrokeData,2960,0.0,0.9081081081081082,left,370,0.0,0.9081081081081082,left
sub-STUCLUK1655,UCL-UK/UCLStrokeData,19687,0.003694331983805668,0.49403878626618225,left,2465,0.0020242914979757085,0.5059695347879786,left
sub-STUCLUK1656,UCL-UK/UCLStrokeData,9440,0.0,-1.0,right,1180,0.0,-1.0,right
sub-STUCLUK1657,UCL-UK/UCLStrokeData,3594,0.0016666666666666668,-0.9944351697273233,right,450,0.0,-0.9911111111111112,right
sub-STUCLUK1658,UCL-UK/UCLStrokeData,2632,0.0,0.43465045592705165,left,329,0.0,0.43465045592705165,left
sub-STUCLUK1659,UCL-UK/UCLStrokeData,9200,0.0,0.7503379900856242,left,1150,0.0,0.8166510757717493,left
sub-STUCLUK1660,UCL-UK/UCLStrokeData,21592,0.0,-1.0,right,2699,0.0,-1.0,right
sub-STUCLUK1661,UCL-UK/UCLStrokeData,34791,0.0014064293915040183,-0.3557263333621161,right,4349,0.0013777267508610792,-0.354853585427715,right
sub-STUCLUK1662,UCL-UK/UCLStrokeData,2768,0.0,1.0,left,346,0.0,1.0,left
sub-STUCLUK1663,UCL-UK/UCLStrokeData,688,0.0,-0.23529411764705882,right,86,0.0,0.04,both
sub-STUCLUK1664,UCL-UK/UCLStrokeData,25614,0.0025700934579439253,1.0,left,3206,0.0012461059190031153,1.0,left
sub-STUCLUK1665,UCL-UK/UCLStrokeData,122114,0.005586319218241043,-0.9714510601315121,right,15274,0.00495114006514658,-0.9711229244601955,right
sub-STUCLUK1666,UCL-UK/UCLStrokeData,11205,0.0009807417974322396,-0.6459778398342492,right,1402,0.0,-0.6409883720930233,right
sub-STUCLUK1667,UCL-UK/UCLStrokeData,768,0.0,-1.0,right,96,0.0,-1.0,right
sub-STUCLUK1668,UCL-UK/UCLStrokeData,5520,0.0,-1.0,right,690,0.0,-1.0,right
sub-STUCLUK1669,UCL-UK/UCLStrokeData,2400,0.0,1.0,left,300,0.0,1.0,left
sub-STUCLUK1670,UCL-UK/UCLStrokeData,1632,0.0,1.0,left,204,0.0,1.0,left
sub-STUCLUK1671,UCL-UK/UCLStrokeData,24752,0.0,-1.0,right,3094,0.0,-1.0,right
sub-STUCLUK1672,UCL-UK/UCLStrokeData,144,0.0,-1.0,right,18,0.0,-1.0,right
sub-STUCLUK1673,UCL-UK/UCLStrokeData,6392,0.0,-1.0,right,799,0.0,-1.0,right
sub-STUCLUK1674,UCL-UK/UCLStrokeData,14472,0.0,0.9900497512437811,left,1809,0.0,0.9900497512437811,left
sub-STUCLUK1675,UCL-UK/UCLStrokeData,248,0.0,-1.0,right,31,0.0,-1.0,right
sub-STUCLUK1676,UCL-UK/UCLStrokeData,1240,0.0,-1.0,right,155,0.0,-1.0,right
sub-STUCLUK1677,UCL-UK/UCLStrokeData,6384,0.0,1.0,left,798,0.0,1.0,left
sub-STUCLUK1678,UCL-UK/UCLStrokeData,280,0.0,1.0,left,35,0.0,1.0,left
sub-STUCLUK1679,UCL-UK/UCLStrokeData,216,0.0,1.0,left,27,0.0,1.0,left
sub-STUCLUK1680,UCL-UK/UCLStrokeData,20320,0.0,1.0,left,2540,0.0,1.0,left
sub-STUCLUK1681,UCL-UK/UCLStrokeData,1088,0.0,1.0,left,136,0.0,1.0,left
sub-STUCLUK1682,UCL-UK/UCLStrokeData,16314,0.0003676470588235294,-1.0,right,2039,0.0004901960784313725,-1.0,right
sub-STUCLUK1683,UCL-UK/UCLStrokeData,1936,0.0,1.0,left,242,0.0,1.0,left
sub-STUCLUK1684,UCL-UK/UCLStrokeData,1240,0.0,0.9605263157894737,left,155,0.0,1.0,left
sub-STUCLUK1685,UCL-UK/UCLStrokeData,1120,0.0,1.0,left,140,0.0,1.0,left
sub-STUCLUK1686,UCL-UK/UCLStrokeData,832,0.0,1.0,left,104,0.0,1.0,left
sub-STUCLUK1687,UCL-UK/UCLStrokeData,5430,0.0003681885125184094,-1.0,right,679,0.0,-1.0,right
sub-STUCLUK1688,UCL-UK/UCLStrokeData,3656,0.0,0.23851203501094093,left,457,0.0,0.23851203501094093,left
sub-STUCLUK1689,UCL-UK/UCLStrokeData,208100,0.0014012054205535722,-1.0,right,26013,0.0013820108257514684,-1.0,right
sub-STUCLUK1690,UCL-UK/UCLStrokeData,831,0.10452586206896551,-1.0,right,103,0.11206896551724138,-1.0,right
sub-STUCLUK1691,UCL-UK/UCLStrokeData,1016,0.0,1.0,left,127,0.0,1.0,left
sub-STUCLUK1692,UCL-UK/UCLStrokeData,112,0.0,-1.0,right,14,0.0,-1.0,right
sub-STUCLUK1693,UCL-UK/UCLStrokeData,256,0.0,1.0,left,32,0.0,1.0,left
sub-STUCLUK1694,UCL-UK/UCLStrokeData,808,0.0,1.0,left,101,0.0,1.0,left
sub-STUCLUK1695,UCL-UK/UCLStrokeData,848,0.0,-0.5094339622641509,right,106,0.0,-0.5094339622641509,right
sub-STUCLUK1696,UCL-UK/UCLStrokeData,6528,0.0,-1.0,right,816,0.0,-1.0,right
sub-STUCLUK1697,UCL-UK/UCLStrokeData,680,0.0,-1.0,right,85,0.0,-1.0,right
sub-STUCLUK1698,UCL-UK/UCLStrokeData,8648,0.0,-1.0,right,1081,0.0,-1.0,right
sub-STUCLUK1699,UCL-UK/UCLStrokeData,21608,0.0,0.9718622732321363,left,2701,0.0,0.9718622732321363,left
sub-STUCLUK1700,UCL-UK/UCLStrokeData,25250,0.0021340499525766676,-1.0,right,3158,0.0015807777426493834,-1.0,right
sub-STUCLUK1701,UCL-UK/UCLStrokeData,7016,0.0,1.0,left,877,0.0,1.0,left
sub-STUCLUK1702,UCL-UK/UCLStrokeData,21091,0.0036375661375661374,-0.05902991797449149,both,2644,0.0007558578987150416,-0.05597579425113464,both
sub-STUCLUK1703,UCL-UK/UCLStrokeData,664,0.0,0.925,left,83,0.0,1.0,left
sub-STUCLUK1704,UCL-UK/UCLStrokeData,440,0.0,1.0,left,55,0.0,1.0,left
sub-STUCLUK1705,UCL-UK/UCLStrokeData,1512,0.0,0.9576719576719577,left,189,0.0,0.9576719576719577,left
sub-STUCLUK1706,UCL-UK/UCLStrokeData,424,0.0,-1.0,right,53,0.0,-1.0,right
sub-STUCLUK1707,UCL-UK/UCLStrokeData,1200,0.0,-1.0,right,150,0.0,-1.0,right
sub-STUCLUK1708,UCL-UK/UCLStrokeData,1752,0.00904977375565611,-1.0,right,218,0.013574660633484163,-1.0,right
sub-STUCLUK1709,UCL-UK/UCLStrokeData,680,0.0,-0.717948717948718,right,85,0.0,-0.6901408450704225,right
sub-STUCLUK1710,UCL-UK/UCLStrokeData,640,0.0,-0.675,right,80,0.0,-0.675,right
sub-STUCLUK1711,UCL-UK/UCLStrokeData,184,0.0,1.0,left,23,0.0,1.0,left
sub-STUCLUK1712,UCL-UK/UCLStrokeData,1112,0.0,-1.0,right,139,0.0,-1.0,right
sub-STUCLUK1713,UCL-UK/UCLStrokeData,8000,0.0,1.0,left,1000,0.0,1.0,left
sub-STUCLUK1714,UCL-UK/UCLStrokeData,504,0.0,1.0,left,63,0.0,1.0,left
sub-STUCLUK1715,UCL-UK/UCLStrokeData,512,0.0,1.0,left,64,0.0,1.0,left
sub-STUCLUK1716,UCL-UK/UCLStrokeData,1504,0.0,1.0,left,188,0.0,1.0,left
sub-STUCLUK1717,UCL-UK/UCLStrokeData,640,0.012345679012345678,1.0,left,80,0.012345679012345678,1.0,left
sub-STUCLUK1718,UCL-UK/UCLStrokeData,4472,0.0,-1.0,right,559,0.0,-1.0,right
sub-STUCLUK1719,UCL-UK/UCLStrokeData,360,0.0,-1.0,right,45,0.0,-1.0,right
sub-STUCLUK1720,UCL-UK/UCLStrokeData,17456,0.0,-1.0,right,2182,0.0,-1.0,right
sub-STUCLUK1721,UCL-UK/UCLStrokeData,3688,0.0,1.0,left,461,0.0,1.0,left
sub-STUCLUK1722,UCL-UK/UCLStrokeData,920,0.0,1.0,left,115,0.0,1.0,left
sub-STUCLUK1723,UCL-UK/UCLStrokeData,1600,0.0,-0.96,right,200,0.0,-0.96,right
sub-STUCLUK1724,UCL-UK/UCLStrokeData,2576,0.0,-1.0,right,322,0.0,-1.0,right
sub-STUCLUK1725,UCL-UK/UCLStrokeData,3128,0.0,-1.0,right,391,0.0,-1.0,right
sub-STUCLUK1726,UCL-UK/UCLStrokeData,2088,0.0,1.0,left,261,0.0,1.0,left
sub-STUCLUK1727,UCL-UK/UCLStrokeData,34904,0.0,-1.0,right,4363,0.0,-1.0,right
sub-STUCLUK1728,UCL-UK/UCLStrokeData,368,0.0,1.0,left,46,0.0,1.0,left
sub-STUCLUK1729,UCL-UK/UCLStrokeData,13296,0.0,1.0,left,1662,0.0,1.0,left
sub-STUCLUK1730,UCL-UK/UCLStrokeData,1584,0.0,1.0,left,198,0.0,1.0,left
sub-STUCLUK1731,UCL-UK/UCLStrokeData,3152,0.0,0.8984771573604061,left,394,0.0,0.8984771573604061,left
sub-STUCLUK1732,UCL-UK/UCLStrokeData,3800,0.0,-1.0,right,475,0.0,-1.0,right
sub-STUCLUK1733,UCL-UK/UCLStrokeData,8472,0.0,0.7609217474795967,left,1059,0.0,0.791015625,left
sub-STUCLUK1734,UCL-UK/UCLStrokeData,712,0.0,-1.0,right,89,0.0,-1.0,right
sub-STUCLUK1735,UCL-UK/UCLStrokeData,312,0.0,1.0,left,39,0.0,1.0,left
sub-STUCLUK1736,UCL-UK/UCLStrokeData,704,0.0,-1.0,right,88,0.0,-1.0,right
sub-STUCLUK1737,UCL-UK/UCLStrokeData,1024,0.0,0.984375,left,128,0.0,0.984375,left
sub-STUCLUK1738,UCL-UK/UCLStrokeData,92403,0.007443928847641145,-1.0,right,11571,0.005671564836298015,-1.0,right
sub-STUCLUK1739,UCL-UK/UCLStrokeData,120,0.0,-1.0,right,15,0.0,,
sub-STUCLUK1740,UCL-UK/UCLStrokeData,75086,0.006378361211094643,0.9952021750139937,left,9419,0.002858352741901334,0.996597916223687,left
sub-STUCLUK1741,UCL-UK/UCLStrokeData,14176,0.0,-1.0,right,1772,0.0,-1.0,right
sub-STUCLUK1742,UCL-UK/UCLStrokeData,1160,0.0,-1.0,right,145,0.0,-1.0,right
sub-STUCLUK1743,UCL-UK/UCLStrokeData,296,0.0,0.9154929577464789,left,37,0.0,1.0,left
sub-STUCLUK1744,UCL-UK/UCLStrokeData,48314,0.00078590337524818,-1.0,right,6040,0.0006618133686300463,-1.0,right
sub-STUCLUK1745,UCL-UK/UCLStrokeData,649,0.010670731707317074,0.38461538461538464,left,80,0.024390243902439025,0.7647058823529411,left
sub-STUCLUK1746,UCL-UK/UCLStrokeData,2640,0.0,1.0,left,330,0.0,1.0,left
sub-STUCLUK1747,UCL-UK/UCLStrokeData,1024,0.0,-1.0,right,128,0.0,-1.0,right
sub-STUCLUK1748,UCL-UK/UCLStrokeData,8152,0.0,-1.0,right,1019,0.0,-1.0,right
sub-STUCLUK1749,UCL-UK/UCLStrokeData,376,0.0,1.0,left,47,0.0,1.0,left
sub-STUCLUK1750,UCL-UK/UCLStrokeData,1056,0.0,-0.7878787878787878,right,132,0.0,-0.7878787878787878,right
sub-STUCLUK1751,UCL-UK/UCLStrokeData,2840,0.0,1.0,left,355,0.0,1.0,left
sub-STUCLUK1752,UCL-UK/UCLStrokeData,416,0.0,1.0,left,52,0.0,1.0,left
sub-STUCLUK1753,UCL-UK/UCLStrokeData,112,0.0,-1.0,right,14,0.0,-1.0,right
sub-STUCLUK1754,UCL-UK/UCLStrokeData,937,0.09903846153846153,-1.0,right,118,0.09230769230769231,-1.0,right
sub-STUCLUK1755,UCL-UK/UCLStrokeData,152,0.0,-1.0,right,19,0.0,-1.0,right
sub-STUCLUK1756,UCL-UK/UCLStrokeData,13555,0.0033088235294117647,1.0,left,1699,0.000588235294117647,1.0,left
sub-STUCLUK1757,UCL-UK/UCLStrokeData,168,0.0,0.2903225806451613,left,21,0.0,1.0,left
sub-STUCLUK1758,UCL-UK/UCLStrokeData,19040,0.0,-1.0,right,2380,0.0,-1.0,right
sub-STUCLUK1759,UCL-UK/UCLStrokeData,5912,0.0,1.0,left,739,0.0,1.0,left
sub-STUCLUK1760,UCL-UK/UCLStrokeData,656,0.0,1.0,left,82,0.0,1.0,left
sub-STUCLUK1761,UCL-UK/UCLStrokeData,59832,0.0002673439379762064,-1.0,right,7480,0.0001336719689881032,-1.0,right
sub-STUCLUK1762,UCL-UK/UCLStrokeData,168,0.0,1.0,left,21,0.0,1.0,left
sub-STUCLUK1763,UCL-UK/UCLStrokeData,4855,0.008374183006535947,1.0,left,610,0.0032679738562091504,1.0,left
sub-STUCLUK1764,UCL-UK/UCLStrokeData,232,0.0,1.0,left,29,0.0,1.0,left
sub-STUCLUK1765,UCL-UK/UCLStrokeData,1008,0.0,1.0,left,126,0.0,1.0,left
sub-STUCLUK1766,UCL-UK/UCLStrokeData,35352,0.0,1.0,left,4419,0.0,1.0,left
sub-STUCLUK1767,UCL-UK/UCLStrokeData,1177,0.0059121621621621625,1.0,left,146,0.013513513513513514,1.0,left
sub-STUCLUK1768,UCL-UK/UCLStrokeData,20984,0.0,-1.0,right,2623,0.0,-1.0,right
sub-STUCLUK1769,UCL-UK/UCLStrokeData,504,0.0,1.0,left,63,0.0,1.0,left
sub-STUCLUK1770,UCL-UK/UCLStrokeData,5616,0.0,0.9058653149891384,left,702,0.0,0.9381443298969072,left
sub-STUCLUK1771,UCL-UK/UCLStrokeData,3264,0.0,1.0,left,408,0.0,1.0,left
sub-STUCLUK1772,UCL-UK/UCLStrokeData,1856,0.0,-1.0,right,232,0.0,-1.0,right
sub-STUCLUK1773,UCL-UK/UCLStrokeData,496,0.0,-1.0,right,62,0.0,-1.0,right
sub-STUCLUK1774,UCL-UK/UCLStrokeData,1437,0.0020833333333333333,-1.0,right,180,0.0,-1.0,right
sub-STUCLUK1775,UCL-UK/UCLStrokeData,15016,0.0,-1.0,right,1877,0.0,-1.0,right
sub-STUCLUK1776,UCL-UK/UCLStrokeData,28924,0.00013827433628318584,1.0,left,3616,0.0,1.0,left
sub-STUCLUK1777,UCL-UK/UCLStrokeData,25608,0.0,1.0,left,3201,0.0,1.0,left
sub-STUCLUK1778,UCL-UK/UCLStrokeData,35192,0.0,1.0,left,4399,0.0,1.0,left
sub-STUCLUK1779,UCL-UK/UCLStrokeData,9208,0.0,1.0,left,1151,0.0,1.0,left
sub-STUCLUK1780,UCL-UK/UCLStrokeData,16326,0.013653939101014983,1.0,left,2058,0.005316578057032383,1.0,left
sub-STUCLUK1781,UCL-UK/UCLStrokeData,136,0.0,1.0,left,17,0.0,1.0,left
sub-STUCLUK1782,UCL-UK/UCLStrokeData,1952,0.0,-1.0,right,244,0.0,-1.0,right
sub-STUCLUK1783,UCL-UK/UCLStrokeData,1824,0.0,1.0,left,228,0.0,1.0,left
sub-STUCLUK1784,UCL-UK/UCLStrokeData,31400,0.0,-1.0,right,3925,0.0,-1.0,right
sub-STUCLUK1785,UCL-UK/UCLStrokeData,3424,0.0,1.0,left,428,0.0,1.0,left
sub-STUCLUK1786,UCL-UK/UCLStrokeData,152,0.0,-1.0,right,19,0.0,-1.0,right
sub-STUCLUK1787,UCL-UK/UCLStrokeData,2904,0.0,0.9944903581267218,left,363,0.0,0.9944903581267218,left
sub-STUCLUK1788,UCL-UK/UCLStrokeData,1752,0.0,1.0,left,219,0.0,1.0,left
sub-STUCLUK1789,UCL-UK/UCLStrokeData,896,0.0,-1.0,right,112,0.0,-1.0,right
sub-STUCLUK1790,UCL-UK/UCLStrokeData,440,0.0,0.6,left,55,0.0,0.6,left
sub-STUCLUK1791,UCL-UK/UCLStrokeData,10800,0.0,0.5515061361100781,left,1350,0.0,0.5578790141896938,left
sub-STUCLUK1792,UCL-UK/UCLStrokeData,160,0.0,-1.0,right,20,0.0,-1.0,right
sub-STUCLUK1793,UCL-UK/UCLStrokeData,10416,0.0015337423312883436,-0.837173579109063,right,1302,0.0030627871362940277,-0.837173579109063,right
sub-STUCLUK1794,UCL-UK/UCLStrokeData,23597,0.0001271186440677966,-1.0,right,2950,0.0,-1.0,right
sub-STUCLUK1795,UCL-UK/UCLStrokeData,1224,0.0,1.0,left,153,0.0,1.0,left
sub-STUCLUK1796,UCL-UK/UCLStrokeData,132927,0.0012697601731081324,-1.0,right,16616,0.0012622467993027588,-1.0,right
sub-STUCLUK1797,UCL-UK/UCLStrokeData,104,0.0,0.38461538461538464,left,13,0.0,0.38461538461538464,left
sub-STUCLUK1798,UCL-UK/UCLStrokeData,5880,0.0,-1.0,right,735,0.0,-1.0,right
sub-STUCLUK1799,UCL-UK/UCLStrokeData,16056,0.0,-1.0,right,2007,0.0,-1.0,right
sub-STUCLUK1800,UCL-UK/UCLStrokeData,184,0.0,1.0,left,23,0.0,1.0,left
sub-STUCLUK1801,UCL-UK/UCLStrokeData,420,0.009433962264150943,1.0,left,52,0.018867924528301886,1.0,left
sub-STUCLUK1802,UCL-UK/UCLStrokeData,25872,0.0,-1.0,right,3234,0.0,-1.0,right
sub-STUCLUK1803,UCL-UK/UCLStrokeData,3466,0.0017281105990783411,1.0,left,434,0.0,1.0,left
sub-STUCLUK1804,UCL-UK/UCLStrokeData,18664,0.0,0.9857543708180445,left,2333,0.0,1.0,left
sub-STUCLUK1805,UCL-UK/UCLStrokeData,6208,0.0,1.0,left,776,0.0,1.0,left
sub-STUCLUK1806,UCL-UK/UCLStrokeData,50080,0.0033434166533991404,1.0,left,6267,0.002228944435599427,1.0,left
sub-STUCLUK1807,UCL-UK/UCLStrokeData,616,0.0,-1.0,right,77,0.0,-1.0,right
sub-STUCLUK1808,UCL-UK/UCLStrokeData,464,0.0,1.0,left,58,0.0,1.0,left
sub-STUCLUK1809,UCL-UK/UCLStrokeData,104,0.0,-1.0,right,13,0.0,-1.0,right
sub-STUCLUK1810,UCL-UK/UCLStrokeData,23040,0.0,1.0,left,2880,0.0,1.0,left
sub-STUCLUK1811,UCL-UK/UCLStrokeData,808,0.0,1.0,left,101,0.0,1.0,left
sub-STUCLUK1812,UCL-UK/UCLStrokeData,192,0.0,-1.0,right,24,0.0,-1.0,right
sub-STUCLUK1813,UCL-UK/UCLStrokeData,768,0.0,-1.0,right,96,0.0,-1.0,right
sub-STUCLUK1814,UCL-UK/UCLStrokeData,119940,3.334889615153738e-05,-1.0,right,14993,0.0,-1.0,right
sub-STUCLUK1815,UCL-UK/UCLStrokeData,44200,0.0,1.0,left,5525,0.0,1.0,left
sub-STUCLUK1816,UCL-UK/UCLStrokeData,8605,0.0022031539888682744,1.0,left,1078,0.0,1.0,left
sub-STUCLUK1817,UCL-UK/UCLStrokeData,8000,0.0,-0.982,right,1000,0.0,-0.982,right
sub-STUCLUK1818,UCL-UK/UCLStrokeData,23064,0.0,1.0,left,2883,0.0,1.0,left
sub-STUCLUK1819,UCL-UK/UCLStrokeData,18217,0.00038410886742756806,-1.0,right,2276,0.000877963125548727,-1.0,right
sub-STUCLUK1820,UCL-UK/UCLStrokeData,11656,0.0,-1.0,right,1457,0.0,-1.0,right
sub-STUCLUK1821,UCL-UK/UCLStrokeData,15928,0.0,-1.0,right,1991,0.0,-1.0,right
sub-STUCLUK1822,UCL-UK/UCLStrokeData,3977,0.0017570281124497991,1.0,left,498,0.0,1.0,left
sub-STUCLUK1823,UCL-UK/UCLStrokeData,432,0.0,1.0,left,54,0.0,1.0,left
sub-STUCLUK1824,UCL-UK/UCLStrokeData,176,0.0,-1.0,right,22,0.0,-1.0,right
sub-STUCLUK1825,UCL-UK/UCLStrokeData,56,0.0,1.0,left,7,0.0,1.0,left
sub-STUCLUK1826,UCL-UK/UCLStrokeData,208,0.0,1.0,left,26,0.0,1.0,left
sub-STUCLUK1827,UCL-UK/UCLStrokeData,1976,0.0,1.0,left,247,0.0,1.0,left
sub-STUCLUK1828,UCL-UK/UCLStrokeData,7528,0.0,-1.0,right,941,0.0,-1.0,right
sub-STUCLUK1829,UCL-UK/UCLStrokeData,2376,0.0,-0.9595959595959596,right,297,0.0,-0.9595959595959596,right
sub-STUCLUK1830,UCL-UK/UCLStrokeData,671,0.001488095238095238,0.6929955290611028,left,84,0.0,0.6904761904761905,left
sub-STUCLUK1831,UCL-UK/UCLStrokeData,512,0.0,-1.0,right,64,0.0,-1.0,right
sub-STUCLUK1832,UCL-UK/UCLStrokeData,1432,0.0,-1.0,right,179,0.0,-1.0,right
sub-STUCLUK1833,UCL-UK/UCLStrokeData,304,0.0,-1.0,right,38,0.0,-1.0,right
sub-STUCLUK1834,UCL-UK/UCLStrokeData,15384,0.0,-0.8203083466241361,right,1923,0.0,-0.8162044589450789,right
sub-STUCLUK1835,UCL-UK/UCLStrokeData,920,0.0,-1.0,right,115,0.0,-1.0,right
sub-STUCLUK1836,UCL-UK/UCLStrokeData,552,0.0,1.0,left,69,0.0,1.0,left
sub-STUCLUK1837,UCL-UK/UCLStrokeData,4983,0.00020064205457463884,1.0,left,622,0.0016051364365971107,1.0,left
sub-STUCLUK1838,UCL-UK/UCLStrokeData,2776,0.0,1.0,left,347,0.0,1.0,left
sub-STUCLUK1839,UCL-UK/UCLStrokeData,5144,0.0,1.0,left,643,0.0,1.0,left
sub-STUCLUK1840,UCL-UK/UCLStrokeData,8104,0.0,1.0,left,1013,0.0,1.0,left
sub-STUCLUK1841,UCL-UK/UCLStrokeData,200,0.0,-1.0,right,25,0.0,-1.0,right
sub-STUCLUK1842,UCL-UK/UCLStrokeData,1856,0.0,-1.0,right,232,0.0,-1.0,right
sub-STUCLUK1843,UCL-UK/UCLStrokeData,14545,0.0010302197802197802,0.7711148038436529,left,1820,0.0,0.8661800486618005,left
sub-STUCLUK1844,UCL-UK/UCLStrokeData,23716,0.0021878155503197577,-1.0,right,2964,0.0023561090541905083,-1.0,right
sub-STUCLUK1845,UCL-UK/UCLStrokeData,552,0.0,1.0,left,69,0.0,1.0,left
sub-STUCLUK1846,UCL-UK/UCLStrokeData,209856,0.010598574284313355,-1.0,right,26317,0.007392599856674085,-1.0,right
sub-STUCLUK1847,UCL-UK/UCLStrokeData,4664,0.0,-0.8490566037735849,right,583,0.0,-0.8490566037735849,right
sub-STUCLUK1848,UCL-UK/UCLStrokeData,41095,0.004288621825935259,0.6701056806486432,left,5147,0.0023260321767784456,0.7251655629139073,left
sub-STUCLUK1849,UCL-UK/UCLStrokeData,13288,0.0,1.0,left,1661,0.0,1.0,left
sub-STUCLUK1850,UCL-UK/UCLStrokeData,272,0.0,1.0,left,34,0.0,1.0,left
sub-STUCLUK1851,UCL-UK/UCLStrokeData,848,0.0,-0.9796954314720813,right,106,0.0,-0.978021978021978,right
sub-STUCLUK1852,UCL-UK/UCLStrokeData,32,0.0,-1.0,right,4,0.0,-1.0,right
sub-STUCLUK1853,UCL-UK/UCLStrokeData,3504,0.0,-1.0,right,438,0.0,-1.0,right
sub-STUCLUK1854,UCL-UK/UCLStrokeData,3469,0.0008640552995391706,-1.0,right,434,0.0,-1.0,right
sub-STUCLUK1855,UCL-UK/UCLStrokeData,30976,0.0,-1.0,right,3872,0.0,-1.0,right
sub-STUCLUK1856,UCL-UK/UCLStrokeData,1144,0.0,-0.14685314685314685,both,143,0.0,-0.14685314685314685,both
sub-STUCLUK1857,UCL-UK/UCLStrokeData,12448,0.0,-1.0,right,1556,0.0,-1.0,right
sub-STUCLUK1858,UCL-UK/UCLStrokeData,13280,0.0,-1.0,right,1660,0.0,-1.0,right
sub-STUCLUK1859,UCL-UK/UCLStrokeData,88,0.0,-1.0,right,11,0.0,-1.0,right
sub-STUCLUK1860,UCL-UK/UCLStrokeData,90576,8.831581736288969e-05,1.0,left,11322,8.831581736288969e-05,1.0,left
sub-STUCLUK1861,UCL-UK/UCLStrokeData,2392,0.0,1.0,left,299,0.0,1.0,left
sub-STUCLUK1862,UCL-UK/UCLStrokeData,240,0.0,-1.0,right,30,0.0,-1.0,right
sub-STUCLUK1863,UCL-UK/UCLStrokeData,8920,0.0,1.0,left,1115,0.0,1.0,left
sub-STUCLUK1864,UCL-UK/UCLStrokeData,12608,0.0,1.0,left,1576,0.0,1.0,left
sub-STUCLUK1865,UCL-UK/UCLStrokeData,640,0.0,0.4925373134328358,left,80,0.0,0.8518518518518519,left
sub-STUCLUK1866,UCL-UK/UCLStrokeData,23126,8.647526807333103e-05,-1.0,right,2891,0.0,-1.0,right
sub-STUCLUK1867,UCL-UK/UCLStrokeData,2368,0.0,-1.0,right,296,0.0,-1.0,right
sub-STUCLUK1868,UCL-UK/UCLStrokeData,912,0.0,1.0,left,114,0.0,1.0,left
sub-STUCLUK1869,UCL-UK/UCLStrokeData,144,0.0,1.0,left,18,0.0,1.0,left
sub-STUCLUK1870,UCL-UK/UCLStrokeData,112,0.0,-1.0,right,14,0.0,-1.0,right
sub-STUCLUK1871,UCL-UK/UCLStrokeData,9944,0.0,1.0,left,1243,0.0,1.0,left
sub-STUCLUK1872,UCL-UK/UCLStrokeData,2464,0.0,-1.0,right,308,0.0,-1.0,right
sub-STUCLUK1873,UCL-UK/UCLStrokeData,17037,0.00017605633802816902,0.9896159065431589,left,2129,0.00046948356807511736,1.0,left
sub-STUCLUK1874,UCL-UK/UCLStrokeData,328,0.0,1.0,left,41,0.0,1.0,left
sub-STUCLUK1875,UCL-UK/UCLStrokeData,1256,0.0,-1.0,right,157,0.0,-1.0,right
sub-STUCLUK1876,UCL-UK/UCLStrokeData,1072,0.0,1.0,left,134,0.0,1.0,left
sub-STUCLUK1877,UCL-UK/UCLStrokeData,5870,0.022969374167776297,-1.0,right,731,0.02663115845539281,-1.0,right
sub-STUCLUK1878,UCL-UK/UCLStrokeData,760,0.0,1.0,left,95,0.0,1.0,left
sub-STUCLUK1879,UCL-UK/UCLStrokeData,1144,0.0,-1.0,right,143,0.0,-1.0,right
sub-STUCLUK1880,UCL-UK/UCLStrokeData,528,0.0,1.0,left,66,0.0,1.0,left
sub-STUCLUK1881,UCL-UK/UCLStrokeData,2648,0.0,-1.0,right,331,0.0,-1.0,right
sub-STUCLUK1882,UCL-UK/UCLStrokeData,7976,0.0,-1.0,right,997,0.0,-1.0,right
sub-STUCLUK1883,UCL-UK/UCLStrokeData,10568,0.0,1.0,left,1321,0.0,1.0,left
sub-STUCLUK1884,UCL-UK/UCLStrokeData,536,0.0,1.0,left,67,0.0,1.0,left
sub-STUCLUK1885,UCL-UK/UCLStrokeData,464,0.0,-1.0,right,58,0.0,-1.0,right
sub-STUCLUK1886,UCL-UK/UCLStrokeData,208,0.0,-1.0,right,26,0.0,-1.0,right
sub-STUCLUK1887,UCL-UK/UCLStrokeData,112,0.0,1.0,left,14,0.0,1.0,left
sub-STUCLUK1888,UCL-UK/UCLStrokeData,408,0.0,-1.0,right,51,0.0,-1.0,right
sub-STUCLUK1889,UCL-UK/UCLStrokeData,9497,0.001576955424726661,1.0,left,1189,0.0,1.0,left
sub-STUCLUK1890,UCL-UK/UCLStrokeData,17776,0.004480286738351254,-1.0,right,2224,0.0035842293906810036,-1.0,right
sub-STUCLUK1891,UCL-UK/UCLStrokeData,3904,0.0,1.0,left,488,0.0,1.0,left
sub-STUCLUK1892,UCL-UK/UCLStrokeData,224,0.0,-1.0,right,28,0.0,-1.0,right
sub-STUCLUK1893,UCL-UK/UCLStrokeData,5312,0.0,1.0,left,664,0.0,1.0,left
sub-STUCLUK1894,UCL-UK/UCLStrokeData,1416,0.0,-1.0,right,177,0.0,-1.0,right
sub-STUCLUK1895,UCL-UK/UCLStrokeData,2378,0.012458471760797342,-1.0,right,297,0.013289036544850499,-1.0,right
sub-STUCLUK1896,UCL-UK/UCLStrokeData,9888,0.0,1.0,left,1236,0.0,1.0,left
sub-STUCLUK1897,UCL-UK/UCLStrokeData,1208,0.0,-1.0,right,151,0.0,-1.0,right
sub-STUCLUK1898,UCL-UK/UCLStrokeData,736,0.0,0.978021978021978,left,92,0.0,1.0,left
sub-STUCLUK1899,UCL-UK/UCLStrokeData,9047,0.011472902097902098,1.0,left,1141,0.0026223776223776225,1.0,left
sub-STUCLUK1900,UCL-UK/UCLStrokeData,23698,0.0002531218359770503,1.0,left,2963,0.0,1.0,left
sub-STUCLUK1901,UCL-UK/UCLStrokeData,528,0.0,-1.0,right,66,0.0,-1.0,right
sub-STUCLUK1902,UCL-UK/UCLStrokeData,2603,0.008003048780487805,1.0,left,328,0.0,1.0,left
sub-STUCLUK1903,UCL-UK/UCLStrokeData,25840,0.0,1.0,left,3230,0.0,1.0,left
sub-STUCLUK1904,UCL-UK/UCLStrokeData,1888,0.0,1.0,left,236,0.0,1.0,left
sub-STUCLUK1905,UCL-UK/UCLStrokeData,8344,0.0,0.01821668264621285,both,1043,0.0,0.01821668264621285,both
sub-STUCLUK1906,UCL-UK/UCLStrokeData,688,0.0,-1.0,right,86,0.0,-1.0,right
sub-STUCLUK1907,UCL-UK/UCLStrokeData,336,0.0,1.0,left,42,0.0,1.0,left
sub-STUCLUK1908,UCL-UK/UCLStrokeData,11752,0.0,-1.0,right,1469,0.0,-1.0,right
sub-STUCLUK1909,UCL-UK/UCLStrokeData,384,0.0,1.0,left,48,0.0,1.0,left
sub-STUCLUK1910,UCL-UK/UCLStrokeData,7176,0.0,-1.0,right,897,0.0,-1.0,right
sub-STUCLUK1911,UCL-UK/UCLStrokeData,48,0.0,-1.0,right,6,0.0,-1.0,right
sub-STUCLUK1912,UCL-UK/UCLStrokeData,320,0.0,1.0,left,40,0.0,1.0,left
sub-STUCLUK1913,UCL-UK/UCLStrokeData,6424,0.0,-1.0,right,803,0.0,-1.0,right
sub-STUCLUK1914,UCL-UK/UCLStrokeData,632,0.0,-1.0,right,79,0.0,-1.0,right
sub-STUCLUK1915,UCL-UK/UCLStrokeData,2816,0.0,1.0,left,352,0.0,1.0,left
sub-STUCLUK1916,UCL-UK/UCLStrokeData,5502,0.043463143254520165,1.0,left,685,0.04728789986091794,1.0,left
sub-STUCLUK1917,UCL-UK/UCLStrokeData,17351,0.001898297284859641,-0.9767049094403355,right,2166,0.0032213529682466636,-0.9764262140499764,right
sub-STUCLUK1918,UCL-UK/UCLStrokeData,920,0.0,0.28695652173913044,left,115,0.0,0.28695652173913044,left
sub-STUCLUK1919,UCL-UK/UCLStrokeData,2576,0.0,-1.0,right,322,0.0,-1.0,right
sub-STUCLUK1920,UCL-UK/UCLStrokeData,61981,0.0001774422506129823,1.0,left,7749,0.0,1.0,left
sub-STUCLUK1921,UCL-UK/UCLStrokeData,6424,0.0,-1.0,right,803,0.0,-1.0,right
sub-STUCLUK1922,UCL-UK/UCLStrokeData,408,0.0,1.0,left,51,0.0,1.0,left
sub-STUCLUK1923,UCL-UK/UCLStrokeData,36952,0.0,-1.0,right,4619,0.0,-1.0,right
sub-STUCLUK1924,UCL-UK/UCLStrokeData,616,0.0,1.0,left,77,0.0,1.0,left
sub-STUCLUK1925,UCL-UK/UCLStrokeData,26504,0.0,-1.0,right,3313,0.0,-1.0,right
sub-STUCLUK1926,UCL-UK/UCLStrokeData,11008,0.0,-0.6816860465116279,right,1376,0.0,-0.6816860465116279,right
sub-STUCLUK1927,UCL-UK/UCLStrokeData,10856,0.0,0.9204126750184229,left,1357,0.0,0.9204126750184229,left
sub-STUCLUK1928,UCL-UK/UCLStrokeData,15436,0.00592478104070067,0.9738562091503268,left,1938,0.0015455950540958269,0.9915922228060956,left
sub-STUCLUK1929,UCL-UK/UCLStrokeData,3880,0.0,0.6536082474226804,left,485,0.0,0.6536082474226804,left
sub-STUCLUK1930,UCL-UK/UCLStrokeData,1424,0.0,-1.0,right,178,0.0,-1.0,right
sub-STUCLUK1931,UCL-UK/UCLStrokeData,64,0.0,-0.5555555555555556,right,8,0.0,1.0,left
sub-STUCLUK1932,UCL-UK/UCLStrokeData,456,0.0,-1.0,right,57,0.0,-1.0,right
sub-STUCLUK1933,UCL-UK/UCLStrokeData,1866,0.028125,-1.0,right,233,0.029166666666666667,-1.0,right
sub-STUCLUK1934,UCL-UK/UCLStrokeData,552,0.0,-1.0,right,69,0.0,-1.0,right
sub-STUCLUK1935,UCL-UK/UCLStrokeData,872,0.0,-1.0,right,109,0.0,-1.0,right
sub-STUCLUK1936,UCL-UK/UCLStrokeData,20960,0.0,-1.0,right,2620,0.0,-1.0,right
sub-STUCLUK1937,UCL-UK/UCLStrokeData,9720,0.0,1.0,left,1215,0.0,1.0,left
sub-STUCLUK1938,UCL-UK/UCLStrokeData,696,0.0,1.0,left,87,0.0,1.0,left
sub-STUCLUK1939,UCL-UK/UCLStrokeData,7032,0.01124859392575928,-0.9725400457665904,right,880,0.010123734533183352,-0.9724137931034482,right
sub-STUCLUK1940,UCL-UK/UCLStrokeData,184,0.0,1.0,left,23,0.0,1.0,left
sub-STUCLUK1941,UCL-UK/UCLStrokeData,200,0.0,1.0,left,25,0.0,1.0,left
sub-STUCLUK1942,UCL-UK/UCLStrokeData,104,0.0,-1.0,right,13,0.0,-1.0,right
sub-STUCLUK1943,UCL-UK/UCLStrokeData,8888,0.0,1.0,left,1111,0.0,1.0,left
sub-STUCLUK1944,UCL-UK/UCLStrokeData,888,0.0,-1.0,right,111,0.0,-1.0,right
sub-STUCLUK1945,UCL-UK/UCLStrokeData,20448,0.0,1.0,left,2556,0.0,1.0,left
sub-STUCLUK1946,UCL-UK/UCLStrokeData,5056,0.0,0.9873417721518988,left,632,0.0,0.9873417721518988,left
sub-STUCLUK1947,UCL-UK/UCLStrokeData,240,0.0,-1.0,right,30,0.0,-1.0,right
sub-STUCLUK1948,UCL-UK/UCLStrokeData,6045,0.007063074901445467,-1.0,right,760,0.001314060446780552,-1.0,right
sub-STUCLUK1949,UCL-UK/UCLStrokeData,176,0.0,-1.0,right,22,0.0,-1.0,right
sub-STUCLUK1950,UCL-UK/UCLStrokeData,40,0.0,-1.0,right,5,0.0,-1.0,right
sub-STUCLUK1951,UCL-UK/UCLStrokeData,1768,0.0,0.34841628959276016,left,221,0.0,0.34841628959276016,left
sub-STUCLUK1952,UCL-UK/UCLStrokeData,2024,0.0,-1.0,right,253,0.0,-1.0,right
sub-STUCLUK1953,UCL-UK/UCLStrokeData,264,0.0,1.0,left,33,0.0,1.0,left
sub-STUCLUK1954,UCL-UK/UCLStrokeData,504,0.0,-1.0,right,63,0.0,-1.0,right
sub-STUCLUK1955,UCL-UK/UCLStrokeData,992,0.0,-1.0,right,124,0.0,-1.0,right
sub-STUCLUK1956,UCL-UK/UCLStrokeData,2048,0.0,1.0,left,256,0.0,1.0,left
sub-STUCLUK1957,UCL-UK/UCLStrokeData,4160,0.0,1.0,left,520,0.0,1.0,left
sub-STUCLUK1958,UCL-UK/UCLStrokeData,1000,0.0,1.0,left,125,0.0,1.0,left
sub-STUCLUK1959,UCL-UK/UCLStrokeData,280,0.0,-1.0,right,35,0.0,-1.0,right
sub-STUCLUK1960,UCL-UK/UCLStrokeData,11896,0.0,-1.0,right,1487,0.0,-1.0,right
sub-STUCLUK1961,UCL-UK/UCLStrokeData,88,0.0,1.0,left,11,0.0,1.0,left
sub-STUCLUK1962,UCL-UK/UCLStrokeData,696,0.0,-1.0,right,87,0.0,-1.0,right
sub-STUCLUK1963,UCL-UK/UCLStrokeData,104,0.0,-1.0,right,13,0.0,-1.0,right
sub-STUCLUK1964,UCL-UK/UCLStrokeData,45928,0.0,-1.0,right,5741,0.0,-1.0,right
sub-STUCLUK1965,UCL-UK/UCLStrokeData,3632,0.0,-1.0,right,454,0.0,-1.0,right
sub-STUCLUK1966,UCL-UK/UCLStrokeData,6392,0.0,-1.0,right,799,0.0,-1.0,right
sub-STUCLUK1967,UCL-UK/UCLStrokeData,576,0.0,0.4722222222222222,left,72,0.0,0.4722222222222222,left
sub-STUCLUK1968,UCL-UK/UCLStrokeData,784,0.0,-1.0,right,98,0.0,-1.0,right
sub-STUCLUK1969,UCL-UK/UCLStrokeData,41232,0.02293838862559242,-0.8822599372514143,right,5176,0.01876777251184834,-0.8792377131394182,right
sub-STUCLUK1970,UCL-UK/UCLStrokeData,1152,0.0,1.0,left,144,0.0,1.0,left
sub-STUCLUK1971,UCL-UK/UCLStrokeData,944,0.0,0.5423728813559322,left,118,0.0,0.5423728813559322,left
sub-STUCLUK1972,UCL-UK/UCLStrokeData,840,0.0,-1.0,right,105,0.0,-1.0,right
sub-STUCLUK1973,UCL-UK/UCLStrokeData,592,0.0,1.0,left,74,0.0,1.0,left
sub-STUCLUK1974,UCL-UK/UCLStrokeData,26913,0.009969099470276634,-0.6745283018867925,right,3362,0.01059446733372572,-0.6661466458658346,right
sub-STUCLUK1975,UCL-UK/UCLStrokeData,224,0.0,-0.7857142857142857,right,28,0.0,-0.7857142857142857,right
sub-STUCLUK1976,UCL-UK/UCLStrokeData,12736,0.0,1.0,left,1592,0.0,1.0,left
sub-STUCLUK1977,UCL-UK/UCLStrokeData,4264,0.0,-0.7223264540337712,right,533,0.0,-0.7223264540337712,right
sub-STUCLUK1978,UCL-UK/UCLStrokeData,744,0.0,1.0,left,93,0.0,1.0,left
sub-STUCLUK1979,UCL-UK/UCLStrokeData,2128,0.0,-1.0,right,266,0.0,-1.0,right
sub-STUCLUK1980,UCL-UK/UCLStrokeData,296,0.0,-1.0,right,37,0.0,-1.0,right
sub-STUCLUK1981,UCL-UK/UCLStrokeData,186678,0.003001495406964324,1.0,left,23364,0.0017517624439222388,1.0,left
sub-STUCLUK1982,UCL-UK/UCLStrokeData,8200,0.0,-1.0,right,1025,0.0,-1.0,right
sub-STUCLUK1983,UCL-UK/UCLStrokeData,264,0.0,1.0,left,33,0.0,1.0,left
sub-STUCLUK1984,UCL-UK/UCLStrokeData,376,0.0,-1.0,right,47,0.0,-1.0,right
sub-STUCLUK1985,UCL-UK/UCLStrokeData,10772,0.01210564930300807,-1.0,right,1349,0.010271460014673514,-1.0,right
sub-STUCLUK1986,UCL-UK/UCLStrokeData,1064,0.0,1.0,left,133,0.0,1.0,left
sub-STUCLUK1987,UCL-UK/UCLStrokeData,568,0.0,1.0,left,71,0.0,1.0,left
sub-STUCLUK1988,UCL-UK/UCLStrokeData,992,0.0,1.0,left,124,0.0,1.0,left
sub-STUCLUK1989,UCL-UK/UCLStrokeData,664,0.0,1.0,left,83,0.0,1.0,left
sub-STUCLUK1990,UCL-UK/UCLStrokeData,8416,0.0,-0.9942965779467681,right,1052,0.0,-0.9942965779467681,right
sub-STUCLUK1991,UCL-UK/UCLStrokeData,168,0.0,1.0,left,21,0.0,1.0,left
sub-STUCLUK1992,UCL-UK/UCLStrokeData,24332,0.007990867579908675,1.0,left,3041,0.008153946510110893,1.0,left
sub-STUCLUK1993,UCL-UK/UCLStrokeData,18792,0.0,-1.0,right,2349,0.0,-1.0,right
sub-STUCLUK1994,UCL-UK/UCLStrokeData,128,0.0,-0.375,right,16,0.0,-0.375,right
sub-STUCLUK1995,UCL-UK/UCLStrokeData,3688,0.0,-1.0,right,461,0.0,-1.0,right
sub-STUCLUK1996,UCL-UK/UCLStrokeData,165094,0.000351191629529161,-1.0,right,20637,0.0003390815733385003,-1.0,right
sub-STUCLUK1997,UCL-UK/UCLStrokeData,1104,0.0,-1.0,right,138,0.0,-1.0,right
sub-STUCLUK1998,UCL-UK/UCLStrokeData,232,0.0,-1.0,right,29,0.0,-1.0,right
sub-STUCLUK1999,UCL-UK/UCLStrokeData,1512,0.0,-1.0,right,189,0.0,-1.0,right
sub-STUCLUK2000,UCL-UK/UCLStrokeData,3736,0.0,1.0,left,467,0.0,1.0,left
sub-STUCLUK2001,UCL-UK/UCLStrokeData,328,0.0,1.0,left,41,0.0,1.0,left
sub-STUCLUK2002,UCL-UK/UCLStrokeData,1554,0.0038461538461538464,1.0,left,195,0.0,1.0,left
sub-STUCLUK2003,UCL-UK/UCLStrokeData,31648,0.0,1.0,left,3956,0.0,1.0,left
sub-STUCLUK2004,UCL-UK/UCLStrokeData,1216,0.0,-1.0,right,152,0.0,-1.0,right
sub-STUCLUK2005,UCL-UK/UCLStrokeData,928,0.0,1.0,left,116,0.0,1.0,left
sub-STUCLUK2006,UCL-UK/UCLStrokeData,288,0.0,1.0,left,36,0.0,1.0,left
sub-STUCLUK2007,UCL-UK/UCLStrokeData,2464,0.0,0.9434276206322796,left,308,0.0,0.9931740614334471,left
sub-STUCLUK2008,UCL-UK/UCLStrokeData,1328,0.0,-1.0,right,166,0.0,-1.0,right
sub-STUCLUK2009,UCL-UK/UCLStrokeData,1920,0.0,1.0,left,240,0.0,1.0,left
sub-STUCLUK2010,UCL-UK/UCLStrokeData,1984,0.0,-0.9758064516129032,right,248,0.0,-0.9758064516129032,right
sub-STUCLUK2011,UCL-UK/UCLStrokeData,2520,0.0,-1.0,right,315,0.0,-1.0,right
sub-STUCLUK2012,UCL-UK/UCLStrokeData,144,0.0,-1.0,right,18,0.0,-1.0,right
sub-STUCLUK2013,UCL-UK/UCLStrokeData,1264,0.0,1.0,left,158,0.0,1.0,left
sub-STUCLUK2014,UCL-UK/UCLStrokeData,1160,0.0,0.15862068965517243,both,145,0.0,0.15862068965517243,both
sub-STUCLUK2015,UCL-UK/UCLStrokeData,48,0.0,-1.0,right,6,0.0,-1.0,right
sub-STUCLUK2016,UCL-UK/UCLStrokeData,23178,0.0036966987620357635,-1.0,right,2900,0.002751031636863824,-1.0,right
sub-STUCLUK2017,UCL-UK/UCLStrokeData,31528,0.0,1.0,left,3941,0.0,1.0,left
sub-STUCLUK2018,UCL-UK/UCLStrokeData,22520,0.0,0.9748201438848921,left,2815,0.0,1.0,left
sub-STUCLUK2019,UCL-UK/UCLStrokeData,944,0.0,1.0,left,118,0.0,1.0,left
sub-STUCLUK2020,UCL-UK/UCLStrokeData,1480,0.0,-1.0,right,185,0.0,-1.0,right
sub-STUCLUK2021,UCL-UK/UCLStrokeData,5576,0.0,1.0,left,697,0.0,1.0,left
sub-STUCLUK2022,UCL-UK/UCLStrokeData,18120,0.0,-1.0,right,2265,0.0,-1.0,right
sub-STUCLUK2023,UCL-UK/UCLStrokeData,192,0.0,1.0,left,24,0.0,1.0,left
sub-STUCLUK2024,UCL-UK/UCLStrokeData,32061,0.0050583416087388285,0.2288899356256869,left,4008,0.004965243296921549,0.23672230652503792,left
sub-STUCLUK2025,UCL-UK/UCLStrokeData,384,0.0,-1.0,right,48,0.0,-1.0,right
sub-STUCLUK2026,UCL-UK/UCLStrokeData,1832,0.0,1.0,left,229,0.0,1.0,left
sub-STUCLUK2027,UCL-UK/UCLStrokeData,29144,0.0,0.8321878579610539,left,3643,0.0,0.9149955103262496,left
sub-STUCLUK2028,UCL-UK/UCLStrokeData,775,0.001288659793814433,1.0,left,97,0.0,1.0,left
sub-STUCLUK2029,UCL-UK/UCLStrokeData,376,0.0,-1.0,right,47,0.0,-1.0,right
sub-STUCLUK2030,UCL-UK/UCLStrokeData,824,0.0,1.0,left,103,0.0,1.0,left
sub-STUCLUK2031,UCL-UK/UCLStrokeData,272,0.0,1.0,left,34,0.0,1.0,left
sub-STUCLUK2032,UCL-UK/UCLStrokeData,248,0.0,0.9354838709677419,left,31,0.0,0.9354838709677419,left
sub-STUCLUK2033,UCL-UK/UCLStrokeData,25056,0.0,1.0,left,3132,0.0,1.0,left
sub-STUCLUK2034,UCL-UK/UCLStrokeData,280,0.0,0.02127659574468085,both,35,0.0,1.0,left
sub-STUCLUK2035,UCL-UK/UCLStrokeData,18816,0.0,1.0,left,2352,0.0,1.0,left
sub-STUCLUK2036,UCL-UK/UCLStrokeData,1287,0.0007763975155279503,0.6277436347673397,left,161,0.0,0.8709677419354839,left
sub-STUCLUK2037,UCL-UK/UCLStrokeData,784,0.0,-1.0,right,98,0.0,-1.0,right
sub-STUCLUK2038,UCL-UK/UCLStrokeData,102341,0.0013563622170179547,-1.0,right,12803,0.000546448087431694,-1.0,right
sub-STUCLUK2039,UCL-UK/UCLStrokeData,1542,0.05514705882352941,0.9331103678929766,left,190,0.06862745098039216,1.0,left
sub-STUCLUK2040,UCL-UK/UCLStrokeData,6720,0.0,0.6333333333333333,left,840,0.0,0.6333333333333333,left
sub-STUCLUK2041,UCL-UK/UCLStrokeData,10648,0.0,-0.9969947407963937,right,1331,0.0,-0.9969947407963937,right
sub-STUCLUK2042,UCL-UK/UCLStrokeData,56,0.0,-1.0,right,7,0.0,-1.0,right
sub-STUCLUK2043,UCL-UK/UCLStrokeData,584,0.0,1.0,left,73,0.0,1.0,left
sub-STUCLUK2044,UCL-UK/UCLStrokeData,112,0.0,-1.0,right,14,0.0,-1.0,right
sub-STUCLUK2045,UCL-UK/UCLStrokeData,4424,0.0,-1.0,right,553,0.0,-1.0,right
sub-STUCLUK2046,UCL-UK/UCLStrokeData,272,0.0,-1.0,right,34,0.0,-1.0,right
sub-STUCLUK2047,UCL-UK/UCLStrokeData,800,0.0,-1.0,right,100,0.0,-1.0,right
sub-STUCLUK2048,UCL-UK/UCLStrokeData,56,0.0,0.2,left,7,0.0,1.0,left
sub-STUCLUK2049,UCL-UK/UCLStrokeData,64,0.0,1.0,left,8,0.0,1.0,left
sub-STUCLUK2050,UCL-UK/UCLStrokeData,2560,0.0,1.0,left,320,0.0,1.0,left
sub-STUCLUK2051,UCL-UK/UCLStrokeData,13632,0.0,-1.0,right,1704,0.0,-1.0,right
sub-STUCLUK2052,UCL-UK/UCLStrokeData,2307,0.012414383561643835,-1.0,right,287,0.017123287671232876,-1.0,right
sub-STUCLUK2053,UCL-UK/UCLStrokeData,2040,0.0,-1.0,right,255,0.0,-1.0,right
sub-STUCLUK2054,UCL-UK/UCLStrokeData,1032,0.0,-1.0,right,129,0.0,-1.0,right
sub-STUCLUK2055,UCL-UK/UCLStrokeData,1403,0.009180790960451978,-1.0,right,176,0.005649717514124294,-1.0,right
sub-STUCLUK2056,UCL-UK/UCLStrokeData,3728,0.0,-1.0,right,466,0.0,-1.0,right
sub-STUCLUK2057,UCL-UK/UCLStrokeData,176,0.0,-1.0,right,22,0.0,-1.0,right
sub-STUCLUK2058,UCL-UK/UCLStrokeData,142,0.013888888888888888,-1.0,right,18,0.0,-1.0,right
sub-STUCLUK2059,UCL-UK/UCLStrokeData,3416,0.0,0.8360655737704918,left,427,0.0,0.8360655737704918,left
sub-STUCLUK2060,UCL-UK/UCLStrokeData,13759,0.0006536897152818129,1.0,left,1719,0.0011621150493898896,1.0,left
sub-STUCLUK2061,UCL-UK/UCLStrokeData,312,0.0,1.0,left,39,0.0,1.0,left
sub-STUCLUK2062,UCL-UK/UCLStrokeData,2312,0.0,-1.0,right,289,0.0,-1.0,right
sub-STUCLUK2063,UCL-UK/UCLStrokeData,23656,0.0,0.44267839026039907,left,2957,0.0,0.44267839026039907,left
sub-STUCLUK2064,UCL-UK/UCLStrokeData,384,0.0,1.0,left,48,0.0,1.0,left
sub-STUCLUK2065,UCL-UK/UCLStrokeData,5104,0.0,0.9889676910953507,left,638,0.0,1.0,left
sub-STUCLUK2066,UCL-UK/UCLStrokeData,104,0.0,1.0,left,13,0.0,1.0,left
sub-STUCLUK2067,UCL-UK/UCLStrokeData,128,0.0,1.0,left,16,0.0,1.0,left
sub-STUCLUK2068,UCL-UK/UCLStrokeData,168,0.0,-1.0,right,21,0.0,-1.0,right
sub-STUCLUK2069,UCL-UK/UCLStrokeData,904,0.0,1.0,left,113,0.0,1.0,left
sub-STUCLUK2070,UCL-UK/UCLStrokeData,7864,0.0,-1.0,right,983,0.0,-1.0,right
sub-STUCLUK2071,UCL-UK/UCLStrokeData,18600,0.0,-1.0,right,2325,0.0,-1.0,right
sub-STUCLUK2072,UCL-UK/UCLStrokeData,200,0.0,1.0,left,25,0.0,1.0,left
sub-STUCLUK2073,UCL-UK/UCLStrokeData,32424,0.0,-1.0,right,4053,0.0,-1.0,right
sub-STUCLUK2074,UCL-UK/UCLStrokeData,276,0.014285714285714285,0.9555555555555556,left,35,0.0,1.0,left
sub-STUCLUK2075,UCL-UK/UCLStrokeData,24816,0.0,-1.0,right,3102,0.0,-1.0,right
sub-STUCLUK2076,UCL-UK/UCLStrokeData,3043,0.0016404199475065617,-1.0,right,381,0.0,-1.0,right
sub-STUCLUK2077,UCL-UK/UCLStrokeData,24786,0.0002420135527589545,0.7881025470837136,left,3099,0.0,0.8395356777057016,left
sub-STUCLUK2078,UCL-UK/UCLStrokeData,136757,0.003403194776423949,-1.0,right,17098,0.003206436191919781,-1.0,right
sub-STUCLUK2079,UCL-UK/UCLStrokeData,992,0.0,-1.0,right,124,0.0,-1.0,right
sub-STUCLUK2080,UCL-UK/UCLStrokeData,96,0.0,1.0,left,12,0.0,1.0,left
sub-STUCLUK2081,UCL-UK/UCLStrokeData,632,0.0,1.0,left,79,0.0,1.0,left
sub-STUCLUK2082,UCL-UK/UCLStrokeData,6792,0.0,1.0,left,849,0.0,1.0,left
sub-STUCLUK2083,UCL-UK/UCLStrokeData,48474,0.000783311345646438,-1.0,right,6061,0.0004947229551451188,-1.0,right
sub-STUCLUK2084,UCL-UK/UCLStrokeData,760,0.0,-1.0,right,95,0.0,-1.0,right
sub-STUCLUK2085,UCL-UK/UCLStrokeData,1016,0.0,-1.0,right,127,0.0,-1.0,right
sub-STUCLUK2086,UCL-UK/UCLStrokeData,16808,0.0,1.0,left,2101,0.0,1.0,left
sub-STUCLUK2087,UCL-UK/UCLStrokeData,8720,0.0,1.0,left,1090,0.0,1.0,left
sub-STUCLUK2088,UCL-UK/UCLStrokeData,5208,0.0,-1.0,right,651,0.0,-1.0,right
sub-STUCLUK2089,UCL-UK/UCLStrokeData,3968,0.0,1.0,left,496,0.0,1.0,left
sub-STUCLUK2090,UCL-UK/UCLStrokeData,20512,0.0,-1.0,right,2564,0.0,-1.0,right
sub-STUCLUK2091,UCL-UK/UCLStrokeData,728,0.0,0.8681318681318682,left,91,0.0,0.8681318681318682,left
sub-STUCLUK2092,UCL-UK/UCLStrokeData,776,0.0,-1.0,right,97,0.0,-1.0,right
sub-STUCLUK2093,UCL-UK/UCLStrokeData,308,0.10465116279069768,-1.0,right,39,0.09302325581395349,-1.0,right
sub-STUCLUK2094,UCL-UK/UCLStrokeData,680,0.0,1.0,left,85,0.0,1.0,left
sub-STUCLUK2095,UCL-UK/UCLStrokeData,320,0.0,1.0,left,40,0.0,1.0,left
sub-STUCLUK2096,UCL-UK/UCLStrokeData,1448,0.0,-1.0,right,181,0.0,-1.0,right
sub-STUCLUK2097,UCL-UK/UCLStrokeData,1392,0.0,1.0,left,174,0.0,1.0,left
sub-STUCLUK2098,UCL-UK/UCLStrokeData,6680,0.0,-1.0,right,835,0.0,-1.0,right
sub-STUCLUK2099,UCL-UK/UCLStrokeData,56,0.0,1.0,left,7,0.0,1.0,left
sub-STUCLUK2100,UCL-UK/UCLStrokeData,1976,0.0,1.0,left,247,0.0,1.0,left
sub-STUCLUK2101,UCL-UK/UCLStrokeData,19645,0.016175881410256412,1.0,left,2479,0.006810897435897436,1.0,left
sub-STUCLUK2102,UCL-UK/UCLStrokeData,1160,0.0,1.0,left,145,0.0,1.0,left
sub-STUCLUK2103,UCL-UK/UCLStrokeData,816,0.0,-1.0,right,102,0.0,-1.0,right
sub-STUCLUK2104,UCL-UK/UCLStrokeData,816,0.0,1.0,left,102,0.0,1.0,left
sub-STUCLUK2105,UCL-UK/UCLStrokeData,600,0.0,1.0,left,75,0.0,1.0,left
sub-STUCLUK2106,UCL-UK/UCLStrokeData,896,0.0,1.0,left,112,0.0,1.0,left
sub-STUCLUK2107,UCL-UK/UCLStrokeData,2024,0.0,-1.0,right,253,0.0,-1.0,right
sub-STUCLUK2108,UCL-UK/UCLStrokeData,328,0.0,-1.0,right,41,0.0,-1.0,right
sub-STUCLUK2109,UCL-UK/UCLStrokeData,1792,0.0,-1.0,right,224,0.0,-1.0,right
sub-STUCLUK2110,UCL-UK/UCLStrokeData,87170,0.00034403669724770644,-0.9981645061374326,right,10896,0.0003669724770642202,-0.9981644640234949,right
sub-STUCLUK2111,UCL-UK/UCLStrokeData,17192,0.0,-1.0,right,2149,0.0,-1.0,right
sub-STUCLUK2112,UCL-UK/UCLStrokeData,3280,0.0,1.0,left,410,0.0,1.0,left
sub-STUCLUK2113,UCL-UK/UCLStrokeData,10400,0.0,-0.943076923076923,right,1300,0.0,-0.943076923076923,right
sub-STUCLUK2114,UCL-UK/UCLStrokeData,143336,0.0,1.0,left,17917,0.0,1.0,left
sub-STUCLUK2115,UCL-UK/UCLStrokeData,1016,0.0,1.0,left,127,0.0,1.0,left
sub-STUCLUK2116,UCL-UK/UCLStrokeData,3592,0.0,-0.8040089086859689,right,449,0.0,-0.8040089086859689,right
sub-STUCLUK2117,UCL-UK/UCLStrokeData,398,0.005,0.6994219653179191,left,50,0.0,1.0,left
sub-STUCLUK2118,UCL-UK/UCLStrokeData,1376,0.005780346820809248,1.0,left,172,0.005780346820809248,1.0,left
sub-STUCLUK2119,UCL-UK/UCLStrokeData,51564,7.756748371082842e-05,1.0,left,6446,0.0,1.0,left
sub-STUCLUK2120,UCL-UK/UCLStrokeData,19936,0.0,1.0,left,2492,0.0,1.0,left
sub-STUCLUK2121,UCL-UK/UCLStrokeData,2520,0.0,1.0,left,315,0.0,1.0,left
sub-STUCLUK2122,UCL-UK/UCLStrokeData,15592,0.0,1.0,left,1949,0.0,1.0,left
sub-STUCLUK2123,UCL-UK/UCLStrokeData,8296,0.0,1.0,left,1037,0.0,1.0,left
sub-STUCLUK2124,UCL-UK/UCLStrokeData,320,0.0,1.0,left,40,0.0,1.0,left
sub-STUCLUK2125,UCL-UK/UCLStrokeData,4720,0.0,1.0,left,590,0.0,1.0,left
sub-STUCLUK2126,UCL-UK/UCLStrokeData,352,0.0,1.0,left,44,0.0,1.0,left
sub-STUCLUK2127,UCL-UK/UCLStrokeData,344,0.0,1.0,left,43,0.0,1.0,left
sub-STUCLUK2128,UCL-UK/UCLStrokeData,39063,2.5599016997747285e-05,-1.0,right,4883,0.0,-1.0,right
sub-STUCLUK2129,UCL-UK/UCLStrokeData,360,0.0,-1.0,right,45,0.0,-1.0,right
sub-STUCLUK2130,UCL-UK/UCLStrokeData,696,0.0,-1.0,right,87,0.0,-1.0,right
sub-STUCLUK2131,UCL-UK/UCLStrokeData,3752,0.0,1.0,left,469,0.0,1.0,left
sub-STUCLUK2132,UCL-UK/UCLStrokeData,153412,0.0016399416909620992,-1.0,right,19192,0.0008329862557267805,-1.0,right
sub-STUCLUK2133,UCL-UK/UCLStrokeData,11224,0.0,1.0,left,1403,0.0,1.0,left
sub-STUCLUK2134,UCL-UK/UCLStrokeData,128,0.0,-1.0,right,16,0.0,-1.0,right
sub-STUCLUK2135,UCL-UK/UCLStrokeData,416,0.0,1.0,left,52,0.0,1.0,left
sub-STUCLUK2136,UCL-UK/UCLStrokeData,2688,0.0,-1.0,right,336,0.0,-1.0,right
sub-STUCLUK2137,UCL-UK/UCLStrokeData,120,0.0,-1.0,right,15,0.0,-1.0,right
sub-STUCLUK2138,UCL-UK/UCLStrokeData,1536,0.0,1.0,left,192,0.0,1.0,left
sub-STUCLUK2139,UCL-UK/UCLStrokeData,2496,0.0,-1.0,right,312,0.0,-1.0,right
sub-STUCLUK2140,UCL-UK/UCLStrokeData,208,0.0,-1.0,right,26,0.0,-1.0,right
sub-STUCLUK2141,UCL-UK/UCLStrokeData,1944,0.0,0.9019189765458422,left,243,0.0,0.9734513274336283,left
sub-STUCLUK2142,UCL-UK/UCLStrokeData,3664,0.0,1.0,left,458,0.0,1.0,left
sub-STUCLUK2143,UCL-UK/UCLStrokeData,184,0.0,-1.0,right,23,0.0,-1.0,right
sub-STUCLUK2144,UCL-UK/UCLStrokeData,3288,0.0,-0.9854014598540146,right,411,0.0,-0.9854014598540146,right
sub-STUCLUK2145,UCL-UK/UCLStrokeData,88,0.0,-1.0,right,11,0.0,-1.0,right
sub-STUCLUK2146,UCL-UK/UCLStrokeData,432,0.0,1.0,left,54,0.0,1.0,left
sub-STUCLUK2147,UCL-UK/UCLStrokeData,14277,0.003559463986599665,0.9015393346102007,left,1788,0.0016750418760469012,0.9253731343283582,left
sub-STUCLUK2148,UCL-UK/UCLStrokeData,3520,0.0,-1.0,right,440,0.0,-1.0,right
sub-STUCLUK2149,UCL-UK/UCLStrokeData,640,0.0,-1.0,right,80,0.0,-1.0,right
sub-STUCLUK2150,UCL-UK/UCLStrokeData,1488,0.0,-0.11827956989247312,both,186,0.0,-0.11827956989247312,both
sub-STUCLUK2151,UCL-UK/UCLStrokeData,280,0.0,1.0,left,35,0.0,1.0,left
sub-STUCLUK2152,UCL-UK/UCLStrokeData,272,0.0,-1.0,right,34,0.0,-1.0,right
sub-STUCLUK2153,UCL-UK/UCLStrokeData,8464,0.0,-0.9565217391304348,right,1058,0.0,-0.9565217391304348,right
sub-STUCLUK2154,UCL-UK/UCLStrokeData,360,0.0,-0.9111111111111111,right,45,0.0,-0.9111111111111111,right
sub-STUCLUK2155,UCL-UK/UCLStrokeData,1360,0.0,-1.0,right,170,0.0,-1.0,right
sub-STUCLUK2156,UCL-UK/UCLStrokeData,208,0.0,1.0,left,26,0.0,1.0,left
sub-STUCLUK2157,UCL-UK/UCLStrokeData,3744,0.0,1.0,left,468,0.0,1.0,left
sub-STUCLUK2158,UCL-UK/UCLStrokeData,8936,0.0,1.0,left,1117,0.0,1.0,left
sub-STUCLUK2159,UCL-UK/UCLStrokeData,536,0.0,-1.0,right,67,0.0,-1.0,right
sub-STUCLUK2160,UCL-UK/UCLStrokeData,2272,0.0,-1.0,right,284,0.0,-1.0,right
sub-STUCLUK2161,UCL-UK/UCLStrokeData,19467,0.0092121335504886,0.9146577419860901,left,2444,0.004885993485342019,0.9499575911789653,left
sub-STUCLUK2162,UCL-UK/UCLStrokeData,35120,0.0,1.0,left,4390,0.0,1.0,left
sub-STUCLUK2163,UCL-UK/UCLStrokeData,3288,0.0,1.0,left,411,0.0,1.0,left
sub-STUCLUK2164,UCL-UK/UCLStrokeData,128,0.0,-1.0,right,16,0.0,-1.0,right
sub-STUCLUK2165,UCL-UK/UCLStrokeData,320,0.0,-1.0,right,40,0.0,-1.0,right
sub-STUCLUK2166,UCL-UK/UCLStrokeData,656,0.0,-1.0,right,82,0.0,-1.0,right
sub-STUCLUK2167,UCL-UK/UCLStrokeData,2296,0.0,-1.0,right,287,0.0,-1.0,right
sub-STUCLUK2168,UCL-UK/UCLStrokeData,5625,0.006885593220338983,-1.0,right,703,0.007062146892655367,-1.0,right
sub-STUCLUK2169,UCL-UK/UCLStrokeData,1160,0.0,1.0,left,145,0.0,1.0,left
sub-STUCLUK2170,UCL-UK/UCLStrokeData,2496,0.0,0.9337748344370861,left,312,0.0,1.0,left
sub-STUCLUK2171,UCL-UK/UCLStrokeData,760,0.0,1.0,left,95,0.0,1.0,left
sub-STUCLUK2172,UCL-UK/UCLStrokeData,80,0.0,-1.0,right,10,0.0,-1.0,right
sub-STUCLUK2173,UCL-UK/UCLStrokeData,4405,0.002490942028985507,0.8052213393870602,left,552,0.0,0.8007246376811594,left
sub-STUCLUK2174,UCL-UK/UCLStrokeData,184,0.0,1.0,left,23,0.0,1.0,left
sub-STUCLUK2175,UCL-UK/UCLStrokeData,2808,0.0,1.0,left,351,0.0,1.0,left
sub-STUCLUK2176,UCL-UK/UCLStrokeData,672,0.0,-0.23809523809523808,right,84,0.0,-0.23809523809523808,right
sub-STUCLUK2177,UCL-UK/UCLStrokeData,4056,0.0,1.0,left,507,0.0,1.0,left
sub-STUCLUK2178,UCL-UK/UCLStrokeData,1672,0.0,1.0,left,209,0.0,1.0,left
sub-STUCLUK2179,UCL-UK/UCLStrokeData,1990,0.001004016064257028,-1.0,right,249,0.0,-1.0,right
sub-STUCLUK2180,UCL-UK/UCLStrokeData,5456,0.0,-1.0,right,682,0.0,-1.0,right
sub-STUCLUK2181,UCL-UK/UCLStrokeData,53654,0.0009310293460449874,-1.0,right,6711,0.00029792939073439596,-1.0,right
sub-STUCLUK2182,UCL-UK/UCLStrokeData,2872,0.0,0.14206128133704735,both,359,0.0,0.14206128133704735,both
sub-STUCLUK2183,UCL-UK/UCLStrokeData,536,0.0,-1.0,right,67,0.0,-1.0,right
sub-STUCLUK2184,UCL-UK/UCLStrokeData,352,0.0,-1.0,right,44,0.0,-1.0,right
sub-STUCLUK2185,UCL-UK/UCLStrokeData,224,0.0,-0.5,right,28,0.0,-0.5,right
sub-STUCLUK2186,UCL-UK/UCLStrokeData,7312,0.0,1.0,left,914,0.0,1.0,left
sub-STUCLUK2187,UCL-UK/UCLStrokeData,6096,0.0,-1.0,right,762,0.0,-1.0,right
sub-STUCLUK2188,UCL-UK/UCLStrokeData,4136,0.0,1.0,left,517,0.0,1.0,left
sub-STUCLUK2189,UCL-UK/UCLStrokeData,5764,0.0006934812760055479,1.0,left,721,0.0,1.0,left
sub-STUCLUK2190,UCL-UK/UCLStrokeData,1384,0.0,1.0,left,173,0.0,1.0,left
sub-STUCLUK2191,UCL-UK/UCLStrokeData,864,0.0,0.018518518518518517,both,108,0.0,0.018518518518518517,both
sub-STUCLUK2192,UCL-UK/UCLStrokeData,6256,0.0,-1.0,right,782,0.0,-1.0,right
sub-STUCLUK2193,UCL-UK/UCLStrokeData,2880,0.0,-1.0,right,360,0.0,-1.0,right
sub-STUCLUK2194,UCL-UK/UCLStrokeData,512,0.0,0.34375,left,64,0.0,0.34375,left
sub-STUCLUK2195,UCL-UK/UCLStrokeData,64171,0.003927107910095617,-0.880011870733955,right,8027,0.0032286104557307837,-0.8795994993742178,right
sub-STUCLUK2196,UCL-UK/UCLStrokeData,3488,0.0,0.05504587155963303,both,436,0.0,0.05504587155963303,both
sub-STUCLUK2197,UCL-UK/UCLStrokeData,5296,0.0,0.9637462235649547,left,662,0.0,0.9637462235649547,left
sub-STUCLUK2198,UCL-UK/UCLStrokeData,16520,0.0,1.0,left,2065,0.0,1.0,left
sub-STUCLUK2199,UCL-UK/UCLStrokeData,883,0.014508928571428572,-1.0,right,110,0.017857142857142856,-1.0,right
sub-STUCLUK2200,UCL-UK/UCLStrokeData,1616,0.0,-1.0,right,202,0.0,-1.0,right
sub-STUCLUK2201,UCL-UK/UCLStrokeData,2380,0.0016778523489932886,1.0,left,298,0.0,1.0,left
sub-STUCLUK2202,UCL-UK/UCLStrokeData,1536,0.0,-1.0,right,192,0.0,-1.0,right
sub-STUCLUK2203,UCL-UK/UCLStrokeData,672,0.0,0.8809523809523809,left,84,0.0,0.8809523809523809,left
sub-STUCLUK2204,UCL-UK/UCLStrokeData,2520,0.0,-1.0,right,315,0.0,-1.0,right
sub-STUCLUK2205,UCL-UK/UCLStrokeData,416,0.0,-1.0,right,52,0.0,-1.0,right
sub-STUCLUK2206,UCL-UK/UCLStrokeData,168,0.0,1.0,left,21,0.0,1.0,left
sub-STUCLUK2207,UCL-UK/UCLStrokeData,528,0.0,0.9212598425196851,left,66,0.0,1.0,left
sub-STUCLUK2208,UCL-UK/UCLStrokeData,120,0.0,-1.0,right,15,0.0,-1.0,right
sub-STUCLUK2209,UCL-UK/UCLStrokeData,12221,0.0008992805755395684,-0.9894136134314779,right,1529,0.0,-0.9893048128342246,right
sub-STUCLUK2210,UCL-UK/UCLStrokeData,30523,0.0019945069317290087,0.7413844870725604,left,3821,0.000523149359142035,0.7741585233441911,left
sub-STUCLUK2211,UCL-UK/UCLStrokeData,3670,0.004880694143167028,1.0,left,460,0.0021691973969631237,1.0,left
sub-STUCLUK2212,UCL-UK/UCLStrokeData,10944,0.0,-1.0,right,1368,0.0,-1.0,right
sub-STUCLUK2213,UCL-UK/UCLStrokeData,808,0.0,1.0,left,101,0.0,1.0,left
sub-STUCLUK2214,UCL-UK/UCLStrokeData,44742,0.005910060433700675,-0.9957087300522999,right,5596,0.005332385353714895,-0.995711222301644,right
sub-STUCLUK2215,UCL-UK/UCLStrokeData,5024,0.0,1.0,left,628,0.0,1.0,left
sub-STUCLUK2216,UCL-UK/UCLStrokeData,3856,0.0,-1.0,right,482,0.0,-1.0,right
sub-STUCLUK2217,UCL-UK/UCLStrokeData,28096,0.0,-1.0,right,3512,0.0,-1.0,right
sub-STUCLUK2218,UCL-UK/UCLStrokeData,19608,0.0,-0.960016319869441,right,2451,0.0,-0.960016319869441,right
sub-STUCLUK2219,UCL-UK/UCLStrokeData,4840,0.0,-0.996694214876033,right,605,0.0,-0.996694214876033,right
sub-STUCLUK2220,UCL-UK/UCLStrokeData,5008,0.0,1.0,left,626,0.0,1.0,left
sub-STUCLUK2221,UCL-UK/UCLStrokeData,145808,0.0008223233375363192,1.0,left,18236,0.0002741077791787731,1.0,left
sub-STUCLUK2222,UCL-UK/UCLStrokeData,1066,0.005597014925373134,0.4773662551440329,left,134,0.0,0.6363636363636364,left
sub-STUCLUK2223,UCL-UK/UCLStrokeData,552,0.0,1.0,left,69,0.0,1.0,left
sub-STUCLUK2224,UCL-UK/UCLStrokeData,8128,0.0,0.984251968503937,left,1016,0.0,0.984251968503937,left
sub-STUCLUK2225,UCL-UK/UCLStrokeData,21704,0.0,1.0,left,2713,0.0,1.0,left
sub-STUCLUK2226,UCL-UK/UCLStrokeData,200,0.0,1.0,left,25,0.0,1.0,left
sub-STUCLUK2227,UCL-UK/UCLStrokeData,1424,0.0,1.0,left,178,0.0,1.0,left
sub-STUCLUK2228,UCL-UK/UCLStrokeData,480,0.0,0.9487179487179487,left,60,0.0,1.0,left
sub-STUCLUK2229,UCL-UK/UCLStrokeData,1480,0.0,-1.0,right,185,0.0,-1.0,right
sub-STUCLUK2230,UCL-UK/UCLStrokeData,664,0.0,-1.0,right,83,0.0,-1.0,right
sub-STUCLUK2231,UCL-UK/UCLStrokeData,8752,0.0,-0.46617915904936014,right,1094,0.0,-0.46617915904936014,right
sub-STUCLUK2232,UCL-UK/UCLStrokeData,1472,0.0,-1.0,right,184,0.0,-1.0,right
sub-STUCLUK2233,UCL-UK/UCLStrokeData,14748,0.0018949648077964266,0.9712503390290209,left,1845,0.0010828370330265296,0.9696476964769648,left
sub-STUCLUK2234,UCL-UK/UCLStrokeData,936,0.0,1.0,left,117,0.0,1.0,left
sub-STUCLUK2235,UCL-UK/UCLStrokeData,2632,0.0,-1.0,right,329,0.0,-1.0,right
sub-STUCLUK2236,UCL-UK/UCLStrokeData,2504,0.0,0.7124600638977636,left,313,0.0,0.7124600638977636,left
sub-STUCLUK2237,UCL-UK/UCLStrokeData,1848,0.0,1.0,left,231,0.0,1.0,left
sub-STUCLUK2238,UCL-UK/UCLStrokeData,6280,0.0,-1.0,right,785,0.0,-1.0,right
sub-STUCLUK2239,UCL-UK/UCLStrokeData,58312,0.0,-0.12415969268761147,both,7289,0.0,-0.12415969268761147,both
sub-STUCLUK2240,UCL-UK/UCLStrokeData,9710,0.00020593080724876442,-1.0,right,1214,0.0,-1.0,right
sub-STUCLUK2241,UCL-UK/UCLStrokeData,38505,0.0003894080996884735,-1.0,right,4813,0.0004153686396677051,-1.0,right
sub-STUCLUK2242,UCL-UK/UCLStrokeData,104,0.0,-1.0,right,13,0.0,-1.0,right
sub-STUCLUK2243,UCL-UK/UCLStrokeData,640,0.0,-1.0,right,80,0.0,-1.0,right
sub-STUCLUK2244,UCL-UK/UCLStrokeData,544,0.0,-1.0,right,68,0.0,-1.0,right
sub-STUCLUK2245,UCL-UK/UCLStrokeData,72,0.0,-1.0,right,9,0.0,-1.0,right
sub-STUCLUK2246,UCL-UK/UCLStrokeData,3574,0.0005592841163310962,-1.0,right,447,0.0,-1.0,right
sub-STUCLUK2247,UCL-UK/UCLStrokeData,39478,0.0008604980765337112,0.9603275520065103,left,4939,0.0,0.9681632653061224,left
sub-STUCLUK2248,UCL-UK/UCLStrokeData,5232,0.0,0.3905053598774885,left,654,0.0,0.39263803680981596,left
sub-STUCLUK2249,UCL-UK/UCLStrokeData,5128,0.0,-1.0,right,641,0.0,-1.0,right
sub-STUCLUK2250,UCL-UK/UCLStrokeData,80,0.0,1.0,left,10,0.0,1.0,left
sub-STUCLUK2251,UCL-UK/UCLStrokeData,3968,0.0,1.0,left,496,0.0,1.0,left
sub-STUCLUK2252,UCL-UK/UCLStrokeData,776,0.0,-1.0,right,97,0.0,-1.0,right
sub-STUCLUK2253,UCL-UK/UCLStrokeData,184,0.0,-1.0,right,23,0.0,-1.0,right
sub-STUCLUK2254,UCL-UK/UCLStrokeData,504,0.0,0.20634920634920634,left,63,0.0,0.20634920634920634,left
sub-STUCLUK2255,UCL-UK/UCLStrokeData,2472,0.0,-1.0,right,309,0.0,-1.0,right
sub-STUCLUK2256,UCL-UK/UCLStrokeData,5040,0.0,1.0,left,630,0.0,1.0,left
sub-STUCLUK2257,UCL-UK/UCLStrokeData,473,0.014583333333333334,1.0,left,60,0.0,1.0,left
sub-STUCLUK2258,UCL-UK/UCLStrokeData,5656,0.0,-1.0,right,707,0.0,-1.0,right
sub-STUCLUK2259,UCL-UK/UCLStrokeData,3816,0.0,0.7568134171907757,left,477,0.0,0.7568134171907757,left
sub-STUCLUK2260,UCL-UK/UCLStrokeData,3616,0.0,-1.0,right,452,0.0,-1.0,right
sub-STUCLUK2261,UCL-UK/UCLStrokeData,48680,0.0,1.0,left,6085,0.0,1.0,left
sub-STUCLUK2262,UCL-UK/UCLStrokeData,32408,0.0,1.0,left,4051,0.0,1.0,left
sub-STUCLUK2263,UCL-UK/UCLStrokeData,80,0.0,-1.0,right,10,0.0,-1.0,right
sub-STUCLUK2264,UCL-UK/UCLStrokeData,6216,0.0,1.0,left,777,0.0,1.0,left
sub-STUCLUK2265,UCL-UK/UCLStrokeData,32,0.0,1.0,left,4,0.0,1.0,left
sub-STUCLUK2266,UCL-UK/UCLStrokeData,96,0.0,1.0,left,12,0.0,1.0,left
sub-STUCLUK2267,UCL-UK/UCLStrokeData,792,0.01,1.0,left,99,0.01,1.0,left
sub-STUCLUK2268,UCL-UK/UCLStrokeData,159,0.00625,-0.20754716981132076,right,20,0.0,-0.2,right
sub-STUCLUK2269,UCL-UK/UCLStrokeData,136,0.19047619047619047,-1.0,right,17,0.19047619047619047,-1.0,right
sub-STUCLUK2270,UCL-UK/UCLStrokeData,3672,0.0,-0.8562091503267973,right,459,0.0,-0.8562091503267973,right
sub-STUCLUK2271,UCL-UK/UCLStrokeData,176,0.0,1.0,left,22,0.0,1.0,left
sub-STUCLUK2272,UCL-UK/UCLStrokeData,2544,0.0,1.0,left,318,0.0,1.0,left
sub-STUCLUK2273,UCL-UK/UCLStrokeData,1720,0.0,1.0,left,215,0.0,1.0,left
sub-STUCLUK2274,UCL-UK/UCLStrokeData,3168,0.0,-1.0,right,396,0.0,-1.0,right
sub-STUCLUK2275,UCL-UK/UCLStrokeData,1384,0.0,1.0,left,173,0.0,1.0,left
sub-STUCLUK2276,UCL-UK/UCLStrokeData,1962,0.003048780487804878,-1.0,right,245,0.0040650406504065045,-1.0,right
sub-STUCLUK2277,UCL-UK/UCLStrokeData,13720,0.0,1.0,left,1715,0.0,1.0,left
sub-STUCLUK2278,UCL-UK/UCLStrokeData,4704,0.0,-0.9829931972789115,right,588,0.0,-0.9829931972789115,right
sub-STUCLUK2279,UCL-UK/UCLStrokeData,1272,0.0,-0.610062893081761,right,159,0.0,-0.610062893081761,right
sub-STUCLUK2280,UCL-UK/UCLStrokeData,1944,0.0,-1.0,right,243,0.0,-1.0,right
sub-STUCLUK2281,UCL-UK/UCLStrokeData,7776,0.0,1.0,left,972,0.0,1.0,left
sub-STUCLUK2282,UCL-UK/UCLStrokeData,368,0.0,-1.0,right,46,0.0,-1.0,right
sub-STUCLUK2283,UCL-UK/UCLStrokeData,528,0.0,-1.0,right,66,0.0,-1.0,right
sub-STUCLUK2284,UCL-UK/UCLStrokeData,376,0.0,1.0,left,47,0.0,1.0,left
sub-STUCLUK2285,UCL-UK/UCLStrokeData,1752,0.0,-1.0,right,219,0.0,-1.0,right
sub-STUCLUK2286,UCL-UK/UCLStrokeData,40,0.0,-1.0,right,5,0.0,-1.0,right
sub-STUCLUK2287,UCL-UK/UCLStrokeData,256,0.0,-1.0,right,32,0.0,-1.0,right
sub-STUCLUK2288,UCL-UK/UCLStrokeData,10152,0.0,-0.987391646966115,right,1269,0.0,-0.987391646966115,right
sub-STUCLUK2289,UCL-UK/UCLStrokeData,8840,0.0,1.0,left,1105,0.0,1.0,left
sub-STUCLUK2290,UCL-UK/UCLStrokeData,240,0.0,1.0,left,30,0.0,1.0,left
sub-STUCLUK2291,UCL-UK/UCLStrokeData,6272,0.0,-1.0,right,784,0.0,-1.0,right
sub-STUCLUK2292,UCL-UK/UCLStrokeData,400,0.0,1.0,left,50,0.0,1.0,left
sub-STUCLUK2293,UCL-UK/UCLStrokeData,1040,0.0,-1.0,right,130,0.0,-1.0,right
sub-STUCLUK2294,UCL-UK/UCLStrokeData,1664,0.0,0.125,both,208,0.0,0.125,both
sub-STUCLUK2295,UCL-UK/UCLStrokeData,13912,0.0,-1.0,right,1739,0.0,-1.0,right
sub-STUCLUK2296,UCL-UK/UCLStrokeData,19373,0.00015483071841453344,-1.0,right,2422,0.0,-1.0,right
sub-STUCLUK2297,UCL-UK/UCLStrokeData,2816,0.0,-1.0,right,352,0.0,-1.0,right
sub-STUCLUK2298,UCL-UK/UCLStrokeData,136,0.0,1.0,left,17,0.0,1.0,left
sub-STUCLUK2299,UCL-UK/UCLStrokeData,728,0.0,1.0,left,91,0.0,1.0,left
sub-STUCLUK2300,UCL-UK/UCLStrokeData,232,0.0,1.0,left,29,0.0,1.0,left
sub-STUCLUK2301,UCL-UK/UCLStrokeData,1624,0.0,1.0,left,203,0.0,1.0,left
sub-STUCLUK2302,UCL-UK/UCLStrokeData,256,0.0,1.0,left,32,0.0,1.0,left
sub-STUCLUK2303,UCL-UK/UCLStrokeData,80,0.0,-1.0,right,10,0.0,-1.0,right
sub-STUCLUK2304,UCL-UK/UCLStrokeData,160,0.0,-1.0,right,20,0.0,-1.0,right
sub-STUCLUK2305,UCL-UK/UCLStrokeData,2144,0.0,-1.0,right,268,0.0,-1.0,right
sub-STUCLUK2306,UCL-UK/UCLStrokeData,128,0.0,1.0,left,16,0.0,1.0,left
sub-STUCLUK2307,UCL-UK/UCLStrokeData,232,0.0,-1.0,right,29,0.0,-1.0,right
sub-STUCLUK2308,UCL-UK/UCLStrokeData,248,0.0,1.0,left,31,0.0,1.0,left
sub-STUCLUK2309,UCL-UK/UCLStrokeData,2312,0.0,-0.9930795847750865,right,289,0.0,-0.9930795847750865,right
sub-STUCLUK2310,UCL-UK/UCLStrokeData,10064,0.0,-0.9220985691573926,right,1258,0.0,-0.9220985691573926,right
sub-STUCLUK2311,UCL-UK/UCLStrokeData,10590,0.0016968325791855204,-1.0,right,1322,0.0030165912518853697,-1.0,right
sub-STUCLUK2312,UCL-UK/UCLStrokeData,360,0.0,1.0,left,45,0.0,1.0,left
sub-STUCLUK2313,UCL-UK/UCLStrokeData,11413,0.0009628851540616247,-0.9284802043422733,right,1425,0.0021008403361344537,-0.9253617669459253,right
sub-STUCLUK2314,UCL-UK/UCLStrokeData,3864,0.0,0.9958592132505176,left,483,0.0,0.9958592132505176,left
sub-STUCLUK2315,UCL-UK/UCLStrokeData,2832,0.0,-1.0,right,354,0.0,-1.0,right
sub-STUCLUK2316,UCL-UK/UCLStrokeData,480,0.0,1.0,left,60,0.0,1.0,left
sub-STUCLUK2317,UCL-UK/UCLStrokeData,288,0.0,-1.0,right,36,0.0,-1.0,right
sub-STUCLUK2318,UCL-UK/UCLStrokeData,600,0.0,0.972972972972973,left,75,0.0,1.0,left
sub-STUCLUK2319,UCL-UK/UCLStrokeData,88,0.0,1.0,left,11,0.0,1.0,left
sub-STUCLUK2320,UCL-UK/UCLStrokeData,672,0.0,0.7380952380952381,left,84,0.0,0.7380952380952381,left
sub-STUCLUK2321,UCL-UK/UCLStrokeData,2368,0.0,-1.0,right,296,0.0,-1.0,right
sub-STUCLUK2322,UCL-UK/UCLStrokeData,656,0.0,-1.0,right,82,0.0,-1.0,right
sub-STUCLUK2323,UCL-UK/UCLStrokeData,2456,0.0,1.0,left,307,0.0,1.0,left
sub-STUCLUK2324,UCL-UK/UCLStrokeData,518,0.0038461538461538464,-0.7084282460136674,right,65,0.0,-0.6444444444444445,right
sub-STUCLUK2325,UCL-UK/UCLStrokeData,53119,0.002422626201923077,1.0,left,6654,0.00030048076923076925,1.0,left
sub-STUCLUK2326,UCL-UK/UCLStrokeData,5240,0.0,-1.0,right,655,0.0,-1.0,right
sub-STUCLUK2327,UCL-UK/UCLStrokeData,968,0.0,-0.8842975206611571,right,121,0.0,-0.8842975206611571,right
sub-STUCLUK2328,UCL-UK/UCLStrokeData,160,0.0,1.0,left,20,0.0,1.0,left
sub-STUCLUK2329,UCL-UK/UCLStrokeData,144,0.0,-1.0,right,18,0.0,-1.0,right
sub-STUCLUK2330,UCL-UK/UCLStrokeData,272,0.0,-1.0,right,34,0.0,-1.0,right
sub-STUCLUK2331,UCL-UK/UCLStrokeData,576,0.0,-1.0,right,72,0.0,-1.0,right
sub-STUCLUK2332,UCL-UK/UCLStrokeData,8448,0.0,0.9106198942815954,left,1056,0.0,0.9395121951219512,left
sub-STUCLUK2333,UCL-UK/UCLStrokeData,8336,0.004775549188156638,0.9543558282208588,left,1047,0.0,1.0,left
sub-STUCLUK2334,UCL-UK/UCLStrokeData,168,0.0,-1.0,right,21,0.0,-1.0,right
sub-STUCLUK2335,UCL-UK/UCLStrokeData,17112,0.0,1.0,left,2139,0.0,1.0,left
sub-STUCLUK2336,UCL-UK/UCLStrokeData,37616,0.0,-1.0,right,4702,0.0,-1.0,right
sub-STUCLUK2337,UCL-UK/UCLStrokeData,48432,0.0,-1.0,right,6054,0.0,-1.0,right
sub-STUCLUK2338,UCL-UK/UCLStrokeData,7303,0.0055827886710239655,-1.0,right,915,0.0032679738562091504,-1.0,right
sub-STUCLUK2339,UCL-UK/UCLStrokeData,4728,0.0,-0.8477157360406091,right,591,0.0,-0.8477157360406091,right
sub-STUCLUK2340,UCL-UK/UCLStrokeData,2248,0.0,0.9786476868327402,left,281,0.0,0.9786476868327402,left
sub-STUCLUK2341,UCL-UK/UCLStrokeData,2864,0.0,-1.0,right,358,0.0,-1.0,right
sub-STUCLUK2342,UCL-UK/UCLStrokeData,1640,0.0,1.0,left,205,0.0,1.0,left
sub-STUCLUK2343,UCL-UK/UCLStrokeData,2120,0.0,-1.0,right,265,0.0,-1.0,right
sub-STUCLUK2344,UCL-UK/UCLStrokeData,6392,0.0,-1.0,right,799,0.0,-1.0,right
sub-STUCLUK2345,UCL-UK/UCLStrokeData,1520,0.0,0.8,left,190,0.0,0.8,left
sub-STUCLUK2346,UCL-UK/UCLStrokeData,62373,0.006419650821970179,-1.0,right,7798,0.006244424620874219,-1.0,right
sub-STUCLUK2347,UCL-UK/UCLStrokeData,360,0.0,1.0,left,45,0.0,1.0,left
sub-STUCLUK2348,UCL-UK/UCLStrokeData,4960,0.0,-1.0,right,620,0.0,-1.0,right
sub-STUCLUK2349,UCL-UK/UCLStrokeData,1331,0.009672619047619048,1.0,left,168,0.0,1.0,left
sub-STUCLUK2350,UCL-UK/UCLStrokeData,3592,0.0,1.0,left,449,0.0,1.0,left
sub-STUCLUK2351,UCL-UK/UCLStrokeData,824,0.0,-1.0,right,103,0.0,-1.0,right
sub-STUCLUK2352,UCL-UK/UCLStrokeData,11864,0.0,-1.0,right,1483,0.0,-1.0,right
sub-STUCLUK2353,UCL-UK/UCLStrokeData,1920,0.0,1.0,left,240,0.0,1.0,left
sub-STUCLUK2354,UCL-UK/UCLStrokeData,1712,0.0,-1.0,right,214,0.0,-1.0,right
sub-STUCLUK2355,UCL-UK/UCLStrokeData,19698,0.004346947027901334,-1.0,right,2461,0.004852405984634048,-1.0,right
sub-STUCLUK2356,UCL-UK/UCLStrokeData,5170,0.008819018404907975,-1.0,right,647,0.007668711656441718,-1.0,right
sub-STUCLUK2357,UCL-UK/UCLStrokeData,2448,0.0,0.8932874354561101,left,306,0.0,1.0,left
sub-STUCLUK2358,UCL-UK/UCLStrokeData,232,0.0,-1.0,right,29,0.0,-1.0,right
sub-STUCLUK2359,UCL-UK/UCLStrokeData,32,0.0,1.0,left,4,0.0,1.0,left
sub-STUCLUK2360,UCL-UK/UCLStrokeData,88,0.0,1.0,left,11,0.0,1.0,left
sub-STUCLUK2361,UCL-UK/UCLStrokeData,80,0.0,-1.0,right,10,0.0,-1.0,right
sub-STUCLUK2362,UCL-UK/UCLStrokeData,96,0.0,1.0,left,12,0.0,1.0,left
sub-STUCLUK2363,UCL-UK/UCLStrokeData,400,0.0,-1.0,right,50,0.0,-1.0,right
sub-STUCLUK2364,UCL-UK/UCLStrokeData,104,0.0,1.0,left,13,0.0,1.0,left
sub-STUCLUK2365,UCL-UK/UCLStrokeData,40,0.0,1.0,left,5,0.0,1.0,left
sub-STUCLUK2366,UCL-UK/UCLStrokeData,344,0.0,1.0,left,43,0.0,1.0,left
sub-STUCLUK2367,UCL-UK/UCLStrokeData,142154,0.005582293357210812,0.9878707530005783,left,17801,0.003805473165817897,0.992774077001242,left
sub-STUCLUK2368,UCL-UK/UCLStrokeData,2296,0.0,-1.0,right,287,0.0,-1.0,right
sub-STUCLUK2369,UCL-UK/UCLStrokeData,664,0.0,1.0,left,83,0.0,1.0,left
sub-STUCLUK2370,UCL-UK/UCLStrokeData,808,0.0,-1.0,right,101,0.0,-1.0,right
sub-STUCLUK2371,UCL-UK/UCLStrokeData,20024,0.0,-1.0,right,2503,0.0,-1.0,right
sub-STUCLUK2372,UCL-UK/UCLStrokeData,112,0.0,1.0,left,14,0.0,1.0,left
sub-STUCLUK2373,UCL-UK/UCLStrokeData,6727,0.00014863258026159333,-1.0,right,841,0.0,-1.0,right
sub-STUCLUK2374,UCL-UK/UCLStrokeData,30841,0.017802547770700637,1.0,left,3886,0.009936305732484076,1.0,left
sub-STUCLUK2375,UCL-UK/UCLStrokeData,6824,0.0,1.0,left,853,0.0,1.0,left
sub-STUCLUK2376,UCL-UK/UCLStrokeData,544,0.0,1.0,left,68,0.0,1.0,left
sub-STUCLUK2377,UCL-UK/UCLStrokeData,768,0.0,1.0,left,96,0.0,1.0,left
sub-STUCLUK2378,UCL-UK/UCLStrokeData,624,0.0,-1.0,right,78,0.0,-1.0,right
sub-STUCLUK2379,UCL-UK/UCLStrokeData,17720,0.0,1.0,left,2215,0.0,1.0,left
sub-STUCLUK2380,UCL-UK/UCLStrokeData,3864,0.0,1.0,left,483,0.0,1.0,left
sub-STUCLUK2381,UCL-UK/UCLStrokeData,3552,0.0,1.0,left,444,0.0,1.0,left
sub-STUCLUK2382,UCL-UK/UCLStrokeData,944,0.0,0.8983050847457628,left,118,0.0,0.8983050847457628,left
sub-STUCLUK2383,UCL-UK/UCLStrokeData,1664,0.0,-1.0,right,208,0.0,-1.0,right
sub-STUCLUK2384,UCL-UK/UCLStrokeData,91857,7.619959940782026e-05,1.0,left,11479,0.00034834102586432116,1.0,left
sub-STUCLUK2385,UCL-UK/UCLStrokeData,3128,0.0,1.0,left,391,0.0,1.0,left
sub-STUCLUK2386,UCL-UK/UCLStrokeData,776,0.0,1.0,left,97,0.0,1.0,left
sub-STUCLUK2387,UCL-UK/UCLStrokeData,21800,0.0,1.0,left,2725,0.0,1.0,left
sub-STUCLUK2388,UCL-UK/UCLStrokeData,176,0.0,-1.0,right,22,0.0,-1.0,right
sub-STUCLUK2389,UCL-UK/UCLStrokeData,176,0.0,1.0,left,22,0.0,1.0,left
sub-STUCLUK2390,UCL-UK/UCLStrokeData,720,0.0,-1.0,right,90,0.0,-1.0,right
sub-STUCLUK2391,UCL-UK/UCLStrokeData,11568,0.0,0.8603042876901799,left,1446,0.0,0.8603042876901799,left
sub-STUCLUK2392,UCL-UK/UCLStrokeData,4600,0.0,-1.0,right,575,0.0,-1.0,right
sub-STUCLUK2393,UCL-UK/UCLStrokeData,13462,0.00014854426619132502,1.0,left,1683,0.0,1.0,left
sub-STUCLUK2394,UCL-UK/UCLStrokeData,456,0.0,1.0,left,57,0.0,1.0,left
sub-STUCLUK2395,UCL-UK/UCLStrokeData,736,0.0,1.0,left,92,0.0,1.0,left
sub-STUCLUK2396,UCL-UK/UCLStrokeData,3176,0.0,-0.9030612244897959,right,397,0.0,-0.9018087855297158,right
sub-STUCLUK2397,UCL-UK/UCLStrokeData,312,0.0,-1.0,right,39,0.0,-1.0,right
sub-STUCLUK2398,UCL-UK/UCLStrokeData,472,0.0,-1.0,right,59,0.0,-1.0,right
sub-STUCLUK2399,UCL-UK/UCLStrokeData,704,0.0,1.0,left,88,0.0,1.0,left
sub-STUCLUK2400,UCL-UK/UCLStrokeData,928,0.0,1.0,left,116,0.0,1.0,left
sub-STUCLUK2401,UCL-UK/UCLStrokeData,2880,0.0,1.0,left,360,0.0,1.0,left
sub-STUCLUK2402,UCL-UK/UCLStrokeData,360,0.0,1.0,left,45,0.0,1.0,left
sub-STUCLUK2403,UCL-UK/UCLStrokeData,1704,0.0,-1.0,right,213,0.0,-1.0,right
sub-STUCLUK2404,UCL-UK/UCLStrokeData,1456,0.0,1.0,left,182,0.0,1.0,left
sub-STUCLUK2405,UCL-UK/UCLStrokeData,1192,0.0,0.7718120805369127,left,149,0.0,0.7718120805369127,left
sub-STUCLUK2406,UCL-UK/UCLStrokeData,104,0.0,1.0,left,13,0.0,1.0,left
sub-STUCLUK2407,UCL-UK/UCLStrokeData,456,0.0,0.15789473684210525,both,57,0.0,0.15789473684210525,both
sub-STUCLUK2408,UCL-UK/UCLStrokeData,344,0.0,1.0,left,43,0.0,1.0,left
sub-STUCLUK2409,UCL-UK/UCLStrokeData,12925,0.004544054220579174,1.0,left,1620,0.0018484288354898336,1.0,left
sub-STUCLUK2410,UCL-UK/UCLStrokeData,15974,0.010039662865642042,-0.995993489420308,right,1994,0.011403073872087258,-0.995987963891675,right
sub-STUCLUK2411,UCL-UK/UCLStrokeData,4000,0.0,-1.0,right,500,0.0,-1.0,right
sub-STUCLUK2412,UCL-UK/UCLStrokeData,1360,0.0,-1.0,right,170,0.0,-1.0,right
sub-STUCLUK2413,UCL-UK/UCLStrokeData,832,0.0,-1.0,right,104,0.0,-1.0,right
sub-STUCLUK2414,UCL-UK/UCLStrokeData,2034,0.0029411764705882353,-1.0,right,253,0.00784313725490196,-1.0,right
sub-STUCLUK2415,UCL-UK/UCLStrokeData,544,0.0,-1.0,right,68,0.0,-1.0,right
sub-STUCLUK2416,UCL-UK/UCLStrokeData,176,0.0,1.0,left,22,0.0,1.0,left
sub-STUCLUK2417,UCL-UK/UCLStrokeData,664,0.0,0.7590361445783133,left,83,0.0,0.7590361445783133,left
sub-STUCLUK2418,UCL-UK/UCLStrokeData,43148,0.0004633061527057079,1.0,left,5394,0.00037064492216456633,1.0,left
sub-STUCLUK2419,UCL-UK/UCLStrokeData,480,0.0,1.0,left,60,0.0,1.0,left
sub-STUCLUK2420,UCL-UK/UCLStrokeData,27912,0.0,-0.9564345084551448,right,3489,0.0,-0.9564345084551448,right
sub-STUCLUK2421,UCL-UK/UCLStrokeData,248,0.0,1.0,left,31,0.0,1.0,left
sub-STUCLUK2422,UCL-UK/UCLStrokeData,760,0.0,-1.0,right,95,0.0,-1.0,right
sub-STUCLUK2423,UCL-UK/UCLStrokeData,1304,0.0,1.0,left,163,0.0,1.0,left
sub-STUCLUK2424,UCL-UK/UCLStrokeData,2063,0.008173076923076924,-1.0,right,257,0.011538461538461539,-1.0,right
sub-STUCLUK2425,UCL-UK/UCLStrokeData,13462,0.00839717147908073,1.0,left,1695,0.0011785503830288745,1.0,left
sub-STUCLUK2426,UCL-UK/UCLStrokeData,3008,0.0079155672823219,0.6368563685636857,left,373,0.0158311345646438,0.6657381615598886,left
sub-STUCLUK2427,UCL-UK/UCLStrokeData,1365,0.052083333333333336,0.9765567765567765,left,176,0.022222222222222223,0.9772727272727273,left
sub-STUCLUK2428,UCL-UK/UCLStrokeData,960,0.0,-1.0,right,120,0.0,-1.0,right
sub-STUCLUK2429,UCL-UK/UCLStrokeData,1168,0.0,1.0,left,146,0.0,1.0,left
sub-STUCLUK2430,UCL-UK/UCLStrokeData,632,0.0,1.0,left,79,0.0,1.0,left
sub-STUCLUK2431,UCL-UK/UCLStrokeData,4720,0.0,-1.0,right,590,0.0,-1.0,right
sub-STUCLUK2432,UCL-UK/UCLStrokeData,10991,0.0015443313953488371,1.0,left,1376,0.0,1.0,left
sub-STUCLUK2433,UCL-UK/UCLStrokeData,800,0.0,-0.28,right,100,0.0,-0.28,right
sub-STUCLUK2434,UCL-UK/UCLStrokeData,816,0.0,1.0,left,102,0.0,1.0,left
sub-STUCLUK2435,UCL-UK/UCLStrokeData,400,0.0,1.0,left,50,0.0,1.0,left
sub-STUCLUK2436,UCL-UK/UCLStrokeData,9560,0.0,0.41422594142259417,left,1195,0.0,0.41422594142259417,left
sub-STUCLUK2437,UCL-UK/UCLStrokeData,4200,0.0,-0.9847619047619047,right,525,0.0,-0.9847619047619047,right
sub-STUCLUK2438,UCL-UK/UCLStrokeData,896,0.0,1.0,left,112,0.0,1.0,left
sub-STUCLUK2439,UCL-UK/UCLStrokeData,200,0.0,-1.0,right,25,0.0,-1.0,right
sub-STUCLUK2440,UCL-UK/UCLStrokeData,7413,0.0014816810344827585,1.0,left,928,0.0,1.0,left
sub-STUCLUK2441,UCL-UK/UCLStrokeData,72,0.0,-1.0,right,9,0.0,-1.0,right
sub-STUCLUK2442,UCL-UK/UCLStrokeData,168,0.0,-1.0,right,21,0.0,-1.0,right
sub-STUCLUK2443,UCL-UK/UCLStrokeData,70488,0.0,-1.0,right,8811,0.0,-1.0,right
sub-STUCLUK2444,UCL-UK/UCLStrokeData,8008,0.0,-1.0,right,1001,0.0,-1.0,right
sub-STUCLUK2445,UCL-UK/UCLStrokeData,55467,0.010083523700742433,1.0,left,6963,0.005853797829811536,1.0,left
sub-STUCLUK2446,UCL-UK/UCLStrokeData,165700,0.0013740899667325588,1.0,left,20731,0.0004821368304324767,1.0,left
sub-STUCLUK2447,UCL-UK/UCLStrokeData,216,0.0,0.9259259259259259,left,27,0.0,0.9259259259259259,left
sub-STUCLUK2448,UCL-UK/UCLStrokeData,78535,0.004575643885621578,-1.0,right,9820,0.004258771040356926,-1.0,right
sub-STUCLUK2449,UCL-UK/UCLStrokeData,216,0.0,-1.0,right,27,0.0,-1.0,right
sub-STUCLUK2450,UCL-UK/UCLStrokeData,1416,0.0,-1.0,right,177,0.0,-1.0,right
sub-STUCLUK2451,UCL-UK/UCLStrokeData,6504,0.0,0.8646986469864698,left,813,0.0,0.8646986469864698,left
sub-STUCLUK2452,UCL-UK/UCLStrokeData,88,0.0,-1.0,right,11,0.0,-1.0,right
sub-STUCLUK2453,UCL-UK/UCLStrokeData,28193,0.0010983560090702948,1.0,left,3527,0.0002834467120181406,1.0,left
sub-STUCLUK2454,UCL-UK/UCLStrokeData,248,0.0,0.8245614035087719,left,31,0.0,1.0,left
sub-STUCLUK2455,UCL-UK/UCLStrokeData,3147,0.0015862944162436548,-1.0,right,394,0.0,-1.0,right
sub-STUCLUK2456,UCL-UK/UCLStrokeData,48,0.0,1.0,left,6,0.0,1.0,left
sub-STUCLUK2457,UCL-UK/UCLStrokeData,2536,0.0,-1.0,right,317,0.0,-1.0,right
sub-STUCLUK2458,UCL-UK/UCLStrokeData,240,0.0,-1.0,right,30,0.0,-1.0,right
sub-STUCLUK2459,UCL-UK/UCLStrokeData,520,0.0,-1.0,right,65,0.0,-1.0,right
sub-STUCLUK2460,UCL-UK/UCLStrokeData,103085,0.002197227814774663,-1.0,right,12886,0.002168189561715967,-1.0,right
sub-STUCLUK2461,UCL-UK/UCLStrokeData,1500,0.0026595744680851063,1.0,left,188,0.0,1.0,left
sub-STUCLUK2462,UCL-UK/UCLStrokeData,13840,0.0,1.0,left,1730,0.0,1.0,left
sub-STUCLUK2463,UCL-UK/UCLStrokeData,736,0.0,-1.0,right,92,0.0,-1.0,right
sub-STUCLUK2464,UCL-UK/UCLStrokeData,5920,0.0,-1.0,right,740,0.0,-1.0,right
sub-STUCLUK2465,UCL-UK/UCLStrokeData,6756,0.000591715976331361,-1.0,right,844,0.001183431952662722,-1.0,right
sub-STUCLUK2466,UCL-UK/UCLStrokeData,512,0.0,0.96875,left,64,0.0,0.96875,left
sub-STUCLUK2467,UCL-UK/UCLStrokeData,704,0.0,0.5909090909090909,left,88,0.0,0.5909090909090909,left
sub-STUCLUK2468,UCL-UK/UCLStrokeData,8944,0.0,1.0,left,1118,0.0,1.0,left
sub-STUCLUK2469,UCL-UK/UCLStrokeData,2600,0.0,-1.0,right,325,0.0,-1.0,right
sub-STUCLUK2470,UCL-UK/UCLStrokeData,984,0.0,0.7757847533632287,left,123,0.0,0.98,left
sub-STUCLUK2471,UCL-UK/UCLStrokeData,608,0.0,-1.0,right,76,0.0,-1.0,right
sub-STUCLUK2472,UCL-UK/UCLStrokeData,832,0.0,1.0,left,104,0.0,1.0,left
sub-STUCLUK2473,UCL-UK/UCLStrokeData,7900,0.02324431256181998,0.6374683544303797,left,996,0.01483679525222552,0.6405622489959839,left
sub-STUCLUK2474,UCL-UK/UCLStrokeData,1629,0.006707317073170732,-1.0,right,205,0.0,-1.0,right
sub-STUCLUK2475,UCL-UK/UCLStrokeData,3872,0.0,-1.0,right,484,0.0,-1.0,right
sub-STUCLUK2476,UCL-UK/UCLStrokeData,9496,0.0,1.0,left,1187,0.0,1.0,left
sub-STUCLUK2477,UCL-UK/UCLStrokeData,95249,0.002001257334450964,-1.0,right,11912,0.0015088013411567478,-1.0,right
sub-STUCLUK2478,UCL-UK/UCLStrokeData,976,0.0,-1.0,right,122,0.0,-1.0,right
sub-STUCLUK2479,UCL-UK/UCLStrokeData,38328,0.0,1.0,left,4791,0.0,1.0,left
sub-STUCLUK2480,UCL-UK/UCLStrokeData,304,0.0,-1.0,right,38,0.0,-1.0,right
sub-STUCLUK2481,UCL-UK/UCLStrokeData,6888,0.0,-0.9907084785133565,right,861,0.0,-0.9907084785133565,right
sub-STUCLUK2482,UCL-UK/UCLStrokeData,9232,0.0,-1.0,right,1154,0.0,-1.0,right
sub-STUCLUK2483,UCL-UK/UCLStrokeData,1840,0.0,-1.0,right,230,0.0,-1.0,right
sub-STUCLUK2484,UCL-UK/UCLStrokeData,1552,0.0,-1.0,right,194,0.0,-1.0,right
sub-STUCLUK2485,UCL-UK/UCLStrokeData,3856,0.0,1.0,left,482,0.0,1.0,left
sub-STUCLUK2486,UCL-UK/UCLStrokeData,20784,0.0,1.0,left,2598,0.0,1.0,left
sub-STUCLUK2487,UCL-UK/UCLStrokeData,464,0.0,1.0,left,58,0.0,1.0,left
sub-STUCLUK2488,UCL-UK/UCLStrokeData,40,0.0,-1.0,right,5,0.0,-1.0,right
sub-STUCLUK2489,UCL-UK/UCLStrokeData,22440,0.0,-0.008912655971479501,both,2805,0.0,-0.008912655971479501,both
sub-STUCLUK2490,UCL-UK/UCLStrokeData,520,0.0,1.0,left,65,0.0,1.0,left
sub-STUCLUK2491,UCL-UK/UCLStrokeData,280,0.0,-0.9428571428571428,right,35,0.0,-0.9428571428571428,right
sub-STUCLUK2492,UCL-UK/UCLStrokeData,1144,0.0,1.0,left,143,0.0,1.0,left
sub-STUCLUK2493,UCL-UK/UCLStrokeData,9592,0.0,1.0,left,1199,0.0,1.0,left
sub-STUCLUK2494,UCL-UK/UCLStrokeData,1928,0.0,0.983402489626556,left,241,0.0,0.983402489626556,left
sub-STUCLUK2495,UCL-UK/UCLStrokeData,3056,0.005208333333333333,-1.0,right,382,0.005208333333333333,-1.0,right
sub-STUCLUK2496,UCL-UK/UCLStrokeData,61324,0.0001956436676666232,1.0,left,7667,0.0,1.0,left
sub-STUCLUK2497,UCL-UK/UCLStrokeData,5304,0.0,1.0,left,663,0.0,1.0,left
sub-STUCLUK2498,UCL-UK/UCLStrokeData,336,0.0,-0.38095238095238093,right,42,0.0,-0.38095238095238093,right
sub-STUCLUK2499,UCL-UK/UCLStrokeData,136,0.0,1.0,left,17,0.0,1.0,left
sub-STUCLUK2500,UCL-UK/UCLStrokeData,622,0.015822784810126583,1.0,left,79,0.0,1.0,left
sub-STUCLUK2501,UCL-UK/UCLStrokeData,538,0.025362318840579712,1.0,left,69,0.0,1.0,left
sub-STUCLUK2502,UCL-UK/UCLStrokeData,264,0.0,-1.0,right,33,0.0,-1.0,right
sub-STUCLUK2503,UCL-UK/UCLStrokeData,21024,0.0026565464895635673,-1.0,right,2628,0.0026565464895635673,-1.0,right
sub-STUCLUK2504,UCL-UK/UCLStrokeData,3816,0.0,-1.0,right,477,0.0,-1.0,right
sub-STUCLUK2505,UCL-UK/UCLStrokeData,15269,0.0017651673640167365,-1.0,right,1911,0.0005230125523012552,-1.0,right
sub-STUCLUK2506,UCL-UK/UCLStrokeData,2888,0.0,-1.0,right,361,0.0,-1.0,right
sub-STUCLUK2507,UCL-UK/UCLStrokeData,432,0.0,1.0,left,54,0.0,1.0,left
sub-STUCLUK2508,UCL-UK/UCLStrokeData,3208,0.0,1.0,left,401,0.0,1.0,left
sub-STUCLUK2509,UCL-UK/UCLStrokeData,504,0.0,-1.0,right,63,0.0,-1.0,right
sub-STUCLUK2510,UCL-UK/UCLStrokeData,19036,0.0018875838926174498,-1.0,right,2381,0.0012583892617449664,-1.0,right
sub-STUCLUK2511,UCL-UK/UCLStrokeData,88,0.0,1.0,left,11,0.0,1.0,left
sub-STUCLUK2512,UCL-UK/UCLStrokeData,624,0.0,0.5128205128205128,left,78,0.0,0.5128205128205128,left
sub-STUCLUK2513,UCL-UK/UCLStrokeData,2968,0.0,1.0,left,371,0.0,1.0,left
sub-STUCLUK2514,UCL-UK/UCLStrokeData,968,0.0,0.7488372093023256,left,121,0.0,1.0,left
sub-STUCLUK2515,UCL-UK/UCLStrokeData,656,0.0,1.0,left,82,0.0,1.0,left
sub-STUCLUK2516,UCL-UK/UCLStrokeData,3273,0.021232057416267942,-1.0,right,417,0.0023923444976076554,-1.0,right
sub-STUCLUK2517,UCL-UK/UCLStrokeData,15292,0.006496881496881497,1.0,left,1922,0.0010395010395010396,1.0,left
sub-STUCLUK2518,UCL-UK/UCLStrokeData,128,0.0,0.5384615384615384,left,16,0.0,1.0,left
sub-STUCLUK2519,UCL-UK/UCLStrokeData,168100,0.006454205872618091,-1.0,right,21035,0.005390325783724999,-1.0,right
sub-STUCLUK2520,UCL-UK/UCLStrokeData,3696,0.0,1.0,left,462,0.0,1.0,left
sub-STUCLUK2521,UCL-UK/UCLStrokeData,432,0.0,1.0,left,54,0.0,1.0,left
sub-STUCLUK2522,UCL-UK/UCLStrokeData,1816,0.0,1.0,left,227,0.0,1.0,left
sub-STUCLUK2523,UCL-UK/UCLStrokeData,1686,0.001184834123222749,1.0,left,211,0.0,1.0,left
sub-STUCLUK2524,UCL-UK/UCLStrokeData,765,0.00390625,-1.0,right,96,0.0,-1.0,right
sub-STUCLUK2525,UCL-UK/UCLStrokeData,6272,0.0,-1.0,right,784,0.0,-1.0,right
sub-STUCLUK2526,UCL-UK/UCLStrokeData,408,0.0,0.6,left,51,0.0,1.0,left
sub-STUCLUK2527,UCL-UK/UCLStrokeData,7328,0.0,1.0,left,916,0.0,1.0,left
sub-STUCLUK2528,UCL-UK/UCLStrokeData,14578,0.00041140976412506856,-1.0,right,1823,0.0,-1.0,right
sub-STUCLUK2529,UCL-UK/UCLStrokeData,9512,0.0,0.9899074852817493,left,1189,0.0,0.9899074852817493,left
sub-STUCLUK2530,UCL-UK/UCLStrokeData,576,0.0,-1.0,right,72,0.0,-1.0,right
sub-STUCLUK2531,UCL-UK/UCLStrokeData,21318,9.380863039399625e-05,-0.9887037560011296,right,2665,0.0,-0.988666414809218,right
sub-STUCLUK2532,UCL-UK/UCLStrokeData,176,0.0,0.09090909090909091,both,22,0.0,0.09090909090909091,both
sub-STUCLUK2533,UCL-UK/UCLStrokeData,304,0.0,0.47368421052631576,left,38,0.0,0.47368421052631576,left
sub-STUCLUK2534,UCL-UK/UCLStrokeData,18056,0.0,-1.0,right,2257,0.0,-1.0,right
sub-STUCLUK2535,UCL-UK/UCLStrokeData,432,0.0,-1.0,right,54,0.0,-1.0,right
sub-STUCLUK2536,UCL-UK/UCLStrokeData,72,0.0,1.0,left,9,0.0,1.0,left
sub-STUCLUK2537,UCL-UK/UCLStrokeData,208,0.0,1.0,left,26,0.0,1.0,left
sub-STUCLUK2538,UCL-UK/UCLStrokeData,2112,0.0,1.0,left,264,0.0,1.0,left
sub-STUCLUK2539,UCL-UK/UCLStrokeData,448,0.0,1.0,left,56,0.0,1.0,left
sub-STUCLUK2540,UCL-UK/UCLStrokeData,640,0.0,-1.0,right,80,0.0,-1.0,right
sub-STUCLUK2541,UCL-UK/UCLStrokeData,880,0.0,1.0,left,110,0.0,1.0,left
sub-STUCLUK2542,UCL-UK/UCLStrokeData,22499,0.023141715873567212,0.6843382154730884,left,2825,0.0187565126780132,0.7040520984081042,left
sub-STUCLUK2543,UCL-UK/UCLStrokeData,1608,0.0,-1.0,right,201,0.0,-1.0,right
sub-STUCLUK2544,UCL-UK/UCLStrokeData,736,0.0,1.0,left,92,0.0,1.0,left
sub-STUCLUK2545,UCL-UK/UCLStrokeData,1408,0.0,1.0,left,176,0.0,1.0,left
sub-STUCLUK2546,UCL-UK/UCLStrokeData,752,0.0,1.0,left,94,0.0,1.0,left
sub-STUCLUK2547,UCL-UK/UCLStrokeData,2056,0.0,1.0,left,257,0.0,1.0,left
sub-STUCLUK2548,UCL-UK/UCLStrokeData,1144,0.0,-0.4153846153846154,right,143,0.0,-0.3504273504273504,right
sub-STUCLUK2549,UCL-UK/UCLStrokeData,3807,0.0002626050420168067,1.0,left,476,0.0,1.0,left
sub-STUCLUK2550,UCL-UK/UCLStrokeData,172220,0.0007194912500580235,1.0,left,21539,0.00018567516130529638,1.0,left
sub-STUCLUK2551,UCL-UK/UCLStrokeData,160,0.0,-1.0,right,20,0.0,-1.0,right
sub-STUCLUK2552,UCL-UK/UCLStrokeData,25560,0.0,1.0,left,3195,0.0,1.0,left
sub-STUCLUK2553,UCL-UK/UCLStrokeData,1232,0.0,-1.0,right,154,0.0,-1.0,right
sub-STUCLUK2554,UCL-UK/UCLStrokeData,9128,0.0,-1.0,right,1141,0.0,-1.0,right
sub-STUCLUK2555,UCL-UK/UCLStrokeData,3704,0.0,-1.0,right,463,0.0,-1.0,right
sub-STUCLUK2556,UCL-UK/UCLStrokeData,49544,0.0011290322580645162,-0.9312767503835904,right,6194,0.000967741935483871,-0.9311904377321919,right
sub-STUCLUK2557,UCL-UK/UCLStrokeData,4352,0.0,-1.0,right,544,0.0,-1.0,right
sub-STUCLUK2558,UCL-UK/UCLStrokeData,3088,0.0,0.9637305699481865,left,386,0.0,0.9637305699481865,left
sub-STUCLUK2559,UCL-UK/UCLStrokeData,4943,0.0002022653721682848,-1.0,right,618,0.0,-1.0,right
sub-STUCLUK2560,UCL-UK/UCLStrokeData,9672,0.0,1.0,left,1209,0.0,1.0,left
sub-STUCLUK2561,UCL-UK/UCLStrokeData,32232,0.0,-1.0,right,4029,0.0,-1.0,right
sub-STUCLUK2562,UCL-UK/UCLStrokeData,2112,0.0,-1.0,right,264,0.0,-1.0,right
sub-STUCLUK2563,UCL-UK/UCLStrokeData,6144,0.0327455919395466,-1.0,right,774,0.02518891687657431,-1.0,right
sub-STUCLUK2564,UCL-UK/UCLStrokeData,128,0.0,-1.0,right,16,0.0,-1.0,right
sub-STUCLUK2565,UCL-UK/UCLStrokeData,407,0.021634615384615384,-1.0,right,52,0.0,-1.0,right
sub-STUCLUK2566,UCL-UK/UCLStrokeData,2344,0.0,0.16040955631399317,both,293,0.0,0.16040955631399317,both
sub-STUCLUK2567,UCL-UK/UCLStrokeData,256,0.0,1.0,left,32,0.0,1.0,left
sub-STUCLUK2568,UCL-UK/UCLStrokeData,9976,0.0,-1.0,right,1247,0.0,-1.0,right
sub-STUCLUK2569,UCL-UK/UCLStrokeData,752,0.0,-1.0,right,94,0.0,-1.0,right
sub-STUCLUK2570,UCL-UK/UCLStrokeData,1792,0.0,1.0,left,224,0.0,1.0,left
sub-STUCLUK2571,UCL-UK/UCLStrokeData,24760,0.0,-0.965751211631664,right,3095,0.0,-0.965751211631664,right
sub-STUCLUK2572,UCL-UK/UCLStrokeData,3616,0.0,-1.0,right,452,0.0,-1.0,right
sub-STUCLUK2573,UCL-UK/UCLStrokeData,10280,0.0,-1.0,right,1285,0.0,-1.0,right
sub-STUCLUK2574,UCL-UK/UCLStrokeData,2128,0.0,-1.0,right,266,0.0,-1.0,right
sub-STUCLUK2575,UCL-UK/UCLStrokeData,1376,0.0,1.0,left,172,0.0,1.0,left
sub-STUCLUK2576,UCL-UK/UCLStrokeData,808,0.0,-1.0,right,101,0.0,-1.0,right
sub-STUCLUK2577,UCL-UK/UCLStrokeData,184,0.0,1.0,left,23,0.0,1.0,left
sub-STUCLUK2578,UCL-UK/UCLStrokeData,1112,0.0,0.6115107913669064,left,139,0.0,0.6115107913669064,left
sub-STUCLUK2579,UCL-UK/UCLStrokeData,2560,0.0,1.0,left,320,0.0,1.0,left
sub-STUCLUK2580,UCL-UK/UCLStrokeData,448,0.0,-1.0,right,56,0.0,-1.0,right
sub-STUCLUK2581,UCL-UK/UCLStrokeData,9200,0.0,-1.0,right,1150,0.0,-1.0,right
sub-STUCLUK2582,UCL-UK/UCLStrokeData,3272,0.0,1.0,left,409,0.0,1.0,left
sub-STUCLUK2583,UCL-UK/UCLStrokeData,30235,0.0012222515856236786,-1.0,right,3780,0.0010570824524312897,-1.0,right
sub-STUCLUK2584,UCL-UK/UCLStrokeData,656,0.0,1.0,left,82,0.0,1.0,left
sub-STUCLUK2585,UCL-UK/UCLStrokeData,4711,0.00021222410865874363,1.0,left,589,0.0,1.0,left
sub-STUCLUK2586,UCL-UK/UCLStrokeData,504,0.0,1.0,left,63,0.0,1.0,left
sub-STUCLUK2587,UCL-UK/UCLStrokeData,13367,0.0066141498216409035,-1.0,right,1672,0.005945303210463734,-1.0,right
sub-STUCLUK2588,UCL-UK/UCLStrokeData,336,0.0,-1.0,right,42,0.0,-1.0,right
sub-STUCLUK2589,UCL-UK/UCLStrokeData,1553,0.14103982300884957,-0.12427559562137798,both,195,0.13716814159292035,-0.1282051282051282,both
sub-STUCLUK2590,UCL-UK/UCLStrokeData,4856,0.0,-0.9868204283360791,right,607,0.0,-0.9868204283360791,right
sub-STUCLUK2591,UCL-UK/UCLStrokeData,3192,0.0,-1.0,right,399,0.0,-1.0,right
sub-STUCLUK2592,UCL-UK/UCLStrokeData,34196,0.0017515179822512844,0.8174678724416944,left,4280,0.00046707146193367583,0.8495767835550181,left
sub-STUCLUK2593,UCL-UK/UCLStrokeData,18456,0.0,1.0,left,2307,0.0,1.0,left
sub-STUCLUK2594,UCL-UK/UCLStrokeData,1232,0.0,-1.0,right,154,0.0,-1.0,right
sub-STUCLUK2595,UCL-UK/UCLStrokeData,648,0.0,1.0,left,81,0.0,1.0,left
sub-STUCLUK2596,UCL-UK/UCLStrokeData,30744,0.0,1.0,left,3843,0.0,1.0,left
sub-STUCLUK2597,UCL-UK/UCLStrokeData,7383,0.0012175324675324675,1.0,left,924,0.0,1.0,left
sub-STUCLUK2598,UCL-UK/UCLStrokeData,1688,0.0,1.0,left,211,0.0,1.0,left
sub-STUCLUK2599,UCL-UK/UCLStrokeData,1192,0.0,0.8168498168498168,left,149,0.0,1.0,left
sub-STUCLUK2600,UCL-UK/UCLStrokeData,120,0.0,-1.0,right,15,0.0,-1.0,right
sub-STUCLUK2601,UCL-UK/UCLStrokeData,64,0.0,-1.0,right,8,0.0,-1.0,right
sub-STUCLUK2602,UCL-UK/UCLStrokeData,4408,0.0018115942028985507,1.0,left,552,0.0,1.0,left
sub-STUCLUK2603,UCL-UK/UCLStrokeData,1704,0.0,1.0,left,213,0.0,1.0,left
sub-STUCLUK2604,UCL-UK/UCLStrokeData,224,0.0,-1.0,right,28,0.0,-1.0,right
sub-STUCLUK2605,UCL-UK/UCLStrokeData,1352,0.0,1.0,left,169,0.0,1.0,left
sub-STUCLUK2606,UCL-UK/UCLStrokeData,328,0.0,-1.0,right,41,0.0,-1.0,right
sub-STUCLUK2607,UCL-UK/UCLStrokeData,1714,0.026136363636363635,-1.0,right,217,0.013636363636363636,-1.0,right
sub-STUCLUK2608,UCL-UK/UCLStrokeData,6160,0.0,-0.8233766233766234,right,770,0.0,-0.8233766233766234,right
sub-STUCLUK2609,UCL-UK/UCLStrokeData,1792,0.0,1.0,left,224,0.0,1.0,left
sub-STUCLUK2610,UCL-UK/UCLStrokeData,97,0.0673076923076923,1.0,left,12,0.07692307692307693,1.0,left
sub-STUCLUK2611,UCL-UK/UCLStrokeData,12415,8.054123711340206e-05,1.0,left,1552,0.0,1.0,left
sub-STUCLUK2612,UCL-UK/UCLStrokeData,12328,0.0,-1.0,right,1541,0.0,-1.0,right
sub-STUCLUK2613,UCL-UK/UCLStrokeData,296,0.0,-1.0,right,37,0.0,-1.0,right
sub-STUCLUK2614,UCL-UK/UCLStrokeData,4976,0.0,1.0,left,622,0.0,1.0,left
sub-STUCLUK2615,UCL-UK/UCLStrokeData,11128,0.0,1.0,left,1391,0.0,1.0,left
sub-STUCLUK2616,UCL-UK/UCLStrokeData,23282,0.0006009615384615385,1.0,left,2912,0.0,1.0,left
sub-STUCLUK2617,UCL-UK/UCLStrokeData,928,0.0,-0.7413793103448276,right,116,0.0,-0.7413793103448276,right
sub-STUCLUK2618,UCL-UK/UCLStrokeData,15791,0.0020854398382204246,-1.0,right,1975,0.0015166835187057635,-1.0,right
sub-STUCLUK2619,UCL-UK/UCLStrokeData,204091,0.0011207909162098669,-1.0,right,25518,0.0008613938919342208,-1.0,right
sub-STUCLUK2620,UCL-UK/UCLStrokeData,3688,0.0,-1.0,right,461,0.0,-1.0,right
sub-STUCLUK2621,UCL-UK/UCLStrokeData,392,0.0,1.0,left,49,0.0,1.0,left
sub-STUCLUK2622,UCL-UK/UCLStrokeData,400,0.0,-0.06493506493506493,both,50,0.0,0.3333333333333333,left
sub-STUCLUK2623,UCL-UK/UCLStrokeData,2064,0.0,1.0,left,258,0.0,1.0,left
sub-STUCLUK2624,UCL-UK/UCLStrokeData,224,0.0,1.0,left,28,0.0,1.0,left
sub-STUCLUK2625,UCL-UK/UCLStrokeData,15032,0.0,-1.0,right,1879,0.0,-1.0,right
sub-STUCLUK2626,UCL-UK/UCLStrokeData,3530,0.006193693693693694,1.0,left,444,0.0,1.0,left
sub-STUCLUK2627,UCL-UK/UCLStrokeData,26864,0.0,-1.0,right,3358,0.0,-1.0,right
sub-STUCLUK2628,UCL-UK/UCLStrokeData,344,0.0,-1.0,right,43,0.0,-1.0,right
sub-STUCLUK2629,UCL-UK/UCLStrokeData,3232,0.0,1.0,left,404,0.0,1.0,left
sub-STUCLUK2630,UCL-UK/UCLStrokeData,552,0.0,-1.0,right,69,0.0,-1.0,right
sub-STUCLUK2631,UCL-UK/UCLStrokeData,3683,0.0013557483731019523,-1.0,right,461,0.0,-1.0,right
sub-STUCLUK2632,UCL-UK/UCLStrokeData,22138,0.0009927797833935018,1.0,left,2769,0.00036101083032490973,1.0,left
sub-STUCLUK2633,UCL-UK/UCLStrokeData,304,0.0,1.0,left,38,0.0,1.0,left
sub-STUCLUK2634,UCL-UK/UCLStrokeData,2864,0.0,1.0,left,358,0.0,1.0,left
sub-STUCLUK2635,UCL-UK/UCLStrokeData,184,0.0,1.0,left,23,0.0,1.0,left
sub-STUCLUK2636,UCL-UK/UCLStrokeData,45,0.0625,1.0,left,5,0.16666666666666666,1.0,left
sub-STUCLUK2637,UCL-UK/UCLStrokeData,216,0.0,-1.0,right,27,0.0,-1.0,right
sub-STUCLUK2638,UCL-UK/UCLStrokeData,11136,0.0,-1.0,right,1392,0.0,-1.0,right
sub-STUCLUK2639,UCL-UK/UCLStrokeData,3697,0.09209233791748526,-0.9821826280623608,right,465,0.08644400785854617,-0.9817767653758542,right
sub-STUCLUK2640,UCL-UK/UCLStrokeData,751,0.042091836734693876,0.4217252396166134,left,96,0.02040816326530612,0.78125,left
sub-STUCLUK2641,UCL-UK/UCLStrokeData,3096,0.0,-1.0,right,387,0.0,-1.0,right
sub-STUCLUK2642,UCL-UK/UCLStrokeData,320,0.0,1.0,left,40,0.0,1.0,left
sub-STUCLUK2643,UCL-UK/UCLStrokeData,2088,0.0,1.0,left,261,0.0,1.0,left
sub-STUCLUK2644,UCL-UK/UCLStrokeData,416,0.0,1.0,left,52,0.0,1.0,left
sub-STUCLUK2645,UCL-UK/UCLStrokeData,1024,0.0,1.0,left,128,0.0,1.0,left
sub-STUCLUK2646,UCL-UK/UCLStrokeData,4088,0.0,1.0,left,511,0.0,1.0,left
sub-STUCLUK2647,UCL-UK/UCLStrokeData,368,0.0,-1.0,right,46,0.0,-1.0,right
sub-STUCLUK2648,UCL-UK/UCLStrokeData,1168,0.0,0.0136986301369863,both,146,0.0,0.0136986301369863,both
sub-STUCLUK2649,UCL-UK/UCLStrokeData,6560,0.0,-1.0,right,820,0.0,-1.0,right
sub-STUCLUK2650,UCL-UK/UCLStrokeData,34960,0.0,-1.0,right,4370,0.0,-1.0,right
sub-STUCLUK2651,UCL-UK/UCLStrokeData,296,0.0,1.0,left,37,0.0,1.0,left
sub-STUCLUK2652,UCL-UK/UCLStrokeData,1616,0.0,-1.0,right,202,0.0,-1.0,right
sub-STUCLUK2653,UCL-UK/UCLStrokeData,2088,0.0,1.0,left,261,0.0,1.0,left
sub-STUCLUK2654,UCL-UK/UCLStrokeData,296,0.0,-1.0,right,37,0.0,-1.0,right
sub-STUCLUK2655,UCL-UK/UCLStrokeData,1424,0.0,1.0,left,178,0.0,1.0,left
sub-STUCLUK2656,UCL-UK/UCLStrokeData,1416,0.0,0.7853107344632768,left,177,0.0,0.7853107344632768,left
sub-STUCLUK2657,UCL-UK/UCLStrokeData,53664,0.0,-1.0,right,6708,0.0,-1.0,right
sub-STUCLUK2658,UCL-UK/UCLStrokeData,4888,0.0,-1.0,right,611,0.0,-1.0,right
sub-STUCLUK2659,UCL-UK/UCLStrokeData,851,0.05022321428571429,1.0,left,109,0.026785714285714284,1.0,left
sub-STUCLUK2660,UCL-UK/UCLStrokeData,160,0.0,1.0,left,20,0.0,1.0,left
sub-STUCLUK2661,UCL-UK/UCLStrokeData,576,0.0,1.0,left,72,0.0,1.0,left
sub-STUCLUK2662,UCL-UK/UCLStrokeData,624,0.0,-1.0,right,78,0.0,-1.0,right
sub-STUCLUK2663,UCL-UK/UCLStrokeData,40,0.0,1.0,left,5,0.0,1.0,left
sub-STUCLUK2664,UCL-UK/UCLStrokeData,112,0.0,1.0,left,14,0.0,1.0,left
sub-STUCLUK2665,UCL-UK/UCLStrokeData,26592,0.0,-0.9974731522425774,right,3324,0.0,-0.9973404255319149,right
sub-STUCLUK2666,UCL-UK/UCLStrokeData,5096,0.0,-1.0,right,637,0.0,-1.0,right
sub-STUCLUK2667,UCL-UK/UCLStrokeData,21039,4.752851711026616e-05,0.9992395075811588,left,2630,0.0,0.9992395437262357,left
sub-STUCLUK2668,UCL-UK/UCLStrokeData,16700,0.0031041069723018147,-1.0,right,2086,0.0038204393505253103,-1.0,right
sub-STUCLUK2669,UCL-UK/UCLStrokeData,136,0.0,1.0,left,17,0.0,1.0,left
sub-STUCLUK2670,UCL-UK/UCLStrokeData,1768,0.0,1.0,left,221,0.0,1.0,left
sub-STUCLUK2671,UCL-UK/UCLStrokeData,39657,0.003993369499698613,-1.0,right,4970,0.0014064697609001407,-1.0,right
sub-STUCLUK2672,UCL-UK/UCLStrokeData,200,0.0,1.0,left,25,0.0,1.0,left
sub-STUCLUK2673,UCL-UK/UCLStrokeData,392,0.0,-1.0,right,49,0.0,-1.0,right
sub-STUCLUK2674,UCL-UK/UCLStrokeData,231134,0.0031827905051062654,-1.0,right,28909,0.002587634556996964,-1.0,right
sub-STUCLUK2675,UCL-UK/UCLStrokeData,43302,4.618510992056161e-05,-0.9878065678259664,right,5413,0.0,-0.9878071309809717,right
sub-STUCLUK2676,UCL-UK/UCLStrokeData,2536,0.0,-1.0,right,317,0.0,-1.0,right
sub-STUCLUK2677,UCL-UK/UCLStrokeData,64,0.0,1.0,left,8,0.0,1.0,left
sub-STUCLUK2678,UCL-UK/UCLStrokeData,248,0.0,-1.0,right,31,0.0,-1.0,right
sub-STUCLUK2679,UCL-UK/UCLStrokeData,15324,0.0028630921395106715,0.865651060476722,left,1918,0.0015616866215512754,0.877507919746568,left
sub-STUCLUK2680,UCL-UK/UCLStrokeData,512,0.0,-1.0,right,64,0.0,-1.0,right
sub-STUCLUK2681,UCL-UK/UCLStrokeData,10160,0.0,0.9992122883024813,left,1270,0.0,1.0,left
sub-STUCLUK2682,UCL-UK/UCLStrokeData,6368,0.0,1.0,left,796,0.0,1.0,left
sub-STUCLUK2683,UCL-UK/UCLStrokeData,148285,0.0014747077519797445,-1.0,right,18552,0.0005925766309325002,-1.0,right
sub-STUCLUK2684,UCL-UK/UCLStrokeData,1240,0.0,0.8580645161290322,left,155,0.0,0.8580645161290322,left
sub-STUCLUK2685,UCL-UK/UCLStrokeData,110998,0.0002341835999423548,-1.0,right,13875,0.00021616947686986597,-1.0,right
sub-STUCLUK2686,UCL-UK/UCLStrokeData,10912,0.0,-1.0,right,1364,0.0,-1.0,right
sub-STUCLUK2687,UCL-UK/UCLStrokeData,176,0.0,1.0,left,22,0.0,1.0,left
sub-STUCLUK2688,UCL-UK/UCLStrokeData,2808,0.0,-1.0,right,351,0.0,-1.0,right
sub-STUCLUK2689,UCL-UK/UCLStrokeData,328,0.0,-1.0,right,41,0.0,-1.0,right
sub-STUCLUK2690,UCL-UK/UCLStrokeData,23169,0.00030203658957542287,0.9999136777590746,left,2896,0.00034518467380048324,1.0,left
sub-STUCLUK2691,UCL-UK/UCLStrokeData,25856,0.0052323791935980305,-1.0,right,3233,0.0049245921822099106,-1.0,right
sub-STUCLUK2692,UCL-UK/UCLStrokeData,29840,0.0,-1.0,right,3730,0.0,-1.0,right
sub-STUCLUK2693,UCL-UK/UCLStrokeData,17840,0.0,0.9121076233183857,left,2230,0.0,0.9121076233183857,left
sub-STUCLUK2694,UCL-UK/UCLStrokeData,120,0.0,-1.0,right,15,0.0,-1.0,right
sub-STUCLUK2695,UCL-UK/UCLStrokeData,20984,0.0,1.0,left,2623,0.0,1.0,left
sub-STUCLUK2696,UCL-UK/UCLStrokeData,712,0.0,-1.0,right,89,0.0,-1.0,right
sub-STUCLUK2697,UCL-UK/UCLStrokeData,2904,0.0,-1.0,right,363,0.0,-1.0,right
sub-STUCLUK2698,UCL-UK/UCLStrokeData,5520,0.03089887640449438,-0.9333333333333333,right,687,0.0351123595505618,-0.9330422125181951,right
sub-STUCLUK2699,UCL-UK/UCLStrokeData,416,0.0,1.0,left,52,0.0,1.0,left
sub-STUCLUK2700,UCL-UK/UCLStrokeData,33608,0.0,-1.0,right,4201,0.0,-1.0,right
sub-STUCLUK2701,UCL-UK/UCLStrokeData,13816,0.0,1.0,left,1727,0.0,1.0,left
sub-STUCLUK2702,UCL-UK/UCLStrokeData,728,0.0,0.7802197802197802,left,91,0.0,0.7802197802197802,left
sub-STUCLUK2703,UCL-UK/UCLStrokeData,968,0.0,1.0,left,121,0.0,1.0,left
sub-STUCLUK2704,UCL-UK/UCLStrokeData,856,0.0,-1.0,right,107,0.0,-1.0,right
sub-STUCLUK2705,UCL-UK/UCLStrokeData,1952,0.0,1.0,left,244,0.0,1.0,left
sub-STUCLUK2706,UCL-UK/UCLStrokeData,128,0.0,-1.0,right,16,0.0,-1.0,right
sub-STUCLUK2707,UCL-UK/UCLStrokeData,4232,0.0,1.0,left,529,0.0,1.0,left
sub-STUCLUK2708,UCL-UK/UCLStrokeData,3992,0.0,1.0,left,499,0.0,1.0,left
sub-STUCLUK2709,UCL-UK/UCLStrokeData,2248,0.0,0.9928825622775801,left,281,0.0,0.9928825622775801,left
sub-STUCLUK2710,UCL-UK/UCLStrokeData,520,0.0,-0.47692307692307695,right,65,0.0,-0.47692307692307695,right
sub-STUCLUK2711,UCL-UK/UCLStrokeData,2288,0.0,-1.0,right,286,0.0,-1.0,right
sub-STUCLUK2712,UCL-UK/UCLStrokeData,3176,0.0,0.9974779319041615,left,397,0.0,1.0,left
sub-STUCLUK2713,UCL-UK/UCLStrokeData,1576,0.0,-0.9695431472081218,right,197,0.0,-0.9695431472081218,right
sub-STUCLUK2714,UCL-UK/UCLStrokeData,157936,0.0035835057790339674,1.0,left,19756,0.0028768990057033263,1.0,left
sub-STUCLUK2715,UCL-UK/UCLStrokeData,62240,0.0,1.0,left,7780,0.0,1.0,left
sub-STUCLUK2716,UCL-UK/UCLStrokeData,9312,0.0,1.0,left,1164,0.0,1.0,left
sub-STUCLUK2717,UCL-UK/UCLStrokeData,8144,0.0,-1.0,right,1018,0.0,-1.0,right
sub-STUCLUK2718,UCL-UK/UCLStrokeData,176,0.0,0.2727272727272727,left,22,0.0,0.2727272727272727,left
sub-STUCLUK2719,UCL-UK/UCLStrokeData,1351,0.0007396449704142012,-1.0,right,169,0.0,-1.0,right
sub-STUCLUK2720,UCL-UK/UCLStrokeData,1968,0.0,-1.0,right,246,0.0,-1.0,right
sub-STUCLUK2721,UCL-UK/UCLStrokeData,8592,0.0018587360594795538,0.9646182495344506,left,1076,0.0,0.9646840148698885,left
sub-STUCLUK2722,UCL-UK/UCLStrokeData,5392,0.0,1.0,left,674,0.0,1.0,left
sub-STUCLUK2723,UCL-UK/UCLStrokeData,1432,0.0,1.0,left,179,0.0,1.0,left
sub-STUCLUK2724,UCL-UK/UCLStrokeData,46920,0.0,-1.0,right,5865,0.0,-1.0,right
sub-STUCLUK2725,UCL-UK/UCLStrokeData,583,0.05357142857142857,1.0,left,72,0.06493506493506493,1.0,left
sub-STUCLUK2726,UCL-UK/UCLStrokeData,23865,0.00029323056300268094,-1.0,right,2984,0.0,-1.0,right
sub-STUCLUK2727,UCL-UK/UCLStrokeData,3832,0.0,0.3945720250521921,left,479,0.0,0.3945720250521921,left
sub-STUCLUK2728,UCL-UK/UCLStrokeData,23879,0.00735783172597273,0.40510515603799185,left,2981,0.008646491519787164,0.422283356258597,left
sub-STUCLUK2729,UCL-UK/UCLStrokeData,288,0.0,1.0,left,36,0.0,1.0,left
sub-STUCLUK2730,UCL-UK/UCLStrokeData,4952,0.0,1.0,left,619,0.0,1.0,left
sub-STUCLUK2731,UCL-UK/UCLStrokeData,616,0.0,1.0,left,77,0.0,1.0,left
sub-STUCLUK2732,UCL-UK/UCLStrokeData,21424,0.0,1.0,left,2678,0.0,1.0,left
sub-STUCLUK2733,UCL-UK/UCLStrokeData,1272,0.0,0.4716981132075472,left,159,0.0,0.4716981132075472,left
sub-STUCLUK2734,UCL-UK/UCLStrokeData,84351,0.0022828349735049204,-1.0,right,10557,0.001040878122634368,-1.0,right
sub-STUCLUK2735,UCL-UK/UCLStrokeData,12552,0.0,-1.0,right,1569,0.0,-1.0,right
sub-STUCLUK2736,UCL-UK/UCLStrokeData,8702,0.0020642201834862386,0.9937752161383285,left,1088,0.001834862385321101,1.0,left
sub-STUCLUK2737,UCL-UK/UCLStrokeData,28076,0.0004272287097692965,-1.0,right,3511,0.0,-1.0,right
sub-STUCLUK2738,UCL-UK/UCLStrokeData,142,0.06578947368421052,1.0,left,16,0.15789473684210525,1.0,left
sub-STUCLUK2739,UCL-UK/UCLStrokeData,784,0.0,0.9689119170984456,left,98,0.0,1.0,left
sub-STUCLUK2740,UCL-UK/UCLStrokeData,3728,0.0,-1.0,right,466,0.0,-1.0,right
sub-STUCLUK2741,UCL-UK/UCLStrokeData,5864,0.0,0.9618008185538881,left,733,0.0,0.9618008185538881,left
sub-STUCLUK2742,UCL-UK/UCLStrokeData,904,0.0,0.74,left,113,0.0,1.0,left
sub-STUCLUK2743,UCL-UK/UCLStrokeData,152617,0.0015113053491049933,-1.0,right,19078,0.0014655082173139328,-1.0,right
sub-STUCLUK2744,UCL-UK/UCLStrokeData,456,0.0,1.0,left,57,0.0,1.0,left
sub-STUCLUK2745,UCL-UK/UCLStrokeData,2120,0.0,-1.0,right,265,0.0,-1.0,right
sub-STUCLUK2746,UCL-UK/UCLStrokeData,15032,0.0,-1.0,right,1879,0.0,-1.0,right
sub-STUCLUK2747,UCL-UK/UCLStrokeData,39432,0.0,1.0,left,4929,0.0,1.0,left
sub-STUCLUK2748,UCL-UK/UCLStrokeData,1496,0.0,-1.0,right,187,0.0,-1.0,right
sub-STUCLUK2749,UCL-UK/UCLStrokeData,6007,0.0014960106382978723,-1.0,right,750,0.0026595744680851063,-1.0,right
sub-STUCLUK2750,UCL-UK/UCLStrokeData,82611,0.00015733927188226181,-1.0,right,10328,0.0,-1.0,right
sub-STUCLUK2751,UCL-UK/UCLStrokeData,928,0.0,0.9827586206896551,left,116,0.0,0.9827586206896551,left
sub-STUCLUK2752,UCL-UK/UCLStrokeData,15720,0.0,-1.0,right,1965,0.0,-1.0,right
sub-STUCLUK2753,UCL-UK/UCLStrokeData,1136,0.0,1.0,left,142,0.0,1.0,left
sub-STUCLUK2754,UCL-UK/UCLStrokeData,75064,0.0,-1.0,right,9383,0.0,-1.0,right
sub-STUCLUK2755,UCL-UK/UCLStrokeData,384,0.0,1.0,left,48,0.0,1.0,left
sub-STUCLUK2756,UCL-UK/UCLStrokeData,4952,0.0,-1.0,right,619,0.0,-1.0,right
sub-STUCLUK2757,UCL-UK/UCLStrokeData,7268,0.00055005500550055,1.0,left,909,0.0,1.0,left
sub-STUCLUK2758,UCL-UK/UCLStrokeData,1312,0.0,1.0,left,164,0.0,1.0,left
sub-STUCLUK2759,UCL-UK/UCLStrokeData,2800,0.0,-0.8971428571428571,right,350,0.0,-0.8971428571428571,right
sub-STUCLUK2760,UCL-UK/UCLStrokeData,5352,0.0,0.8684603886397608,left,669,0.0,0.8684603886397608,left
sub-STUCLUK2761,UCL-UK/UCLStrokeData,832,0.0,-1.0,right,104,0.0,-1.0,right
sub-STUCLUK2762,UCL-UK/UCLStrokeData,4023,0.002232142857142857,-1.0,right,503,0.001984126984126984,-1.0,right
sub-STUCLUK2763,UCL-UK/UCLStrokeData,6284,0.03973105134474328,0.7560330578512396,left,801,0.02078239608801956,0.8301886792452831,left
sub-STUCLUK2764,UCL-UK/UCLStrokeData,20953,0.00033396946564885497,-1.0,right,2619,0.0003816793893129771,-1.0,right
sub-STUCLUK2765,UCL-UK/UCLStrokeData,3640,0.0,0.08571428571428572,both,455,0.0,0.08571428571428572,both
sub-STUCLUK2766,UCL-UK/UCLStrokeData,1520,0.0,1.0,left,190,0.0,1.0,left
sub-STUCLUK2767,UCL-UK/UCLStrokeData,17120,0.0,-1.0,right,2140,0.0,-1.0,right
sub-STUCLUK2768,UCL-UK/UCLStrokeData,112,0.0,-1.0,right,14,0.0,-1.0,right
sub-STUCLUK2769,UCL-UK/UCLStrokeData,8765,0.004881925522252498,1.0,left,1101,0.0,1.0,left
sub-STUCLUK2770,UCL-UK/UCLStrokeData,376,0.0,-1.0,right,47,0.0,-1.0,right
sub-STUCLUK2771,UCL-UK/UCLStrokeData,1136,0.0,-1.0,right,142,0.0,-1.0,right
sub-STUCLUK2772,UCL-UK/UCLStrokeData,728,0.0,1.0,left,91,0.0,1.0,left
sub-STUCLUK2773,UCL-UK/UCLStrokeData,600,0.0,1.0,left,75,0.0,1.0,left
sub-STUCLUK2774,UCL-UK/UCLStrokeData,11672,0.0,1.0,left,1459,0.0,1.0,left
sub-STUCLUK2775,UCL-UK/UCLStrokeData,192,0.0,0.9574468085106383,left,24,0.0,1.0,left
sub-STUCLUK2776,UCL-UK/UCLStrokeData,32,0.0,1.0,left,4,0.0,1.0,left
sub-STUCLUK2777,UCL-UK/UCLStrokeData,2447,0.0004084967320261438,1.0,left,306,0.0,1.0,left
sub-STUCLUK2778,UCL-UK/UCLStrokeData,720,0.0,1.0,left,90,0.0,1.0,left
sub-STUCLUK2779,UCL-UK/UCLStrokeData,776,0.0,1.0,left,97,0.0,1.0,left
sub-STUCLUK2780,UCL-UK/UCLStrokeData,112,0.0,-1.0,right,14,0.0,-1.0,right
sub-STUCLUK2781,UCL-UK/UCLStrokeData,9494,0.012687188019966721,1.0,left,1198,0.0033277870216306157,1.0,left
sub-STUCLUK2782,UCL-UK/UCLStrokeData,179828,6.672597864768684e-05,-1.0,right,22477,0.00013345195729537367,-1.0,right
sub-STUCLUK2783,UCL-UK/UCLStrokeData,17360,0.0,1.0,left,2170,0.0,1.0,left
sub-STUCLUK2784,UCL-UK/UCLStrokeData,82488,0.0,0.9174026742981201,left,10311,0.0,0.9515869827239856,left
sub-STUCLUK2785,UCL-UK/UCLStrokeData,736,0.0,-1.0,right,92,0.0,-1.0,right
sub-STUCLUK2786,UCL-UK/UCLStrokeData,26855,0.0009300595238095238,-1.0,right,3357,0.0008928571428571428,-1.0,right
sub-STUCLUK2787,UCL-UK/UCLStrokeData,368,0.0,-1.0,right,46,0.0,-1.0,right
sub-STUCLUK2788,UCL-UK/UCLStrokeData,2856,0.0,-1.0,right,357,0.0,-1.0,right
sub-STUCLUK2789,UCL-UK/UCLStrokeData,768,0.0,-1.0,right,96,0.0,-1.0,right
sub-STUCLUK2790,UCL-UK/UCLStrokeData,195776,0.008146556965103555,0.9994277773236327,left,24531,0.005755279049973656,0.9999184306048371,left
sub-STUCLUK2791,UCL-UK/UCLStrokeData,504,0.0,-0.9365079365079365,right,63,0.0,-0.9365079365079365,right
sub-STUCLUK2792,UCL-UK/UCLStrokeData,25005,0.004578025477707006,-0.9987202559488102,right,3126,0.0044585987261146496,-0.9987204094689699,right
sub-STUCLUK2793,UCL-UK/UCLStrokeData,3889,0.0038422131147540983,1.0,left,488,0.0,1.0,left
sub-STUCLUK2794,UCL-UK/UCLStrokeData,592,0.0,-0.7230769230769231,right,74,0.0,-0.6785714285714286,right
sub-STUCLUK2795,UCL-UK/UCLStrokeData,568,0.0,1.0,left,71,0.0,1.0,left
sub-STUCLUK2796,UCL-UK/UCLStrokeData,64,0.0,-1.0,right,8,0.0,-1.0,right
sub-STUCLUK2797,UCL-UK/UCLStrokeData,27820,0.0001437607820586544,-1.0,right,3478,0.0,-1.0,right
sub-STUCLUK2798,UCL-UK/UCLStrokeData,10840,0.0,-1.0,right,1355,0.0,-1.0,right
sub-STUCLUK2799,UCL-UK/UCLStrokeData,5576,0.0,1.0,left,697,0.0,1.0,left
sub-STUCLUK2800,UCL-UK/UCLStrokeData,2368,0.0,-1.0,right,296,0.0,-1.0,right
sub-STUCLUK2801,UCL-UK/UCLStrokeData,568,0.0,-1.0,right,71,0.0,-1.0,right
sub-STUCLUK2802,UCL-UK/UCLStrokeData,13668,0.0002925687536571094,1.0,left,1709,0.0,1.0,left
sub-STUCLUK2803,UCL-UK/UCLStrokeData,1528,0.0,1.0,left,191,0.0,1.0,left
sub-STUCLUK2804,UCL-UK/UCLStrokeData,160,0.0,-1.0,right,20,0.0,-1.0,right
sub-STUCLUK2805,UCL-UK/UCLStrokeData,20302,0.0071400625978090765,-1.0,right,2540,0.006259780907668232,-1.0,right
sub-STUCLUK2806,UCL-UK/UCLStrokeData,832,0.0,-1.0,right,104,0.0,-1.0,right
sub-STUCLUK2807,UCL-UK/UCLStrokeData,800,0.0,1.0,left,100,0.0,1.0,left
sub-STUCLUK2808,UCL-UK/UCLStrokeData,12776,0.0,0.5378835316217908,left,1597,0.0,0.5378835316217908,left
sub-STUCLUK2809,UCL-UK/UCLStrokeData,8104,0.0,1.0,left,1013,0.0,1.0,left
sub-STUCLUK2810,UCL-UK/UCLStrokeData,776,0.0,1.0,left,97,0.0,1.0,left
sub-STUCLUK2811,UCL-UK/UCLStrokeData,20250,0.0002962085308056872,-1.0,right,2531,0.00039494470774091627,-1.0,right
sub-STUCLUK2812,UCL-UK/UCLStrokeData,928,0.0,-1.0,right,116,0.0,-1.0,right
sub-STUCLUK2813,UCL-UK/UCLStrokeData,2600,0.0,-1.0,right,325,0.0,-1.0,right
sub-STUCLUK2814,UCL-UK/UCLStrokeData,71447,0.0004616675993284835,1.0,left,8935,0.0,1.0,left
sub-STUCLUK2815,UCL-UK/UCLStrokeData,35719,0.016330689579202466,0.9834580098800282,left,4460,0.01740471469486671,1.0,left
sub-STUCLUK2816,UCL-UK/UCLStrokeData,192,0.0,0.25,left,24,0.0,0.25,left
sub-STUCLUK2817,UCL-UK/UCLStrokeData,15088,0.0,-1.0,right,1886,0.0,-1.0,right
sub-STUCLUK2818,UCL-UK/UCLStrokeData,304,0.0,-1.0,right,38,0.0,-1.0,right
sub-STUCLUK2819,UCL-UK/UCLStrokeData,52600,0.0,-1.0,right,6575,0.0,-1.0,right
sub-STUCLUK2820,UCL-UK/UCLStrokeData,5088,0.0,1.0,left,636,0.0,1.0,left
sub-STUCLUK2821,UCL-UK/UCLStrokeData,1144,0.0,1.0,left,143,0.0,1.0,left
sub-STUCLUK2822,UCL-UK/UCLStrokeData,10214,0.00019577133907595928,-0.5770511063246524,right,1277,0.0,-0.577133907595928,right
sub-STUCLUK2823,UCL-UK/UCLStrokeData,56,0.0,-1.0,right,7,0.0,-1.0,right
sub-STUCLUK2824,UCL-UK/UCLStrokeData,632,0.0,1.0,left,79,0.0,1.0,left
sub-STUCLUK2825,UCL-UK/UCLStrokeData,648,0.0,0.9875776397515528,left,81,0.0,1.0,left
sub-STUCLUK2826,UCL-UK/UCLStrokeData,3969,0.04037717601547389,1.0,left,506,0.02127659574468085,1.0,left
sub-STUCLUK2827,UCL-UK/UCLStrokeData,568,0.0,1.0,left,71,0.0,1.0,left
sub-STUCLUK2828,UCL-UK/UCLStrokeData,488,0.0,1.0,left,61,0.0,1.0,left
sub-STUCLUK2829,UCL-UK/UCLStrokeData,86303,0.003981626811928723,0.9952612690042858,left,10788,0.00397008586464777,1.0,left
sub-STUCLUK2830,UCL-UK/UCLStrokeData,1424,0.0,-1.0,right,178,0.0,-1.0,right
sub-STUCLUK2831,UCL-UK/UCLStrokeData,78178,0.0043555781966377995,0.5105156125312121,left,9764,0.005196128374936322,0.5194441563828684,left
sub-STUCLUK2832,UCL-UK/UCLStrokeData,56057,0.005093710066732926,-1.0,right,7006,0.005253443135027687,-1.0,right
sub-STUCLUK2833,UCL-UK/UCLStrokeData,2296,0.0,-1.0,right,287,0.0,-1.0,right
sub-STUCLUK2834,UCL-UK/UCLStrokeData,2256,0.0,-1.0,right,282,0.0,-1.0,right
sub-STUCLUK2835,UCL-UK/UCLStrokeData,2064,0.0,1.0,left,258,0.0,1.0,left
sub-STUCLUK2836,UCL-UK/UCLStrokeData,712,0.0,-1.0,right,89,0.0,-1.0,right
sub-STUCLUK2837,UCL-UK/UCLStrokeData,3168,0.0,1.0,left,396,0.0,1.0,left
sub-STUCLUK2838,UCL-UK/UCLStrokeData,552,0.0,-0.36231884057971014,right,69,0.0,-0.36231884057971014,right
sub-STUCLUK2839,UCL-UK/UCLStrokeData,8136,0.0,1.0,left,1017,0.0,1.0,left
sub-STUCLUK2840,UCL-UK/UCLStrokeData,440,0.0,1.0,left,55,0.0,1.0,left
sub-STUCLUK2841,UCL-UK/UCLStrokeData,928,0.0,-1.0,right,116,0.0,-1.0,right
sub-STUCLUK2842,UCL-UK/UCLStrokeData,1400,0.0,1.0,left,175,0.0,1.0,left
sub-STUCLUK2843,UCL-UK/UCLStrokeData,272,0.0,-0.13725490196078433,both,34,0.0,0.29411764705882354,left
sub-STUCLUK2844,UCL-UK/UCLStrokeData,680,0.0,-1.0,right,85,0.0,-1.0,right
sub-STUCLUK2845,UCL-UK/UCLStrokeData,872,0.0,-1.0,right,109,0.0,-1.0,right
sub-STUCLUK2846,UCL-UK/UCLStrokeData,88,0.0,-1.0,right,11,0.0,-1.0,right
sub-STUCLUK2847,UCL-UK/UCLStrokeData,14475,0.0014486754966887417,0.9316670167331793,left,1811,0.0005518763796909492,0.9580260918888258,left
sub-STUCLUK2848,UCL-UK/UCLStrokeData,16006,0.001621756487025948,0.9102813431868274,left,2003,0.000499001996007984,0.984930032292788,left
sub-STUCLUK2849,UCL-UK/UCLStrokeData,64,0.0,1.0,left,8,0.0,1.0,left
sub-STUCLUK2850,UCL-UK/UCLStrokeData,544,0.0,-1.0,right,68,0.0,-1.0,right
sub-STUCLUK2851,UCL-UK/UCLStrokeData,544,0.0,0.21428571428571427,left,68,0.0,0.5454545454545454,left
sub-STUCLUK2852,UCL-UK/UCLStrokeData,48,0.0,-1.0,right,6,0.0,-1.0,right
sub-STUCLUK2853,UCL-UK/UCLStrokeData,64,0.0,1.0,left,8,0.0,1.0,left
sub-STUCLUK2854,UCL-UK/UCLStrokeData,184,0.0,1.0,left,23,0.0,1.0,left
sub-STUCLUK2855,UCL-UK/UCLStrokeData,272,0.0,0.8823529411764706,left,34,0.0,0.8823529411764706,left
sub-STUCLUK2856,UCL-UK/UCLStrokeData,36551,0.0037341910161360664,0.9967115179085254,left,4563,0.005015263846489315,1.0,left
sub-STUCLUK2857,UCL-UK/UCLStrokeData,1280,0.0,-1.0,right,160,0.0,-1.0,right
sub-STUCLUK2858,UCL-UK/UCLStrokeData,104,0.0,1.0,left,13,0.0,1.0,left
sub-STUCLUK2859,UCL-UK/UCLStrokeData,2037,0.0014705882352941176,-1.0,right,255,0.0,-1.0,right
sub-STUCLUK2860,UCL-UK/UCLStrokeData,8576,0.0,-1.0,right,1072,0.0,-1.0,right
sub-STUCLUK2861,UCL-UK/UCLStrokeData,10848,0.0,-1.0,right,1356,0.0,-1.0,right
sub-STUCLUK2862,UCL-UK/UCLStrokeData,4552,0.0,-1.0,right,569,0.0,-1.0,right
sub-STUCLUK2863,UCL-UK/UCLStrokeData,975,0.0010245901639344263,1.0,left,122,0.0,1.0,left
sub-STUCLUK2864,UCL-UK/UCLStrokeData,5040,0.0,-1.0,right,630,0.0,-1.0,right
sub-STUCLUK2865,UCL-UK/UCLStrokeData,2050,0.0029182879377431907,1.0,left,257,0.0,1.0,left
sub-STUCLUK2866,UCL-UK/UCLStrokeData,29520,0.0,-1.0,right,3690,0.0,-1.0,right
sub-STUCLUK2867,UCL-UK/UCLStrokeData,17192,0.0,0.9597189695550351,left,2149,0.0,0.9726544082979727,left
sub-STUCLUK2868,UCL-UK/UCLStrokeData,4960,0.0,-1.0,right,620,0.0,-1.0,right
sub-STUCLUK2869,UCL-UK/UCLStrokeData,5672,0.0,-1.0,right,709,0.0,-1.0,right
sub-STUCLUK2870,UCL-UK/UCLStrokeData,184,0.0,-1.0,right,23,0.0,-1.0,right
sub-STUCLUK2871,UCL-UK/UCLStrokeData,144,0.0,0.12,both,18,0.0,1.0,left
sub-STUCLUK2872,UCL-UK/UCLStrokeData,3428,0.0011655011655011655,1.0,left,428,0.002331002331002331,1.0,left
sub-STUCLUK2873,UCL-UK/UCLStrokeData,17335,0.011010953902327704,1.0,left,2183,0.003651300775901415,1.0,left
sub-STUCLUK2874,UCL-UK/UCLStrokeData,28821,0.0006588072122052705,-1.0,right,3602,0.0008321775312066575,-1.0,right
sub-STUCLUK2875,UCL-UK/UCLStrokeData,56399,0.003551236749116608,-1.0,right,7058,0.002402826855123675,-1.0,right
sub-STUCLUK2876,UCL-UK/UCLStrokeData,112,0.0,-0.5714285714285714,right,14,0.0,-0.5714285714285714,right
sub-STUCLUK2877,UCL-UK/UCLStrokeData,272,0.0,-1.0,right,34,0.0,-1.0,right
sub-STUCLUK2878,UCL-UK/UCLStrokeData,104,0.0,-1.0,right,13,0.0,-1.0,right
sub-STUCLUK2879,UCL-UK/UCLStrokeData,640,0.0,0.13385826771653545,both,80,0.0,0.5319148936170213,left
sub-STUCLUK2880,UCL-UK/UCLStrokeData,840,0.0,1.0,left,105,0.0,1.0,left
sub-STUCLUK2881,UCL-UK/UCLStrokeData,544,0.0,1.0,left,68,0.0,1.0,left
sub-STUCLUK2882,UCL-UK/UCLStrokeData,3456,0.0,-0.8888888888888888,right,432,0.0,-0.8888888888888888,right
sub-STUCLUK2883,UCL-UK/UCLStrokeData,432,0.0,1.0,left,54,0.0,1.0,left
sub-STUCLUK2884,UCL-UK/UCLStrokeData,8613,0.062173344947735194,0.9071171484964589,left,1102,0.04006968641114982,0.9092558983666061,left
sub-STUCLUK2885,UCL-UK/UCLStrokeData,18040,0.0,-1.0,right,2255,0.0,-1.0,right
sub-STUCLUK2886,UCL-UK/UCLStrokeData,57620,6.941552131056504e-05,-0.99583477959042,right,7202,0.00013883104262113008,-0.9958344904193279,right
sub-STUCLUK2887,UCL-UK/UCLStrokeData,18584,0.0,-1.0,right,2323,0.0,-1.0,right
sub-STUCLUK2888,UCL-UK/UCLStrokeData,15512,0.0,0.9643418982695333,left,1939,0.0,0.9978666666666667,left
sub-STUCLUK2889,UCL-UK/UCLStrokeData,64792,0.0,-1.0,right,8099,0.0,-1.0,right
sub-STUCLUK2890,UCL-UK/UCLStrokeData,504,0.0,1.0,left,63,0.0,1.0,left
sub-STUCLUK2891,UCL-UK/UCLStrokeData,1880,0.0,1.0,left,235,0.0,1.0,left
sub-STUCLUK2892,UCL-UK/UCLStrokeData,640,0.0,-0.85,right,80,0.0,-0.85,right
sub-STUCLUK2893,UCL-UK/UCLStrokeData,136,0.0,-1.0,right,17,0.0,-1.0,right
sub-STUCLUK2894,UCL-UK/UCLStrokeData,1064,0.0,-0.9548872180451128,right,133,0.0,-0.9548872180451128,right
sub-STUCLUK2895,UCL-UK/UCLStrokeData,312,0.0,1.0,left,39,0.0,1.0,left
sub-STUCLUK2896,UCL-UK/UCLStrokeData,1328,0.0,-1.0,right,166,0.0,-1.0,right
sub-STUCLUK2897,UCL-UK/UCLStrokeData,3528,0.0,-0.9954648526077098,right,441,0.0,-0.9954648526077098,right
sub-STUCLUK2898,UCL-UK/UCLStrokeData,32,0.0,-1.0,right,4,0.0,-1.0,right
sub-STUCLUK2899,UCL-UK/UCLStrokeData,1456,0.0,1.0,left,182,0.0,1.0,left
sub-STUCLUK2900,UCL-UK/UCLStrokeData,4248,0.0,-1.0,right,531,0.0,-1.0,right
sub-STUCLUK2901,UCL-UK/UCLStrokeData,576,0.0,1.0,left,72,0.0,1.0,left
sub-STUCLUK2902,UCL-UK/UCLStrokeData,6232,0.0,1.0,left,779,0.0,1.0,left
sub-STUCLUK2903,UCL-UK/UCLStrokeData,992,0.0,-0.9838709677419355,right,124,0.0,-0.9838709677419355,right
sub-STUCLUK2904,UCL-UK/UCLStrokeData,2704,0.0,0.9822485207100592,left,338,0.0,0.9822485207100592,left
sub-STUCLUK2905,UCL-UK/UCLStrokeData,2072,0.0,-1.0,right,259,0.0,-1.0,right
sub-STUCLUK2906,UCL-UK/UCLStrokeData,488,0.0,1.0,left,61,0.0,1.0,left
sub-STUCLUK2907,UCL-UK/UCLStrokeData,592,0.0,-1.0,right,74,0.0,-1.0,right
sub-STUCLUK2908,UCL-UK/UCLStrokeData,7656,0.0,-1.0,right,957,0.0,-1.0,right
sub-STUCLUK2909,UCL-UK/UCLStrokeData,1509,0.001984126984126984,0.851557322730285,left,189,0.0,0.8518518518518519,left
sub-STUCLUK2910,UCL-UK/UCLStrokeData,32,0.0,-1.0,right,4,0.0,-1.0,right
sub-STUCLUK2911,UCL-UK/UCLStrokeData,744,0.0,1.0,left,93,0.0,1.0,left
sub-STUCLUK2912,UCL-UK/UCLStrokeData,176,0.0,-1.0,right,22,0.0,-1.0,right
sub-STUCLUK2913,UCL-UK/UCLStrokeData,26927,0.0003341253341253341,-1.0,right,3366,0.000297000297000297,-1.0,right
sub-STUCLUK2914,UCL-UK/UCLStrokeData,240,0.0,-1.0,right,30,0.0,-1.0,right
sub-STUCLUK2915,UCL-UK/UCLStrokeData,5328,0.0,1.0,left,666,0.0,1.0,left
sub-STUCLUK2916,UCL-UK/UCLStrokeData,264,0.0,-1.0,right,33,0.0,-1.0,right
sub-STUCLUK2917,UCL-UK/UCLStrokeData,544,0.0,-1.0,right,68,0.0,-1.0,right
sub-STUCLUK2918,UCL-UK/UCLStrokeData,1552,0.0,-1.0,right,194,0.0,-1.0,right
sub-STUCLUK2919,UCL-UK/UCLStrokeData,1440,0.0,1.0,left,180,0.0,1.0,left
sub-STUCLUK2920,UCL-UK/UCLStrokeData,856,0.0,1.0,left,107,0.0,1.0,left
sub-STUCLUK2921,UCL-UK/UCLStrokeData,152,0.0,1.0,left,19,0.0,1.0,left
sub-STUCLUK2922,UCL-UK/UCLStrokeData,2272,0.0,1.0,left,284,0.0,1.0,left
sub-STUCLUK2923,UCL-UK/UCLStrokeData,3672,0.0,1.0,left,459,0.0,1.0,left
sub-STUCLUK2924,UCL-UK/UCLStrokeData,448,0.0,1.0,left,56,0.0,1.0,left
sub-STUCLUK2925,UCL-UK/UCLStrokeData,128,0.0,1.0,left,16,0.0,1.0,left
sub-STUCLUK2926,UCL-UK/UCLStrokeData,1208,0.0,1.0,left,151,0.0,1.0,left
sub-STUCLUK2927,UCL-UK/UCLStrokeData,1128,0.0,0.16312056737588654,both,141,0.0,0.16312056737588654,both
sub-STUCLUK2928,UCL-UK/UCLStrokeData,744,0.0,-1.0,right,93,0.0,-1.0,right
sub-STUCLUK2929,UCL-UK/UCLStrokeData,896,0.0,1.0,left,112,0.0,1.0,left
sub-STUCLUK2930,UCL-UK/UCLStrokeData,552,0.0,0.6610169491525424,left,69,0.0,1.0,left
sub-STUCLUK2931,UCL-UK/UCLStrokeData,168,0.0,1.0,left,21,0.0,1.0,left
sub-STUCLUK2932,UCL-UK/UCLStrokeData,1760,0.0,-0.9181818181818182,right,220,0.0,-0.9181818181818182,right
sub-STUCLUK2933,UCL-UK/UCLStrokeData,59549,0.002729769560557342,0.9863386592273227,left,7450,0.0018756698821007502,1.0,left
sub-STUCLUK2934,UCL-UK/UCLStrokeData,2840,0.0,-1.0,right,355,0.0,-1.0,right
sub-STUCLUK2935,UCL-UK/UCLStrokeData,43032,0.0,0.9841284660629259,left,5379,0.0,0.9928732183045762,left
sub-STUCLUK2936,UCL-UK/UCLStrokeData,336,0.0,1.0,left,42,0.0,1.0,left
sub-STUCLUK2937,UCL-UK/UCLStrokeData,14920,0.0,1.0,left,1865,0.0,1.0,left
sub-STUCLUK2938,UCL-UK/UCLStrokeData,712,0.0,1.0,left,89,0.0,1.0,left
sub-STUCLUK2939,UCL-UK/UCLStrokeData,4024,0.0,-1.0,right,503,0.0,-1.0,right
sub-STUCLUK2940,UCL-UK/UCLStrokeData,17991,0.0009440248778320746,-1.0,right,2248,0.0013327410039982231,-1.0,right
sub-STUCLUK2941,UCL-UK/UCLStrokeData,152,0.0,-1.0,right,19,0.0,-1.0,right
sub-STUCLUK2942,UCL-UK/UCLStrokeData,2960,0.0,-1.0,right,370,0.0,-1.0,right
sub-STUCLUK2943,UCL-UK/UCLStrokeData,600,0.0,1.0,left,75,0.0,1.0,left
sub-STUCLUK2944,UCL-UK/UCLStrokeData,7672,0.0,0.9979144942648592,left,959,0.0,0.9979144942648592,left
sub-STUCLUK2945,UCL-UK/UCLStrokeData,1160,0.0,0.8985507246376812,left,145,0.0,1.0,left
sub-STUCLUK2946,UCL-UK/UCLStrokeData,160,0.0,1.0,left,20,0.0,1.0,left
sub-STUCLUK2947,UCL-UK/UCLStrokeData,2616,0.0,0.9938837920489296,left,327,0.0,0.9938837920489296,left
sub-STUCLUK2948,UCL-UK/UCLStrokeData,6136,0.0,0.9556714471968709,left,767,0.0,0.9556714471968709,left
sub-STUCLUK2949,UCL-UK/UCLStrokeData,6824,0.0,0.9976553341148886,left,853,0.0,0.9976553341148886,left
sub-STUCLUK2950,UCL-UK/UCLStrokeData,232,0.0,1.0,left,29,0.0,1.0,left
sub-STUCLUK2951,UCL-UK/UCLStrokeData,1384,0.0,0.8902439024390244,left,173,0.0,1.0,left
sub-STUCLUK2952,UCL-UK/UCLStrokeData,20307,0.0018187180495477782,-1.0,right,2539,0.0015729453401494297,-1.0,right
sub-STUCLUK2953,UCL-UK/UCLStrokeData,1288,0.0,-1.0,right,161,0.0,-1.0,right
sub-STUCLUK2954,UCL-UK/UCLStrokeData,1016,0.0,-1.0,right,127,0.0,-1.0,right
sub-STUCLUK2955,UCL-UK/UCLStrokeData,59233,0.0010624662709120345,0.9997298438159561,left,7408,0.0005396654074473826,1.0,left
sub-STUCLUK2956,UCL-UK/UCLStrokeData,3248,0.0,-1.0,right,406,0.0,-1.0,right
sub-STUCLUK2957,UCL-UK/UCLStrokeData,192,0.0,1.0,left,24,0.0,1.0,left
sub-STUCLUK2958,UCL-UK/UCLStrokeData,8992,0.0,-1.0,right,1124,0.0,-1.0,right
sub-STUCLUK2959,UCL-UK/UCLStrokeData,680,0.0,-1.0,right,85,0.0,-1.0,right
sub-STUCLUK2960,UCL-UK/UCLStrokeData,488,0.0,-1.0,right,61,0.0,-1.0,right
sub-STUCLUK2961,UCL-UK/UCLStrokeData,3608,0.0,0.5299334811529933,left,451,0.0,0.5299334811529933,left
sub-STUCLUK2962,UCL-UK/UCLStrokeData,5368,0.008862629246676515,1.0,left,675,0.0029542097488921715,1.0,left
sub-STUCLUK2963,UCL-UK/UCLStrokeData,704,0.0,-1.0,right,88,0.0,-1.0,right
sub-STUCLUK2964,UCL-UK/UCLStrokeData,23259,0.0032996229002399727,0.9965604712154434,left,2906,0.0037709976002742542,0.9965588437715073,left
sub-STUCLUK2965,UCL-UK/UCLStrokeData,424,0.0,-1.0,right,53,0.0,-1.0,right
sub-STUCLUK2966,UCL-UK/UCLStrokeData,48915,0.005469258295380612,-1.0,right,6133,0.002439817826935589,-1.0,right
sub-STUCLUK2967,UCL-UK/UCLStrokeData,7636,0.006763787721123829,1.0,left,954,0.007284079084287201,1.0,left
sub-STUCLUK2968,UCL-UK/UCLStrokeData,1672,0.0,-0.6172248803827751,right,209,0.0,-0.6172248803827751,right
sub-STUCLUK2969,UCL-UK/UCLStrokeData,3552,0.0,-1.0,right,444,0.0,-1.0,right
sub-STUCLUK2970,UCL-UK/UCLStrokeData,2608,0.0,-1.0,right,326,0.0,-1.0,right
sub-STUCLUK2971,UCL-UK/UCLStrokeData,1456,0.0,-0.7032967032967034,right,182,0.0,-0.7032967032967034,right
sub-STUCLUK2972,UCL-UK/UCLStrokeData,640,0.0,1.0,left,80,0.0,1.0,left
sub-STUCLUK2973,UCL-UK/UCLStrokeData,30024,0.0,1.0,left,3753,0.0,1.0,left
sub-STUCLUK2974,UCL-UK/UCLStrokeData,48,0.0,-1.0,right,6,0.0,-1.0,right
sub-STUCLUK2975,UCL-UK/UCLStrokeData,908,0.013043478260869565,0.35732647814910024,left,114,0.008695652173913044,0.6296296296296297,left
sub-STUCLUK2976,UCL-UK/UCLStrokeData,31528,0.0,-1.0,right,3941,0.0,-1.0,right
sub-STUCLUK2977,UCL-UK/UCLStrokeData,304,0.0,-1.0,right,38,0.0,-1.0,right
sub-STUCLUK2978,UCL-UK/UCLStrokeData,584,0.0,1.0,left,73,0.0,1.0,left
sub-STUCLUK2979,UCL-UK/UCLStrokeData,41704,0.0,0.8682494891505304,left,5213,0.0,0.8957345971563981,left
sub-STUCLUK2980,UCL-UK/UCLStrokeData,4088,0.0,1.0,left,511,0.0,1.0,left
sub-STUCLUK2981,UCL-UK/UCLStrokeData,3504,0.002277904328018223,1.0,left,439,0.0,1.0,left
sub-STUCLUK2982,UCL-UK/UCLStrokeData,600,0.0,1.0,left,75,0.0,1.0,left
sub-STUCLUK2983,UCL-UK/UCLStrokeData,2296,0.0,1.0,left,287,0.0,1.0,left
sub-STUCLUK2984,UCL-UK/UCLStrokeData,22910,8.729050279329609e-05,1.0,left,2864,0.0,1.0,left
sub-STUCLUK2985,UCL-UK/UCLStrokeData,1096,0.0,-1.0,right,137,0.0,-1.0,right
sub-STUCLUK2986,UCL-UK/UCLStrokeData,688,0.0,1.0,left,86,0.0,1.0,left
sub-STUCLUK2987,UCL-UK/UCLStrokeData,520,0.0,1.0,left,65,0.0,1.0,left
sub-STUCLUK2988,UCL-UK/UCLStrokeData,2160,0.0,1.0,left,270,0.0,1.0,left
sub-STUCLUK2989,UCL-UK/UCLStrokeData,104115,0.02616170308290931,-1.0,right,13131,0.017434899730619575,-1.0,right
sub-STUCLUK2990,UCL-UK/UCLStrokeData,12168,0.0,-1.0,right,1521,0.0,-1.0,right
sub-STUCLUK2991,UCL-UK/UCLStrokeData,256,0.0,-1.0,right,32,0.0,-1.0,right
sub-STUCLUK2992,UCL-UK/UCLStrokeData,1112,0.0,1.0,left,139,0.0,1.0,left
sub-STUCLUK2993,UCL-UK/UCLStrokeData,1008,0.0,1.0,left,126,0.0,1.0,left
sub-STUCLUK2994,UCL-UK/UCLStrokeData,1792,0.0,-1.0,right,224,0.0,-1.0,right
sub-STUCLUK2995,UCL-UK/UCLStrokeData,2712,0.0,1.0,left,339,0.0,1.0,left
sub-STUCLUK2996,UCL-UK/UCLStrokeData,472,0.0,-1.0,right,59,0.0,-1.0,right
sub-STUCLUK2997,UCL-UK/UCLStrokeData,72,0.0,1.0,left,9,0.0,1.0,left
sub-STUCLUK2998,UCL-UK/UCLStrokeData,3848,0.0,-0.9417879417879418,right,481,0.0,-0.9417879417879418,right
sub-STUCLUK2999,UCL-UK/UCLStrokeData,6616,0.0,1.0,left,827,0.0,1.0,left
sub-STUCLUK3000,UCL-UK/UCLStrokeData,7414,0.05240286298568507,1.0,left,949,0.02965235173824131,1.0,left
sub-STUCLUK3001,UCL-UK/UCLStrokeData,528,0.0,1.0,left,66,0.0,1.0,left
sub-STUCLUK3002,UCL-UK/UCLStrokeData,15840,0.0,1.0,left,1980,0.0,1.0,left
sub-STUCLUK3003,UCL-UK/UCLStrokeData,160,0.0,1.0,left,20,0.0,1.0,left
sub-STUCLUK3004,UCL-UK/UCLStrokeData,36274,0.0010464860101343908,-0.9453485143015828,right,4533,0.0013218770654329147,-0.9449294828744124,right
sub-STUCLUK3005,UCL-UK/UCLStrokeData,712,0.0,-1.0,right,89,0.0,-1.0,right
sub-STUCLUK3006,UCL-UK/UCLStrokeData,680,0.0,-1.0,right,85,0.0,-1.0,right
sub-STUCLUK3007,UCL-UK/UCLStrokeData,19514,0.0039812168231931405,-1.0,right,2442,0.0028583095140873828,-1.0,right
sub-STUCLUK3008,UCL-UK/UCLStrokeData,2256,0.0,1.0,left,282,0.0,1.0,left
sub-STUCLUK3009,UCL-UK/UCLStrokeData,376,0.0,1.0,left,47,0.0,1.0,left
sub-STUCLUK3010,UCL-UK/UCLStrokeData,104,0.0,-1.0,right,13,0.0,-1.0,right
sub-STUCLUK3011,UCL-UK/UCLStrokeData,10344,0.0,0.9505027068832174,left,1293,0.0,0.9505027068832174,left
sub-STUCLUK3012,UCL-UK/UCLStrokeData,1208,0.0,-1.0,right,151,0.0,-1.0,right
sub-STUCLUK3013,UCL-UK/UCLStrokeData,11360,0.0,1.0,left,1420,0.0,1.0,left
sub-STUCLUK3014,UCL-UK/UCLStrokeData,1208,0.0,1.0,left,151,0.0,1.0,left
sub-STUCLUK3015,UCL-UK/UCLStrokeData,824,0.0,-1.0,right,103,0.0,-1.0,right
sub-STUCLUK3016,UCL-UK/UCLStrokeData,2344,0.0,1.0,left,293,0.0,1.0,left
sub-STUCLUK3017,UCL-UK/UCLStrokeData,45108,0.017169252222415898,0.71094956837801,left,5641,0.01673348439951194,0.755779269202088,left
sub-STUCLUK3018,UCL-UK/UCLStrokeData,4656,0.0,1.0,left,582,0.0,1.0,left
sub-STUCLUK3019,UCL-UK/UCLStrokeData,1632,0.0,-1.0,right,204,0.0,-1.0,right
sub-STUCLUK3020,UCL-UK/UCLStrokeData,120,0.0,1.0,left,15,0.0,1.0,left
sub-STUCLUK3021,UCL-UK/UCLStrokeData,59336,0.0,-1.0,right,7417,0.0,-1.0,right
sub-STUCLUK3022,UCL-UK/UCLStrokeData,912,0.0,-1.0,right,114,0.0,-1.0,right
sub-STUCLUK3023,UCL-UK/UCLStrokeData,240,0.0,-0.3333333333333333,right,30,0.0,-0.3333333333333333,right
sub-STUCLUK3024,UCL-UK/UCLStrokeData,1128,0.0,-1.0,right,141,0.0,-1.0,right
sub-STUCLUK3025,UCL-UK/UCLStrokeData,64,0.0,-1.0,right,8,0.0,-1.0,right
sub-STUCLUK3026,UCL-UK/UCLStrokeData,26434,0.0029420639710319857,0.999394535684553,left,3311,0.0009052504526252263,1.0,left
sub-STUCLUK3027,UCL-UK/UCLStrokeData,304,0.0,0.7368421052631579,left,38,0.0,0.7368421052631579,left
sub-STUCLUK3028,UCL-UK/UCLStrokeData,48631,0.001498850197109067,1.0,left,6079,0.001478318002628121,1.0,left
sub-STUCLUK3029,UCL-UK/UCLStrokeData,25922,0.014822134387351778,-0.8982624420158818,right,3248,0.012465795074490726,-0.8963531669865643,right
sub-STUCLUK3030,UCL-UK/UCLStrokeData,5417,0.05164565826330532,0.9892353377876764,left,687,0.037815126050420166,1.0,left
sub-STUCLUK3031,UCL-UK/UCLStrokeData,1264,0.0,0.8675496688741722,left,158,0.0,0.9583333333333334,left
sub-STUCLUK3032,UCL-UK/UCLStrokeData,663,0.0015060240963855422,1.0,left,83,0.0,1.0,left
sub-STUCLUK3033,UCL-UK/UCLStrokeData,4024,0.0,1.0,left,503,0.0,1.0,left
sub-STUCLUK3034,UCL-UK/UCLStrokeData,5835,0.03394039735099338,1.0,left,747,0.010596026490066225,1.0,left
sub-STUCLUK3035,UCL-UK/UCLStrokeData,25296,0.0,0.9395506707612736,left,3162,0.0,0.9834710743801653,left
sub-STUCLUK3036,UCL-UK/UCLStrokeData,8952,0.0,-1.0,right,1119,0.0,-1.0,right
sub-STUCLUK3037,UCL-UK/UCLStrokeData,1192,0.0,-1.0,right,149,0.0,-1.0,right
sub-STUCLUK3038,UCL-UK/UCLStrokeData,11592,0.0,1.0,left,1449,0.0,1.0,left
sub-STUCLUK3039,UCL-UK/UCLStrokeData,10328,0.0,-1.0,right,1291,0.0,-1.0,right
sub-STUCLUK3040,UCL-UK/UCLStrokeData,1696,0.0,-1.0,right,212,0.0,-1.0,right
sub-STUCLUK3041,UCL-UK/UCLStrokeData,109999,0.014345878136200717,-1.0,right,13757,0.013835125448028673,-1.0,right
sub-STUCLUK3042,UCL-UK/UCLStrokeData,912,0.0,-1.0,right,114,0.0,-1.0,right
sub-STUCLUK3043,UCL-UK/UCLStrokeData,31304,0.0,-1.0,right,3913,0.0,-1.0,right
sub-STUCLUK3044,UCL-UK/UCLStrokeData,1768,0.0,0.9631336405529954,left,221,0.0,1.0,left
sub-STUCLUK3045,UCL-UK/UCLStrokeData,13784,0.0,0.9233894370284388,left,1723,0.0,0.9233894370284388,left
sub-STUCLUK3046,UCL-UK/UCLStrokeData,4224,0.0,-1.0,right,528,0.0,-1.0,right
sub-STUCLUK3047,UCL-UK/UCLStrokeData,12296,0.0,1.0,left,1537,0.0,1.0,left
sub-STUCLUK3048,UCL-UK/UCLStrokeData,4232,0.0,1.0,left,529,0.0,1.0,left
sub-STUCLUK3049,UCL-UK/UCLStrokeData,18432,0.0,1.0,left,2304,0.0,1.0,left
sub-STUCLUK3050,UCL-UK/UCLStrokeData,408,0.0,1.0,left,51,0.0,1.0,left
sub-STUCLUK3051,UCL-UK/UCLStrokeData,37034,0.001671339227949105,-1.0,right,4632,0.0010782833728703904,-1.0,right
sub-STUCLUK3052,UCL-UK/UCLStrokeData,19792,0.0,1.0,left,2474,0.0,1.0,left
sub-STUCLUK3053,UCL-UK/UCLStrokeData,3672,0.0,1.0,left,459,0.0,1.0,left
sub-STUCLUK3054,UCL-UK/UCLStrokeData,517,0.0057692307692307696,1.0,left,65,0.0,1.0,left
sub-STUCLUK3055,UCL-UK/UCLStrokeData,160,0.0,1.0,left,20,0.0,1.0,left
sub-STUCLUK3056,UCL-UK/UCLStrokeData,600,0.0,1.0,left,75,0.0,1.0,left
sub-STUCLUK3057,UCL-UK/UCLStrokeData,104,0.0,1.0,left,13,0.0,1.0,left
sub-STUCLUK3058,UCL-UK/UCLStrokeData,32680,0.0,1.0,left,4085,0.0,1.0,left
sub-STUCLUK3059,UCL-UK/UCLStrokeData,2024,0.0,0.31225296442687744,left,253,0.0,0.31225296442687744,left
sub-STUCLUK3060,UCL-UK/UCLStrokeData,792,0.0,1.0,left,99,0.0,1.0,left
sub-STUCLUK3061,UCL-UK/UCLStrokeData,5928,0.0,0.7139001349527665,left,741,0.0,0.7139001349527665,left
sub-STUCLUK3062,UCL-UK/UCLStrokeData,256,0.0,-1.0,right,32,0.0,-1.0,right
sub-STUCLUK3063,UCL-UK/UCLStrokeData,22040,0.0,0.9985480943738657,left,2755,0.0,0.9985480943738657,left
sub-STUCLUK3064,UCL-UK/UCLStrokeData,3928,0.0,-0.946058091286307,right,491,0.0,-0.945031712473573,right
sub-STUCLUK3065,UCL-UK/UCLStrokeData,296,0.0,-1.0,right,37,0.0,-1.0,right
sub-STUCLUK3066,UCL-UK/UCLStrokeData,1056,0.0,0.896414342629482,left,132,0.0,1.0,left
sub-STUCLUK3067,UCL-UK/UCLStrokeData,360,0.0,-1.0,right,45,0.0,-1.0,right
sub-STUCLUK3068,UCL-UK/UCLStrokeData,1416,0.0,-1.0,right,177,0.0,-1.0,right
sub-STUCLUK3069,UCL-UK/UCLStrokeData,3360,0.0,1.0,left,420,0.0,1.0,left
sub-STUCLUK3070,UCL-UK/UCLStrokeData,16104,0.0004965243296921549,0.8601507668312971,left,2014,0.0,0.9509536784741145,left
sub-STUCLUK3071,UCL-UK/UCLStrokeData,880,0.0,-0.32727272727272727,right,110,0.0,-0.32727272727272727,right
sub-STUCLUK3072,UCL-UK/UCLStrokeData,41880,0.0,-0.9965616045845272,right,5235,0.0,-0.9965616045845272,right
sub-STUCLUK3073,UCL-UK/UCLStrokeData,14352,0.0,-1.0,right,1794,0.0,-1.0,right
sub-STUCLUK3074,UCL-UK/UCLStrokeData,3056,0.04020100502512563,1.0,left,382,0.04020100502512563,1.0,left
sub-STUCLUK3075,UCL-UK/UCLStrokeData,8184,0.0,-1.0,right,1023,0.0,-1.0,right
sub-STUCLUK3076,UCL-UK/UCLStrokeData,7984,0.0,-1.0,right,998,0.0,-1.0,right
sub-STUCLUK3077,UCL-UK/UCLStrokeData,240,0.0,1.0,left,30,0.0,1.0,left
sub-STUCLUK3078,UCL-UK/UCLStrokeData,18112,0.0,1.0,left,2264,0.0,1.0,left
sub-STUCLUK3079,UCL-UK/UCLStrokeData,608,0.0,-1.0,right,76,0.0,-1.0,right
sub-STUCLUK3080,UCL-UK/UCLStrokeData,456,0.0,-1.0,right,57,0.0,-1.0,right
sub-STUCLUK3081,UCL-UK/UCLStrokeData,1152,0.0,1.0,left,144,0.0,1.0,left
sub-STUCLUK3082,UCL-UK/UCLStrokeData,11824,0.0,-0.9648173207036536,right,1478,0.0,-0.9648173207036536,right
sub-STUCLUK3083,UCL-UK/UCLStrokeData,4168,0.0,-0.9961612284069098,right,521,0.0,-0.9961612284069098,right
sub-STUCLUK3084,UCL-UK/UCLStrokeData,23024,0.0,0.08121296619031021,both,2878,0.0,0.08461538461538462,both
sub-STUCLUK3085,UCL-UK/UCLStrokeData,2192,0.0,1.0,left,274,0.0,1.0,left
sub-STUCLUK3086,UCL-UK/UCLStrokeData,120536,0.0016565067585475749,-1.0,right,15070,0.0014577259475218659,-1.0,right
sub-STUCLUK3087,UCL-UK/UCLStrokeData,18472,0.0,-0.8943265482893027,right,2309,0.0,-0.8943265482893027,right
sub-STUCLUK3088,UCL-UK/UCLStrokeData,576,0.0,1.0,left,72,0.0,1.0,left
sub-STUCLUK3089,UCL-UK/UCLStrokeData,9384,0.0,1.0,left,1173,0.0,1.0,left
sub-STUCLUK3090,UCL-UK/UCLStrokeData,142276,0.0013757089112246617,-1.0,right,17802,0.0003930596889213319,-1.0,right
sub-STUCLUK3091,UCL-UK/UCLStrokeData,1464,0.0,-1.0,right,183,0.0,-1.0,right
sub-STUCLUK3092,UCL-UK/UCLStrokeData,37560,0.0,1.0,left,4695,0.0,1.0,left
sub-STUCLUK3093,UCL-UK/UCLStrokeData,62622,0.0001596627921829097,-1.0,right,7829,0.0,-1.0,right
sub-STUCLUK3094,UCL-UK/UCLStrokeData,2784,0.0,1.0,left,348,0.0,1.0,left
sub-STUCLUK3095,UCL-UK/UCLStrokeData,20519,0.001605683145192682,0.9964848899087048,left,2567,0.0007785130400934215,1.0,left
sub-STUCLUK3096,UCL-UK/UCLStrokeData,23984,0.0,1.0,left,2998,0.0,1.0,left
sub-STUCLUK3097,UCL-UK/UCLStrokeData,56,0.0,1.0,left,7,0.0,1.0,left
sub-STUCLUK3098,UCL-UK/UCLStrokeData,216,0.03571428571428571,1.0,left,27,0.03571428571428571,1.0,left
sub-STUCLUK3099,UCL-UK/UCLStrokeData,11976,0.0006675567423230974,1.0,left,1497,0.0006675567423230974,1.0,left
sub-STUCLUK3100,UCL-UK/UCLStrokeData,4384,0.0,1.0,left,548,0.0,1.0,left
sub-STUCLUK3101,UCL-UK/UCLStrokeData,16152,0.0,-1.0,right,2019,0.0,-1.0,right
sub-STUCLUK3102,UCL-UK/UCLStrokeData,88850,0.0021338724168912847,1.0,left,11123,0.0006289308176100629,1.0,left
sub-STUCLUK3103,UCL-UK/UCLStrokeData,1840,0.0,0.8956521739130435,left,230,0.0,0.8956521739130435,left
sub-STUCLUK3104,UCL-UK/UCLStrokeData,7408,0.0,-1.0,right,926,0.0,-1.0,right
sub-STUCLUK3105,UCL-UK/UCLStrokeData,1881,0.04030612244897959,-1.0,right,234,0.044897959183673466,-1.0,right
sub-STUCLUK3106,UCL-UK/UCLStrokeData,464,0.0,-1.0,right,58,0.0,-1.0,right
sub-STUCLUK3107,UCL-UK/UCLStrokeData,41608,0.0,-1.0,right,5201,0.0,-1.0,right
sub-STUCLUK3108,UCL-UK/UCLStrokeData,32,0.0,-1.0,right,4,0.0,-1.0,right
sub-STUCLUK3109,UCL-UK/UCLStrokeData,200,0.0,0.52,left,25,0.0,0.52,left
sub-STUCLUK3110,UCL-UK/UCLStrokeData,11728,0.0,1.0,left,1466,0.0,1.0,left
sub-STUCLUK3111,UCL-UK/UCLStrokeData,34256,0.0,-0.9869219990658571,right,4282,0.0,-0.9869219990658571,right
sub-STUCLUK3112,UCL-UK/UCLStrokeData,672,0.0,0.9259259259259259,left,84,0.0,1.0,left
sub-STUCLUK3113,UCL-UK/UCLStrokeData,73735,0.00012204382729442395,-1.0,right,9217,0.00010848340203948796,-1.0,right
sub-STUCLUK3114,UCL-UK/UCLStrokeData,7816,0.0,1.0,left,977,0.0,1.0,left
sub-STUCLUK3115,UCL-UK/UCLStrokeData,2632,0.0,1.0,left,329,0.0,1.0,left
sub-STUCLUK3116,UCL-UK/UCLStrokeData,448,0.0,1.0,left,56,0.0,1.0,left
sub-STUCLUK3117,UCL-UK/UCLStrokeData,912,0.0,1.0,left,114,0.0,1.0,left
sub-STUCLUK3118,UCL-UK/UCLStrokeData,3984,0.0,-1.0,right,498,0.0,-1.0,right
sub-STUCLUK3119,UCL-UK/UCLStrokeData,161859,3.089012998566698e-05,0.9850366936561298,left,20233,0.0,0.9966,left
sub-STUCLUK3120,UCL-UK/UCLStrokeData,360,0.0,-1.0,right,45,0.0,-1.0,right
sub-STUCLUK3121,UCL-UK/UCLStrokeData,296,0.0,-0.6756756756756757,right,37,0.0,-0.6756756756756757,right
sub-STUCLUK3122,UCL-UK/UCLStrokeData,11093,0.007426628489620616,-1.0,right,1385,0.008589835361488905,-1.0,right
sub-STUCLUK3123,UCL-UK/UCLStrokeData,2239,0.00400355871886121,1.0,left,281,0.0,1.0,left
sub-STUCLUK3124,UCL-UK/UCLStrokeData,9848,0.0,-1.0,right,1231,0.0,-1.0,right
sub-STUCLUK3125,UCL-UK/UCLStrokeData,192,0.0,1.0,left,24,0.0,1.0,left
sub-STUCLUK3126,UCL-UK/UCLStrokeData,1376,0.0,1.0,left,172,0.0,1.0,left
sub-STUCLUK3127,UCL-UK/UCLStrokeData,29185,0.0010610624315443593,0.8106787706593673,left,3651,0.0002738225629791895,0.8313725490196079,left
sub-STUCLUK3128,UCL-UK/UCLStrokeData,2912,0.0,-1.0,right,364,0.0,-1.0,right
sub-STUCLUK3129,UCL-UK/UCLStrokeData,280,0.0,-0.6571428571428571,right,35,0.0,-0.6571428571428571,right
sub-STUCLUK3130,UCL-UK/UCLStrokeData,11872,0.0,1.0,left,1484,0.0,1.0,left
sub-STUCLUK3131,UCL-UK/UCLStrokeData,8424,0.0,-0.6068376068376068,right,1053,0.0,-0.6068376068376068,right
sub-STUCLUK3132,UCL-UK/UCLStrokeData,160,0.0,-1.0,right,20,0.0,-1.0,right
sub-STUCLUK3133,UCL-UK/UCLStrokeData,1728,0.0,1.0,left,216,0.0,1.0,left
sub-STUCLUK3134,UCL-UK/UCLStrokeData,176,0.0,1.0,left,22,0.0,1.0,left
sub-STUCLUK3135,UCL-UK/UCLStrokeData,1200,0.0,0.72,left,150,0.0,0.72,left
sub-STUCLUK3136,UCL-UK/UCLStrokeData,55994,0.0021029369831765043,0.9747099184538563,left,7003,0.001568291987453664,0.9861331792575473,left
sub-STUCLUK3137,UCL-UK/UCLStrokeData,704,0.0,0.4318181818181818,left,88,0.0,0.4318181818181818,left
sub-STUCLUK3138,UCL-UK/UCLStrokeData,344,0.0,-1.0,right,43,0.0,-1.0,right
sub-STUCLUK3139,UCL-UK/UCLStrokeData,8533,0.0022217025257249765,-1.0,right,1064,0.004677268475210477,-1.0,right
sub-STUCLUK3140,UCL-UK/UCLStrokeData,40257,0.004525222551928784,1.0,left,5052,0.0005934718100890207,1.0,left
sub-STUCLUK3141,UCL-UK/UCLStrokeData,400,0.0,1.0,left,50,0.0,1.0,left
sub-STUCLUK3142,UCL-UK/UCLStrokeData,344,0.0,1.0,left,43,0.0,1.0,left
sub-STUCLUK3143,UCL-UK/UCLStrokeData,3224,0.0,1.0,left,403,0.0,1.0,left
sub-STUCLUK3144,UCL-UK/UCLStrokeData,27057,0.0034988214496169713,-0.9271361502347418,right,3385,0.0026517383618149676,-0.9261519682636558,right
sub-STUCLUK3145,UCL-UK/UCLStrokeData,168,0.0,1.0,left,21,0.0,1.0,left
sub-STUCLUK3146,UCL-UK/UCLStrokeData,1064,0.0,-1.0,right,133,0.0,-1.0,right
sub-STUCLUK3147,UCL-UK/UCLStrokeData,60376,0.0,-1.0,right,7547,0.0,-1.0,right
sub-STUCLUK3148,UCL-UK/UCLStrokeData,3016,0.0,1.0,left,377,0.0,1.0,left
sub-STUCLUK3149,UCL-UK/UCLStrokeData,1640,0.0,1.0,left,205,0.0,1.0,left
sub-STUCLUK3150,UCL-UK/UCLStrokeData,6176,0.0,1.0,left,772,0.0,1.0,left
sub-STUCLUK3151,UCL-UK/UCLStrokeData,464,0.0,1.0,left,58,0.0,1.0,left
sub-STUCLUK3152,UCL-UK/UCLStrokeData,5784,0.0,-1.0,right,723,0.0,-1.0,right
sub-STUCLUK3153,UCL-UK/UCLStrokeData,16728,0.0,1.0,left,2091,0.0,1.0,left
sub-STUCLUK3154,UCL-UK/UCLStrokeData,200,0.0,1.0,left,25,0.0,1.0,left
sub-STUCLUK3155,UCL-UK/UCLStrokeData,3016,0.0,0.8673740053050398,left,377,0.0,0.8673740053050398,left
sub-STUCLUK3156,UCL-UK/UCLStrokeData,27032,0.0,1.0,left,3379,0.0,1.0,left
sub-STUCLUK3157,UCL-UK/UCLStrokeData,7216,0.0,-1.0,right,902,0.0,-1.0,right
sub-STUCLUK3158,UCL-UK/UCLStrokeData,5944,0.0,-1.0,right,743,0.0,-1.0,right
sub-STUCLUK3159,UCL-UK/UCLStrokeData,4568,0.0,-1.0,right,571,0.0,-1.0,right
sub-STUCLUK3160,UCL-UK/UCLStrokeData,56,0.0,-1.0,right,7,0.0,-1.0,right
sub-STUCLUK3161,UCL-UK/UCLStrokeData,5728,0.0,1.0,left,716,0.0,1.0,left
sub-STUCLUK3162,UCL-UK/UCLStrokeData,288,0.0,-1.0,right,36,0.0,-1.0,right
sub-STUCLUK3163,UCL-UK/UCLStrokeData,1000,0.0,-0.856,right,125,0.0,-0.856,right
sub-STUCLUK3164,UCL-UK/UCLStrokeData,560,0.0,-1.0,right,70,0.0,-1.0,right
sub-STUCLUK3165,UCL-UK/UCLStrokeData,240,0.0,0.26666666666666666,left,30,0.0,0.26666666666666666,left
sub-STUCLUK3166,UCL-UK/UCLStrokeData,42240,0.0,-1.0,right,5280,0.0,-1.0,right
sub-STUCLUK3167,UCL-UK/UCLStrokeData,3824,0.0,1.0,left,478,0.0,1.0,left
sub-STUCLUK3168,UCL-UK/UCLStrokeData,1410,0.009831460674157303,-1.0,right,176,0.011235955056179775,-1.0,right
sub-STUCLUK3169,UCL-UK/UCLStrokeData,400,0.0,1.0,left,50,0.0,1.0,left
sub-STUCLUK3170,UCL-UK/UCLStrokeData,14392,0.0,-1.0,right,1799,0.0,-1.0,right
sub-STUCLUK3171,UCL-UK/UCLStrokeData,13744,0.0,1.0,left,1718,0.0,1.0,left
sub-STUCLUK3172,UCL-UK/UCLStrokeData,2328,0.0,1.0,left,291,0.0,1.0,left
sub-STUCLUK3173,UCL-UK/UCLStrokeData,21070,0.0016110689916603487,0.8879200548643088,left,2631,0.00265352539802881,0.9505472233481962,left
sub-STUCLUK3174,UCL-UK/UCLStrokeData,6069,0.0018092105263157895,1.0,left,760,0.0,1.0,left
sub-STUCLUK3175,UCL-UK/UCLStrokeData,8352,0.0,-1.0,right,1044,0.0,-1.0,right
sub-STUCLUK3176,UCL-UK/UCLStrokeData,464,0.0,-1.0,right,58,0.0,-1.0,right
sub-STUCLUK3177,UCL-UK/UCLStrokeData,26159,0.0145042194092827,0.9935570469798658,left,3282,0.011147936125338957,1.0,left
sub-STUCLUK3178,UCL-UK/UCLStrokeData,10760,0.0,-1.0,right,1345,0.0,-1.0,right
sub-STUCLUK3179,UCL-UK/UCLStrokeData,296,0.0,1.0,left,37,0.0,1.0,left
sub-STUCLUK3180,UCL-UK/UCLStrokeData,13134,0.0001522533495736906,-1.0,right,1642,0.0,-1.0,right
sub-STUCLUK3181,UCL-UK/UCLStrokeData,4416,0.0,-1.0,right,552,0.0,-1.0,right
sub-STUCLUK3182,UCL-UK/UCLStrokeData,30291,0.0020097522403795466,-1.0,right,3794,0.0,-1.0,right
sub-STUCLUK3183,UCL-UK/UCLStrokeData,512,0.0,1.0,left,64,0.0,1.0,left
sub-STUCLUK3184,UCL-UK/UCLStrokeData,32,0.0,-1.0,right,4,0.0,-1.0,right
sub-STUCLUK3185,UCL-UK/UCLStrokeData,2296,0.0,1.0,left,287,0.0,1.0,left
sub-STUCLUK3186,UCL-UK/UCLStrokeData,1640,0.0,1.0,left,205,0.0,1.0,left
sub-STUCLUK3187,UCL-UK/UCLStrokeData,184,0.0,0.391304347826087,left,23,0.0,0.391304347826087,left
sub-STUCLUK3188,UCL-UK/UCLStrokeData,1280,0.0,1.0,left,160,0.0,1.0,left
sub-STUCLUK3189,UCL-UK/UCLStrokeData,1112,0.0,-1.0,right,139,0.0,-1.0,right
sub-STUCLUK3190,UCL-UK/UCLStrokeData,280,0.0,1.0,left,35,0.0,1.0,left
sub-STUCLUK3191,UCL-UK/UCLStrokeData,51532,0.0447130357407682,-0.8825663472534406,right,6500,0.036037372089574374,-0.8817733990147784,right
sub-STUCLUK3192,UCL-UK/UCLStrokeData,19472,0.0,-1.0,right,2434,0.0,-1.0,right
sub-STUCLUK3193,UCL-UK/UCLStrokeData,1336,0.0,1.0,left,167,0.0,1.0,left
sub-STUCLUK3194,UCL-UK/UCLStrokeData,59296,0.0,1.0,left,7412,0.0,1.0,left
sub-STUCLUK3195,UCL-UK/UCLStrokeData,24952,0.0,1.0,left,3119,0.0,1.0,left
sub-STUCLUK3196,UCL-UK/UCLStrokeData,32296,0.0,0.998016364988842,left,4037,0.0,1.0,left
sub-STUCLUK3197,UCL-UK/UCLStrokeData,10016,0.0,-0.7874396135265701,right,1252,0.0,-0.7857142857142857,right
sub-STUCLUK3198,UCL-UK/UCLStrokeData,808,0.0,1.0,left,101,0.0,1.0,left
sub-STUCLUK3199,UCL-UK/UCLStrokeData,2672,0.0,-1.0,right,334,0.0,-1.0,right
sub-STUCLUK3200,UCL-UK/UCLStrokeData,122240,0.0,-1.0,right,15280,0.0,-1.0,right
sub-STUCLUK3201,UCL-UK/UCLStrokeData,1144,0.0,-1.0,right,143,0.0,-1.0,right
sub-STUCLUK3202,UCL-UK/UCLStrokeData,11086,0.00018037518037518038,0.7223332727603126,left,1386,0.0,0.7349926793557833,left
sub-STUCLUK3203,UCL-UK/UCLStrokeData,2464,0.0,1.0,left,308,0.0,1.0,left
sub-STUCLUK3204,UCL-UK/UCLStrokeData,2272,0.0,1.0,left,284,0.0,1.0,left
sub-STUCLUK3205,UCL-UK/UCLStrokeData,2736,0.0,-1.0,right,342,0.0,-1.0,right
sub-STUCLUK3206,UCL-UK/UCLStrokeData,2224,0.0,-0.9496402877697842,right,278,0.0,-0.9496402877697842,right
sub-STUCLUK3207,UCL-UK/UCLStrokeData,6334,0.0003156565656565657,-1.0,right,792,0.0,-1.0,right
sub-STUCLUK3208,UCL-UK/UCLStrokeData,120,0.0,-1.0,right,15,0.0,-1.0,right
sub-STUCLUK3209,UCL-UK/UCLStrokeData,600,0.0,1.0,left,75,0.0,1.0,left
sub-STUCLUK3210,UCL-UK/UCLStrokeData,560,0.0,1.0,left,70,0.0,1.0,left
sub-STUCLUK3211,UCL-UK/UCLStrokeData,872,0.0,1.0,left,109,0.0,1.0,left
sub-STUCLUK3212,UCL-UK/UCLStrokeData,45128,0.0,-1.0,right,5641,0.0,-1.0,right
sub-STUCLUK3213,UCL-UK/UCLStrokeData,9288,0.0,-1.0,right,1161,0.0,-1.0,right
sub-STUCLUK3214,UCL-UK/UCLStrokeData,7496,0.008465608465608466,1.0,left,943,0.0021164021164021165,1.0,left
sub-STUCLUK3215,UCL-UK/UCLStrokeData,2384,0.0,1.0,left,298,0.0,1.0,left
sub-STUCLUK3216,UCL-UK/UCLStrokeData,440,0.0,-0.12727272727272726,both,55,0.0,-0.12727272727272726,both
sub-STUCLUK3217,UCL-UK/UCLStrokeData,2856,0.0,1.0,left,357,0.0,1.0,left
sub-STUCLUK3218,UCL-UK/UCLStrokeData,18678,0.0005351027397260274,-1.0,right,2334,0.0008561643835616438,-1.0,right
sub-STUCLUK3219,UCL-UK/UCLStrokeData,60345,0.002496032795556731,-1.0,right,7544,0.0023803226659613857,-1.0,right
sub-STUCLUK3220,UCL-UK/UCLStrokeData,440,0.0,-1.0,right,55,0.0,-1.0,right
sub-STUCLUK3221,UCL-UK/UCLStrokeData,376,0.0,1.0,left,47,0.0,1.0,left
sub-STUCLUK3222,UCL-UK/UCLStrokeData,1000,0.0,1.0,left,125,0.0,1.0,left
sub-STUCLUK3223,UCL-UK/UCLStrokeData,872,0.0,-1.0,right,109,0.0,-1.0,right
sub-STUCLUK3224,UCL-UK/UCLStrokeData,48,0.0,-1.0,right,6,0.0,-1.0,right
sub-STUCLUK3225,UCL-UK/UCLStrokeData,9712,0.0,1.0,left,1214,0.0,1.0,left
sub-STUCLUK3226,UCL-UK/UCLStrokeData,29788,0.0001342642320085929,-1.0,right,3724,0.0,-1.0,right
sub-STUCLUK3227,UCL-UK/UCLStrokeData,88,0.0,1.0,left,11,0.0,1.0,left
sub-STUCLUK3228,UCL-UK/UCLStrokeData,864,0.0,-1.0,right,108,0.0,-1.0,right
sub-STUCLUK3229,UCL-UK/UCLStrokeData,56,0.0,-1.0,right,7,0.0,-1.0,right
sub-STUCLUK3230,UCL-UK/UCLStrokeData,2608,0.0,1.0,left,326,0.0,1.0,left
sub-STUCLUK3231,UCL-UK/UCLStrokeData,768,0.04,-0.75,right,99,0.01,-0.696969696969697,right
sub-STUCLUK3232,UCL-UK/UCLStrokeData,5056,0.0,1.0,left,632,0.0,1.0,left
sub-STUCLUK3233,UCL-UK/UCLStrokeData,224,0.0,-1.0,right,28,0.0,-1.0,right
sub-STUCLUK3234,UCL-UK/UCLStrokeData,14984,0.0,-1.0,right,1873,0.0,-1.0,right
sub-STUCLUK3235,UCL-UK/UCLStrokeData,19456,0.0004110152075626798,-1.0,right,2432,0.0004110152075626798,-1.0,right
sub-STUCLUK3236,UCL-UK/UCLStrokeData,2208,0.0,-1.0,right,276,0.0,-1.0,right
sub-STUCLUK3237,UCL-UK/UCLStrokeData,192,0.0,-1.0,right,24,0.0,-1.0,right
sub-STUCLUK3238,UCL-UK/UCLStrokeData,22077,0.00049800796812749,0.9543316436041467,left,2761,0.0,0.9705449189985272,left
sub-STUCLUK3239,UCL-UK/UCLStrokeData,49279,0.0005070582508518579,1.0,left,6162,0.00016225864027259452,1.0,left
sub-STUCLUK3240,UCL-UK/UCLStrokeData,24584,0.00032530904359141186,0.9938161106590724,left,3073,0.00032530904359141186,0.994140625,left
sub-STUCLUK3241,UCL-UK/UCLStrokeData,648,0.0,1.0,left,81,0.0,1.0,left
sub-STUCLUK3242,UCL-UK/UCLStrokeData,1296,0.0,-1.0,right,162,0.0,-1.0,right
sub-STUCLUK3243,UCL-UK/UCLStrokeData,1112,0.0,0.7398373983739838,left,139,0.0,1.0,left
sub-STUCLUK3244,UCL-UK/UCLStrokeData,1800,0.0,-1.0,right,225,0.0,-1.0,right
sub-STUCLUK3245,UCL-UK/UCLStrokeData,320,0.0,1.0,left,40,0.0,1.0,left
sub-STUCLUK3246,UCL-UK/UCLStrokeData,56,0.0,1.0,left,7,0.0,1.0,left
sub-STUCLUK3247,UCL-UK/UCLStrokeData,22344,0.0,1.0,left,2793,0.0,1.0,left
sub-STUCLUK3248,UCL-UK/UCLStrokeData,3432,0.0,-1.0,right,429,0.0,-1.0,right
sub-STUCLUK3249,UCL-UK/UCLStrokeData,12528,0.0,-0.929757343550447,right,1566,0.0,-0.929757343550447,right
sub-STUCLUK3250,UCL-UK/UCLStrokeData,168,0.0,0.2,left,21,0.0,1.0,left
sub-STUCLUK3251,UCL-UK/UCLStrokeData,7286,0.0013706140350877192,-0.8616524842163052,right,912,0.0,-0.8618421052631579,right
sub-STUCLUK3252,UCL-UK/UCLStrokeData,185856,0.0006452445476835721,1.0,left,23244,0.0001290489095367144,1.0,left
sub-STUCLUK3253,UCL-UK/UCLStrokeData,592,0.0,-1.0,right,74,0.0,-1.0,right
sub-STUCLUK3254,UCL-UK/UCLStrokeData,1112,0.0,-1.0,right,139,0.0,-1.0,right
sub-STUCLUK3255,UCL-UK/UCLStrokeData,976,0.0,1.0,left,122,0.0,1.0,left
sub-STUCLUK3256,UCL-UK/UCLStrokeData,104,0.0,1.0,left,13,0.0,1.0,left
sub-STUCLUK3257,UCL-UK/UCLStrokeData,1304,0.0,-1.0,right,163,0.0,-1.0,right
sub-STUCLUK3258,UCL-UK/UCLStrokeData,1352,0.0,1.0,left,169,0.0,1.0,left
sub-STUCLUK3259,UCL-UK/UCLStrokeData,792,0.0,1.0,left,99,0.0,1.0,left
sub-STUCLUK3260,UCL-UK/UCLStrokeData,97776,0.0,-1.0,right,12222,0.0,-1.0,right
sub-STUCLUK3261,UCL-UK/UCLStrokeData,200,0.0,1.0,left,25,0.0,1.0,left
sub-STUCLUK3262,UCL-UK/UCLStrokeData,2272,0.0,1.0,left,284,0.0,1.0,left
sub-STUCLUK3263,UCL-UK/UCLStrokeData,5432,0.0,-1.0,right,679,0.0,-1.0,right
sub-STUCLUK3264,UCL-UK/UCLStrokeData,20936,0.0,1.0,left,2617,0.0,1.0,left
sub-STUCLUK3265,UCL-UK/UCLStrokeData,4928,0.0,-0.17532467532467533,both,616,0.0,-0.17532467532467533,both
sub-STUCLUK3266,UCL-UK/UCLStrokeData,416,0.0,-1.0,right,52,0.0,-1.0,right
sub-STUCLUK3267,UCL-UK/UCLStrokeData,28054,0.004895005675368899,1.0,left,3505,0.005391600454029512,1.0,left
sub-STUCLUK3268,UCL-UK/UCLStrokeData,928,0.0,1.0,left,116,0.0,1.0,left
sub-STUCLUK3269,UCL-UK/UCLStrokeData,256,0.0,1.0,left,32,0.0,1.0,left
sub-STUCLUK3270,UCL-UK/UCLStrokeData,53620,7.459346561241235e-05,1.0,left,6703,0.0,1.0,left
sub-STUCLUK3271,UCL-UK/UCLStrokeData,320,0.0,-1.0,right,40,0.0,-1.0,right
sub-STUCLUK3272,UCL-UK/UCLStrokeData,26832,0.0,-1.0,right,3354,0.0,-1.0,right
sub-STUCLUK3273,UCL-UK/UCLStrokeData,648,0.0,1.0,left,81,0.0,1.0,left
sub-STUCLUK3274,UCL-UK/UCLStrokeData,10144,0.0,1.0,left,1268,0.0,1.0,left
sub-STUCLUK3275,UCL-UK/UCLStrokeData,512,0.0,1.0,left,64,0.0,1.0,left
sub-STUCLUK3276,UCL-UK/UCLStrokeData,17424,0.0,-0.9770431588613406,right,2178,0.0,-0.9770431588613406,right
sub-STUCLUK3277,UCL-UK/UCLStrokeData,29152,0.0,-1.0,right,3644,0.0,-1.0,right
sub-STUCLUK3278,UCL-UK/UCLStrokeData,936,0.0,-1.0,right,117,0.0,-1.0,right
sub-STUCLUK3279,UCL-UK/UCLStrokeData,22200,0.005376344086021506,-1.0,right,2776,0.005017921146953405,-1.0,right
sub-STUCLUK3280,UCL-UK/UCLStrokeData,184,0.0,-1.0,right,23,0.0,-1.0,right
sub-STUCLUK3281,UCL-UK/UCLStrokeData,181666,0.0025804893046953927,1.0,left,22735,0.0014055431106425968,1.0,left
sub-STUCLUK3282,UCL-UK/UCLStrokeData,63928,0.0,-1.0,right,7991,0.0,-1.0,right
sub-STUCLUK3283,UCL-UK/UCLStrokeData,30304,0.0,1.0,left,3788,0.0,1.0,left
sub-STUCLUK3284,UCL-UK/UCLStrokeData,44846,0.0025355871886120996,-1.0,right,5605,0.0026690391459074734,-1.0,right
sub-STUCLUK3285,UCL-UK/UCLStrokeData,2936,0.0,-1.0,right,367,0.0,-1.0,right
sub-STUCLUK3286,UCL-UK/UCLStrokeData,2048,0.0,-1.0,right,256,0.0,-1.0,right
sub-STUCLUK3287,UCL-UK/UCLStrokeData,44521,0.00015720445562342796,-1.0,right,5566,0.0,-1.0,right
sub-STUCLUK3288,UCL-UK/UCLStrokeData,288,0.0,1.0,left,36,0.0,1.0,left
sub-STUCLUK3289,UCL-UK/UCLStrokeData,104,0.0,1.0,left,13,0.0,1.0,left
sub-STUCLUK3290,UCL-UK/UCLStrokeData,400,0.0,1.0,left,50,0.0,1.0,left
sub-STUCLUK3291,UCL-UK/UCLStrokeData,1567,0.0006377551020408163,1.0,left,196,0.0,1.0,left
sub-STUCLUK3292,UCL-UK/UCLStrokeData,3240,0.0,1.0,left,405,0.0,1.0,left
sub-STUCLUK3293,UCL-UK/UCLStrokeData,32,0.0,-1.0,right,4,0.0,-1.0,right
sub-STUCLUK3294,UCL-UK/UCLStrokeData,10135,0.0024606299212598425,-1.0,right,1264,0.004724409448818898,-1.0,right
sub-STUCLUK3295,UCL-UK/UCLStrokeData,219715,0.000641328869805691,-1.0,right,27468,0.0005094243504839531,-1.0,right
sub-STUCLUK3296,UCL-UK/UCLStrokeData,3960,0.0,-1.0,right,495,0.0,-1.0,right
sub-STUCLUK3297,UCL-UK/UCLStrokeData,60900,0.005422001567807682,1.0,left,7628,0.00339691664489156,1.0,left
sub-STUCLUK3298,UCL-UK/UCLStrokeData,3472,0.0,1.0,left,434,0.0,1.0,left
sub-STUCLUK3299,UCL-UK/UCLStrokeData,832,0.0,0.17307692307692307,both,104,0.0,0.17307692307692307,both
sub-STUCLUK3300,UCL-UK/UCLStrokeData,4896,0.0,1.0,left,612,0.0,1.0,left
sub-STUCLUK3301,UCL-UK/UCLStrokeData,1608,0.0,-1.0,right,201,0.0,-1.0,right
sub-STUCLUK3302,UCL-UK/UCLStrokeData,3099,0.11558219178082192,-0.22048364153627312,right,394,0.1004566210045662,-0.13125,both
sub-STUCLUK3303,UCL-UK/UCLStrokeData,9248,0.0,1.0,left,1156,0.0,1.0,left
sub-STUCLUK3304,UCL-UK/UCLStrokeData,112,0.0,1.0,left,14,0.0,1.0,left
sub-STUCLUK3305,UCL-UK/UCLStrokeData,1336,0.0,1.0,left,167,0.0,1.0,left
sub-STUCLUK3306,UCL-UK/UCLStrokeData,544,0.0,1.0,left,68,0.0,1.0,left
sub-STUCLUK3307,UCL-UK/UCLStrokeData,168,0.0,-1.0,right,21,0.0,-1.0,right
sub-STUCLUK3308,UCL-UK/UCLStrokeData,512,0.0,1.0,left,64,0.0,1.0,left
sub-STUCLUK3309,UCL-UK/UCLStrokeData,192,0.0,-1.0,right,24,0.0,-1.0,right
sub-STUCLUK3310,UCL-UK/UCLStrokeData,14704,0.0,1.0,left,1838,0.0,1.0,left
sub-STUCLUK3311,UCL-UK/UCLStrokeData,34536,0.0,1.0,left,4317,0.0,1.0,left
sub-STUCLUK3312,UCL-UK/UCLStrokeData,5890,0.01306970509383378,-1.0,right,735,0.014745308310991957,-1.0,right
sub-STUCLUK3313,UCL-UK/UCLStrokeData,7042,0.008727477477477477,1.0,left,887,0.0011261261261261261,1.0,left
sub-STUCLUK3314,UCL-UK/UCLStrokeData,328,0.0,-1.0,right,41,0.0,-1.0,right
sub-STUCLUK3315,UCL-UK/UCLStrokeData,1184,0.0,-0.972972972972973,right,148,0.0,-0.972972972972973,right
sub-STUCLUK3316,UCL-UK/UCLStrokeData,11509,0.012611530542210021,1.0,left,1447,0.0068634179821551134,1.0,left
sub-STUCLUK3317,UCL-UK/UCLStrokeData,5656,0.0,0.07198859586600143,both,707,0.0,0.08045977011494253,both
sub-STUCLUK3318,UCL-UK/UCLStrokeData,11232,0.0,-1.0,right,1404,0.0,-1.0,right
sub-STUCLUK3319,UCL-UK/UCLStrokeData,47320,0.0,-1.0,right,5915,0.0,-1.0,right
sub-STUCLUK3320,UCL-UK/UCLStrokeData,95527,0.004512296790329304,0.9985126373453719,left,11973,0.0018340975406419342,0.9996655238732336,left
sub-STUCLUK3321,UCL-UK/UCLStrokeData,69711,0.009786931818181818,-1.0,right,8690,0.0125,-1.0,right
sub-STUCLUK3322,UCL-UK/UCLStrokeData,5544,0.0,-1.0,right,693,0.0,-1.0,right
sub-STUCLUK3323,UCL-UK/UCLStrokeData,11656,0.0,0.9545930841774363,left,1457,0.0,0.9900426742532006,left
sub-STUCLUK3324,UCL-UK/UCLStrokeData,191066,0.0011605537200451675,-1.0,right,23887,0.00100372213625528,-1.0,right
sub-STUCLUK3325,UCL-UK/UCLStrokeData,936,0.0,1.0,left,117,0.0,1.0,left
sub-STUCLUK3326,UCL-UK/UCLStrokeData,14064,0.0,1.0,left,1758,0.0,1.0,left
sub-STUCLUK3327,UCL-UK/UCLStrokeData,8472,0.0009433962264150943,1.0,left,1059,0.0009433962264150943,1.0,left
sub-STUCLUK3328,UCL-UK/UCLStrokeData,1672,0.0,-1.0,right,209,0.0,-1.0,right
sub-STUCLUK3329,UCL-UK/UCLStrokeData,338044,0.002066457265663746,0.9872670475466498,left,42279,0.0015114658857426258,0.994852117543316,left
sub-STUCLUK3330,UCL-UK/UCLStrokeData,26376,0.0,1.0,left,3297,0.0,1.0,left
sub-STUCLUK3331,UCL-UK/UCLStrokeData,15304,0.0,-1.0,right,1913,0.0,-1.0,right
sub-STUCLUK3332,UCL-UK/UCLStrokeData,168,0.0,-1.0,right,21,0.0,-1.0,right
sub-STUCLUK3333,UCL-UK/UCLStrokeData,60625,0.0023532122169562927,-1.0,right,7592,0.000526592943654555,-1.0,right
sub-STUCLUK3334,UCL-UK/UCLStrokeData,4608,0.0,1.0,left,576,0.0,1.0,left
sub-STUCLUK3335,UCL-UK/UCLStrokeData,16136,0.0,0.95292331055429,left,2017,0.0,0.9948293691830403,left
sub-STUCLUK3336,UCL-UK/UCLStrokeData,151622,0.002381829666280661,1.0,left,18978,0.0010527423939362037,1.0,left
sub-STUCLUK3337,UCL-UK/UCLStrokeData,96,0.0,-1.0,right,12,0.0,-1.0,right
sub-STUCLUK3338,UCL-UK/UCLStrokeData,24512,0.0,1.0,left,3064,0.0,1.0,left
sub-STUCLUK3339,UCL-UK/UCLStrokeData,184,0.0,-1.0,right,23,0.0,-1.0,right
sub-STUCLUK3340,UCL-UK/UCLStrokeData,1504,0.0,1.0,left,188,0.0,1.0,left
sub-STUCLUK3341,UCL-UK/UCLStrokeData,5664,0.0,1.0,left,708,0.0,1.0,left
sub-STUCLUK3342,UCL-UK/UCLStrokeData,37532,0.0073000423190859075,0.9953106682297772,left,4713,0.0027507405840033854,0.9953320602588585,left
sub-STUCLUK3343,UCL-UK/UCLStrokeData,392,0.0,-1.0,right,49,0.0,-1.0,right
sub-STUCLUK3344,UCL-UK/UCLStrokeData,880,0.0,-1.0,right,110,0.0,-1.0,right
sub-STUCLUK3345,UCL-UK/UCLStrokeData,31472,0.0,-1.0,right,3934,0.0,-1.0,right
sub-STUCLUK3346,UCL-UK/UCLStrokeData,4762,0.014486754966887417,-1.0,right,592,0.019867549668874173,-1.0,right
sub-STUCLUK3347,UCL-UK/UCLStrokeData,464,0.0,-1.0,right,58,0.0,-1.0,right
sub-STUCLUK3348,UCL-UK/UCLStrokeData,61992,0.006665812075374952,1.0,left,7773,0.003589283425201897,1.0,left
sub-STUCLUK3349,UCL-UK/UCLStrokeData,4992,0.0,1.0,left,624,0.0,1.0,left
sub-STUCLUK3350,UCL-UK/UCLStrokeData,376,0.0,-1.0,right,47,0.0,-1.0,right
sub-STUCLUK3351,UCL-UK/UCLStrokeData,968,0.0,1.0,left,121,0.0,1.0,left
sub-STUCLUK3352,UCL-UK/UCLStrokeData,2552,0.0,1.0,left,319,0.0,1.0,left
sub-STUCLUK3353,UCL-UK/UCLStrokeData,3504,0.0,1.0,left,438,0.0,1.0,left
sub-STUCLUK3354,UCL-UK/UCLStrokeData,864,0.0,0.3401015228426396,left,108,0.0,0.48314606741573035,left
sub-STUCLUK3355,UCL-UK/UCLStrokeData,528,0.0,-1.0,right,66,0.0,-1.0,right
sub-STUCLUK3356,UCL-UK/UCLStrokeData,10091,0.008352987421383648,-0.9493619193466054,right,1270,0.0015723270440251573,-0.9481605351170569,right
sub-STUCLUK3357,UCL-UK/UCLStrokeData,9299,0.0005374032674118659,-1.0,right,1163,0.0,-1.0,right
sub-STUCLUK3358,UCL-UK/UCLStrokeData,2024,0.0,1.0,left,253,0.0,1.0,left
sub-STUCLUK3359,UCL-UK/UCLStrokeData,632,0.0,-1.0,right,79,0.0,-1.0,right
sub-STUCLUK3360,UCL-UK/UCLStrokeData,7016,0.0,-1.0,right,877,0.0,-1.0,right
sub-STUCLUK3361,UCL-UK/UCLStrokeData,43723,0.00011434321258690084,-1.0,right,5466,0.0,-1.0,right
sub-STUCLUK3362,UCL-UK/UCLStrokeData,208,0.0,1.0,left,26,0.0,1.0,left
sub-STUCLUK3363,UCL-UK/UCLStrokeData,152,0.0,-0.1724137931034483,both,19,0.0,0.2,left
sub-STUCLUK3364,UCL-UK/UCLStrokeData,224,0.0,-1.0,right,28,0.0,-1.0,right
sub-STUCLUK3365,UCL-UK/UCLStrokeData,13474,0.013327475102519038,1.0,left,1697,0.005858230814294083,1.0,left
sub-STUCLUK3366,UCL-UK/UCLStrokeData,64,0.0,1.0,left,8,0.0,1.0,left
sub-STUCLUK3367,UCL-UK/UCLStrokeData,832,0.0,-1.0,right,104,0.0,-1.0,right
sub-STUCLUK3368,UCL-UK/UCLStrokeData,2152,0.0,-1.0,right,269,0.0,-1.0,right
sub-STUCLUK3369,UCL-UK/UCLStrokeData,200,0.0,1.0,left,25,0.0,1.0,left
sub-STUCLUK3370,UCL-UK/UCLStrokeData,2280,0.0,-1.0,right,285,0.0,-1.0,right
sub-STUCLUK3371,UCL-UK/UCLStrokeData,4200,0.0,0.9961904761904762,left,525,0.0,0.9961904761904762,left
sub-STUCLUK3372,UCL-UK/UCLStrokeData,888,0.0,1.0,left,111,0.0,1.0,left
sub-STUCLUK3373,UCL-UK/UCLStrokeData,11152,0.0,1.0,left,1394,0.0,1.0,left
sub-STUCLUK3374,UCL-UK/UCLStrokeData,408,0.0,-0.9607843137254902,right,51,0.0,-0.9607843137254902,right
sub-STUCLUK3375,UCL-UK/UCLStrokeData,568,0.0,1.0,left,71,0.0,1.0,left
sub-STUCLUK3376,UCL-UK/UCLStrokeData,3647,0.00027412280701754384,-1.0,right,456,0.0,-1.0,right
sub-STUCLUK3377,UCL-UK/UCLStrokeData,1136,0.0,-1.0,right,142,0.0,-1.0,right
sub-STUCLUK3378,UCL-UK/UCLStrokeData,138840,0.0,0.9994237971766061,left,17355,0.0,0.9994237971766061,left
sub-STUCLUK3379,UCL-UK/UCLStrokeData,2008,0.0,0.7290836653386454,left,251,0.0,0.7290836653386454,left
sub-STUCLUK3380,UCL-UK/UCLStrokeData,96,0.0,1.0,left,12,0.0,1.0,left
sub-STUCLUK3381,UCL-UK/UCLStrokeData,4504,0.0,-0.09769094138543517,both,563,0.0,-0.09769094138543517,both
sub-STUCLUK3382,UCL-UK/UCLStrokeData,7206,0.0002774694783573807,1.0,left,901,0.0,1.0,left
sub-STUCLUK3383,UCL-UK/UCLStrokeData,592,0.0,-1.0,right,74,0.0,-1.0,right
sub-STUCLUK3384,UCL-UK/UCLStrokeData,760,0.0,1.0,left,95,0.0,1.0,left
sub-STUCLUK3385,UCL-UK/UCLStrokeData,1808,0.0,0.9646017699115044,left,226,0.0,0.9646017699115044,left
sub-STUCLUK3386,UCL-UK/UCLStrokeData,1408,0.0,1.0,left,176,0.0,1.0,left
sub-STUCLUK3387,UCL-UK/UCLStrokeData,8152,0.0,-1.0,right,1019,0.0,-1.0,right
sub-STUCLUK3388,UCL-UK/UCLStrokeData,776,0.0,1.0,left,97,0.0,1.0,left
sub-STUCLUK3389,UCL-UK/UCLStrokeData,1016,0.0,1.0,left,127,0.0,1.0,left
sub-STUCLUK3390,UCL-UK/UCLStrokeData,1943,0.004610655737704918,1.0,left,244,0.0,1.0,left
sub-STUCLUK3391,UCL-UK/UCLStrokeData,1104,0.0,1.0,left,138,0.0,1.0,left
sub-STUCLUK3392,UCL-UK/UCLStrokeData,2880,0.0,1.0,left,360,0.0,1.0,left
sub-STUCLUK3393,UCL-UK/UCLStrokeData,280,0.0,-1.0,right,35,0.0,-1.0,right
sub-STUCLUK3394,UCL-UK/UCLStrokeData,1024,0.0,-1.0,right,128,0.0,-1.0,right
sub-STUCLUK3395,UCL-UK/UCLStrokeData,51656,0.0,1.0,left,6457,0.0,1.0,left
sub-STUCLUK3396,UCL-UK/UCLStrokeData,336,0.0,-0.09523809523809523,both,42,0.0,-0.09523809523809523,both
sub-STUCLUK3397,UCL-UK/UCLStrokeData,44856,0.0005347593582887701,0.9556841819661753,left,5610,0.0,0.9838620942600403,left
sub-STUCLUK3398,UCL-UK/UCLStrokeData,45095,0.011594774679992986,0.9914588847616718,left,5674,0.005085042959845696,0.9975177304964539,left
sub-STUCLUK3399,UCL-UK/UCLStrokeData,72324,0.010019710906701708,0.9583990980834273,left,9034,0.01073149364870784,0.9967790176003681,left
sub-STUCLUK3400,UCL-UK/UCLStrokeData,18640,0.009774755631109222,0.9957007738607051,left,2339,0.005949851253718657,0.9991419991419992,left
sub-STUCLUK3401,UCL-UK/UCLStrokeData,4656,0.0,0.9621993127147767,left,582,0.0,0.9621993127147767,left
sub-STUCLUK3402,UCL-UK/UCLStrokeData,2456,0.0,1.0,left,307,0.0,1.0,left
sub-STUCLUK3403,UCL-UK/UCLStrokeData,26912,0.0,-1.0,right,3364,0.0,-1.0,right
sub-STUCLUK3404,UCL-UK/UCLStrokeData,1408,0.0,-1.0,right,176,0.0,-1.0,right
sub-STUCLUK3405,UCL-UK/UCLStrokeData,656,0.0,-1.0,right,82,0.0,-1.0,right
sub-STUCLUK3406,UCL-UK/UCLStrokeData,1480,0.0,1.0,left,185,0.0,1.0,left
sub-STUCLUK3407,UCL-UK/UCLStrokeData,1590,0.001256281407035176,1.0,left,199,0.0,1.0,left
sub-STUCLUK3408,UCL-UK/UCLStrokeData,2632,0.0,-1.0,right,329,0.0,-1.0,right
sub-STUCLUK3409,UCL-UK/UCLStrokeData,9872,0.0,1.0,left,1234,0.0,1.0,left
sub-STUCLUK3410,UCL-UK/UCLStrokeData,6792,0.0,1.0,left,849,0.0,1.0,left
sub-STUCLUK3411,UCL-UK/UCLStrokeData,1600,0.0,1.0,left,200,0.0,1.0,left
sub-STUCLUK3412,UCL-UK/UCLStrokeData,416,0.0,-1.0,right,52,0.0,-1.0,right
sub-STUCLUK3413,UCL-UK/UCLStrokeData,1368,0.0,-1.0,right,171,0.0,-1.0,right
sub-STUCLUK3414,UCL-UK/UCLStrokeData,2112,0.0,-1.0,right,264,0.0,-1.0,right
sub-STUCLUK3415,UCL-UK/UCLStrokeData,2336,0.0,1.0,left,292,0.0,1.0,left
sub-STUCLUK3416,UCL-UK/UCLStrokeData,688,0.0,-1.0,right,86,0.0,-1.0,right
sub-STUCLUK3417,UCL-UK/UCLStrokeData,296,0.0,-0.6216216216216216,right,37,0.0,-0.6216216216216216,right
sub-STUCLUK3418,UCL-UK/UCLStrokeData,7352,0.0,1.0,left,919,0.0,1.0,left
sub-STUCLUK3419,UCL-UK/UCLStrokeData,832,0.0,-1.0,right,104,0.0,-1.0,right
sub-STUCLUK3420,UCL-UK/UCLStrokeData,1880,0.0,-1.0,right,235,0.0,-1.0,right
sub-STUCLUK3421,UCL-UK/UCLStrokeData,5232,0.0,0.9706563706563707,left,654,0.0,0.9906396255850234,left
sub-STUCLUK3422,UCL-UK/UCLStrokeData,168,0.0,-1.0,right,21,0.0,-1.0,right
sub-STUCLUK3423,UCL-UK/UCLStrokeData,120,0.0,-1.0,right,15,0.0,-1.0,right
sub-STUCLUK3424,UCL-UK/UCLStrokeData,4152,0.0,1.0,left,519,0.0,1.0,left
sub-STUCLUK3425,UCL-UK/UCLStrokeData,3920,0.0,-1.0,right,490,0.0,-1.0,right
sub-STUCLUK3426,UCL-UK/UCLStrokeData,744,0.0,1.0,left,93,0.0,1.0,left
sub-STUCLUK3427,UCL-UK/UCLStrokeData,58846,3.398586188145731e-05,-0.9630221255480407,right,7356,0.0,-0.9630233822729745,right
sub-STUCLUK3428,UCL-UK/UCLStrokeData,48,0.0,-1.0,right,6,0.0,-1.0,right
sub-STUCLUK3429,UCL-UK/UCLStrokeData,4440,0.0,-1.0,right,555,0.0,-1.0,right
sub-STUCLUK3430,UCL-UK/UCLStrokeData,384,0.0,-1.0,right,48,0.0,-1.0,right
sub-STUCLUK3431,UCL-UK/UCLStrokeData,616,0.0,1.0,left,77,0.0,1.0,left
sub-STUCLUK3432,UCL-UK/UCLStrokeData,192874,0.0028847346871251913,0.9867732845303581,left,24144,0.0014475371189875512,0.9923365264473136,left
sub-STUCLUK3433,UCL-UK/UCLStrokeData,208,0.0,1.0,left,26,0.0,1.0,left
sub-STUCLUK3434,UCL-UK/UCLStrokeData,67240,0.0,0.9971445568114218,left,8405,0.0,0.9971445568114218,left
sub-STUCLUK3435,UCL-UK/UCLStrokeData,752,0.0,0.6645962732919255,left,94,0.0,1.0,left
sub-STUCLUK3436,UCL-UK/UCLStrokeData,1216,0.0,-1.0,right,152,0.0,-1.0,right
sub-STUCLUK3437,UCL-UK/UCLStrokeData,6919,0.00014450867052023122,0.5837548778725249,left,865,0.0,0.5838150289017341,left
sub-STUCLUK3438,UCL-UK/UCLStrokeData,3943,0.018177290836653388,0.5847968545216251,left,490,0.02390438247011952,0.6375545851528385,left
sub-STUCLUK3439,UCL-UK/UCLStrokeData,30769,0.003852628852628853,0.8888630396490412,left,3840,0.005439005439005439,0.932425068119891,left
sub-STUCLUK3440,UCL-UK/UCLStrokeData,4096,0.0,0.7890625,left,512,0.0,0.7890625,left
sub-STUCLUK3441,UCL-UK/UCLStrokeData,248,0.0,1.0,left,31,0.0,1.0,left
sub-STUCLUK3442,UCL-UK/UCLStrokeData,96944,0.0,1.0,left,12118,0.0,1.0,left
sub-STUCLUK3443,UCL-UK/UCLStrokeData,52061,0.0014385453429492097,0.9929313689710147,left,6514,0.0004603345097437471,0.9929382867669635,left
sub-STUCLUK3444,UCL-UK/UCLStrokeData,19720,0.0,-0.9991886409736308,right,2465,0.0,-0.9991886409736308,right
sub-STUCLUK3445,UCL-UK/UCLStrokeData,5768,0.0,-1.0,right,721,0.0,-1.0,right
sub-STUCLUK3446,UCL-UK/UCLStrokeData,1704,0.0,-1.0,right,213,0.0,-1.0,right
sub-STUCLUK3447,UCL-UK/UCLStrokeData,11616,0.0,-0.8801652892561983,right,1452,0.0,-0.8801652892561983,right
sub-STUCLUK3448,UCL-UK/UCLStrokeData,41998,0.000618694079573577,0.890530059773749,left,5253,0.0,0.9638974358974359,left
sub-STUCLUK3449,UCL-UK/UCLStrokeData,5926,0.008366800535475234,-1.0,right,743,0.00535475234270415,-1.0,right
sub-STUCLUK3450,UCL-UK/UCLStrokeData,5102,0.00039184952978056425,-1.0,right,638,0.0,-1.0,right
sub-STUCLUK3451,UCL-UK/UCLStrokeData,3552,0.0,1.0,left,444,0.0,1.0,left
sub-STUCLUK3452,UCL-UK/UCLStrokeData,4016,0.0,1.0,left,502,0.0,1.0,left
sub-STUCLUK3453,UCL-UK/UCLStrokeData,1240,0.0,1.0,left,155,0.0,1.0,left
sub-STUCLUK3454,UCL-UK/UCLStrokeData,96,0.0,-1.0,right,12,0.0,-1.0,right
sub-STUCLUK3455,UCL-UK/UCLStrokeData,10160,0.0,-0.9086614173228347,right,1270,0.0,-0.9086614173228347,right
sub-STUCLUK3456,UCL-UK/UCLStrokeData,37096,0.0,-1.0,right,4637,0.0,-1.0,right
sub-STUCLUK3457,UCL-UK/UCLStrokeData,1176,0.0,1.0,left,147,0.0,1.0,left
sub-STUCLUK3458,UCL-UK/UCLStrokeData,656,0.0,1.0,left,82,0.0,1.0,left
sub-STUCLUK3459,UCL-UK/UCLStrokeData,8168,0.0,-1.0,right,1021,0.0,-1.0,right
sub-STUCLUK3460,UCL-UK/UCLStrokeData,80,0.0,-1.0,right,10,0.0,-1.0,right
sub-STUCLUK3461,UCL-UK/UCLStrokeData,648,0.0,-1.0,right,81,0.0,-1.0,right
sub-STUCLUK3462,UCL-UK/UCLStrokeData,54410,0.00011026168773890033,1.0,left,6802,0.0,1.0,left
sub-STUCLUK3463,UCL-UK/UCLStrokeData,136541,0.00019770370804287973,-1.0,right,17068,0.00017573662937144866,-1.0,right
sub-STUCLUK3464,UCL-UK/UCLStrokeData,200,0.0,-0.76,right,25,0.0,-0.76,right
sub-STUCLUK3465,UCL-UK/UCLStrokeData,752,0.0,1.0,left,94,0.0,1.0,left
sub-STUCLUK3466,UCL-UK/UCLStrokeData,32231,3.1025068255150164e-05,-1.0,right,4029,0.0,-1.0,right
sub-STUCLUK3467,UCL-UK/UCLStrokeData,432,0.0,1.0,left,54,0.0,1.0,left
sub-STUCLUK3468,UCL-UK/UCLStrokeData,6280,0.0,1.0,left,785,0.0,1.0,left
sub-STUCLUK3469,UCL-UK/UCLStrokeData,2080,0.0,-0.2692307692307692,right,260,0.0,-0.2692307692307692,right
sub-STUCLUK3470,UCL-UK/UCLStrokeData,5616,0.0,-0.9658119658119658,right,702,0.0,-0.9658119658119658,right
sub-STUCLUK3471,UCL-UK/UCLStrokeData,528,0.0,1.0,left,66,0.0,1.0,left
sub-STUCLUK3472,UCL-UK/UCLStrokeData,232,0.0,1.0,left,29,0.0,1.0,left
sub-STUCLUK3473,UCL-UK/UCLStrokeData,200,0.0,1.0,left,25,0.0,1.0,left
sub-STUCLUK3474,UCL-UK/UCLStrokeData,36272,0.0,1.0,left,4534,0.0,1.0,left
sub-STUCLUK3475,UCL-UK/UCLStrokeData,53798,0.012373329416948157,1.0,left,6733,0.011161697752974004,1.0,left
sub-STUCLUK3476,UCL-UK/UCLStrokeData,15964,0.000250501002004008,1.0,left,1996,0.0,1.0,left
sub-STUCLUK3477,UCL-UK/UCLStrokeData,1232,0.0,0.8831168831168831,left,154,0.0,0.8831168831168831,left
sub-STUCLUK3478,UCL-UK/UCLStrokeData,8432,0.0,1.0,left,1054,0.0,1.0,left
sub-STUCLUK3479,UCL-UK/UCLStrokeData,9000,0.0,-0.7546666666666667,right,1125,0.0,-0.7546666666666667,right
sub-STUCLUK3480,UCL-UK/UCLStrokeData,3104,0.0,1.0,left,388,0.0,1.0,left
sub-STUCLUK3481,UCL-UK/UCLStrokeData,4792,0.0,-1.0,right,599,0.0,-1.0,right
sub-STUCLUK3482,UCL-UK/UCLStrokeData,13355,0.0033582089552238806,-1.0,right,1670,0.0029850746268656717,-1.0,right
sub-STUCLUK3483,UCL-UK/UCLStrokeData,288,0.0,1.0,left,36,0.0,1.0,left
sub-STUCLUK3484,UCL-UK/UCLStrokeData,32544,0.0,-1.0,right,4068,0.0,-1.0,right
sub-STUCLUK3485,UCL-UK/UCLStrokeData,6312,0.007547169811320755,-1.0,right,789,0.007547169811320755,-1.0,right
sub-STUCLUK3486,UCL-UK/UCLStrokeData,2704,0.0,1.0,left,338,0.0,1.0,left
sub-STUCLUK3487,UCL-UK/UCLStrokeData,1936,0.0,1.0,left,242,0.0,1.0,left
sub-STUCLUK3488,UCL-UK/UCLStrokeData,984,0.0,1.0,left,123,0.0,1.0,left
sub-STUCLUK3489,UCL-UK/UCLStrokeData,57648,0.0,-1.0,right,7206,0.0,-1.0,right
sub-STUCLUK3490,UCL-UK/UCLStrokeData,5896,0.0,-0.989145183175034,right,737,0.0,-0.989145183175034,right
sub-STUCLUK3491,UCL-UK/UCLStrokeData,4435,0.0011261261261261261,0.62119503945885,left,555,0.0,0.6216216216216216,left
sub-STUCLUK3492,UCL-UK/UCLStrokeData,19349,0.0018056128765992572,0.9875962582045584,left,2418,0.0020635575732562937,0.9875930521091811,left
sub-STUCLUK3493,UCL-UK/UCLStrokeData,104,0.0,-1.0,right,13,0.0,-1.0,right
sub-STUCLUK3494,UCL-UK/UCLStrokeData,184,0.08,1.0,left,23,0.08,1.0,left
sub-STUCLUK3495,UCL-UK/UCLStrokeData,7016,0.0,1.0,left,877,0.0,1.0,left
sub-STUCLUK3496,UCL-UK/UCLStrokeData,18260,0.0006567425569176883,-1.0,right,2284,0.0,-1.0,right
sub-STUCLUK3497,UCL-UK/UCLStrokeData,15011,0.0003329781566329249,-1.0,right,1877,0.0,-1.0,right
sub-STUCLUK3498,UCL-UK/UCLStrokeData,56067,0.006327094853253935,-1.0,right,7025,0.003969941868708351,-1.0,right
sub-STUCLUK3499,UCL-UK/UCLStrokeData,4144,0.0,1.0,left,518,0.0,1.0,left
sub-STUCLUK3500,UCL-UK/UCLStrokeData,192,0.0,-1.0,right,24,0.0,-1.0,right
sub-STUCLUK3501,UCL-UK/UCLStrokeData,22327,0.0018329756795422032,-1.0,right,2793,0.001072961373390558,-1.0,right
sub-STUCLUK3502,UCL-UK/UCLStrokeData,15461,0.00019399896533885152,-1.0,right,1933,0.0,-1.0,right
sub-STUCLUK3503,UCL-UK/UCLStrokeData,432,0.0,-1.0,right,54,0.0,-1.0,right
sub-STUCLUK3504,UCL-UK/UCLStrokeData,72,0.0,1.0,left,9,0.0,1.0,left
sub-STUCLUK3505,UCL-UK/UCLStrokeData,1616,0.0,1.0,left,202,0.0,1.0,left
sub-STUCLUK3506,UCL-UK/UCLStrokeData,7096,0.0,-1.0,right,887,0.0,-1.0,right
sub-STUCLUK3507,UCL-UK/UCLStrokeData,69296,0.0,0.9842992380512584,left,8662,0.0,0.9842992380512584,left
sub-STUCLUK3508,UCL-UK/UCLStrokeData,3680,0.0,-1.0,right,460,0.0,-1.0,right
sub-STUCLUK3509,UCL-UK/UCLStrokeData,96,0.0,-1.0,right,12,0.0,-1.0,right
sub-STUCLUK3510,UCL-UK/UCLStrokeData,12880,0.0,1.0,left,1610,0.0,1.0,left
sub-STUCLUK3511,UCL-UK/UCLStrokeData,696,0.0,-1.0,right,87,0.0,-1.0,right
sub-STUCLUK3512,UCL-UK/UCLStrokeData,632,0.0,-1.0,right,79,0.0,-1.0,right
sub-STUCLUK3513,UCL-UK/UCLStrokeData,176,0.0,1.0,left,22,0.0,1.0,left
sub-STUCLUK3514,UCL-UK/UCLStrokeData,27744,0.0,0.6239907727797002,left,3468,0.0,0.6239907727797002,left
sub-STUCLUK3515,UCL-UK/UCLStrokeData,1304,0.0,-1.0,right,163,0.0,-1.0,right
sub-STUCLUK3516,UCL-UK/UCLStrokeData,9632,0.0,0.948892674616695,left,1204,0.0,1.0,left
sub-STUCLUK3517,UCL-UK/UCLStrokeData,1560,0.0,1.0,left,195,0.0,1.0,left
sub-STUCLUK3518,UCL-UK/UCLStrokeData,848,0.0,-1.0,right,106,0.0,-1.0,right
sub-STUCLUK3519,UCL-UK/UCLStrokeData,552,0.0,1.0,left,69,0.0,1.0,left
sub-STUCLUK3520,UCL-UK/UCLStrokeData,1472,0.0,-1.0,right,184,0.0,-1.0,right
sub-STUCLUK3521,UCL-UK/UCLStrokeData,2344,0.0,1.0,left,293,0.0,1.0,left
sub-STUCLUK3522,UCL-UK/UCLStrokeData,112,0.0,-1.0,right,14,0.0,-1.0,right
sub-STUCLUK3523,UCL-UK/UCLStrokeData,6144,0.0,1.0,left,768,0.0,1.0,left
sub-STUCLUK3524,UCL-UK/UCLStrokeData,600,0.0,-1.0,right,75,0.0,-1.0,right
sub-STUCLUK3525,UCL-UK/UCLStrokeData,440,0.0,1.0,left,55,0.0,1.0,left
sub-STUCLUK3526,UCL-UK/UCLStrokeData,1568,0.0,-1.0,right,196,0.0,-1.0,right
sub-STUCLUK3527,UCL-UK/UCLStrokeData,45347,0.001870927980278218,-1.0,right,5671,0.001408698714562423,-1.0,right
sub-STUCLUK3528,UCL-UK/UCLStrokeData,90331,0.0023524474288743593,-1.0,right,11294,0.002120515992224775,-1.0,right
sub-STUCLUK3529,UCL-UK/UCLStrokeData,9983,0.00010016025641025641,1.0,left,1248,0.0,1.0,left
sub-STUCLUK3530,UCL-UK/UCLStrokeData,1504,0.0,1.0,left,188,0.0,1.0,left
sub-STUCLUK3531,UCL-UK/UCLStrokeData,2808,0.0,-1.0,right,351,0.0,-1.0,right
sub-STUCLUK3532,UCL-UK/UCLStrokeData,1368,0.0,0.8658536585365854,left,171,0.0,0.9490445859872612,left
sub-STUCLUK3533,UCL-UK/UCLStrokeData,1360,0.0,1.0,left,170,0.0,1.0,left
sub-STUCLUK3534,UCL-UK/UCLStrokeData,256,0.0,-0.625,right,32,0.0,-0.625,right
sub-STUCLUK3535,UCL-UK/UCLStrokeData,37407,0.016019570707070708,0.9937879883257021,left,4679,0.015361952861952861,0.9969982847341338,left
sub-STUCLUK3536,UCL-UK/UCLStrokeData,11352,0.0007042253521126761,0.8787878787878788,left,1419,0.0007042253521126761,0.8787878787878788,left
sub-STUCLUK3537,UCL-UK/UCLStrokeData,32944,0.0,1.0,left,4118,0.0,1.0,left
sub-STUCLUK3538,UCL-UK/UCLStrokeData,3888,0.0,1.0,left,486,0.0,1.0,left
sub-STUCLUK3539,UCL-UK/UCLStrokeData,432,0.0,1.0,left,54,0.0,1.0,left
sub-STUCLUK3540,UCL-UK/UCLStrokeData,66221,0.002936039508552156,-1.0,right,8282,0.002409058058299205,-1.0,right
sub-STUCLUK3541,UCL-UK/UCLStrokeData,3502,0.0005707762557077625,0.9314825753101004,left,438,0.0,1.0,left
sub-STUCLUK3542,UCL-UK/UCLStrokeData,7712,0.0,-1.0,right,964,0.0,-1.0,right
sub-STUCLUK3543,UCL-UK/UCLStrokeData,21072,0.0,-1.0,right,2634,0.0,-1.0,right
sub-STUCLUK3544,UCL-UK/UCLStrokeData,6326,0.005345911949685534,-0.9949415112235219,right,791,0.005031446540880503,-0.9949431099873578,right
sub-STUCLUK3545,UCL-UK/UCLStrokeData,3777,0.014352818371607515,-1.0,right,470,0.018789144050104383,-1.0,right
sub-STUCLUK3546,UCL-UK/UCLStrokeData,3472,0.0,1.0,left,434,0.0,1.0,left
sub-STUCLUK3547,UCL-UK/UCLStrokeData,6640,0.0,1.0,left,830,0.0,1.0,left
sub-STUCLUK3548,UCL-UK/UCLStrokeData,4384,0.0,-1.0,right,548,0.0,-1.0,right
sub-STUCLUK3549,UCL-UK/UCLStrokeData,200,0.0,0.44,left,25,0.0,0.44,left
sub-STUCLUK3550,UCL-UK/UCLStrokeData,9048,0.0,-1.0,right,1131,0.0,-1.0,right
sub-STUCLUK3551,UCL-UK/UCLStrokeData,840,0.0,-1.0,right,105,0.0,-1.0,right
sub-STUCLUK3552,UCL-UK/UCLStrokeData,400,0.0,1.0,left,50,0.0,1.0,left
sub-STUCLUK3553,UCL-UK/UCLStrokeData,110062,1.817124582061346e-05,-1.0,right,13758,0.0,-1.0,right
sub-STUCLUK3554,UCL-UK/UCLStrokeData,1104,0.0,-1.0,right,138,0.0,-1.0,right
sub-STUCLUK3555,UCL-UK/UCLStrokeData,1024,0.0,1.0,left,128,0.0,1.0,left
sub-STUCLUK3556,UCL-UK/UCLStrokeData,5088,0.0,0.8522012578616353,left,636,0.0,0.8522012578616353,left
sub-STUCLUK3557,UCL-UK/UCLStrokeData,3096,0.0,1.0,left,387,0.0,1.0,left
sub-STUCLUK3558,UCL-UK/UCLStrokeData,66535,0.0001352488578985333,-1.0,right,8317,0.00012022120702091849,-1.0,right
sub-STUCLUK3559,UCL-UK/UCLStrokeData,8648,0.0,-1.0,right,1081,0.0,-1.0,right
sub-STUCLUK3560,UCL-UK/UCLStrokeData,3614,0.0027593818984547464,1.0,left,453,0.0,1.0,left
sub-STUCLUK3561,UCL-UK/UCLStrokeData,680,0.0,0.8048780487804879,left,85,0.0,0.8734177215189873,left
sub-STUCLUK3562,UCL-UK/UCLStrokeData,7466,0.007180851063829787,-0.22421644789713369,right,933,0.007446808510638298,-0.2240085744908896,right
sub-STUCLUK3563,UCL-UK/UCLStrokeData,664,0.0,1.0,left,83,0.0,1.0,left
sub-STUCLUK3564,UCL-UK/UCLStrokeData,1448,0.0,1.0,left,181,0.0,1.0,left
sub-STUCLUK3565,UCL-UK/UCLStrokeData,172348,0.002661913800287024,-0.9995358120967368,right,21553,0.002222119346326559,-0.999536005939124,right
sub-STUCLUK3566,UCL-UK/UCLStrokeData,608,0.0,-1.0,right,76,0.0,-1.0,right
sub-STUCLUK3567,UCL-UK/UCLStrokeData,344,0.0,-1.0,right,43,0.0,-1.0,right
sub-STUCLUK3568,UCL-UK/UCLStrokeData,352,0.0,0.45454545454545453,left,44,0.0,0.45454545454545453,left
sub-STUCLUK3569,UCL-UK/UCLStrokeData,1096,0.0,1.0,left,137,0.0,1.0,left
sub-STUCLUK3570,UCL-UK/UCLStrokeData,19808,0.0,1.0,left,2476,0.0,1.0,left
sub-STUCLUK3571,UCL-UK/UCLStrokeData,1184,0.0,-1.0,right,148,0.0,-1.0,right
sub-STUCLUK3572,UCL-UK/UCLStrokeData,2568,0.0,0.3894080996884735,left,321,0.0,0.3894080996884735,left
sub-STUCLUK3573,UCL-UK/UCLStrokeData,4432,0.0,1.0,left,554,0.0,1.0,left
sub-STUCLUK3574,UCL-UK/UCLStrokeData,11296,0.0,1.0,left,1412,0.0,1.0,left
sub-STUCLUK3575,UCL-UK/UCLStrokeData,1488,0.0,-1.0,right,186,0.0,-1.0,right
sub-STUCLUK3576,UCL-UK/UCLStrokeData,1939,0.00257201646090535,-1.0,right,243,0.0,-1.0,right
sub-STUCLUK3577,UCL-UK/UCLStrokeData,216,0.0,1.0,left,27,0.0,1.0,left
sub-STUCLUK3578,UCL-UK/UCLStrokeData,160,0.0,1.0,left,20,0.0,1.0,left
sub-STUCLUK3579,UCL-UK/UCLStrokeData,1800,0.0,1.0,left,225,0.0,1.0,left
sub-STUCLUK3580,UCL-UK/UCLStrokeData,16408,0.0,1.0,left,2051,0.0,1.0,left
sub-STUCLUK3581,UCL-UK/UCLStrokeData,112,0.0,-1.0,right,14,0.0,-1.0,right
sub-STUCLUK3582,UCL-UK/UCLStrokeData,648,0.0,1.0,left,81,0.0,1.0,left
sub-STUCLUK3583,UCL-UK/UCLStrokeData,392,0.0,1.0,left,49,0.0,1.0,left
sub-STUCLUK3584,UCL-UK/UCLStrokeData,8008,0.0,1.0,left,1001,0.0,1.0,left
sub-STUCLUK3585,UCL-UK/UCLStrokeData,1416,0.0,-1.0,right,177,0.0,-1.0,right
sub-STUCLUK3586,UCL-UK/UCLStrokeData,272,0.0,1.0,left,34,0.0,1.0,left
sub-STUCLUK3587,UCL-UK/UCLStrokeData,77968,0.0,0.8932895546891032,left,9746,0.0,0.8932895546891032,left
sub-STUCLUK3588,UCL-UK/UCLStrokeData,11608,0.0,0.9986216402481047,left,1451,0.0,0.9986216402481047,left
sub-STUCLUK3589,UCL-UK/UCLStrokeData,312,0.0,1.0,left,39,0.0,1.0,left
sub-STUCLUK3590,UCL-UK/UCLStrokeData,512,0.0,-1.0,right,64,0.0,-1.0,right
sub-STUCLUK3591,UCL-UK/UCLStrokeData,44568,0.0,1.0,left,5571,0.0,1.0,left
sub-STUCLUK3592,UCL-UK/UCLStrokeData,2192,0.0,1.0,left,274,0.0,1.0,left
sub-STUCLUK3593,UCL-UK/UCLStrokeData,4760,0.0,-1.0,right,595,0.0,-1.0,right
sub-STUCLUK3594,UCL-UK/UCLStrokeData,1064,0.0,-1.0,right,133,0.0,-1.0,right
sub-STUCLUK3595,UCL-UK/UCLStrokeData,416,0.0,-1.0,right,52,0.0,-1.0,right
sub-STUCLUK3596,UCL-UK/UCLStrokeData,352,0.0,1.0,left,44,0.0,1.0,left
sub-STUCLUK3597,UCL-UK/UCLStrokeData,304,0.0,1.0,left,38,0.0,1.0,left
sub-STUCLUK3598,UCL-UK/UCLStrokeData,29776,0.0,1.0,left,3722,0.0,1.0,left
sub-STUCLUK3599,UCL-UK/UCLStrokeData,4480,0.0,-0.85,right,560,0.0,-0.85,right
sub-STUCLUK3600,UCL-UK/UCLStrokeData,632,0.0,1.0,left,79,0.0,1.0,left
sub-STUCLUK3601,UCL-UK/UCLStrokeData,54600,0.0001464986815118664,-1.0,right,6824,0.0002929973630237328,-1.0,right
sub-STUCLUK3602,UCL-UK/UCLStrokeData,38944,0.0,-1.0,right,4868,0.0,-1.0,right
sub-STUCLUK3603,UCL-UK/UCLStrokeData,1424,0.0,-1.0,right,178,0.0,-1.0,right
sub-STUCLUK3604,UCL-UK/UCLStrokeData,34705,0.002959089864398989,0.9562803406877707,left,4333,0.004136980004596644,0.9736903922950435,left
sub-STUCLUK3605,UCL-UK/UCLStrokeData,20200,0.0007914523149980214,-1.0,right,2525,0.0007914523149980214,-1.0,right
sub-STUCLUK3606,UCL-UK/UCLStrokeData,20448,0.0,-1.0,right,2556,0.0,-1.0,right
sub-STUCLUK3607,UCL-UK/UCLStrokeData,45552,0.0,-1.0,right,5694,0.0,-1.0,right
sub-STUCLUK3608,UCL-UK/UCLStrokeData,5000,0.0,-0.9776,right,625,0.0,-0.9776,right
sub-STUCLUK3609,UCL-UK/UCLStrokeData,576,0.0,-1.0,right,72,0.0,-1.0,right
sub-STUCLUK3610,UCL-UK/UCLStrokeData,9152,0.0,1.0,left,1144,0.0,1.0,left
sub-STUCLUK3611,UCL-UK/UCLStrokeData,384,0.0,-1.0,right,48,0.0,-1.0,right
sub-STUCLUK3612,UCL-UK/UCLStrokeData,288,0.0,-1.0,right,36,0.0,-1.0,right
sub-STUCLUK3613,UCL-UK/UCLStrokeData,928,0.0,-1.0,right,116,0.0,-1.0,right
sub-STUCLUK3614,UCL-UK/UCLStrokeData,8840,0.0018066847335140017,-1.0,right,1105,0.0018066847335140017,-1.0,right
sub-STUCLUK3615,UCL-UK/UCLStrokeData,3856,0.0,-1.0,right,482,0.0,-1.0,right
sub-STUCLUK3616,UCL-UK/UCLStrokeData,768,0.0,-1.0,right,96,0.0,-1.0,right
sub-STUCLUK3617,UCL-UK/UCLStrokeData,11224,0.0,1.0,left,1403,0.0,1.0,left
sub-STUCLUK3618,UCL-UK/UCLStrokeData,1440,0.0,1.0,left,180,0.0,1.0,left
sub-STUCLUK3619,UCL-UK/UCLStrokeData,35952,0.0,-1.0,right,4494,0.0,-1.0,right
sub-STUCLUK3620,UCL-UK/UCLStrokeData,1072,0.0,-1.0,right,134,0.0,-1.0,right
sub-STUCLUK3621,UCL-UK/UCLStrokeData,4336,0.0,1.0,left,542,0.0,1.0,left
sub-STUCLUK3622,UCL-UK/UCLStrokeData,5392,0.0,1.0,left,674,0.0,1.0,left
sub-STUCLUK3623,UCL-UK/UCLStrokeData,9632,0.0,-0.3606073386756643,right,1204,0.0,-0.350471293916024,right
sub-STUCLUK3624,UCL-UK/UCLStrokeData,1520,0.0,1.0,left,190,0.0,1.0,left
sub-STUCLUK3625,UCL-UK/UCLStrokeData,43584,0.0,-0.9790748898678414,right,5448,0.0,-0.9790748898678414,right
sub-STUCLUK3626,UCL-UK/UCLStrokeData,21920,0.0,0.9897285399853265,left,2740,0.0,1.0,left
sub-STUCLUK3627,UCL-UK/UCLStrokeData,16493,0.00018186226964112513,-1.0,right,2062,0.0,-1.0,right
sub-STUCLUK3628,UCL-UK/UCLStrokeData,21848,0.0,0.9992676675210546,left,2731,0.0,0.9992676675210546,left
sub-STUCLUK3629,UCL-UK/UCLStrokeData,29548,0.0031039136302294197,1.0,left,3703,0.0005398110661268556,1.0,left
sub-STUCLUK3630,UCL-UK/UCLStrokeData,133536,0.00029945499191471524,1.0,left,16696,5.989099838294304e-05,1.0,left
sub-STUCLUK3631,UCL-UK/UCLStrokeData,10568,0.010486891385767791,-1.0,right,1323,0.008988764044943821,-1.0,right
sub-STUCLUK3632,UCL-UK/UCLStrokeData,1232,0.0,0.7185185185185186,left,154,0.0,1.0,left
sub-STUCLUK3633,UCL-UK/UCLStrokeData,200,0.0,0.28,left,25,0.0,0.28,left
sub-STUCLUK3634,UCL-UK/UCLStrokeData,33750,0.0002962085308056872,-0.8314626973170878,right,4219,0.00023696682464454977,-0.8292801556420234,right
sub-STUCLUK3635,UCL-UK/UCLStrokeData,1144,0.0,-1.0,right,143,0.0,-1.0,right
sub-STUCLUK3636,UCL-UK/UCLStrokeData,12606,0.0014258555133079848,0.7461526257337776,left,1573,0.0031685678073510772,0.7457088366179275,left
sub-STUCLUK3637,UCL-UK/UCLStrokeData,6984,0.0,-0.713631156930126,right,873,0.0,-0.713631156930126,right
sub-STUCLUK3638,UCL-UK/UCLStrokeData,3464,0.0,1.0,left,433,0.0,1.0,left
sub-STUCLUK3639,UCL-UK/UCLStrokeData,648,0.0,0.6402877697841727,left,81,0.0,0.9655172413793104,left
sub-STUCLUK3640,UCL-UK/UCLStrokeData,520,0.0,-1.0,right,65,0.0,-1.0,right
sub-STUCLUK3641,UCL-UK/UCLStrokeData,72695,0.0031949319877139096,-0.9995590525140896,right,9095,0.0023036419482229046,-0.999558693733451,right
sub-STUCLUK3642,UCL-UK/UCLStrokeData,1808,0.0,1.0,left,226,0.0,1.0,left
sub-STUCLUK3643,UCL-UK/UCLStrokeData,4392,0.0,-1.0,right,549,0.0,-1.0,right
sub-STUCLUK3644,UCL-UK/UCLStrokeData,76715,0.0010027086154807793,1.0,left,9594,0.0005208875924575477,1.0,left
sub-STUCLUK3645,UCL-UK/UCLStrokeData,27965,0.00010726544622425629,-1.0,right,3496,0.0,-1.0,right
sub-STUCLUK3646,UCL-UK/UCLStrokeData,264,0.0,0.9375,left,33,0.0,1.0,left
sub-STUCLUK3647,UCL-UK/UCLStrokeData,4584,0.0,-1.0,right,573,0.0,-1.0,right
sub-STUCLUK3648,UCL-UK/UCLStrokeData,3960,0.0,1.0,left,495,0.0,1.0,left
sub-STUCLUK3649,UCL-UK/UCLStrokeData,88,0.0,1.0,left,11,0.0,1.0,left
sub-STUCLUK3650,UCL-UK/UCLStrokeData,112,0.0,-1.0,right,14,0.0,-1.0,right
sub-STUCLUK3651,UCL-UK/UCLStrokeData,87607,0.0012881896944824441,0.7818413327202631,left,10962,0.00027359781121751026,0.8425718460789089,left
sub-STUCLUK3652,UCL-UK/UCLStrokeData,38640,0.0,1.0,left,4830,0.0,1.0,left
sub-STUCLUK3653,UCL-UK/UCLStrokeData,17040,0.0,1.0,left,2130,0.0,1.0,left
sub-STUCLUK3654,UCL-UK/UCLStrokeData,736,0.0,0.021739130434782608,both,92,0.0,0.021739130434782608,both
sub-STUCLUK3655,UCL-UK/UCLStrokeData,192,0.0,1.0,left,24,0.0,1.0,left
sub-STUCLUK3656,UCL-UK/UCLStrokeData,9192,0.0,-1.0,right,1149,0.0,-1.0,right
sub-STUCLUK3657,UCL-UK/UCLStrokeData,1592,0.0,-1.0,right,199,0.0,-1.0,right
sub-STUCLUK3658,UCL-UK/UCLStrokeData,77192,0.0005179200331468821,-1.0,right,9651,0.00031075201988812925,-1.0,right
sub-STUCLUK3659,UCL-UK/UCLStrokeData,43032,0.0,1.0,left,5379,0.0,1.0,left
sub-STUCLUK3660,UCL-UK/UCLStrokeData,3616,0.0,1.0,left,452,0.0,1.0,left
sub-STUCLUK3661,UCL-UK/UCLStrokeData,1360,0.0,-0.788235294117647,right,170,0.0,-0.788235294117647,right
sub-STUCLUK3662,UCL-UK/UCLStrokeData,1416,0.0,1.0,left,177,0.0,1.0,left
sub-STUCLUK3663,UCL-UK/UCLStrokeData,40847,2.4481002741872306e-05,-1.0,right,5106,0.0,-1.0,right
sub-STUCLUK3664,UCL-UK/UCLStrokeData,1368,0.0,-1.0,right,171,0.0,-1.0,right
sub-STUCLUK3665,UCL-UK/UCLStrokeData,1824,0.0,-1.0,right,228,0.0,-1.0,right
sub-STUCLUK3666,UCL-UK/UCLStrokeData,80,0.0,-1.0,right,10,0.0,-1.0,right
sub-STUCLUK3667,UCL-UK/UCLStrokeData,1112,0.0,-1.0,right,139,0.0,-1.0,right
sub-STUCLUK3668,UCL-UK/UCLStrokeData,34688,0.0,-1.0,right,4336,0.0,-1.0,right
sub-STUCLUK3669,UCL-UK/UCLStrokeData,480,0.0,1.0,left,60,0.0,1.0,left
sub-STUCLUK3670,UCL-UK/UCLStrokeData,840,0.0,-1.0,right,105,0.0,-1.0,right
sub-STUCLUK3671,UCL-UK/UCLStrokeData,472,0.0,1.0,left,59,0.0,1.0,left
sub-STUCLUK3672,UCL-UK/UCLStrokeData,2096,0.0,-1.0,right,262,0.0,-1.0,right
sub-STUCLUK3673,UCL-UK/UCLStrokeData,1296,0.0,-1.0,right,162,0.0,-1.0,right
sub-STUCLUK3674,UCL-UK/UCLStrokeData,816,0.0,0.058823529411764705,both,102,0.0,0.058823529411764705,both
sub-STUCLUK3675,UCL-UK/UCLStrokeData,1208,0.0,-1.0,right,151,0.0,-1.0,right
sub-STUCLUK3676,UCL-UK/UCLStrokeData,728,0.0,1.0,left,91,0.0,1.0,left
sub-STUCLUK3677,UCL-UK/UCLStrokeData,11552,0.0,1.0,left,1444,0.0,1.0,left
sub-STUCLUK3678,UCL-UK/UCLStrokeData,1648,0.0,-1.0,right,206,0.0,-1.0,right
sub-STUCLUK3679,UCL-UK/UCLStrokeData,7056,0.0,1.0,left,882,0.0,1.0,left
sub-STUCLUK3680,UCL-UK/UCLStrokeData,560,0.0,-1.0,right,70,0.0,-1.0,right
sub-STUCLUK3681,UCL-UK/UCLStrokeData,480,0.0,1.0,left,60,0.0,1.0,left
sub-STUCLUK3682,UCL-UK/UCLStrokeData,736,0.0,1.0,left,92,0.0,1.0,left
sub-STUCLUK3683,UCL-UK/UCLStrokeData,29720,0.0,-1.0,right,3715,0.0,-1.0,right
sub-STUCLUK3684,UCL-UK/UCLStrokeData,96,0.0,-1.0,right,12,0.0,-1.0,right
sub-STUCLUK3685,UCL-UK/UCLStrokeData,40344,0.0,-1.0,right,5043,0.0,-1.0,right
sub-STUCLUK3686,UCL-UK/UCLStrokeData,949,0.0031512605042016808,-1.0,right,119,0.0,-1.0,right
sub-STUCLUK3687,UCL-UK/UCLStrokeData,14596,0.0073449401523395,1.0,left,1836,0.001088139281828074,1.0,left
sub-STUCLUK3688,UCL-UK/UCLStrokeData,456,0.0,-0.8596491228070176,right,57,0.0,-0.8596491228070176,right
sub-STUCLUK3689,UCL-UK/UCLStrokeData,49319,0.0014779721412374474,-1.0,right,6164,0.0016196954972465176,-1.0,right
sub-STUCLUK3690,UCL-UK/UCLStrokeData,424,0.0,-1.0,right,53,0.0,-1.0,right
sub-STUCLUK3691,UCL-UK/UCLStrokeData,1064,0.0,1.0,left,133,0.0,1.0,left
sub-STUCLUK3692,UCL-UK/UCLStrokeData,1592,0.0,-1.0,right,199,0.0,-1.0,right
sub-STUCLUK3693,UCL-UK/UCLStrokeData,1552,0.0,-1.0,right,194,0.0,-1.0,right
sub-STUCLUK3694,UCL-UK/UCLStrokeData,640,0.0,1.0,left,80,0.0,1.0,left
sub-STUCLUK3695,UCL-UK/UCLStrokeData,328,0.0,-1.0,right,41,0.0,-1.0,right
sub-STUCLUK3696,UCL-UK/UCLStrokeData,1488,0.0,1.0,left,186,0.0,1.0,left
sub-STUCLUK3697,UCL-UK/UCLStrokeData,632,0.0,-1.0,right,79,0.0,-1.0,right
sub-STUCLUK3698,UCL-UK/UCLStrokeData,17592,0.0,1.0,left,2199,0.0,1.0,left
sub-STUCLUK3699,UCL-UK/UCLStrokeData,34433,0.0002032520325203252,1.0,left,4303,0.0004645760743321719,1.0,left
sub-STUCLUK3700,UCL-UK/UCLStrokeData,304,0.0,-1.0,right,38,0.0,-1.0,right
sub-STUCLUK3701,UCL-UK/UCLStrokeData,560,0.0,-1.0,right,70,0.0,-1.0,right
sub-STUCLUK3702,UCL-UK/UCLStrokeData,13080,0.0,1.0,left,1635,0.0,1.0,left
sub-STUCLUK3703,UCL-UK/UCLStrokeData,1600,0.0,1.0,left,200,0.0,1.0,left
sub-STUCLUK3704,UCL-UK/UCLStrokeData,280,0.0,1.0,left,35,0.0,1.0,left
sub-STUCLUK3705,UCL-UK/UCLStrokeData,1800,0.0,-1.0,right,225,0.0,-1.0,right
sub-STUCLUK3706,UCL-UK/UCLStrokeData,592,0.0,1.0,left,74,0.0,1.0,left
sub-STUCLUK3707,UCL-UK/UCLStrokeData,4864,0.0,1.0,left,608,0.0,1.0,left
sub-STUCLUK3708,UCL-UK/UCLStrokeData,15472,0.0,-1.0,right,1934,0.0,-1.0,right
sub-STUCLUK3709,UCL-UK/UCLStrokeData,7680,0.0,1.0,left,960,0.0,1.0,left
sub-STUCLUK3710,UCL-UK/UCLStrokeData,248,0.0,1.0,left,31,0.0,1.0,left
sub-STUCLUK3711,UCL-UK/UCLStrokeData,384,0.0,1.0,left,48,0.0,1.0,left
sub-STUCLUK3712,UCL-UK/UCLStrokeData,712,0.0,1.0,left,89,0.0,1.0,left
sub-STUCLUK3713,UCL-UK/UCLStrokeData,5008,0.0,-1.0,right,626,0.0,-1.0,right
sub-STUCLUK3714,UCL-UK/UCLStrokeData,1400,0.0,1.0,left,175,0.0,1.0,left
sub-STUCLUK3715,UCL-UK/UCLStrokeData,1408,0.0,0.7090909090909091,left,176,0.0,0.8311688311688312,left
sub-STUCLUK3716,UCL-UK/UCLStrokeData,9200,0.0,0.2248888888888889,left,1150,0.0,0.25272727272727274,left
sub-STUCLUK3717,UCL-UK/UCLStrokeData,18640,0.0,1.0,left,2330,0.0,1.0,left
sub-STUCLUK3718,UCL-UK/UCLStrokeData,1016,0.0,-1.0,right,127,0.0,-1.0,right
sub-STUCLUK3719,UCL-UK/UCLStrokeData,10954,0.0005474452554744526,0.49935956084172006,left,1370,0.0,0.5029325513196481,left
sub-STUCLUK3720,UCL-UK/UCLStrokeData,22273,0.0035343593414459556,1.0,left,2793,0.00035790980672870435,1.0,left
sub-STUCLUK3721,UCL-UK/UCLStrokeData,6258,0.002232142857142857,0.278363694471077,left,781,0.003826530612244898,0.28040973111395645,left
sub-STUCLUK3722,UCL-UK/UCLStrokeData,376,0.0,-1.0,right,47,0.0,-1.0,right
sub-STUCLUK3723,UCL-UK/UCLStrokeData,12520,0.0,0.9910543130990416,left,1565,0.0,0.9910543130990416,left
sub-STUCLUK3724,UCL-UK/UCLStrokeData,736,0.0,1.0,left,92,0.0,1.0,left
sub-STUCLUK3725,UCL-UK/UCLStrokeData,320,0.0,1.0,left,40,0.0,1.0,left
sub-STUCLUK3726,UCL-UK/UCLStrokeData,7408,0.0,-0.47516198704103674,right,926,0.0,-0.47516198704103674,right
sub-STUCLUK3727,UCL-UK/UCLStrokeData,3326,0.0006009615384615385,-0.9326518340348767,right,416,0.0,-0.9326923076923077,right
sub-STUCLUK3728,UCL-UK/UCLStrokeData,1208,0.0,-0.7350993377483444,right,151,0.0,-0.7350993377483444,right
sub-STUCLUK3729,UCL-UK/UCLStrokeData,28304,0.0,0.929384965831435,left,3538,0.0,0.9437751004016064,left
sub-STUCLUK3730,UCL-UK/UCLStrokeData,968,0.0,0.9404255319148936,left,121,0.0,1.0,left
sub-STUCLUK3731,UCL-UK/UCLStrokeData,28088,0.0,0.8262603246938194,left,3511,0.0,0.8262603246938194,left
sub-STUCLUK3732,UCL-UK/UCLStrokeData,3712,0.0,1.0,left,464,0.0,1.0,left
sub-STUCLUK3733,UCL-UK/UCLStrokeData,5745,0.0012169680111265646,1.0,left,716,0.004172461752433936,1.0,left
sub-STUCLUK3734,UCL-UK/UCLStrokeData,1400,0.0,1.0,left,175,0.0,1.0,left
sub-STUCLUK3735,UCL-UK/UCLStrokeData,168,0.0,1.0,left,21,0.0,1.0,left
sub-STUCLUK3736,UCL-UK/UCLStrokeData,1960,0.0,-0.42738589211618255,right,245,0.0,-0.4177215189873418,right
sub-STUCLUK3737,UCL-UK/UCLStrokeData,128,0.0,-1.0,right,16,0.0,-1.0,right
sub-STUCLUK3738,UCL-UK/UCLStrokeData,224,0.0,-0.6428571428571429,right,28,0.0,-0.6428571428571429,right
sub-STUCLUK3739,UCL-UK/UCLStrokeData,504,0.0,-1.0,right,63,0.0,-1.0,right
sub-STUCLUK3740,UCL-UK/UCLStrokeData,6432,0.0,1.0,left,804,0.0,1.0,left
sub-STUCLUK3741,UCL-UK/UCLStrokeData,1424,0.0,-1.0,right,178,0.0,-1.0,right
sub-STUCLUK3742,UCL-UK/UCLStrokeData,1024,0.0,1.0,left,128,0.0,1.0,left
sub-STUCLUK3743,UCL-UK/UCLStrokeData,1168,0.0,1.0,left,146,0.0,1.0,left
sub-STUCLUK3744,UCL-UK/UCLStrokeData,2392,0.0,-0.9732441471571907,right,299,0.0,-0.9732441471571907,right
sub-STUCLUK3745,UCL-UK/UCLStrokeData,576,0.0,-1.0,right,72,0.0,-1.0,right
sub-STUCLUK3746,UCL-UK/UCLStrokeData,144,0.0,1.0,left,18,0.0,1.0,left
sub-STUCLUK3747,UCL-UK/UCLStrokeData,25312,0.0,0.9588556734169077,left,3164,0.0,0.9928057553956835,left
sub-STUCLUK3748,UCL-UK/UCLStrokeData,5064,0.0,0.981042654028436,left,633,0.0,0.981042654028436,left
sub-STUCLUK3749,UCL-UK/UCLStrokeData,205451,0.004211903838697169,1.0,left,25707,0.003218301667312912,1.0,left
sub-STUCLUK3750,UCL-UK/UCLStrokeData,624,0.0,-1.0,right,78,0.0,-1.0,right
sub-STUCLUK3751,UCL-UK/UCLStrokeData,2288,0.0,1.0,left,286,0.0,1.0,left
sub-STUCLUK3752,UCL-UK/UCLStrokeData,256,0.0,0.0,both,32,0.0,0.0,both
sub-STUCLUK3753,UCL-UK/UCLStrokeData,2400,0.0,1.0,left,300,0.0,1.0,left
sub-STUCLUK3754,UCL-UK/UCLStrokeData,22935,0.011763185108583247,1.0,left,2884,0.005860048259220959,1.0,left
sub-STUCLUK3755,UCL-UK/UCLStrokeData,6121,0.008905440414507772,0.9895441921254697,left,764,0.010362694300518135,0.9895287958115183,left
sub-STUCLUK3756,UCL-UK/UCLStrokeData,2728,0.0,1.0,left,341,0.0,1.0,left
sub-STUCLUK3757,UCL-UK/UCLStrokeData,2648,0.0,0.9818731117824774,left,331,0.0,0.9818731117824774,left
sub-STUCLUK3758,UCL-UK/UCLStrokeData,4680,0.0,-1.0,right,585,0.0,-1.0,right
sub-STUCLUK3759,UCL-UK/UCLStrokeData,60686,0.0021375953696395685,-1.0,right,7589,0.0017100762957116549,-1.0,right
sub-STUCLUK3760,UCL-UK/UCLStrokeData,304,0.0,1.0,left,38,0.0,1.0,left
sub-STUCLUK3761,UCL-UK/UCLStrokeData,7224,0.0,0.893687707641196,left,903,0.0,0.893687707641196,left
sub-STUCLUK3762,UCL-UK/UCLStrokeData,336,0.0,1.0,left,42,0.0,1.0,left
sub-STUCLUK3763,UCL-UK/UCLStrokeData,9992,0.0,1.0,left,1249,0.0,1.0,left
sub-STUCLUK3764,UCL-UK/UCLStrokeData,1720,0.0,-1.0,right,215,0.0,-1.0,right
sub-STUCLUK3765,UCL-UK/UCLStrokeData,1032,0.0,-1.0,right,129,0.0,-1.0,right
sub-STUCLUK3766,UCL-UK/UCLStrokeData,392,0.0,-1.0,right,49,0.0,-1.0,right
sub-STUCLUK3767,UCL-UK/UCLStrokeData,544,0.0,1.0,left,68,0.0,1.0,left
sub-STUCLUK3768,UCL-UK/UCLStrokeData,7536,0.0,1.0,left,942,0.0,1.0,left
sub-STUCLUK3769,UCL-UK/UCLStrokeData,3176,0.0,1.0,left,397,0.0,1.0,left
sub-STUCLUK3770,UCL-UK/UCLStrokeData,30064,0.0,1.0,left,3758,0.0,1.0,left
sub-STUCLUK3771,UCL-UK/UCLStrokeData,17704,0.0,0.8628841607565012,left,2213,0.0,0.9533961328705999,left
sub-STUCLUK3772,UCL-UK/UCLStrokeData,8440,0.0,-1.0,right,1055,0.0,-1.0,right
sub-STUCLUK3773,UCL-UK/UCLStrokeData,176,0.0,1.0,left,22,0.0,1.0,left
sub-STUCLUK3774,UCL-UK/UCLStrokeData,30752,0.0,-1.0,right,3844,0.0,-1.0,right
sub-STUCLUK3775,UCL-UK/UCLStrokeData,3040,0.0,0.24210526315789474,left,380,0.0,0.24210526315789474,left
sub-STUCLUK3776,UCL-UK/UCLStrokeData,3256,0.0,-1.0,right,407,0.0,-1.0,right
sub-STUCLUK3777,UCL-UK/UCLStrokeData,41043,0.0028425655976676385,-0.9816777526009307,right,5136,0.001749271137026239,-0.9816978193146417,right
sub-STUCLUK3778,UCL-UK/UCLStrokeData,8096,0.0,1.0,left,1012,0.0,1.0,left
sub-STUCLUK3779,UCL-UK/UCLStrokeData,109,0.09166666666666666,-1.0,right,15,0.0,-1.0,right
sub-STUCLUK3780,UCL-UK/UCLStrokeData,29934,0.005382775119617225,0.8787981897989043,left,3745,0.004518872939925572,0.914657799944583,left
sub-STUCLUK3781,UCL-UK/UCLStrokeData,64,0.0,1.0,left,8,0.0,1.0,left
sub-STUCLUK3782,UCL-UK/UCLStrokeData,21576,0.0,-1.0,right,2697,0.0,-1.0,right
sub-STUCLUK3783,UCL-UK/UCLStrokeData,70112,0.0,0.9990867579908675,left,8764,0.0,1.0,left
sub-STUCLUK3784,UCL-UK/UCLStrokeData,36944,0.0,1.0,left,4618,0.0,1.0,left
sub-STUCLUK3785,UCL-UK/UCLStrokeData,296,0.0,-1.0,right,37,0.0,-1.0,right
sub-STUCLUK3786,UCL-UK/UCLStrokeData,9634,0.004752066115702479,0.9750882291882915,left,1207,0.0024793388429752068,0.9751449875724938,left
sub-STUCLUK3787,UCL-UK/UCLStrokeData,11240,0.0,0.9729537366548042,left,1405,0.0,0.9729537366548042,left
sub-STUCLUK3788,UCL-UK/UCLStrokeData,720,0.0,0.9069767441860465,left,90,0.0,1.0,left
sub-STUCLUK3789,UCL-UK/UCLStrokeData,10368,0.0,1.0,left,1296,0.0,1.0,left
sub-STUCLUK3790,UCL-UK/UCLStrokeData,2664,0.0,-0.8918918918918919,right,333,0.0,-0.8918918918918919,right
sub-STUCLUK3791,UCL-UK/UCLStrokeData,3096,0.0,1.0,left,387,0.0,1.0,left
sub-STUCLUK3792,UCL-UK/UCLStrokeData,224,0.0,1.0,left,28,0.0,1.0,left
sub-STUCLUK3793,UCL-UK/UCLStrokeData,4616,0.0,-1.0,right,577,0.0,-1.0,right
sub-STUCLUK3794,UCL-UK/UCLStrokeData,528,0.0,1.0,left,66,0.0,1.0,left
sub-STUCLUK3795,UCL-UK/UCLStrokeData,3504,0.0,1.0,left,438,0.0,1.0,left
sub-STUCLUK3796,UCL-UK/UCLStrokeData,1800,0.0,-1.0,right,225,0.0,-1.0,right
sub-STUCLUK3797,UCL-UK/UCLStrokeData,39904,0.0,1.0,left,4988,0.0,1.0,left
sub-STUCLUK3798,UCL-UK/UCLStrokeData,328,0.0,0.9512195121951219,left,41,0.0,0.9512195121951219,left
sub-STUCLUK3799,UCL-UK/UCLStrokeData,48046,4.1625041625041625e-05,-1.0,right,6006,0.0,-1.0,right
sub-STUCLUK3800,UCL-UK/UCLStrokeData,192,0.0,1.0,left,24,0.0,1.0,left
sub-STUCLUK3801,UCL-UK/UCLStrokeData,12456,0.0,-1.0,right,1557,0.0,-1.0,right
sub-STUCLUK3802,UCL-UK/UCLStrokeData,16056,0.0,-1.0,right,2007,0.0,-1.0,right
sub-STUCLUK3803,UCL-UK/UCLStrokeData,5431,0.0001840942562592047,-0.9974222058552753,right,679,0.0,-0.9970544918998527,right
sub-STUCLUK3804,UCL-UK/UCLStrokeData,120,0.0,-1.0,right,15,0.0,-1.0,right
sub-STUCLUK3805,UCL-UK/UCLStrokeData,2168,0.0,1.0,left,271,0.0,1.0,left
sub-STUCLUK3806,UCL-UK/UCLStrokeData,440,0.0,1.0,left,55,0.0,1.0,left
sub-STUCLUK3807,UCL-UK/UCLStrokeData,8912,0.0,1.0,left,1114,0.0,1.0,left
sub-STUCLUK3808,UCL-UK/UCLStrokeData,640,0.0,-1.0,right,80,0.0,-1.0,right
sub-STUCLUK3809,UCL-UK/UCLStrokeData,536,0.0,-1.0,right,67,0.0,-1.0,right
sub-STUCLUK3810,UCL-UK/UCLStrokeData,1371,0.003633720930232558,0.6290849673202614,left,172,0.0,0.8518518518518519,left
sub-STUCLUK3811,UCL-UK/UCLStrokeData,680,0.0,1.0,left,85,0.0,1.0,left
sub-STUCLUK3812,UCL-UK/UCLStrokeData,15864,0.0,1.0,left,1983,0.0,1.0,left
sub-STUCLUK3813,UCL-UK/UCLStrokeData,368,0.0,1.0,left,46,0.0,1.0,left
sub-STUCLUK3814,UCL-UK/UCLStrokeData,1344,0.0,1.0,left,168,0.0,1.0,left
sub-STUCLUK3815,UCL-UK/UCLStrokeData,936,0.0,1.0,left,117,0.0,1.0,left
sub-STUCLUK3816,UCL-UK/UCLStrokeData,1040,0.0,1.0,left,130,0.0,1.0,left
sub-STUCLUK3817,UCL-UK/UCLStrokeData,128,0.0,-0.25,right,16,0.0,-0.25,right
sub-STUCLUK3818,UCL-UK/UCLStrokeData,504,0.0,-1.0,right,63,0.0,-1.0,right
sub-STUCLUK3819,UCL-UK/UCLStrokeData,13856,0.0,1.0,left,1732,0.0,1.0,left
sub-STUCLUK3820,UCL-UK/UCLStrokeData,2264,0.0,0.9222614840989399,left,283,0.0,0.9222614840989399,left
sub-STUCLUK3821,UCL-UK/UCLStrokeData,88,0.0,1.0,left,11,0.0,1.0,left
sub-STUCLUK3822,UCL-UK/UCLStrokeData,1480,0.0,1.0,left,185,0.0,1.0,left
sub-STUCLUK3823,UCL-UK/UCLStrokeData,11464,0.0,-0.9274249825540823,right,1433,0.0,-0.9274249825540823,right
sub-STUCLUK3824,UCL-UK/UCLStrokeData,1256,0.0,1.0,left,157,0.0,1.0,left
sub-STUCLUK3825,UCL-UK/UCLStrokeData,2920,0.0,-0.4904109589041096,right,365,0.0,-0.4904109589041096,right
sub-STUCLUK3826,UCL-UK/UCLStrokeData,6712,0.0,1.0,left,839,0.0,1.0,left
sub-STUCLUK3827,UCL-UK/UCLStrokeData,320,0.0,1.0,left,40,0.0,1.0,left
sub-STUCLUK3828,UCL-UK/UCLStrokeData,3567,0.0002802690582959641,-1.0,right,446,0.0,-1.0,right
sub-STUCLUK3829,UCL-UK/UCLStrokeData,512,0.0,1.0,left,64,0.0,1.0,left
sub-STUCLUK3830,UCL-UK/UCLStrokeData,4672,0.0,-1.0,right,584,0.0,-1.0,right
sub-STUCLUK3831,UCL-UK/UCLStrokeData,18825,0.010044173327724022,0.9770517928286853,left,2350,0.011358855700462769,0.9770212765957447,left
sub-STUCLUK3832,UCL-UK/UCLStrokeData,7328,0.0010905125408942203,-0.9956331877729258,right,916,0.0010905125408942203,-0.9956331877729258,right
sub-STUCLUK3833,UCL-UK/UCLStrokeData,29564,0.002294816414686825,-1.0,right,3696,0.0021598272138228943,-1.0,right
sub-STUCLUK3834,UCL-UK/UCLStrokeData,456,0.0,1.0,left,57,0.0,1.0,left
sub-STUCLUK3835,UCL-UK/UCLStrokeData,32657,0.00021430320842517756,1.0,left,4082,0.0002449179524859172,1.0,left
sub-STUCLUK3836,UCL-UK/UCLStrokeData,1272,0.0,0.7605633802816901,left,159,0.0,1.0,left
sub-STUCLUK3837,UCL-UK/UCLStrokeData,97770,0.00014317270719136054,1.0,left,12223,0.0,1.0,left
sub-STUCLUK3838,UCL-UK/UCLStrokeData,1680,0.0,1.0,left,210,0.0,1.0,left
sub-STUCLUK3839,UCL-UK/UCLStrokeData,2767,0.000361271676300578,0.33382515676872004,left,346,0.0,0.3614457831325301,left
sub-STUCLUK3840,UCL-UK/UCLStrokeData,1008,0.0,-1.0,right,126,0.0,-1.0,right
sub-STUCLUK3841,UCL-UK/UCLStrokeData,736,0.0,-1.0,right,92,0.0,-1.0,right
sub-STUCLUK3842,UCL-UK/UCLStrokeData,3800,0.0,1.0,left,475,0.0,1.0,left
sub-STUCLUK3843,UCL-UK/UCLStrokeData,1104,0.0,1.0,left,138,0.0,1.0,left
sub-STUCLUK3844,UCL-UK/UCLStrokeData,280,0.0,1.0,left,35,0.0,1.0,left
sub-STUCLUK3845,UCL-UK/UCLStrokeData,49011,0.0014058679706601468,1.0,left,6135,0.0,1.0,left
sub-STUCLUK3846,UCL-UK/UCLStrokeData,37901,0.0007118751318287281,1.0,left,4739,0.0004218519299725796,1.0,left
sub-STUCLUK3847,UCL-UK/UCLStrokeData,29987,0.0004333333333333333,-1.0,right,3750,0.0,-1.0,right
sub-STUCLUK3848,UCL-UK/UCLStrokeData,17264,0.0,1.0,left,2158,0.0,1.0,left
sub-STUCLUK3849,UCL-UK/UCLStrokeData,1024,0.0,1.0,left,128,0.0,1.0,left
sub-STUCLUK3850,UCL-UK/UCLStrokeData,1384,0.0,1.0,left,173,0.0,1.0,left
sub-STUCLUK3851,UCL-UK/UCLStrokeData,2936,0.0,1.0,left,367,0.0,1.0,left
sub-STUCLUK3852,UCL-UK/UCLStrokeData,344,0.0,1.0,left,43,0.0,1.0,left
sub-STUCLUK3853,UCL-UK/UCLStrokeData,2920,0.0,0.9835616438356164,left,365,0.0,0.9835616438356164,left
sub-STUCLUK3854,UCL-UK/UCLStrokeData,4736,0.0,-0.543918918918919,right,592,0.0,-0.543918918918919,right
sub-STUCLUK3855,UCL-UK/UCLStrokeData,312,0.025,1.0,left,40,0.0,1.0,left
sub-STUCLUK3856,UCL-UK/UCLStrokeData,2120,0.0,1.0,left,265,0.0,1.0,left
sub-STUCLUK3857,UCL-UK/UCLStrokeData,1040,0.0,1.0,left,130,0.0,1.0,left
sub-STUCLUK3858,UCL-UK/UCLStrokeData,2085,0.00903041825095057,0.04844124700239808,both,262,0.0038022813688212928,0.05343511450381679,both
sub-STUCLUK3859,UCL-UK/UCLStrokeData,712,0.0,1.0,left,89,0.0,1.0,left
sub-STUCLUK3860,UCL-UK/UCLStrokeData,2088,0.0,1.0,left,261,0.0,1.0,left
sub-STUCLUK3861,UCL-UK/UCLStrokeData,26072,0.0,1.0,left,3259,0.0,1.0,left
sub-STUCLUK3862,UCL-UK/UCLStrokeData,22690,0.00026436376454000703,0.8446892904363156,left,2836,0.00035248501938667606,0.844851904090268,left
sub-STUCLUK3863,UCL-UK/UCLStrokeData,1000,0.0,-1.0,right,125,0.0,-1.0,right
sub-STUCLUK3864,UCL-UK/UCLStrokeData,136,0.0,-1.0,right,17,0.0,-1.0,right
sub-STUCLUK3865,UCL-UK/UCLStrokeData,704,0.0,-1.0,right,88,0.0,-1.0,right
sub-STUCLUK3866,UCL-UK/UCLStrokeData,3992,0.0,1.0,left,499,0.0,1.0,left
sub-STUCLUK3867,UCL-UK/UCLStrokeData,1528,0.0,1.0,left,191,0.0,1.0,left
sub-STUCLUK3868,UCL-UK/UCLStrokeData,2296,0.006920415224913495,1.0,left,289,0.0,1.0,left
sub-STUCLUK3869,UCL-UK/UCLStrokeData,12080,0.0,-0.919205298013245,right,1510,0.0,-0.919205298013245,right
sub-STUCLUK3870,UCL-UK/UCLStrokeData,3784,0.0,-1.0,right,473,0.0,-1.0,right
sub-STUCLUK3871,UCL-UK/UCLStrokeData,328,0.0,-1.0,right,41,0.0,-1.0,right
sub-STUCLUK3872,UCL-UK/UCLStrokeData,688,0.0,1.0,left,86,0.0,1.0,left
sub-STUCLUK3873,UCL-UK/UCLStrokeData,408,0.03773584905660377,1.0,left,51,0.03773584905660377,1.0,left
sub-STUCLUK3874,UCL-UK/UCLStrokeData,14456,0.0,-0.03818483674598783,both,1807,0.0,-0.03818483674598783,both
sub-STUCLUK3875,UCL-UK/UCLStrokeData,72,0.0,-1.0,right,9,0.0,-1.0,right
sub-STUCLUK3876,UCL-UK/UCLStrokeData,280,0.0,-1.0,right,35,0.0,-1.0,right
sub-STUCLUK3877,UCL-UK/UCLStrokeData,1672,0.0,-0.9617224880382775,right,209,0.0,-0.9617224880382775,right
sub-STUCLUK3878,UCL-UK/UCLStrokeData,488,0.0,-1.0,right,61,0.0,-1.0,right
sub-STUCLUK3879,UCL-UK/UCLStrokeData,1120,0.0,1.0,left,140,0.0,1.0,left
sub-STUCLUK3880,UCL-UK/UCLStrokeData,5688,0.0,1.0,left,711,0.0,1.0,left
sub-STUCLUK3881,UCL-UK/UCLStrokeData,10121,0.08852665706051874,0.8755644756648269,left,1281,0.07708933717579251,0.9066022544283414,left
sub-STUCLUK3882,UCL-UK/UCLStrokeData,7054,0.0014156285390713476,0.9599198396793587,left,883,0.0,0.9792147806004619,left
sub-STUCLUK3883,UCL-UK/UCLStrokeData,1656,0.0,-1.0,right,207,0.0,-1.0,right
sub-STUCLUK3884,UCL-UK/UCLStrokeData,8375,0.0020257387988560534,0.9158098463771622,left,1049,0.0,0.9412915851272016,left
sub-STUCLUK3885,UCL-UK/UCLStrokeData,8560,0.0,1.0,left,1070,0.0,1.0,left
sub-STUCLUK3886,UCL-UK/UCLStrokeData,4832,0.0,-1.0,right,604,0.0,-1.0,right
sub-STUCLUK3887,UCL-UK/UCLStrokeData,5632,0.0,1.0,left,704,0.0,1.0,left
sub-STUCLUK3888,UCL-UK/UCLStrokeData,5328,0.0,1.0,left,666,0.0,1.0,left
sub-STUCLUK3889,UCL-UK/UCLStrokeData,128,0.0,-1.0,right,16,0.0,-1.0,right
sub-STUCLUK3890,UCL-UK/UCLStrokeData,168,0.0,-1.0,right,21,0.0,-1.0,right
sub-STUCLUK3891,UCL-UK/UCLStrokeData,15832,0.0,-1.0,right,1979,0.0,-1.0,right
sub-STUCLUK3892,UCL-UK/UCLStrokeData,1928,0.004132231404958678,-1.0,right,241,0.004132231404958678,-1.0,right
sub-STUCLUK3893,UCL-UK/UCLStrokeData,41600,0.0,1.0,left,5200,0.0,1.0,left
sub-STUCLUK3894,UCL-UK/UCLStrokeData,3376,0.0,-1.0,right,422,0.0,-1.0,right
sub-STUCLUK3895,UCL-UK/UCLStrokeData,648,0.0,1.0,left,81,0.0,1.0,left
sub-STUCLUK3896,UCL-UK/UCLStrokeData,3032,0.0,0.9947089947089947,left,379,0.0,1.0,left
sub-STUCLUK3897,UCL-UK/UCLStrokeData,48,0.0,-1.0,right,6,0.0,-1.0,right
sub-STUCLUK3898,UCL-UK/UCLStrokeData,992,0.0,-1.0,right,124,0.0,-1.0,right
sub-STUCLUK3899,UCL-UK/UCLStrokeData,88,0.0,1.0,left,11,0.0,1.0,left
sub-STUCLUK3900,UCL-UK/UCLStrokeData,728,0.0,1.0,left,91,0.0,1.0,left
sub-STUCLUK3901,UCL-UK/UCLStrokeData,1680,0.0,-0.9809523809523809,right,210,0.0,-0.9809523809523809,right
sub-STUCLUK3902,UCL-UK/UCLStrokeData,1712,0.0,1.0,left,214,0.0,1.0,left
sub-STUCLUK3903,UCL-UK/UCLStrokeData,2992,0.0,0.9042407660738714,left,374,0.0,0.9495798319327731,left
sub-STUCLUK3904,UCL-UK/UCLStrokeData,1800,0.0,-1.0,right,225,0.0,-1.0,right
sub-STUCLUK3905,UCL-UK/UCLStrokeData,2040,0.0,1.0,left,255,0.0,1.0,left
sub-STUCLUK3906,UCL-UK/UCLStrokeData,176,0.0,-1.0,right,22,0.0,-1.0,right
sub-STUCLUK3907,UCL-UK/UCLStrokeData,2120,0.0,-1.0,right,265,0.0,-1.0,right
sub-STUCLUK3908,UCL-UK/UCLStrokeData,2448,0.0,0.28104575163398693,left,306,0.0,0.28104575163398693,left
sub-STUCLUK3909,UCL-UK/UCLStrokeData,584,0.0,-1.0,right,73,0.0,-1.0,right
sub-STUCLUK3910,UCL-UK/UCLStrokeData,18204,0.0002196836555360281,0.9200542005420054,left,2276,0.0,0.9749187180678124,left
sub-STUCLUK3911,UCL-UK/UCLStrokeData,34861,0.0003154393209451709,-1.0,right,4358,0.00022941041523285156,-1.0,right
sub-STUCLUK3912,UCL-UK/UCLStrokeData,2888,0.0,-1.0,right,361,0.0,-1.0,right
sub-STUCLUK3913,UCL-UK/UCLStrokeData,608,0.0,1.0,left,76,0.0,1.0,left
sub-STUCLUK3914,UCL-UK/UCLStrokeData,10864,0.0,1.0,left,1358,0.0,1.0,left
sub-STUCLUK3915,UCL-UK/UCLStrokeData,128,0.0,1.0,left,16,0.0,1.0,left
sub-STUCLUK3916,UCL-UK/UCLStrokeData,88632,0.0012620571531596501,-1.0,right,11081,0.0010817632741368431,-1.0,right
sub-STUCLUK3917,UCL-UK/UCLStrokeData,4472,0.0,1.0,left,559,0.0,1.0,left
sub-STUCLUK3918,UCL-UK/UCLStrokeData,1856,0.0,1.0,left,232,0.0,1.0,left
sub-STUCLUK3919,UCL-UK/UCLStrokeData,656,0.0,1.0,left,82,0.0,1.0,left
sub-STUCLUK3920,UCL-UK/UCLStrokeData,7508,0.0015957446808510637,0.8917470525187567,left,938,0.002127659574468085,0.9029126213592233,left
sub-STUCLUK3921,UCL-UK/UCLStrokeData,560,0.0,-1.0,right,70,0.0,-1.0,right
sub-STUCLUK3922,UCL-UK/UCLStrokeData,1632,0.0,1.0,left,204,0.0,1.0,left
sub-STUCLUK3923,UCL-UK/UCLStrokeData,48,0.0,-1.0,right,6,0.0,-1.0,right
sub-STUCLUK3924,UCL-UK/UCLStrokeData,968,0.0,0.5702479338842975,left,121,0.0,0.5702479338842975,left
sub-STUCLUK3925,UCL-UK/UCLStrokeData,56797,0.003001685156579132,-1.0,right,7102,0.0026681645836258952,-1.0,right
sub-STUCLUK3926,UCL-UK/UCLStrokeData,296,0.0,1.0,left,37,0.0,1.0,left
sub-STUCLUK3927,UCL-UK/UCLStrokeData,2184,0.0,0.15018315018315018,both,273,0.0,0.15018315018315018,both
sub-STUCLUK3928,UCL-UK/UCLStrokeData,25338,0.018211407315561066,-1.0,right,3137,0.02758834469931804,-1.0,right
sub-STUCLUK3929,UCL-UK/UCLStrokeData,224,0.0,1.0,left,28,0.0,1.0,left
sub-STUCLUK3930,UCL-UK/UCLStrokeData,4320,0.0,-1.0,right,540,0.0,-1.0,right
sub-STUCLUK3931,UCL-UK/UCLStrokeData,15925,0.00018834756403817178,-1.0,right,1991,0.0,-1.0,right
sub-STUCLUK3932,UCL-UK/UCLStrokeData,296,0.0,1.0,left,37,0.0,1.0,left
sub-STUCLUK3933,UCL-UK/UCLStrokeData,192,0.0,-1.0,right,24,0.0,-1.0,right
sub-STUCLUK3934,UCL-UK/UCLStrokeData,15144,0.0,-0.9841521394611727,right,1893,0.0,-0.9841521394611727,right
sub-STUCLUK3935,UCL-UK/UCLStrokeData,2744,0.0,-1.0,right,343,0.0,-1.0,right
sub-STUCLUK3936,UCL-UK/UCLStrokeData,344,0.0,1.0,left,43,0.0,1.0,left
sub-STUCLUK3937,UCL-UK/UCLStrokeData,8138,0.0017173699705593719,-1.0,right,1016,0.002944062806673209,-1.0,right
sub-STUCLUK3938,UCL-UK/UCLStrokeData,904,0.0,1.0,left,113,0.0,1.0,left
sub-STUCLUK3939,UCL-UK/UCLStrokeData,1856,0.0,1.0,left,232,0.0,1.0,left
sub-STUCLUK3940,UCL-UK/UCLStrokeData,13504,0.0,-1.0,right,1688,0.0,-1.0,right
sub-STUCLUK3941,UCL-UK/UCLStrokeData,352,0.0,-1.0,right,44,0.0,-1.0,right
sub-STUCLUK3942,UCL-UK/UCLStrokeData,688,0.0,1.0,left,86,0.0,1.0,left
sub-STUCLUK3943,UCL-UK/UCLStrokeData,112,0.0,-1.0,right,14,0.0,-1.0,right
sub-STUCLUK3944,UCL-UK/UCLStrokeData,576,0.0,-1.0,right,72,0.0,-1.0,right
sub-STUCLUK3945,UCL-UK/UCLStrokeData,30520,0.0,-1.0,right,3815,0.0,-1.0,right
sub-STUCLUK3946,UCL-UK/UCLStrokeData,1312,0.0,-1.0,right,164,0.0,-1.0,right
sub-STUCLUK3947,UCL-UK/UCLStrokeData,560,0.0,-1.0,right,70,0.0,-1.0,right
sub-STUCLUK3948,UCL-UK/UCLStrokeData,3560,0.0,1.0,left,445,0.0,1.0,left
sub-STUCLUK3949,UCL-UK/UCLStrokeData,6998,0.003701594533029613,-0.9751357530723064,right,876,0.002277904328018223,-0.9726027397260274,right
sub-STUCLUK3950,UCL-UK/UCLStrokeData,664,0.0,0.6626506024096386,left,83,0.0,0.6626506024096386,left
sub-STUCLUK3951,UCL-UK/UCLStrokeData,272,0.0,-1.0,right,34,0.0,-1.0,right
sub-STUCLUK3952,UCL-UK/UCLStrokeData,54053,0.002859356552538371,1.0,left,6765,0.0016233766233766235,1.0,left
sub-STUCLUK3953,UCL-UK/UCLStrokeData,2096,0.0,1.0,left,262,0.0,1.0,left
sub-STUCLUK3954,UCL-UK/UCLStrokeData,8592,0.0,1.0,left,1074,0.0,1.0,left
sub-STUCLUK3955,UCL-UK/UCLStrokeData,72,0.0,1.0,left,9,0.0,1.0,left
sub-STUCLUK3956,UCL-UK/UCLStrokeData,15145,0.001516350210970464,-0.9231025966223884,right,1896,0.0,-0.9223719676549865,right
sub-STUCLUK3957,UCL-UK/UCLStrokeData,1304,0.0,-1.0,right,163,0.0,-1.0,right
sub-STUCLUK3958,UCL-UK/UCLStrokeData,240,0.0,-0.7333333333333333,right,30,0.0,-0.7333333333333333,right
sub-STUCLUK3959,UCL-UK/UCLStrokeData,832,0.0,-1.0,right,104,0.0,-1.0,right
sub-STUCLUK3960,UCL-UK/UCLStrokeData,10496,0.0,-1.0,right,1312,0.0,-1.0,right
sub-STUCLUK3961,UCL-UK/UCLStrokeData,5984,0.0,-1.0,right,748,0.0,-1.0,right
sub-STUCLUK3962,UCL-UK/UCLStrokeData,1840,0.0,1.0,left,230,0.0,1.0,left
sub-STUCLUK3963,UCL-UK/UCLStrokeData,2016,0.0,1.0,left,252,0.0,1.0,left
sub-STUCLUK3964,UCL-UK/UCLStrokeData,2560,0.0,1.0,left,320,0.0,1.0,left
sub-STUCLUK3965,UCL-UK/UCLStrokeData,58374,0.006433823529411764,-0.9677447027537102,right,7301,0.005855119825708061,-0.9673032009891469,right
sub-STUCLUK3966,UCL-UK/UCLStrokeData,54968,0.0,-1.0,right,6871,0.0,-1.0,right
sub-STUCLUK3967,UCL-UK/UCLStrokeData,4416,0.0,-0.9927536231884058,right,552,0.0,-0.9927536231884058,right
sub-STUCLUK3968,UCL-UK/UCLStrokeData,736,0.0,0.717391304347826,left,92,0.0,0.717391304347826,left
sub-STUCLUK3969,UCL-UK/UCLStrokeData,824,0.0,1.0,left,103,0.0,1.0,left
sub-STUCLUK3970,UCL-UK/UCLStrokeData,128,0.0,-1.0,right,16,0.0,-1.0,right
sub-STUCLUK3971,UCL-UK/UCLStrokeData,128,0.0,-1.0,right,16,0.0,-1.0,right
sub-STUCLUK3972,UCL-UK/UCLStrokeData,7961,0.004875,0.9838567284651281,left,991,0.009,0.9918616480162767,left
sub-STUCLUK3973,UCL-UK/UCLStrokeData,192,0.0,-1.0,right,24,0.0,-1.0,right
sub-STUCLUK3974,UCL-UK/UCLStrokeData,1080,0.0,-0.5111111111111111,right,135,0.0,-0.5111111111111111,right
sub-STUCLUK3975,UCL-UK/UCLStrokeData,1240,0.0,-1.0,right,155,0.0,-1.0,right
sub-STUCLUK3976,UCL-UK/UCLStrokeData,1352,0.0,-1.0,right,169,0.0,-1.0,right
sub-STUCLUK3977,UCL-UK/UCLStrokeData,1464,0.0,-1.0,right,183,0.0,-1.0,right
sub-STUCLUK3978,UCL-UK/UCLStrokeData,14440,0.0,-1.0,right,1805,0.0,-1.0,right
sub-STUCLUK3979,UCL-UK/UCLStrokeData,3456,0.0,0.9953596287703016,left,432,0.0,1.0,left
sub-STUCLUK3980,UCL-UK/UCLStrokeData,1136,0.0,-1.0,right,142,0.0,-1.0,right
sub-STUCLUK3981,UCL-UK/UCLStrokeData,464,0.0,1.0,left,58,0.0,1.0,left
sub-STUCLUK3982,UCL-UK/UCLStrokeData,8712,0.0,-1.0,right,1089,0.0,-1.0,right
sub-STUCLUK3983,UCL-UK/UCLStrokeData,1496,0.0,0.9572192513368984,left,187,0.0,0.9572192513368984,left
sub-STUCLUK3984,UCL-UK/UCLStrokeData,1312,0.0,-1.0,right,164,0.0,-1.0,right
sub-STUCLUK3985,UCL-UK/UCLStrokeData,10552,0.0,0.9393479909021987,left,1319,0.0,0.9393479909021987,left
sub-STUCLUK3986,UCL-UK/UCLStrokeData,256,0.0,1.0,left,32,0.0,1.0,left
sub-STUCLUK3987,UCL-UK/UCLStrokeData,512,0.0,1.0,left,64,0.0,1.0,left
sub-STUCLUK3988,UCL-UK/UCLStrokeData,2744,0.0,-0.9008746355685131,right,343,0.0,-0.9008746355685131,right
sub-STUCLUK3989,UCL-UK/UCLStrokeData,2704,0.0,0.9526627218934911,left,338,0.0,0.9526627218934911,left
sub-STUCLUK3990,UCL-UK/UCLStrokeData,280,0.0,-1.0,right,35,0.0,-1.0,right
sub-STUCLUK3991,UCL-UK/UCLStrokeData,544,0.0,-1.0,right,68,0.0,-1.0,right
sub-STUCLUK3992,UCL-UK/UCLStrokeData,1408,0.0,-0.6704545454545454,right,176,0.0,-0.6704545454545454,right
sub-STUCLUK3993,UCL-UK/UCLStrokeData,1256,0.0,0.8711864406779661,left,157,0.0,1.0,left
sub-STUCLUK3994,UCL-UK/UCLStrokeData,1544,0.0,-0.8652849740932642,right,193,0.0,-0.8652849740932642,right
sub-STUCLUK3995,UCL-UK/UCLStrokeData,8768,0.0,-1.0,right,1096,0.0,-1.0,right
sub-STUCLUK3996,UCL-UK/UCLStrokeData,2008,0.0,1.0,left,251,0.0,1.0,left
sub-STUCLUK3997,UCL-UK/UCLStrokeData,2096,0.0,1.0,left,262,0.0,1.0,left
sub-STUCLUK3998,UCL-UK/UCLStrokeData,42115,0.0008777756690074018,-1.0,right,5265,0.0007591573353577528,-1.0,right
sub-STUCLUK3999,UCL-UK/UCLStrokeData,184,0.0,1.0,left,23,0.0,1.0,left
sub-STUCLUK4000,UCL-UK/UCLStrokeData,840,0.0,-1.0,right,105,0.0,-1.0,right
sub-STUCLUK4001,UCL-UK/UCLStrokeData,152,0.0,-1.0,right,19,0.0,-1.0,right
sub-STUCLUK4002,UCL-UK/UCLStrokeData,5592,0.0,-1.0,right,699,0.0,-1.0,right
sub-STUCLUK4003,UCL-UK/UCLStrokeData,11376,0.0,0.8944344703770197,left,1422,0.0,0.9354365370506236,left
sub-STUCLUK4004,UCL-UK/UCLStrokeData,15055,0.002187168610816543,0.9829956824975091,left,1886,0.0,0.9830328738069989,left
sub-STUCLUK4005,UCL-UK/UCLStrokeData,560,0.0,-1.0,right,70,0.0,-1.0,right
sub-STUCLUK4006,UCL-UK/UCLStrokeData,1776,0.0,-1.0,right,222,0.0,-1.0,right
sub-STUCLUK4007,UCL-UK/UCLStrokeData,472,0.0,-1.0,right,59,0.0,-1.0,right
sub-STUCLUK4008,UCL-UK/UCLStrokeData,2992,0.0,1.0,left,374,0.0,1.0,left
sub-STUCLUK4009,UCL-UK/UCLStrokeData,7424,0.0,1.0,left,928,0.0,1.0,left
sub-STUCLUK4010,UCL-UK/UCLStrokeData,6552,0.0,-1.0,right,819,0.0,-1.0,right
sub-STUCLUK4011,UCL-UK/UCLStrokeData,16144,0.0,-1.0,right,2018,0.0,-1.0,right
sub-STUCLUK4012,UCL-UK/UCLStrokeData,8056,0.0,1.0,left,1007,0.0,1.0,left
sub-STUCLUK4013,UCL-UK/UCLStrokeData,320,0.0,-0.25,right,40,0.0,-0.25,right
sub-STUCLUK4014,UCL-UK/UCLStrokeData,4891,0.0010212418300653595,1.0,left,612,0.0,1.0,left
sub-STUCLUK4015,UCL-UK/UCLStrokeData,121976,0.0,0.9965836673017542,left,15247,0.0,1.0,left
sub-STUCLUK4016,UCL-UK/UCLStrokeData,80286,0.0005228562892142217,1.0,left,10036,0.0004979583706802111,1.0,left
sub-STUCLUK4017,UCL-UK/UCLStrokeData,1760,0.0,1.0,left,220,0.0,1.0,left
sub-STUCLUK4018,UCL-UK/UCLStrokeData,208,0.0,1.0,left,26,0.0,1.0,left
sub-STUCLUK4019,UCL-UK/UCLStrokeData,3328,0.0,1.0,left,416,0.0,1.0,left
sub-STUCLUK4020,UCL-UK/UCLStrokeData,13282,0.0016536380036079375,1.0,left,1659,0.0024052916416115455,1.0,left
sub-STUCLUK4021,UCL-UK/UCLStrokeData,25552,0.0,1.0,left,3194,0.0,1.0,left
sub-STUCLUK4022,UCL-UK/UCLStrokeData,576,0.0,-1.0,right,72,0.0,-1.0,right
sub-STUCLUK4023,UCL-UK/UCLStrokeData,1256,0.0,-1.0,right,157,0.0,-1.0,right
sub-STUCLUK4024,UCL-UK/UCLStrokeData,100,0.10714285714285714,0.3684210526315789,left,14,0.0,1.0,left
sub-STUCLUK4025,UCL-UK/UCLStrokeData,736,0.0,-1.0,right,92,0.0,-1.0,right
sub-STUCLUK4026,UCL-UK/UCLStrokeData,784,0.0,1.0,left,98,0.0,1.0,left
sub-STUCLUK4027,UCL-UK/UCLStrokeData,3224,0.0,1.0,left,403,0.0,1.0,left
sub-STUCLUK4028,UCL-UK/UCLStrokeData,6624,0.0,-1.0,right,828,0.0,-1.0,right
sub-STUCLUK4029,UCL-UK/UCLStrokeData,1320,0.0,1.0,left,165,0.0,1.0,left
sub-STUCLUK4030,UCL-UK/UCLStrokeData,22561,0.00031017369727047146,1.0,left,2821,0.0,1.0,left
sub-STUCLUK4031,UCL-UK/UCLStrokeData,8000,0.0,-1.0,right,1000,0.0,-1.0,right
sub-STUCLUK4032,UCL-UK/UCLStrokeData,3864,0.0,0.8922914466737064,left,483,0.0,0.9310344827586207,left
sub-STUCLUK4033,UCL-UK/UCLStrokeData,2528,0.0,1.0,left,316,0.0,1.0,left
sub-STUCLUK4034,UCL-UK/UCLStrokeData,7808,0.0,-1.0,right,976,0.0,-1.0,right
sub-STUCLUK4035,UCL-UK/UCLStrokeData,15896,0.0,0.18268746854554604,both,1987,0.0,0.18268746854554604,both
sub-STUCLUK4036,UCL-UK/UCLStrokeData,872,0.0,0.5339805825242718,left,109,0.0,0.6288659793814433,left
sub-STUCLUK4037,UCL-UK/UCLStrokeData,688,0.0,-1.0,right,86,0.0,-1.0,right
sub-STUCLUK4038,UCL-UK/UCLStrokeData,768,0.0,1.0,left,96,0.0,1.0,left
sub-STUCLUK4039,UCL-UK/UCLStrokeData,533,0.034420289855072464,-1.0,right,69,0.0,-1.0,right
sub-STUCLUK4040,UCL-UK/UCLStrokeData,136,0.0,-1.0,right,17,0.0,-1.0,right
sub-STUCLUK4041,UCL-UK/UCLStrokeData,648,0.0,-1.0,right,81,0.0,-1.0,right
sub-STUCLUK4042,UCL-UK/UCLStrokeData,2520,0.0,-1.0,right,315,0.0,-1.0,right
sub-STUCLUK4043,UCL-UK/UCLStrokeData,8262,0.004098360655737705,0.9931989312606266,left,1034,0.0028929604628736743,1.0,left
sub-STUCLUK4044,UCL-UK/UCLStrokeData,216,0.0,1.0,left,27,0.0,1.0,left
sub-STUCLUK4045,UCL-UK/UCLStrokeData,2723,0.004751461988304093,-1.0,right,341,0.0029239766081871343,-1.0,right
sub-STUCLUK4046,UCL-UK/UCLStrokeData,1472,0.0,1.0,left,184,0.0,1.0,left
sub-STUCLUK4047,UCL-UK/UCLStrokeData,9184,0.0,-0.9407665505226481,right,1148,0.0,-0.9407665505226481,right
sub-STUCLUK4048,UCL-UK/UCLStrokeData,224,0.0,-1.0,right,28,0.0,-1.0,right
sub-STUCLUK4049,UCL-UK/UCLStrokeData,144,0.0,-1.0,right,18,0.0,-1.0,right
sub-STUCLUK4050,UCL-UK/UCLStrokeData,22528,0.0,0.989648402641442,left,2816,0.0,1.0,left
sub-STUCLUK4051,UCL-UK/UCLStrokeData,4455,0.010879218472468916,-1.0,right,558,0.008880994671403197,-1.0,right
sub-STUCLUK4052,UCL-UK/UCLStrokeData,2392,0.0,-1.0,right,299,0.0,-1.0,right
sub-STUCLUK4053,UCL-UK/UCLStrokeData,4616,0.0,-0.9965337954939342,right,577,0.0,-0.9965337954939342,right
sub-STUCLUK4054,UCL-UK/UCLStrokeData,13672,0.0,-1.0,right,1709,0.0,-1.0,right
sub-STUCLUK4055,UCL-UK/UCLStrokeData,7696,0.0,1.0,left,962,0.0,1.0,left
sub-STUCLUK4056,UCL-UK/UCLStrokeData,1760,0.0,-0.9454545454545454,right,220,0.0,-0.9454545454545454,right
sub-STUCLUK4057,UCL-UK/UCLStrokeData,10928,0.0,-1.0,right,1366,0.0,-1.0,right
sub-STUCLUK4058,UCL-UK/UCLStrokeData,744,0.0,1.0,left,93,0.0,1.0,left
sub-STUCLUK4059,UCL-UK/UCLStrokeData,440,0.0,1.0,left,55,0.0,1.0,left
sub-STUCLUK4060,UCL-UK/UCLStrokeData,37152,0.0,1.0,left,4644,0.0,1.0,left
sub-STUCLUK4061,UCL-UK/UCLStrokeData,592,0.0,-0.7297297297297297,right,74,0.0,-0.7297297297297297,right
sub-STUCLUK4062,UCL-UK/UCLStrokeData,1384,0.0,0.9653179190751445,left,173,0.0,0.9653179190751445,left
sub-STUCLUK4063,UCL-UK/UCLStrokeData,608,0.0,-1.0,right,76,0.0,-1.0,right
sub-STUCLUK4064,UCL-UK/UCLStrokeData,1384,0.0,-1.0,right,173,0.0,-1.0,right
sub-STUCLUK4065,UCL-UK/UCLStrokeData,52928,0.0,1.0,left,6616,0.0,1.0,left
sub-STUCLUK4066,UCL-UK/UCLStrokeData,48,0.0,1.0,left,6,0.0,1.0,left
sub-STUCLUK4067,UCL-UK/UCLStrokeData,1216,0.0,1.0,left,152,0.0,1.0,left
sub-STUCLUK4068,UCL-UK/UCLStrokeData,13272,0.0,-1.0,right,1659,0.0,-1.0,right
sub-STUCLUK4069,UCL-UK/UCLStrokeData,19147,0.006486093814860938,1.0,left,2407,0.0008302200083022001,1.0,left
sub-STUCLUK4070,UCL-UK/UCLStrokeData,14600,0.0,1.0,left,1825,0.0,1.0,left
sub-STUCLUK4071,UCL-UK/UCLStrokeData,272,0.0,-1.0,right,34,0.0,-1.0,right
sub-STUCLUK4072,UCL-UK/UCLStrokeData,7912,0.0,1.0,left,989,0.0,1.0,left
sub-STUCLUK4073,UCL-UK/UCLStrokeData,304,0.0,-1.0,right,38,0.0,-1.0,right
sub-STUCLUK4074,UCL-UK/UCLStrokeData,1488,0.0,-1.0,right,186,0.0,-1.0,right
sub-STUCLUK4075,UCL-UK/UCLStrokeData,3408,0.0,0.981042654028436,left,426,0.0,1.0,left
sub-STUCLUK4076,UCL-UK/UCLStrokeData,752,0.0,-1.0,right,94,0.0,-1.0,right
sub-STUCLUK4077,UCL-UK/UCLStrokeData,504,0.0,1.0,left,63,0.0,1.0,left
sub-STUCLUK4078,UCL-UK/UCLStrokeData,392,0.0,-1.0,right,49,0.0,-1.0,right
sub-STUCLUK4079,UCL-UK/UCLStrokeData,392,0.0,0.7011494252873564,left,49,0.0,0.9473684210526315,left
sub-STUCLUK4080,UCL-UK/UCLStrokeData,6984,0.0,1.0,left,873,0.0,1.0,left
sub-STUCLUK4081,UCL-UK/UCLStrokeData,3672,0.0,1.0,left,459,0.0,1.0,left
sub-STUCLUK4082,UCL-UK/UCLStrokeData,21360,0.0,-0.8913373860182371,right,2670,0.0,-0.889745566692367,right
sub-STUCLUK4083,UCL-UK/UCLStrokeData,280,0.0,-1.0,right,35,0.0,-1.0,right
sub-STUCLUK4084,UCL-UK/UCLStrokeData,1232,0.0,-1.0,right,154,0.0,-1.0,right
sub-STUCLUK4085,UCL-UK/UCLStrokeData,192,0.0,1.0,left,24,0.0,1.0,left
sub-STUCLUK4086,UCL-UK/UCLStrokeData,1200,0.0,-1.0,right,150,0.0,-1.0,right
sub-STUCLUK4087,UCL-UK/UCLStrokeData,29445,0.0009161237785016286,-1.0,right,3680,0.0010857763300760044,-1.0,right
sub-STUCLUK4088,UCL-UK/UCLStrokeData,14496,0.0,1.0,left,1812,0.0,1.0,left
sub-STUCLUK4089,UCL-UK/UCLStrokeData,167866,0.0010354677457748156,-1.0,right,20983,0.0010473696738871696,-1.0,right
sub-STUCLUK4090,UCL-UK/UCLStrokeData,2976,0.0,0.8751733703190014,left,372,0.0,0.9369627507163324,left
sub-STUCLUK4091,UCL-UK/UCLStrokeData,1152,0.0,0.5694444444444444,left,144,0.0,0.5694444444444444,left
sub-STUCLUK4092,UCL-UK/UCLStrokeData,1096,0.0,-1.0,right,137,0.0,-1.0,right
sub-STUCLUK4093,UCL-UK/UCLStrokeData,776,0.0,1.0,left,97,0.0,1.0,left
sub-STUCLUK4094,UCL-UK/UCLStrokeData,1432,0.0,0.7988826815642458,left,179,0.0,0.7988826815642458,left
sub-STUCLUK4095,UCL-UK/UCLStrokeData,576,0.0,0.8507462686567164,left,72,0.0,1.0,left
sub-STUCLUK4096,UCL-UK/UCLStrokeData,2680,0.0,1.0,left,335,0.0,1.0,left
sub-STUCLUK4097,UCL-UK/UCLStrokeData,4560,0.0,0.4280701754385965,left,570,0.0,0.4280701754385965,left
sub-STUCLUK4098,UCL-UK/UCLStrokeData,1416,0.0,-1.0,right,177,0.0,-1.0,right
sub-STUCLUK4099,UCL-UK/UCLStrokeData,1168,0.0,-1.0,right,146,0.0,-1.0,right
sub-STUCLUK4100,UCL-UK/UCLStrokeData,12233,0.0018766318537859008,0.9280634349709801,left,1532,0.0,0.9281984334203656,left
sub-STUCLUK4101,UCL-UK/UCLStrokeData,8680,0.0,-1.0,right,1085,0.0,-1.0,right
sub-STUCLUK4102,UCL-UK/UCLStrokeData,1424,0.0,-0.8764044943820225,right,178,0.0,-0.8764044943820225,right
sub-STUCLUK4103,UCL-UK/UCLStrokeData,1768,0.0,1.0,left,221,0.0,1.0,left
sub-STUCLUK4104,UCL-UK/UCLStrokeData,26744,0.0,-1.0,right,3343,0.0,-1.0,right
sub-STUCLUK4105,UCL-UK/UCLStrokeData,10856,0.0,1.0,left,1357,0.0,1.0,left
sub-STUCLUK4106,UCL-UK/UCLStrokeData,28336,0.0,1.0,left,3542,0.0,1.0,left
sub-STUCLUK4107,UCL-UK/UCLStrokeData,2832,0.0,0.7777777777777778,left,354,0.0,0.8171091445427728,left
sub-STUCLUK4108,UCL-UK/UCLStrokeData,21490,0.00803175775480059,0.932744371615845,left,2700,0.0029542097488921715,0.9737553068313393,left
sub-STUCLUK4109,UCL-UK/UCLStrokeData,7936,0.0,-1.0,right,992,0.0,-1.0,right
sub-STUCLUK4110,UCL-UK/UCLStrokeData,9512,0.0,-0.9478553406223718,right,1189,0.0,-0.9478553406223718,right
sub-STUCLUK4111,UCL-UK/UCLStrokeData,2184,0.0,1.0,left,273,0.0,1.0,left
sub-STUCLUK4112,UCL-UK/UCLStrokeData,41087,0.00021899941600155733,0.8786832696338306,left,5137,0.0,0.9036770583533174,left
sub-STUCLUK4113,UCL-UK/UCLStrokeData,856,0.0,0.9619047619047619,left,107,0.0,1.0,left
sub-STUCLUK4114,UCL-UK/UCLStrokeData,1112,0.0,-1.0,right,139,0.0,-1.0,right
sub-STUCLUK4115,UCL-UK/UCLStrokeData,3168,0.0,-1.0,right,396,0.0,-1.0,right
sub-STUCLUK4116,UCL-UK/UCLStrokeData,18489,0.00037846020761245675,0.9730332191594628,left,2312,0.0,0.9833916083916084,left
sub-STUCLUK4117,UCL-UK/UCLStrokeData,2574,0.01303680981595092,1.0,left,326,0.0,1.0,left
sub-STUCLUK4118,UCL-UK/UCLStrokeData,103599,0.00024125685169458811,-1.0,right,12951,0.0001544043850845364,-1.0,right
sub-STUCLUK4119,UCL-UK/UCLStrokeData,1688,0.0,1.0,left,211,0.0,1.0,left
sub-STUKE0058,UKE/WAKEUP_acute,3162,0.0,-1.0,right,378,0.0,-1.0,right
sub-STUKE0059,UKE/WAKEUP_acute,1968,0.0,1.0,left,250,0.0,1.0,left
sub-STUKE0060,UKE/WAKEUP_acute,1178,0.0,1.0,left,155,0.0,1.0,left
sub-STUKE0061,UKE/WAKEUP_acute,883,0.0,-1.0,right,116,0.0,-1.0,right
sub-STUKE0062,UKE/WAKEUP_acute,2588,0.0,1.0,left,318,0.0,1.0,left
sub-STUKE0063,UKE/WAKEUP_acute,30778,0.0014275517487508922,-1.0,right,3823,0.0013061650992685476,-1.0,right
sub-STUKE0064,UKE/WAKEUP_acute,7013,0.009323350755756462,1.0,left,850,0.015063731170336037,1.0,left
sub-STUKE0065,UKE/WAKEUP_acute,838,0.0071090047393364926,1.0,left,90,0.0,1.0,left
sub-STUKE0066,UKE/WAKEUP_acute,6183,0.0,1.0,left,762,0.0,1.0,left
sub-STUKE0067,UKE/WAKEUP_acute,36007,0.02345953569103927,-1.0,right,4540,0.022183932802067628,-1.0,right
sub-STUKE0068,UKE/WAKEUP_acute,1166,0.0,1.0,left,153,0.0,1.0,left
sub-STUKE0069,UKE/WAKEUP_acute,478,0.0,-1.0,right,73,0.0,-1.0,right
sub-STUKE0070,UKE/WAKEUP_acute,60482,0.0002314202591906903,-1.0,right,7543,0.0001325556733828208,-1.0,right
sub-STUKE0071,UKE/WAKEUP_acute,1290,0.0,1.0,left,159,0.0,1.0,left
sub-STUKE0072,UKE/WAKEUP_acute,396,0.0,1.0,left,53,0.0,1.0,left
sub-STUKE0073,UKE/WAKEUP_acute,1337,0.0,-1.0,right,177,0.0,-1.0,right
sub-STUKE0074,UKE/WAKEUP_acute,2491,0.0,1.0,left,311,0.0,1.0,left
sub-STUKE0075,UKE/WAKEUP_acute,46,0.0,1.0,left,5,0.0,1.0,left
sub-STUKE0076,UKE/WAKEUP_acute,45287,0.021625475285171104,1.0,left,5682,0.02152574479076976,1.0,left
sub-STUKE0077,UKE/WAKEUP_acute,285,0.0,-1.0,right,38,0.0,-1.0,right
sub-STUKE0078,UKE/WAKEUP_acute,1330,0.0,1.0,left,162,0.0,1.0,left
sub-STUKE0080,UKE/WAKEUP_acute,53706,0.0005024845067277093,1.0,left,6726,0.00044583147570218456,1.0,left
sub-STUKE0081,UKE/WAKEUP_acute,5922,0.0,1.0,left,753,0.0,1.0,left
sub-STUKE0082,UKE/WAKEUP_acute,794,0.0,1.0,left,103,0.0,1.0,left
sub-STUKE0083,UKE/WAKEUP_acute,4885,0.0,-1.0,right,614,0.0,-1.0,right
sub-STUKE0084,UKE/WAKEUP_acute,33153,0.006949228695521941,1.0,left,4131,0.007209805335255948,1.0,left
sub-STUKE0085,UKE/WAKEUP_acute,129,0.0,1.0,left,15,0.0,1.0,left
sub-STUKE0086,UKE/WAKEUP_acute,6320,0.0036260444584581427,1.0,left,814,0.0036719706242350062,1.0,left
sub-STUKE0087,UKE/WAKEUP_acute,913,0.0,1.0,left,111,0.0,1.0,left
sub-STUKE0088,UKE/WAKEUP_acute,932,0.0,1.0,left,118,0.0,1.0,left
sub-STUKE0089,UKE/WAKEUP_acute,1088,0.017163504968383016,-1.0,right,149,0.019736842105263157,-1.0,right
sub-STUKE0090,UKE/WAKEUP_acute,3056,0.0,-1.0,right,375,0.0,-1.0,right
sub-STUKE0091,UKE/WAKEUP_acute,2698,0.00881704628949302,0.8243143068939955,left,353,0.016713091922005572,0.830028328611898,left
sub-STUKE0092,UKE/WAKEUP_acute,39146,0.004577124548644663,1.0,left,4920,0.0048543689320388345,1.0,left
sub-STUKE0093,UKE/WAKEUP_acute,332,0.0,1.0,left,44,0.0,1.0,left
sub-STUKE0094,UKE/WAKEUP_acute,3842,0.0,-1.0,right,486,0.0,-1.0,right
sub-STUKE0095,UKE/WAKEUP_acute,2597,0.0,1.0,left,317,0.0,1.0,left
sub-STUKE0096,UKE/WAKEUP_acute,13784,0.0,-1.0,right,1684,0.0,-1.0,right
sub-STUKE0098,UKE/WAKEUP_acute,382,0.0,1.0,left,51,0.0,1.0,left
sub-STUKE0099,UKE/WAKEUP_acute,7126,0.0,1.0,left,903,0.0,1.0,left
sub-STUKE0100,UKE/WAKEUP_acute,395,0.0,1.0,left,55,0.0,1.0,left
sub-STUKE0101,UKE/WAKEUP_acute,6737,0.0,-1.0,right,841,0.0,-1.0,right
sub-STUKE0102,UKE/WAKEUP_acute,6429,0.0,-1.0,right,809,0.0,-1.0,right
sub-STUKE0103,UKE/WAKEUP_acute,1811,0.0,-1.0,right,217,0.0,-1.0,right
sub-STUKE0104,UKE/WAKEUP_acute,405,0.0024630541871921183,-1.0,right,63,0.0,-1.0,right
sub-STUKE0105,UKE/WAKEUP_acute,106,0.0,-1.0,right,16,0.0,-1.0,right
sub-STUKE0106,UKE/WAKEUP_acute,781,0.0,1.0,left,108,0.0,1.0,left
sub-STUKE0107,UKE/WAKEUP_acute,107595,0.0034916459822917053,1.0,left,13500,0.0029542097488921715,1.0,left
sub-STUKE0108,UKE/WAKEUP_acute,8038,0.0,-1.0,right,1005,0.0,-1.0,right
sub-STUKE0110,UKE/WAKEUP_acute,17,0.0,-1.0,right,1,0.0,-1.0,right
sub-STUKE0111,UKE/WAKEUP_acute,1597,0.0,1.0,left,201,0.0,1.0,left
sub-STUKE0112,UKE/WAKEUP_acute,41282,0.0007019922054658566,-1.0,right,5150,0.00038819875776397513,-1.0,right
sub-STUKE0113,UKE/WAKEUP_acute,818,0.0,1.0,left,99,0.0,1.0,left
sub-STUKE0115,UKE/WAKEUP_acute,415,0.05895691609977324,1.0,left,56,0.1111111111111111,1.0,left
sub-STUKE0116,UKE/WAKEUP_acute,36353,0.0017848316766434181,1.0,left,4522,0.0015455950540958269,1.0,left
sub-STUKE0117,UKE/WAKEUP_acute,3434,0.0,-1.0,right,441,0.0,-1.0,right
sub-STUKE0118,UKE/WAKEUP_acute,2990,0.0,-1.0,right,385,0.0,-1.0,right
sub-STUKE0119,UKE/WAKEUP_acute,85,0.0,1.0,left,10,0.0,1.0,left
sub-STUKE0121,UKE/WAKEUP_acute,23173,0.004938165578838887,1.0,left,2902,0.0037761757638173706,1.0,left
sub-STUKE0122,UKE/WAKEUP_acute,1280,0.0,-1.0,right,167,0.0,-1.0,right
sub-STUKE0123,UKE/WAKEUP_acute,155,0.0,-1.0,right,18,0.0,-1.0,right
sub-STUKE0124,UKE/WAKEUP_acute,2147,0.0,1.0,left,269,0.0,1.0,left
sub-STUKE0125,UKE/WAKEUP_acute,360,0.0,1.0,left,43,0.0,1.0,left
sub-STUKE0126,UKE/WAKEUP_acute,4784,0.0,1.0,left,618,0.0,1.0,left
sub-STUKE0127,UKE/WAKEUP_acute,755,0.0,1.0,left,101,0.0,1.0,left
sub-STUKE0128,UKE/WAKEUP_acute,1081,0.0,-1.0,right,125,0.0,-1.0,right
sub-STUKE0129,UKE/WAKEUP_acute,4048,0.001233654083395016,1.0,left,503,0.001984126984126984,1.0,left
sub-STUKE0130,UKE/WAKEUP_acute,9351,0.0,-1.0,right,1182,0.0,-1.0,right
sub-STUKE0132,UKE/WAKEUP_acute,101,0.0,-1.0,right,12,0.0,-1.0,right
sub-STUKE0133,UKE/WAKEUP_acute,1315,0.0,1.0,left,177,0.0,1.0,left
sub-STUKE0134,UKE/WAKEUP_acute,858,0.0,-0.3356643356643357,right,108,0.0,-0.35185185185185186,right
sub-STUKE0135,UKE/WAKEUP_acute,1333,0.0,1.0,left,162,0.0,1.0,left
sub-STUKE0136,UKE/WAKEUP_acute,926,0.0,1.0,left,120,0.0,1.0,left
sub-STUKE0137,UKE/WAKEUP_acute,251,0.0,-1.0,right,39,0.0,-1.0,right
sub-STUKE0139,UKE/WAKEUP_acute,61,0.0,1.0,left,8,0.0,1.0,left
sub-STUKE0140,UKE/WAKEUP_acute,22984,0.0026037146328762367,1.0,left,2871,0.0010438413361169101,1.0,left
sub-STUKE0141,UKE/WAKEUP_acute,4587,0.0,-1.0,right,584,0.0,-1.0,right
sub-STUKE0142,UKE/WAKEUP_acute,1965,0.0,1.0,left,252,0.0,1.0,left
sub-STUKE0144,UKE/WAKEUP_acute,1972,0.0,1.0,left,244,0.0,1.0,left
sub-STUKE0145,UKE/WAKEUP_acute,7916,0.0012616704516780217,-1.0,right,967,0.0020639834881320948,-1.0,right
sub-STUKE0146,UKE/WAKEUP_acute,8,0.5,1.0,left,0,,,
sub-STUKE0147,UKE/WAKEUP_acute,7177,0.0,-1.0,right,942,0.0,-1.0,right
sub-STUKE0148,UKE/WAKEUP_acute,1066,0.0,1.0,left,134,0.0,1.0,left
sub-STUKE0149,UKE/WAKEUP_acute,1267,0.0,1.0,left,164,0.0,1.0,left
sub-STUKE0150,UKE/WAKEUP_acute,47446,0.001157870360623987,-1.0,right,5900,0.001015916017609211,-1.0,right
sub-STUKE0151,UKE/WAKEUP_acute,308,0.0,1.0,left,39,0.0,1.0,left
sub-STUKE0152,UKE/WAKEUP_acute,1463,0.0,-1.0,right,168,0.0,-1.0,right
sub-STUKE0154,UKE/WAKEUP_acute,265,0.0,1.0,left,30,0.0,1.0,left
sub-STUKE0155,UKE/WAKEUP_acute,1558,0.0,-1.0,right,199,0.0,-1.0,right
sub-STUKE0156,UKE/WAKEUP_acute,22306,0.005483971643853939,0.9932753519232493,left,2847,0.004893393918210416,0.9943800491745697,left
sub-STUKE0157,UKE/WAKEUP_acute,2343,0.0,1.0,left,286,0.0,1.0,left
sub-STUKE0158,UKE/WAKEUP_acute,7477,0.0,1.0,left,945,0.0,1.0,left
sub-STUKE0159,UKE/WAKEUP_acute,9683,0.0,1.0,left,1180,0.0,1.0,left
sub-STUKE0161,UKE/WAKEUP_acute,8877,0.0006754474839581223,-1.0,right,1119,0.0,-1.0,right
sub-STUKE0162,UKE/WAKEUP_acute,1644,0.0006079027355623101,1.0,left,203,0.004901960784313725,1.0,left
sub-STUKE0164,UKE/WAKEUP_acute,994,0.0,-1.0,right,120,0.0,-1.0,right
sub-STUKE0168,UKE/WAKEUP_acute,134,0.0,1.0,left,12,0.0,1.0,left
sub-STUKE0169,UKE/WAKEUP_acute,1070,0.0,1.0,left,134,0.0,1.0,left
sub-STUKE0175,UKE/WAKEUP_acute,7208,0.0,1.0,left,909,0.0,1.0,left
sub-STUKE0176,UKE/WAKEUP_acute,3407,0.0,1.0,left,423,0.0,1.0,left
sub-STUKE0177,UKE/WAKEUP_acute,2835,0.0,1.0,left,361,0.0,1.0,left
sub-STUKE0178,UKE/WAKEUP_acute,590,0.0,1.0,left,73,0.0,1.0,left
sub-STUKE0179,UKE/WAKEUP_acute,14461,0.005091159270725835,1.0,left,1783,0.006685236768802228,1.0,left
sub-STUKE0181,UKE/WAKEUP_acute,104,0.0,1.0,left,14,0.0,1.0,left
sub-STUKE0182,UKE/WAKEUP_acute,107,0.0,-1.0,right,12,0.0,-1.0,right
sub-STUKE0183,UKE/WAKEUP_acute,1473,0.0,1.0,left,187,0.0,1.0,left
sub-STUKE0184,UKE/WAKEUP_acute,3354,0.0,1.0,left,416,0.0,1.0,left
sub-STUKE0185,UKE/WAKEUP_acute,93,0.0,1.0,left,14,0.0,1.0,left
sub-STUKE0186,UKE/WAKEUP_acute,1752,0.0,-1.0,right,232,0.0,-1.0,right
sub-STUKE0187,UKE/WAKEUP_acute,1451,0.03072812291249165,-1.0,right,173,0.028089887640449437,-1.0,right
sub-STUKE0188,UKE/WAKEUP_acute,11005,0.002718622564567286,1.0,left,1364,0.0029239766081871343,1.0,left
sub-STUKE0189,UKE/WAKEUP_acute,18896,0.2019933274209215,1.0,left,2350,0.1984993178717599,1.0,left
sub-STUKE0190,UKE/WAKEUP_acute,1101,0.0,-1.0,right,145,0.0,-1.0,right
sub-STUKE0191,UKE/WAKEUP_acute,1026,0.0,1.0,left,122,0.0,1.0,left
sub-STUKE0192,UKE/WAKEUP_acute,3117,0.13416666666666666,1.0,left,392,0.1288888888888889,1.0,left
sub-STUKE0193,UKE/WAKEUP_acute,541,0.0,-1.0,right,63,0.0,-1.0,right
sub-STUKE0194,UKE/WAKEUP_acute,405,0.0,1.0,left,52,0.0,1.0,left
sub-STUKE0195,UKE/WAKEUP_acute,1321,0.0,1.0,left,164,0.0,1.0,left
sub-STUKE0196,UKE/WAKEUP_acute,245,0.0,-1.0,right,28,0.0,-1.0,right
sub-STUKE0197,UKE/WAKEUP_acute,514,0.0,-1.0,right,69,0.0,-1.0,right
sub-STUKE0198,UKE/WAKEUP_acute,1109,0.0,1.0,left,132,0.0,1.0,left
sub-STUKE0199,UKE/WAKEUP_acute,1002,0.0,-1.0,right,120,0.0,-1.0,right
sub-STUKE0200,UKE/WAKEUP_acute,6936,0.0,-1.0,right,879,0.0,-1.0,right
sub-STUKE0201,UKE/WAKEUP_acute,3,0.0,-1.0,right,0,,,
sub-STUKE0202,UKE/WAKEUP_acute,31,0.0,1.0,left,2,0.0,1.0,left
sub-STUKE0203,UKE/WAKEUP_acute,57,0.0,1.0,left,5,0.0,1.0,left
sub-STUKE0204,UKE/WAKEUP_acute,644,0.05433186490455213,1.0,left,78,0.08235294117647059,1.0,left
sub-STUKE0205,UKE/WAKEUP_acute,3255,0.00122737035900583,-1.0,right,415,0.0,-1.0,right
sub-STUKE0206,UKE/WAKEUP_acute,1483,0.0,-1.0,right,183,0.0,-1.0,right
sub-STUKE0208,UKE/WAKEUP_acute,1211,0.0,1.0,left,154,0.0,1.0,left
sub-STUKE0209,UKE/WAKEUP_acute,1205,0.0,1.0,left,156,0.0,1.0,left
sub-STUKE0210,UKE/WAKEUP_acute,2196,0.0,-1.0,right,267,0.0,-1.0,right
sub-STUKE0211,UKE/WAKEUP_acute,1311,0.004555808656036446,0.6823438704703161,left,169,0.0058823529411764705,0.7818181818181819,left
sub-STUKE0212,UKE/WAKEUP_acute,8551,0.02162471395881007,1.0,left,1056,0.02312673450508788,1.0,left
sub-STUKE0214,UKE/WAKEUP_acute,5190,0.0,1.0,left,670,0.0,1.0,left
sub-STUKE0215,UKE/WAKEUP_acute,28197,0.010041077133728891,1.0,left,3551,0.010036241984945637,1.0,left
sub-STUKE0217,UKE/WAKEUP_acute,53,0.0,-1.0,right,4,0.0,-1.0,right
sub-STUKE0218,UKE/WAKEUP_acute,4510,0.0048543689320388345,1.0,left,574,0.0,1.0,left
sub-STUKE0219,UKE/WAKEUP_acute,20300,0.0030938466827088347,1.0,left,2542,0.003137254901960784,1.0,left
sub-STUKE0220,UKE/WAKEUP_acute,38664,0.0661771809487006,-0.9965320910973084,right,4819,0.06554198177234827,-0.995846313603323,right
sub-STUKE0222,UKE/WAKEUP_acute,111,0.0,1.0,left,14,0.0,1.0,left
sub-STUKE0223,UKE/WAKEUP_acute,6008,0.0,-1.0,right,760,0.0,-1.0,right
sub-STUKE0225,UKE/WAKEUP_acute,5317,0.0,1.0,left,654,0.0,1.0,left
sub-STUKE0226,UKE/WAKEUP_acute,416,0.0,-1.0,right,49,0.0,-1.0,right
sub-STUKE0227,UKE/WAKEUP_acute,250,0.0,1.0,left,33,0.0,1.0,left
sub-STUKE0228,UKE/WAKEUP_acute,1168,0.0,-1.0,right,150,0.0,-1.0,right
sub-STUKE0229,UKE/WAKEUP_acute,2825,0.0,-1.0,right,343,0.0,-1.0,right
sub-STUKE0230,UKE/WAKEUP_acute,21367,0.0,1.0,left,2667,0.0,1.0,left
sub-STUKE0231,UKE/WAKEUP_acute,16581,0.0,-1.0,right,2094,0.0,-1.0,right
sub-STUKE0232,UKE/WAKEUP_acute,3737,0.0005349023803155924,-1.0,right,484,0.002061855670103093,-1.0,right
sub-STUKE0233,UKE/WAKEUP_acute,50383,0.01075965521980719,1.0,left,6266,0.012450748620961388,1.0,left
sub-STUKE0234,UKE/WAKEUP_acute,8033,0.0,1.0,left,1013,0.0,1.0,left
sub-STUKE0235,UKE/WAKEUP_acute,13894,0.006933028375384176,1.0,left,1738,0.0040114613180515755,1.0,left
sub-STUKE0236,UKE/WAKEUP_acute,657,0.0,-1.0,right,76,0.0,-1.0,right
sub-STUKE0237,UKE/WAKEUP_acute,334,0.0,-1.0,right,43,0.0,-1.0,right
sub-STUKE0238,UKE/WAKEUP_acute,123,0.0,-1.0,right,12,0.0,-1.0,right
sub-STUKE0239,UKE/WAKEUP_acute,1437,0.0,-1.0,right,183,0.0,-1.0,right
sub-STUKE0240,UKE/WAKEUP_acute,83,0.0,1.0,left,6,0.0,1.0,left
sub-STUKE0241,UKE/WAKEUP_acute,8227,0.0,1.0,left,1042,0.0,1.0,left
sub-STUKE0242,UKE/WAKEUP_acute,5466,0.0,-1.0,right,666,0.0,-1.0,right
sub-STUKE0243,UKE/WAKEUP_acute,3420,0.0,-1.0,right,423,0.0,-1.0,right
sub-STUKE0244,UKE/WAKEUP_acute,8879,0.0,-0.9831062056537898,right,1105,0.0,-0.9855203619909503,right
sub-STUKE0245,UKE/WAKEUP_acute,1102,0.0,1.0,left,137,0.0,1.0,left
sub-STUKE0246,UKE/WAKEUP_acute,905,0.0,1.0,left,118,0.0,1.0,left
sub-STUKE0247,UKE/WAKEUP_acute,712,0.0,1.0,left,90,0.0,1.0,left
sub-STUKE0248,UKE/WAKEUP_acute,8700,0.0,1.0,left,1087,0.0,1.0,left
sub-STUKE0249,UKE/WAKEUP_acute,18865,0.026222061632168482,-0.9974425915072727,right,2356,0.030452674897119343,-1.0,right
sub-STUKE0250,UKE/WAKEUP_acute,140,0.0,-1.0,right,15,0.0,-1.0,right
sub-STUKE0251,UKE/WAKEUP_acute,523,0.0,-1.0,right,59,0.0,-1.0,right
sub-STUKE0253,UKE/WAKEUP_acute,1600,0.0,1.0,left,191,0.0,1.0,left
sub-STUKE0254,UKE/WAKEUP_acute,312,0.0,-1.0,right,47,0.0,-1.0,right
sub-STUKE0255,UKE/WAKEUP_acute,164,0.0,-1.0,right,24,0.0,-1.0,right
sub-STUKE0256,UKE/WAKEUP_acute,495,0.0,1.0,left,62,0.0,1.0,left
sub-STUKE0257,UKE/WAKEUP_acute,3635,0.0,1.0,left,419,0.0,1.0,left
sub-STUKE0259,UKE/WAKEUP_acute,1482,0.0,1.0,left,178,0.0,1.0,left
sub-STUKE0260,UKE/WAKEUP_acute,3956,0.0,-1.0,right,507,0.0,-1.0,right
sub-STUKE0261,UKE/WAKEUP_acute,439,0.0,-0.7840616966580977,right,54,0.0,-0.8604651162790697,right
sub-STUKE0262,UKE/WAKEUP_acute,204,0.0,1.0,left,31,0.0,1.0,left
sub-STUKE0263,UKE/WAKEUP_acute,906,0.0,1.0,left,123,0.0,1.0,left
sub-STUKE0264,UKE/WAKEUP_acute,186,0.0,0.11827956989247312,both,26,0.0,0.0,both
sub-STUKE0265,UKE/WAKEUP_acute,26303,0.0,-1.0,right,3214,0.0,-1.0,right
sub-STUKE0266,UKE/WAKEUP_acute,537,0.0,0.9848771266540642,left,75,0.0,1.0,left
sub-STUKE0267,UKE/WAKEUP_acute,2350,0.0,1.0,left,288,0.0,1.0,left
sub-STUKE0268,UKE/WAKEUP_acute,23,0.0,1.0,left,2,0.0,1.0,left
sub-STUKE0269,UKE/WAKEUP_acute,999,0.0,-1.0,right,122,0.0,-1.0,right
sub-STUKE0270,UKE/WAKEUP_acute,575,0.0,-1.0,right,71,0.0,-1.0,right
sub-STUKE0271,UKE/WAKEUP_acute,3611,0.020878524945770065,1.0,left,457,0.035864978902953586,1.0,left
sub-STUKE0272,UKE/WAKEUP_acute,582,0.0,-1.0,right,78,0.0,-1.0,right
sub-STUKE0273,UKE/WAKEUP_acute,1557,0.0,-0.9933818663136995,right,194,0.0,-1.0,right
sub-STUKE0274,UKE/WAKEUP_acute,1906,0.0,1.0,left,252,0.0,1.0,left
sub-STUKE0275,UKE/WAKEUP_acute,31,0.0,1.0,left,3,0.0,1.0,left
sub-STUKE0276,UKE/WAKEUP_acute,10291,0.0,-1.0,right,1271,0.0,-1.0,right
sub-STUKE0277,UKE/WAKEUP_acute,888,0.0,1.0,left,111,0.0,1.0,left
sub-STUKE0278,UKE/WAKEUP_acute,472,0.0,1.0,left,61,0.0,1.0,left
sub-STUKE0279,UKE/WAKEUP_acute,15730,0.00031776294884016526,1.0,left,1944,0.0,1.0,left
sub-STUKE0280,UKE/WAKEUP_acute,1508,0.0,1.0,left,184,0.0,1.0,left
sub-STUKE0281,UKE/WAKEUP_acute,1588,0.0,1.0,left,194,0.0,1.0,left
sub-STUKE0282,UKE/WAKEUP_acute,3173,0.0018873859704309531,1.0,left,399,0.0,1.0,left
sub-STUKE0283,UKE/WAKEUP_acute,4646,0.0,1.0,left,575,0.0,1.0,left
sub-STUKE0284,UKE/WAKEUP_acute,743,0.0,-1.0,right,97,0.0,-1.0,right
sub-STUKE0286,UKE/WAKEUP_acute,31427,0.0347380060200258,1.0,left,3940,0.03431372549019608,1.0,left
sub-STUKE0287,UKE/WAKEUP_acute,1015,0.0,-1.0,right,138,0.0,-1.0,right
sub-STUKE0288,UKE/WAKEUP_acute,94,0.0,1.0,left,12,0.0,1.0,left
sub-STUKE0289,UKE/WAKEUP_acute,417,0.0,-1.0,right,53,0.0,-1.0,right
sub-STUKE0290,UKE/WAKEUP_acute,1863,0.013763896241397565,-1.0,right,238,0.0041841004184100415,-1.0,right
sub-STUKE0291,UKE/WAKEUP_acute,1270,0.0,1.0,left,157,0.0,1.0,left
sub-STUKE0292,UKE/WAKEUP_acute,162,0.0,-1.0,right,23,0.0,-1.0,right
sub-STUKE0293,UKE/WAKEUP_acute,539,0.0,-1.0,right,74,0.0,-1.0,right
sub-STUKE0294,UKE/WAKEUP_acute,1879,0.0,1.0,left,232,0.0,1.0,left
sub-STUKE0295,UKE/WAKEUP_acute,742,0.0,1.0,left,90,0.0,1.0,left
sub-STUKE0296,UKE/WAKEUP_acute,198,0.0,-1.0,right,23,0.0,-1.0,right
sub-STUKE0297,UKE/WAKEUP_acute,417,0.0,-0.271356783919598,right,50,0.0,-0.2727272727272727,right
sub-STUKE0298,UKE/WAKEUP_acute,29897,0.0003343698799612131,-1.0,right,3714,0.0010758472296933835,-1.0,right
sub-STUKE0299,UKE/WAKEUP_acute,640,0.0,-1.0,right,81,0.0,-1.0,right
sub-STUKE0300,UKE/WAKEUP_acute,698,0.0,1.0,left,99,0.0,1.0,left
sub-STUKE0301,UKE/WAKEUP_acute,11736,0.0,-1.0,right,1469,0.0,-1.0,right
sub-STUKE0302,UKE/WAKEUP_acute,1968,0.0,-1.0,right,250,0.0,-1.0,right
sub-STUKE0303,UKE/WAKEUP_acute,1700,0.002347417840375587,-1.0,right,216,0.009174311926605505,-1.0,right
sub-STUKE0304,UKE/WAKEUP_acute,580,0.0,1.0,left,77,0.0,1.0,left
sub-STUKE0305,UKE/WAKEUP_acute,4943,0.008027292795504716,-1.0,right,588,0.008431703204047217,-1.0,right
sub-STUKE0306,UKE/WAKEUP_acute,20442,0.03593661573288059,1.0,left,2580,0.03803131991051454,1.0,left
sub-STUKE0307,UKE/WAKEUP_acute,1271,0.0,-1.0,right,147,0.0,-1.0,right
sub-STUKE0308,UKE/WAKEUP_acute,26790,0.05814934608353255,-1.0,right,3309,0.05645851154833191,-1.0,right
sub-STUKE0309,UKE/WAKEUP_acute,23,0.0,-1.0,right,3,0.0,-1.0,right
sub-STUKE0310,UKE/WAKEUP_acute,1372,0.012239020878329733,-1.0,right,164,0.017964071856287425,-1.0,right
sub-STUKE0311,UKE/WAKEUP_acute,2032,0.0,-1.0,right,259,0.0,-1.0,right
sub-STUKE0312,UKE/WAKEUP_acute,618,0.0,1.0,left,75,0.0,1.0,left
sub-STUKE0313,UKE/WAKEUP_acute,409,0.0,-1.0,right,60,0.0,-1.0,right
sub-STUKE0314,UKE/WAKEUP_acute,209,0.0,1.0,left,33,0.0,1.0,left
sub-STUKE0315,UKE/WAKEUP_acute,81,0.0,1.0,left,9,0.0,1.0,left
sub-STUKE0316,UKE/WAKEUP_acute,173,0.0,-1.0,right,20,0.0,-1.0,right
sub-STUKE0317,UKE/WAKEUP_acute,15452,0.0008406078241189783,1.0,left,1930,0.0010351966873706005,1.0,left
sub-STUKE0318,UKE/WAKEUP_acute,16,0.0,1.0,left,2,0.0,1.0,left
sub-STUKE0319,UKE/WAKEUP_acute,1164,0.0,1.0,left,149,0.0,1.0,left
sub-STUKE0320,UKE/WAKEUP_acute,41,0.0,1.0,left,3,0.0,1.0,left
sub-STUKE0321,UKE/WAKEUP_acute,21,0.36363636363636365,-1.0,right,6,0.0,-1.0,right
sub-STUKE0323,UKE/WAKEUP_acute,2106,0.0,-1.0,right,272,0.0,-1.0,right
sub-STUKE0324,UKE/WAKEUP_acute,933,0.0,1.0,left,116,0.0,1.0,left
sub-STUKE0325,UKE/WAKEUP_acute,151,0.0,-1.0,right,18,0.0,-1.0,right
sub-STUKE0326,UKE/WAKEUP_acute,600,0.0033222591362126247,1.0,left,77,0.0,1.0,left
sub-STUKE0327,UKE/WAKEUP_acute,641,0.0,1.0,left,65,0.0,1.0,left
sub-STUKE0329,UKE/WAKEUP_acute,149,0.49491525423728816,1.0,left,22,0.47619047619047616,1.0,left
sub-STUKE0331,UKE/WAKEUP_acute,126,0.0,-1.0,right,19,0.0,-1.0,right
sub-STUKE0332,UKE/WAKEUP_acute,565,0.0,1.0,left,69,0.0,1.0,left
sub-STUKE0333,UKE/WAKEUP_acute,3348,0.02047981275599766,0.548984468339307,left,428,0.02727272727272727,0.5420560747663551,left
sub-STUKE0334,UKE/WAKEUP_acute,556,0.0,-1.0,right,73,0.0,-1.0,right
sub-STUKE0335,UKE/WAKEUP_acute,3421,0.010127314814814815,-1.0,right,443,0.006726457399103139,-1.0,right
sub-STUKE0336,UKE/WAKEUP_acute,2649,0.0,1.0,left,320,0.0,1.0,left
sub-STUKE0337,UKE/WAKEUP_acute,89,0.0,1.0,left,8,0.0,1.0,left
sub-STUKE0338,UKE/WAKEUP_acute,115,0.0,1.0,left,18,0.0,1.0,left
sub-STUKE0339,UKE/WAKEUP_acute,176,0.0,-1.0,right,23,0.0,-1.0,right
sub-STUKE0340,UKE/WAKEUP_acute,15,0.0,1.0,left,2,0.0,1.0,left
sub-STUKE0341,UKE/WAKEUP_acute,391,0.0,1.0,left,53,0.0,1.0,left
sub-STUKE0342,UKE/WAKEUP_acute,5112,0.00039108330074305825,-1.0,right,644,0.0,-1.0,right
sub-STUKE0343,UKE/WAKEUP_acute,888,0.0,1.0,left,100,0.0,1.0,left
sub-STUKE0345,UKE/WAKEUP_acute,406,0.0,1.0,left,47,0.0,1.0,left
sub-STUKE0346,UKE/WAKEUP_acute,144,0.0,-1.0,right,17,0.0,-1.0,right
sub-STUKE0347,UKE/WAKEUP_acute,244,0.0,1.0,left,31,0.0,1.0,left
sub-STUKE0348,UKE/WAKEUP_acute,11276,0.0,-1.0,right,1438,0.0,-1.0,right
sub-STUKE0349,UKE/WAKEUP_acute,377,0.0,-0.9150141643059491,right,57,0.0,-1.0,right
sub-STUKE0350,UKE/WAKEUP_acute,671,0.0,1.0,left,85,0.0,1.0,left
sub-STUKE0351,UKE/WAKEUP_acute,91,0.0,-1.0,right,13,0.0,-1.0,right
sub-STUKE0353,UKE/WAKEUP_acute,68,0.0,1.0,left,9,0.0,1.0,left
sub-STUKE0354,UKE/WAKEUP_acute,490,0.0,-1.0,right,61,0.0,-1.0,right
sub-STUKE0355,UKE/WAKEUP_acute,6447,0.0,-0.9122072281681403,right,791,0.0,-0.9165613147914032,right
sub-STUKE0356,UKE/WAKEUP_acute,66,0.0,1.0,left,10,0.0,1.0,left
sub-STUKE0357,UKE/WAKEUP_acute,332,0.0,-1.0,right,43,0.0,-1.0,right
sub-STUKE0358,UKE/WAKEUP_acute,28,0.034482758620689655,1.0,left,4,0.0,1.0,left
sub-STUKE0359,UKE/WAKEUP_acute,2111,0.0,1.0,left,276,0.0,1.0,left
sub-STUKE0360,UKE/WAKEUP_acute,18044,0.000664599025254763,-1.0,right,2251,0.0017738359201773836,-1.0,right
sub-STUKE0361,UKE/WAKEUP_acute,132,0.0,-1.0,right,23,0.0,-1.0,right
sub-STUKE0362,UKE/WAKEUP_acute,754,0.0,1.0,left,89,0.0,1.0,left
sub-STUKE0363,UKE/WAKEUP_acute,418,0.0,1.0,left,58,0.0,1.0,left
sub-STUKE0364,UKE/WAKEUP_acute,1527,0.0,-1.0,right,182,0.0,-1.0,right
sub-STUKE0365,UKE/WAKEUP_acute,1864,0.0,-1.0,right,235,0.0,-1.0,right
sub-STUKE0366,UKE/WAKEUP_acute,15279,0.007212475633528265,1.0,left,1932,0.007704160246533128,1.0,left
sub-STUKE0367,UKE/WAKEUP_acute,5028,0.0,-1.0,right,640,0.0,-1.0,right
sub-STUKE0368,UKE/WAKEUP_acute,17735,5.638249887235002e-05,-1.0,right,2204,0.0,-1.0,right
sub-STUKE0369,UKE/WAKEUP_acute,7683,0.0,-1.0,right,950,0.0,-1.0,right
sub-STUKE0370,UKE/WAKEUP_acute,27518,0.0011615245009074411,-1.0,right,3455,0.0011564035848511131,-1.0,right
sub-STUKE0371,UKE/WAKEUP_acute,467,0.0,1.0,left,55,0.0,1.0,left
sub-STUKE0372,UKE/WAKEUP_acute,36,0.0,-1.0,right,4,0.0,-1.0,right
sub-STUKE0373,UKE/WAKEUP_acute,10192,0.0042985541227041815,1.0,left,1271,0.0007861635220125787,1.0,left
sub-STUKE0374,UKE/WAKEUP_acute,30,0.0,-1.0,right,5,0.0,-1.0,right
sub-STUKE0375,UKE/WAKEUP_acute,32,0.0,1.0,left,6,0.0,1.0,left
sub-STUKE0376,UKE/WAKEUP_acute,21328,0.0,1.0,left,2685,0.0,1.0,left
sub-STUKE0377,UKE/WAKEUP_acute,42203,0.0,-1.0,right,5239,0.0,-1.0,right
sub-STUKE0378,UKE/WAKEUP_acute,49178,0.00046747017337045996,1.0,left,6181,0.0004851228978007762,1.0,left
sub-STUKE0379,UKE/WAKEUP_acute,151,0.0,1.0,left,21,0.0,1.0,left
sub-STUKE0380,UKE/WAKEUP_acute,844,0.0,-1.0,right,96,0.0,-1.0,right
sub-STUKE0381,UKE/WAKEUP_acute,268,0.0,1.0,left,32,0.0,1.0,left
sub-STUKE0382,UKE/WAKEUP_acute,19278,0.0,1.0,left,2399,0.0,1.0,left
sub-STUKE0383,UKE/WAKEUP_acute,1111,0.0,-1.0,right,153,0.0,-1.0,right
sub-STUKE0384,UKE/WAKEUP_acute,29131,0.0030117389369930525,1.0,left,3639,0.0021935837674801205,1.0,left
sub-STUKE0385,UKE/WAKEUP_acute,1574,0.0,1.0,left,198,0.0,1.0,left
sub-STUKE0386,UKE/WAKEUP_acute,6563,0.0,1.0,left,837,0.0,1.0,left
sub-STUKE0387,UKE/WAKEUP_acute,5355,0.0,1.0,left,677,0.0,1.0,left
sub-STUKE0388,UKE/WAKEUP_acute,17585,0.0036262677772111733,1.0,left,2240,0.0035587188612099642,1.0,left
sub-STUKE0389,UKE/WAKEUP_acute,11588,0.0,1.0,left,1451,0.0,1.0,left
sub-STUKE0390,UKE/WAKEUP_acute,1658,0.0,-1.0,right,203,0.0,-1.0,right
sub-STUKE0391,UKE/WAKEUP_acute,2063,0.0,-1.0,right,253,0.0,-1.0,right
sub-STUKE0392,UKE/WAKEUP_acute,3818,0.0,-1.0,right,485,0.0,-1.0,right
sub-STUKE0393,UKE/WAKEUP_acute,4643,0.0002153316106804479,1.0,left,582,0.0,1.0,left
sub-STUKE0394,UKE/WAKEUP_acute,3302,0.0,1.0,left,404,0.0,1.0,left
sub-STUKE0395,UKE/WAKEUP_acute,842,0.0,1.0,left,112,0.0,1.0,left
sub-STUKE0396,UKE/WAKEUP_acute,2533,0.0,-1.0,right,311,0.0,-1.0,right
sub-STUKE0397,UKE/WAKEUP_acute,1471,0.0,1.0,left,187,0.0,1.0,left
sub-STUKE0398,UKE/WAKEUP_acute,8117,0.0,-1.0,right,994,0.0,-1.0,right
sub-STUKE0399,UKE/WAKEUP_acute,1288,0.0,-0.017080745341614908,both,170,0.0,0.023529411764705882,both
sub-STUKE0400,UKE/WAKEUP_acute,10059,0.0,1.0,left,1252,0.0,1.0,left
sub-STUKE0401,UKE/WAKEUP_acute,12624,0.0010287251721136346,-1.0,right,1561,0.0012795905310300703,-1.0,right
sub-STUKE0402,UKE/WAKEUP_acute,6008,0.018621365566808233,1.0,left,774,0.017766497461928935,1.0,left
sub-STUKE0403,UKE/WAKEUP_acute,786,0.0,1.0,left,94,0.0,1.0,left
sub-STUKE0404,UKE/WAKEUP_acute,16584,0.008311905758536148,1.0,left,2056,0.007722007722007722,1.0,left
sub-STUKE0405,UKE/WAKEUP_acute,8,0.0,1.0,left,1,0.0,1.0,left
sub-STUKE0406,UKE/WAKEUP_acute,10438,0.0,-1.0,right,1325,0.0,-1.0,right
sub-STUKE0407,UKE/WAKEUP_acute,8444,0.029982768523836877,-1.0,right,1060,0.03460837887067395,-1.0,right
sub-STUKE0408,UKE/WAKEUP_acute,15415,0.0,1.0,left,1929,0.0,1.0,left
sub-STUKE0409,UKE/WAKEUP_acute,4658,0.0,1.0,left,589,0.0,1.0,left
sub-STUKE0410,UKE/WAKEUP_acute,10547,0.0,1.0,left,1304,0.0,1.0,left
sub-STUKE0411,UKE/WAKEUP_acute,1887,0.0,1.0,left,233,0.0,1.0,left
sub-STUKE0412,UKE/WAKEUP_acute,2115,0.0,1.0,left,273,0.0,1.0,left
sub-STUKE0413,UKE/WAKEUP_acute,9968,0.014922423164344303,-0.8768057784911717,right,1253,0.016483516483516484,-0.8850758180367119,right
sub-STUKE0414,UKE/WAKEUP_acute,25875,0.0006951685783802572,0.12819323671497584,both,3249,0.0006151953245155337,0.131425053862727,both
sub-STUKE0415,UKE/WAKEUP_acute,13319,0.005153869136540186,1.0,left,1688,0.006474396703943496,1.0,left
sub-STUKE0416,UKE/WAKEUP_acute,1113,0.0,1.0,left,138,0.0,1.0,left
sub-STUKE0417,UKE/WAKEUP_acute,10857,0.0,-1.0,right,1361,0.0,-1.0,right
sub-STUKE0418,UKE/WAKEUP_acute,543,0.0,-1.0,right,73,0.0,-1.0,right
sub-STUKE0420,UKE/WAKEUP_acute,1162,0.0,1.0,left,155,0.0,1.0,left
sub-STUKE0421,UKE/WAKEUP_acute,2570,0.0,1.0,left,327,0.0,1.0,left
sub-STUKE0422,UKE/WAKEUP_acute,6633,0.0007532389273877674,1.0,left,802,0.0,1.0,left
sub-STUKE0423,UKE/WAKEUP_acute,8612,0.0003482298316889147,1.0,left,1063,0.0,1.0,left
sub-STUKE0424,UKE/WAKEUP_acute,42981,0.004216574380835438,1.0,left,5346,0.007057949479940565,1.0,left
sub-STUKE0425,UKE/WAKEUP_acute,8802,0.0021539507992291125,1.0,left,1115,0.0035746201966041107,1.0,left
sub-STUKE0426,UKE/WAKEUP_acute,22681,0.0,-1.0,right,2825,0.0,-1.0,right
sub-STUKE0427,UKE/WAKEUP_acute,1552,0.0,1.0,left,199,0.0,1.0,left
sub-STUKE0428,UKE/WAKEUP_acute,1869,0.0016025641025641025,1.0,left,220,0.0,1.0,left
sub-STUKE0429,UKE/WAKEUP_acute,65,0.0,-1.0,right,9,0.0,-1.0,right
sub-STUKE0430,UKE/WAKEUP_acute,89,0.0,1.0,left,7,0.0,1.0,left
sub-STUKE0431,UKE/WAKEUP_acute,4886,0.0,1.0,left,612,0.0,1.0,left
sub-STUKE0432,UKE/WAKEUP_acute,543,0.0,-1.0,right,70,0.0,-1.0,right
sub-STUKE0433,UKE/WAKEUP_acute,3986,0.0,-1.0,right,468,0.0,-1.0,right
sub-STUKE0435,UKE/WAKEUP_acute,2555,0.23617339312406577,-1.0,right,343,0.2222222222222222,-1.0,right
sub-STUKE0436,UKE/WAKEUP_acute,2347,0.0,-1.0,right,285,0.0,-1.0,right
sub-STUKE0437,UKE/WAKEUP_acute,11040,0.0,1.0,left,1407,0.0,1.0,left
sub-STUKE0438,UKE/WAKEUP_acute,763,0.0,1.0,left,92,0.0,1.0,left
sub-STUKE0439,UKE/WAKEUP_acute,2834,0.0,-0.5836273817925194,right,356,0.0,-0.5730337078651685,right
sub-STUKE0440,UKE/WAKEUP_acute,10917,0.0,1.0,left,1388,0.0,1.0,left
sub-STUKE0441,UKE/WAKEUP_acute,716,0.0,1.0,left,84,0.0,1.0,left
sub-STUKE0442,UKE/WAKEUP_acute,492,0.0,-1.0,right,60,0.0,-1.0,right
sub-STUKE0443,UKE/WAKEUP_acute,119,0.0,-1.0,right,14,0.0,-1.0,right
sub-STUKE0444,UKE/WAKEUP_acute,5125,0.011762437331276514,1.0,left,633,0.017080745341614908,1.0,left
sub-STUKE0445,UKE/WAKEUP_acute,586,0.0,1.0,left,66,0.0,1.0,left
sub-STUKE0446,UKE/WAKEUP_acute,2611,0.0,1.0,left,347,0.0,1.0,left
sub-STUKE0448,UKE/WAKEUP_acute,227,0.0,1.0,left,23,0.0,1.0,left
sub-STUKE0449,UKE/WAKEUP_acute,4185,0.00023889154323936931,1.0,left,535,0.0,1.0,left
sub-STUKE0450,UKE/WAKEUP_acute,7375,0.000948252506095909,1.0,left,929,0.0,1.0,left
sub-STUKE0451,UKE/WAKEUP_acute,6073,0.0,1.0,left,758,0.0,1.0,left
sub-STUKE0452,UKE/WAKEUP_acute,1212,0.0,1.0,left,139,0.0,1.0,left
sub-STUKE0454,UKE/WAKEUP_acute,39879,0.019111570247933883,1.0,left,4979,0.016979269496544915,1.0,left
sub-STUKE0457,UKE/WAKEUP_acute,19150,0.0,-1.0,right,2392,0.0,-1.0,right
sub-STUKE0458,UKE/WAKEUP_acute,1058,0.0,-1.0,right,139,0.0,-1.0,right
sub-STUKE0460,UKE/WAKEUP_acute,1566,0.0,-1.0,right,196,0.0,-1.0,right
sub-STUKE0461,UKE/WAKEUP_acute,27,0.0,-1.0,right,1,0.0,-1.0,right
sub-STUKE0462,UKE/WAKEUP_acute,600,0.0,1.0,left,75,0.0,1.0,left
sub-STUKE0463,UKE/WAKEUP_acute,40708,0.001300262505826648,1.0,left,5071,0.0015751132112620594,1.0,left
sub-STUKE0464,UKE/WAKEUP_acute,351,0.0,1.0,left,43,0.0,1.0,left
sub-STUKE0465,UKE/WAKEUP_acute,3625,0.0,1.0,left,459,0.0,1.0,left
sub-STUKE0466,UKE/WAKEUP_acute,4822,0.0,-1.0,right,600,0.0,-1.0,right
sub-STUKE0467,UKE/WAKEUP_acute,5684,0.0017562346329469617,1.0,left,721,0.0,1.0,left
sub-STUKE0468,UKE/WAKEUP_acute,1253,0.0,-1.0,right,160,0.0,-1.0,right
sub-STUKE0469,UKE/WAKEUP_acute,493,0.0,1.0,left,59,0.0,1.0,left
sub-STUKE0470,UKE/WAKEUP_acute,1352,0.0,-1.0,right,169,0.0,-1.0,right
sub-STUKE0471,UKE/WAKEUP_acute,5603,0.0,-1.0,right,693,0.0,-1.0,right
sub-STUKE0472,UKE/WAKEUP_acute,28322,0.0006704068310927631,-1.0,right,3526,0.000850099178237461,-1.0,right
sub-STUKE0473,UKE/WAKEUP_acute,5600,0.0,1.0,left,682,0.0,1.0,left
sub-STUKE0474,UKE/WAKEUP_acute,18535,0.018741066229022184,-1.0,right,2310,0.01827454313642159,-1.0,right
sub-STUKE0475,UKE/WAKEUP_acute,3450,0.0,-1.0,right,424,0.0,-1.0,right
sub-STUKE0476,UKE/WAKEUP_acute,27846,0.014754272370236705,-1.0,right,3479,0.011366865586814436,-1.0,right
sub-STUKE0477,UKE/WAKEUP_acute,19932,0.008949880668257757,1.0,left,2497,0.008733624454148471,1.0,left
sub-STUKE0478,UKE/WAKEUP_acute,12751,0.0,-1.0,right,1596,0.0,-1.0,right
sub-STUKE0479,UKE/WAKEUP_acute,26024,0.003980404164115126,1.0,left,3289,0.003937007874015748,1.0,left
sub-STUKE0480,UKE/WAKEUP_acute,10062,0.0,1.0,left,1247,0.0,1.0,left
sub-STUKE0481,UKE/WAKEUP_acute,5978,0.0,1.0,left,738,0.0,1.0,left
sub-STUKE0482,UKE/WAKEUP_acute,1802,0.0,1.0,left,219,0.0,1.0,left
sub-STUKE0483,UKE/WAKEUP_acute,842,0.08775731310942579,1.0,left,102,0.09734513274336283,1.0,left
sub-STUKE0485,UKE/WAKEUP_acute,7802,0.0,-1.0,right,970,0.0,-1.0,right
sub-STUKE0488,UKE/WAKEUP_acute,865,0.0,1.0,left,92,0.0,1.0,left
sub-STUKE0489,UKE/WAKEUP_acute,5643,0.0,1.0,left,710,0.0,1.0,left
sub-STUKE0490,UKE/WAKEUP_acute,621,0.0,-1.0,right,86,0.0,-1.0,right
sub-STUKE0491,UKE/WAKEUP_acute,43468,0.06116630669546436,1.0,left,5407,0.061773381919139336,1.0,left
sub-STUKE0492,UKE/WAKEUP_acute,300,0.0,1.0,left,41,0.0,1.0,left
sub-STUKE0493,UKE/WAKEUP_acute,34570,0.004463642908567315,1.0,left,4325,0.005060961582700713,1.0,left
sub-STUKE0494,UKE/WAKEUP_acute,20349,0.004403346543372964,1.0,left,2565,0.0034965034965034965,1.0,left
sub-STUKE0495,UKE/WAKEUP_acute,1531,0.0,1.0,left,199,0.0,1.0,left
sub-STUKE0496,UKE/WAKEUP_acute,22627,0.00017674870752507622,1.0,left,2855,0.0,1.0,left
sub-STUKE0497,UKE/WAKEUP_acute,1137,0.0,-1.0,right,133,0.0,-1.0,right
sub-STUKE0498,UKE/WAKEUP_acute,41512,0.0018274502260267386,1.0,left,5175,0.0007723498744931454,1.0,left
sub-STUKE0499,UKE/WAKEUP_acute,1109,0.0,1.0,left,138,0.0,1.0,left
sub-STUKE0500,UKE/WAKEUP_acute,8596,0.0008136696501220504,-1.0,right,1052,0.0018975332068311196,-1.0,right
sub-STUKE0501,UKE/WAKEUP_acute,63093,0.0019930717031272243,1.0,left,7912,0.0018922669357890752,1.0,left
sub-STUKE0502,UKE/WAKEUP_acute,2847,0.0,1.0,left,358,0.0,1.0,left
sub-STUKE0503,UKE/WAKEUP_acute,6501,0.0,1.0,left,809,0.0,1.0,left
sub-STUKE0504,UKE/WAKEUP_acute,15991,0.0,-1.0,right,1982,0.0,-1.0,right
sub-STUKE0505,UKE/WAKEUP_acute,19893,0.0,1.0,left,2467,0.0,1.0,left
sub-STUKE0506,UKE/WAKEUP_acute,68746,0.00850928810430368,0.9954906467285369,left,8598,0.00921871398939848,0.9958129797627355,left
sub-STUKE0507,UKE/WAKEUP_acute,7830,0.0006381620931716656,-1.0,right,987,0.0,-1.0,right
sub-STUKE0508,UKE/WAKEUP_acute,20096,0.0,-1.0,right,2531,0.0,-1.0,right
sub-STUKE0509,UKE/WAKEUP_acute,10776,9.279020135473695e-05,1.0,left,1338,0.0,1.0,left
sub-STUKE0510,UKE/WAKEUP_acute,1332,0.0,-1.0,right,176,0.0,-1.0,right
sub-STUKE0511,UKE/WAKEUP_acute,154,0.0,1.0,left,20,0.0,1.0,left
sub-STUKE0512,UKE/WAKEUP_acute,6475,0.0,-1.0,right,813,0.0,-1.0,right
sub-STUKE0513,UKE/WAKEUP_acute,21900,0.014002071045878169,1.0,left,2739,0.011904761904761904,1.0,left
sub-STUKE0514,UKE/WAKEUP_acute,815,0.053426248548199766,1.0,left,98,0.057692307692307696,1.0,left
sub-STUKE0515,UKE/WAKEUP_acute,685,0.0,1.0,left,87,0.0,1.0,left
sub-STUKE0516,UKE/WAKEUP_acute,7331,0.0,1.0,left,911,0.0,1.0,left
sub-STUKE0518,UKE/WAKEUP_acute,106530,0.015288767285365674,-1.0,right,13234,0.017082590612002378,-1.0,right
sub-STUKE0519,UKE/WAKEUP_acute,13024,0.0,1.0,left,1648,0.0,1.0,left
sub-STUKE0521,UKE/WAKEUP_acute,15259,0.0,-1.0,right,1936,0.0,-1.0,right
sub-STUKE0522,UKE/WAKEUP_acute,854,0.0,-1.0,right,102,0.0,-1.0,right
sub-STUKE0523,UKE/WAKEUP_acute,2937,0.2264946010007901,1.0,left,375,0.23155737704918034,1.0,left
sub-STUKE0524,UKE/WAKEUP_acute,26,0.0,-1.0,right,3,0.0,-1.0,right
sub-STUKE0525,UKE/WAKEUP_acute,33135,3.017865765330758e-05,1.0,left,4170,0.0,1.0,left
sub-STUKE0527,UKE/WAKEUP_acute,2043,0.0,-1.0,right,254,0.0,-1.0,right
sub-STUKE0528,UKE/WAKEUP_acute,9123,0.0,1.0,left,1136,0.0,1.0,left
sub-STUKE0529,UKE/WAKEUP_acute,3361,0.0,1.0,left,418,0.0,1.0,left
sub-STUKE0530,UKE/WAKEUP_acute,2313,0.0,-1.0,right,291,0.0,-1.0,right
sub-STUKE0531,UKE/WAKEUP_acute,1265,0.0,-0.988599348534202,right,156,0.0,-1.0,right
sub-STUKE0532,UKE/WAKEUP_acute,1029,0.0,1.0,left,126,0.0,1.0,left
sub-STUKE0534,UKE/WAKEUP_acute,279,0.0,1.0,left,37,0.0,1.0,left
sub-STUKE0535,UKE/WAKEUP_acute,1194,0.0,-1.0,right,141,0.0,-1.0,right
sub-STUKE0537,UKE/WAKEUP_acute,24920,0.0,1.0,left,3120,0.0,1.0,left
sub-STUKE0538,UKE/WAKEUP_acute,5563,0.0007185198491108317,-1.0,right,704,0.0014184397163120568,-1.0,right
sub-STUKE0540,UKE/WAKEUP_acute,114,0.0,1.0,left,13,0.0,1.0,left
sub-STUKE0541,UKE/WAKEUP_acute,249,0.0,-1.0,right,35,0.0,-1.0,right
sub-STUKE0542,UKE/WAKEUP_acute,3049,0.0,-1.0,right,372,0.0,-1.0,right
sub-STUKE0543,UKE/WAKEUP_acute,6068,0.10448642266824085,1.0,left,764,0.10223266745005875,1.0,left
sub-STUKE0544,UKE/WAKEUP_acute,1209,0.0,1.0,left,154,0.0,1.0,left
sub-STUKE0545,UKE/WAKEUP_acute,2104,0.0,-1.0,right,266,0.0,-1.0,right
sub-STUKE0547,UKE/WAKEUP_acute,876,0.0,1.0,left,112,0.0,1.0,left
sub-STUKE0548,UKE/WAKEUP_acute,28263,0.0,-1.0,right,3521,0.0,-1.0,right
sub-STUKE0549,UKE/WAKEUP_acute,3734,0.0,1.0,left,463,0.0,1.0,left
sub-STUKE0550,UKE/WAKEUP_acute,17423,0.005252640593776762,1.0,left,2210,0.0054005400540054005,1.0,left
sub-STUKE0551,UKE/WAKEUP_acute,5940,0.000168321831341525,-1.0,right,755,0.0,-1.0,right
sub-STUKE0552,UKE/WAKEUP_acute,1950,0.0,-1.0,right,246,0.0,-1.0,right
sub-STUKE0553,UKE/WAKEUP_acute,15688,0.0010188487009679063,-1.0,right,1967,0.0,-1.0,right
sub-STUKE0554,UKE/WAKEUP_acute,7232,0.006866245536940401,-0.9911504424778761,right,931,0.010626992561105207,-0.9935553168635876,right
sub-STUKE0555,UKE/WAKEUP_acute,932,0.0,-1.0,right,115,0.0,-1.0,right
sub-STUKE0556,UKE/WAKEUP_acute,86290,0.02947891711936656,1.0,left,10763,0.030098224745426692,1.0,left
sub-STUKE0558,UKE/WAKEUP_acute,509,0.06433823529411764,-1.0,right,60,0.11764705882352941,-1.0,right
sub-STUKE0559,UKE/WAKEUP_acute,1811,0.051832460732984295,1.0,left,236,0.04838709677419355,1.0,left
sub-STUNIPD0586,UNIPD/NEMESIS_T0,10714,0.0159808963997061,-1.0,right,1347,0.010286554004408524,-1.0,right
sub-STUNIPD0587,UNIPD/NEMESIS_T0,8608,0.026244343891402715,-1.0,right,1089,0.014479638009049774,-1.0,right
sub-STUNIPD0588,UNIPD/NEMESIS_T0,19549,0.012676767676767677,1.0,left,2444,0.012525252525252526,1.0,left
sub-STUNIPD0589,UNIPD/NEMESIS_T0,18011,0.0650436046511628,1.0,left,2253,0.0643687707641196,1.0,left
sub-STUNIPD0590,UNIPD/NEMESIS_T0,49252,0.042237087741132544,1.0,left,6200,0.03546981953951462,1.0,left
sub-STUNIPD0591,UNIPD/NEMESIS_T0,12448,0.0,1.0,left,1556,0.0,1.0,left
sub-STUNIPD0592,UNIPD/NEMESIS_T0,1344,0.0,1.0,left,168,0.0,1.0,left
sub-STUNIPD0593,UNIPD/NEMESIS_T0,46505,0.001524390243902439,1.0,left,5817,0.0008588114050154586,1.0,left
sub-STUNIPD0594,UNIPD/NEMESIS_T0,782,0.06009615384615385,0.9773371104815864,left,98,0.057692307692307696,0.9746835443037974,left
sub-STUNIPD0595,UNIPD/NEMESIS_T0,14426,0.018372346216657592,1.0,left,1791,0.025040827436037017,1.0,left
sub-STUNIPD0596,UNIPD/NEMESIS_T0,936,0.0,1.0,left,117,0.0,1.0,left
sub-STUNIPD0597,UNIPD/NEMESIS_T0,66204,0.020303066177341067,0.9784719355381252,left,8298,0.01763939860305434,0.9782635544028653,left
sub-STUNIPD0598,UNIPD/NEMESIS_T0,16194,0.036071428571428574,1.0,left,2043,0.027142857142857142,1.0,left
sub-STUNIPD0599,UNIPD/NEMESIS_T0,18984,0.0,1.0,left,2373,0.0,1.0,left
sub-STUNIPD0600,UNIPD/NEMESIS_T0,1296,0.0,-1.0,right,162,0.0,-1.0,right
sub-STUNIPD0601,UNIPD/NEMESIS_T0,1536,0.0,1.0,left,192,0.0,1.0,left
sub-STUNIPD0602,UNIPD/NEMESIS_T0,3992,0.0,1.0,left,499,0.0,1.0,left
sub-STUNIPD0603,UNIPD/NEMESIS_T0,12077,0.0009099933818663137,-1.0,right,1511,0.0,-1.0,right
sub-STUNIPD0604,UNIPD/NEMESIS_T0,19010,0.04529931699477702,1.0,left,2417,0.02892728003214142,1.0,left
sub-STUNIPD0605,UNIPD/NEMESIS_T0,21353,0.0036860768943635684,-0.9996252751885334,right,2678,0.0003732736095558044,-1.0,right
sub-STUNIPD0606,UNIPD/NEMESIS_T0,21903,0.0036844978165938864,-1.0,right,2728,0.00727802037845706,-1.0,right
sub-STUNIPD0607,UNIPD/NEMESIS_T0,4968,0.001607717041800643,1.0,left,619,0.00482315112540193,1.0,left
sub-STUNIPD0608,UNIPD/NEMESIS_T0,3472,0.0045871559633027525,1.0,left,434,0.0045871559633027525,1.0,left
sub-STUNIPD0609,UNIPD/NEMESIS_T0,1128,0.0,1.0,left,141,0.0,1.0,left
sub-STUNIPD0610,UNIPD/NEMESIS_T0,12417,0.08644791053560918,-1.0,right,1582,0.06886403766921718,-1.0,right
sub-STUNIPD0611,UNIPD/NEMESIS_T0,9072,0.0070052539404553416,-1.0,right,1139,0.002626970227670753,-1.0,right
sub-STUNIPD0612,UNIPD/NEMESIS_T0,13755,0.0907588577472237,-0.9992727801614428,right,1749,0.0750925436277102,-1.0,right
sub-STUNIPD0613,UNIPD/NEMESIS_T0,11615,0.006245722108145106,1.0,left,1450,0.007529089664613279,1.0,left
sub-STUNIPD0614,UNIPD/NEMESIS_T0,42792,0.0048372093023255815,-1.0,right,5362,0.0024186046511627908,-1.0,right
sub-STUNIPD0617,UNIPD/NEMESIS_T0,22182,0.0022490104354084203,1.0,left,2772,0.0025188916876574307,1.0,left
sub-STUNIPD0618,UNIPD/NEMESIS_T0,73080,0.020060072945719803,-1.0,right,9112,0.02252735464492598,-1.0,right
sub-STUNIPD0619,UNIPD/NEMESIS_T0,416,0.0,-1.0,right,52,0.0,-1.0,right
sub-STUNIPD0620,UNIPD/NEMESIS_T0,1583,0.025246305418719212,1.0,left,201,0.009852216748768473,1.0,left
sub-STUNIPD0621,UNIPD/NEMESIS_T0,1540,0.08767772511848342,1.0,left,193,0.08530805687203792,1.0,left
sub-STUNIPD0622,UNIPD/NEMESIS_T0,1344,0.0,1.0,left,168,0.0,1.0,left
sub-STUNIPD0623,UNIPD/NEMESIS_T0,136740,0.11469933184855234,1.0,left,17497,0.09374838141606671,1.0,left
sub-STUNIPD0624,UNIPD/NEMESIS_T0,18775,5.325948018747337e-05,1.0,left,2347,0.0,1.0,left
sub-STUNIPD0625,UNIPD/NEMESIS_T0,7903,0.010145290581162324,1.0,left,988,0.01002004008016032,1.0,left
sub-STUNIPD0626,UNIPD/NEMESIS_T0,1296,0.0,-0.9558359621451105,right,162,0.0,-1.0,right
sub-STUNIPD0627,UNIPD/NEMESIS_T0,216,0.0,-1.0,right,27,0.0,-1.0,right
sub-STUNIPD0628,UNIPD/NEMESIS_T0,57025,0.021802525044599973,-0.9655399746984302,right,7144,0.01962398792369974,-0.9971085730808154,right
sub-STUNIPD0629,UNIPD/NEMESIS_T0,33650,0.04792892711634224,-1.0,right,4099,0.07220461747397013,-1.0,right
sub-STUNIPD0630,UNIPD/NEMESIS_T0,3608,0.0,-1.0,right,451,0.0,-1.0,right
sub-STUNIPD0631,UNIPD/NEMESIS_T0,2301,0.03156565656565657,-1.0,right,286,0.037037037037037035,-1.0,right
sub-STUNIPD0632,UNIPD/NEMESIS_T0,70363,0.11542039625867444,1.0,left,8841,0.1108317409232626,1.0,left
sub-STUNIPD0633,UNIPD/NEMESIS_T0,67885,0.08084651213171577,1.0,left,8610,0.06737435008665511,1.0,left
sub-STUNIPD0634,UNIPD/NEMESIS_T0,7284,0.10207100591715976,0.9955690944336749,left,966,0.047337278106508875,0.9957894736842106,left
sub-STUNIPD0636,UNIPD/NEMESIS_T0,696,0.0,1.0,left,87,0.0,1.0,left
sub-STUNIPD0637,UNIPD/NEMESIS_T0,45673,0.013797719813439281,-1.0,right,5689,0.017274140611504576,-1.0,right
sub-STUNIPD0638,UNIPD/NEMESIS_T0,2782,0.0035816618911174787,1.0,left,348,0.0028653295128939827,1.0,left
sub-STUNIPD0639,UNIPD/NEMESIS_T0,1160,0.0,-1.0,right,145,0.0,-1.0,right
sub-STUNIPD0640,UNIPD/NEMESIS_T0,30651,0.008186642505824489,-1.0,right,3839,0.006212787988609888,-1.0,right
sub-STUNIPD0641,UNIPD/NEMESIS_T0,2133,0.0014044943820224719,0.96,left,267,0.0,0.9570815450643777,left
sub-STUNIPD0642,UNIPD/NEMESIS_T0,906,0.04025423728813559,1.0,left,115,0.025423728813559324,1.0,left
sub-STUNIPD0643,UNIPD/NEMESIS_T0,928,0.0,1.0,left,116,0.0,1.0,left
sub-STUNIPD0644,UNIPD/NEMESIS_T0,34384,0.033288349077822764,1.0,left,4348,0.022042285200179937,1.0,left
sub-STUNIPD0645,UNIPD/NEMESIS_T0,32,0.0,-1.0,right,4,0.0,-1.0,right
sub-STUNIPD0646,UNIPD/NEMESIS_T0,16537,0.15142651888341543,-0.982314916453226,right,2192,0.10016420361247948,-0.9990723562152134,right
sub-STUNIPD0647,UNIPD/NEMESIS_T0,728,0.0,1.0,left,91,0.0,1.0,left
sub-STUNIPD0648,UNIPD/NEMESIS_T0,992,0.0,1.0,left,124,0.0,1.0,left
sub-STUNIPD0649,UNIPD/NEMESIS_T0,29418,0.007489878542510121,-1.0,right,3668,0.009986504723346829,-1.0,right
sub-STUNIPD0650,UNIPD/NEMESIS_T0,2109,0.0272140221402214,-1.0,right,257,0.05166051660516605,-1.0,right
sub-STUNIPD0651,UNIPD/NEMESIS_T0,1840,0.0,1.0,left,230,0.0,1.0,left
sub-STUNIPD0652,UNIPD/NEMESIS_T0,7384,0.0,1.0,left,923,0.0,1.0,left
sub-STUNIPD0653,UNIPD/NEMESIS_T0,30016,0.04065456405011506,-1.0,right,3734,0.04525696752748658,-1.0,right
sub-STUNIPD0654,UNIPD/NEMESIS_T0,34019,0.06868703460359177,-0.9988234948086708,right,4299,0.05847568988173456,-1.0,right
sub-STUNIPD0655,UNIPD/NEMESIS_T0,26469,0.0037262872628726286,1.0,left,3319,0.0006022282445046673,1.0,left
sub-STUNIPD0656,UNIPD/NEMESIS_T0,78698,0.04788521099496709,-1.0,right,9714,0.05981416957026713,-1.0,right
sub-STUNIPD0657,UNIPD/NEMESIS_T0,53862,0.04241928601905846,-0.9998514612499536,right,6763,0.03811691082349595,-1.0,right
sub-STUNIPD0659,UNIPD/NEMESIS_T0,158986,0.006834082958520739,-1.0,right,19871,0.006946526736631684,-1.0,right
sub-STUNIPD0660,UNIPD/NEMESIS_T0,33480,0.008058781701825076,-1.0,right,4196,0.005451528798293435,-1.0,right
sub-STUNIPD0662,UNIPD/NEMESIS_T0,15527,0.03917079207920792,0.9895907878472449,left,1924,0.047524752475247525,0.9893842887473461,left
sub-STUNIPD0663,UNIPD/NEMESIS_T0,39793,0.06466246709289207,-0.9839797852179406,right,5052,0.05001880406167732,-0.9955982392957183,right
sub-STUNIPD0664,UNIPD/NEMESIS_T0,112256,0.09042587670966487,1.0,left,14363,0.06896998768393077,1.0,left
sub-STUNIPD0665,UNIPD/NEMESIS_T0,15688,0.0,1.0,left,1961,0.0,1.0,left
sub-STUNIPD0666,UNIPD/NEMESIS_T0,53902,0.028022215810732835,1.0,left,6745,0.026976341604154644,1.0,left
sub-STUKE0001,UKE/SFB936_ses01,48615,0.0026464795667159036,-0.9980645294129759,right,6092,0.00016412276382734285,-1.0,right
sub-STUKE0002,UKE/SFB936_ses01,72695,0.030733333333333335,-1.0,right,9059,0.03370666666666667,-1.0,right
sub-STUKE0003,UKE/SFB936_ses01,3440,0.0182648401826484,-1.0,right,432,0.0136986301369863,-1.0,right
sub-STUKE0004,UKE/SFB936_ses01,10104,0.0,1.0,left,1263,0.0,1.0,left
sub-STUKE0005,UKE/SFB936_ses01,8664,0.004595588235294118,-1.0,right,1083,0.004595588235294118,-1.0,right
sub-STUKE0006,UKE/SFB936_ses01,6653,0.00045072115384615387,-1.0,right,832,0.0,-1.0,right
sub-STUKE0007,UKE/SFB936_ses01,4152,0.0,1.0,left,519,0.0,1.0,left
sub-STUKE0008,UKE/SFB936_ses01,62535,0.014513993948562783,1.0,left,7802,0.01638930912758447,1.0,left
sub-STUKE0009,UKE/SFB936_ses01,25083,0.024463285625388922,-1.0,right,3161,0.016490354698195396,-1.0,right
sub-STUKE0011,UKE/SFB936_ses01,1064,0.0,-1.0,right,133,0.0,-1.0,right
sub-STUKE0012,UKE/SFB936_ses01,3288,0.0,1.0,left,411,0.0,1.0,left
sub-STUKE0013,UKE/SFB936_ses01,33115,0.02602941176470588,-1.0,right,4155,0.02235294117647059,-1.0,right
sub-STUKE0014,UKE/SFB936_ses01,11434,0.012266758811333794,-1.0,right,1434,0.008984105044920525,-1.0,right
sub-STUKE0015,UKE/SFB936_ses01,874,0.006818181818181818,-1.0,right,109,0.00909090909090909,-1.0,right
sub-STUKE0016,UKE/SFB936_ses01,626,0.1763157894736842,0.9428571428571428,left,78,0.17894736842105263,0.9354838709677419,left
sub-STUKE0017,UKE/SFB936_ses01,7209,0.004281767955801105,1.0,left,901,0.004419889502762431,1.0,left
sub-STUKE0018,UKE/SFB936_ses01,33815,0.051206509539842876,-1.0,right,4158,0.06666666666666667,-1.0,right
sub-STUKE0019,UKE/SFB936_ses01,9747,0.00214987714987715,-1.0,right,1221,0.0,-1.0,right
sub-STUKE0020,UKE/SFB936_ses01,10054,0.006521739130434782,-1.0,right,1261,0.0031620553359683794,-1.0,right
sub-STUKE0021,UKE/SFB936_ses01,2016,0.05263157894736842,-1.0,right,257,0.03383458646616541,-1.0,right
sub-STUKE0022,UKE/SFB936_ses01,1120,0.0,-1.0,right,140,0.0,-1.0,right
sub-STUKE0023,UKE/SFB936_ses01,1184,0.0,1.0,left,148,0.0,1.0,left
sub-STUKE0024,UKE/SFB936_ses01,5371,0.00537037037037037,-1.0,right,674,0.0014814814814814814,-1.0,right
sub-STUKE0025,UKE/SFB936_ses01,18288,0.0,1.0,left,2286,0.0,1.0,left
sub-STUKE0026,UKE/SFB936_ses01,1328,0.0,-1.0,right,166,0.0,-1.0,right
sub-STUKE0027,UKE/SFB936_ses01,1464,0.0,0.9548022598870056,left,183,0.0,0.9532163742690059,left
sub-STUKE0028,UKE/SFB936_ses01,2403,0.034163987138263664,1.0,left,298,0.04180064308681672,1.0,left
sub-STUKE0029,UKE/SFB936_ses01,1016,0.0,1.0,left,127,0.0,1.0,left
sub-STUKE0030,UKE/SFB936_ses01,87356,0.018912848158131178,-1.0,right,10947,0.016442048517520215,-1.0,right
sub-STUKE0031,UKE/SFB936_ses01,7104,0.0,1.0,left,888,0.0,1.0,left
sub-STUKE0032,UKE/SFB936_ses01,18152,0.0,-1.0,right,2269,0.0,-1.0,right
sub-STUKE0033,UKE/SFB936_ses01,4275,0.006737918215613383,-0.8696180977864266,right,534,0.007434944237918215,-0.947261663286004,right
sub-STUKE0034,UKE/SFB936_ses01,2806,0.0007122507122507123,-1.0,right,351,0.0,-1.0,right
sub-STUKE0035,UKE/SFB936_ses01,3655,0.013228941684665227,-1.0,right,458,0.01079913606911447,-1.0,right
sub-STUKE0036,UKE/SFB936_ses01,10646,0.009121370067014148,1.0,left,1334,0.006701414743112435,1.0,left
sub-STUKE0037,UKE/SFB936_ses01,591,0.0016891891891891893,1.0,left,74,0.0,1.0,left
sub-STUKE0038,UKE/SFB936_ses01,1328,0.005988023952095809,1.0,left,166,0.005988023952095809,1.0,left
sub-STUKE0039,UKE/SFB936_ses01,111409,0.0654861763521675,1.0,left,14166,0.04938934371225339,1.0,left
sub-STUKE0040,UKE/SFB936_ses01,936,0.0,1.0,left,117,0.0,1.0,left
sub-STUKE0041,UKE/SFB936_ses01,7857,0.03807541625857003,-1.0,right,982,0.03819784524975514,-1.0,right
sub-STUKE0042,UKE/SFB936_ses01,1304,0.0,1.0,left,163,0.0,1.0,left
sub-STUKE0043,UKE/SFB936_ses01,2088,0.0,1.0,left,261,0.0,1.0,left
sub-STUKE0044,UKE/SFB936_ses01,9632,0.0,1.0,left,1204,0.0,1.0,left
sub-STUKE0045,UKE/SFB936_ses01,928,0.0,1.0,left,116,0.0,1.0,left
sub-STUKE0046,UKE/SFB936_ses01,1794,0.01644736842105263,0.8996235884567126,left,225,0.013157894736842105,0.8857142857142857,left
sub-STUKE0047,UKE/SFB936_ses01,1682,0.03555045871559633,1.0,left,209,0.04128440366972477,1.0,left
sub-STUKE0048,UKE/SFB936_ses01,19543,0.01655595813204509,1.0,left,2427,0.022946859903381644,1.0,left
sub-STUKE0049,UKE/SFB936_ses01,1480,0.0,1.0,left,185,0.0,1.0,left
sub-STUKE0050,UKE/SFB936_ses01,77677,0.0394118519984171,-1.0,right,9640,0.04629996042738425,-1.0,right
sub-STUKE0051,UKE/SFB936_ses01,3377,0.006764705882352941,-1.0,right,423,0.004705882352941176,-1.0,right
sub-STUKE0052,UKE/SFB936_ses01,23048,0.0,-1.0,right,2881,0.0,-1.0,right
sub-STUKE0053,UKE/SFB936_ses01,59266,0.023817367242060877,-1.0,right,7404,0.024377388325207538,-1.0,right
sub-STUKE0054,UKE/SFB936_ses01,38978,0.01091149005278116,-1.0,right,4847,0.01603735282176208,-1.0,right
sub-STUKE0055,UKE/SFB936_ses01,888,0.0,1.0,left,111,0.0,1.0,left
sub-STUKE0056,UKE/SFB936_ses01,3517,0.0008522727272727272,0.8996550642834744,left,440,0.0,0.888268156424581,left
sub-STUKE0057,UKE/SFB936_ses01,5485,0.0048984034833091435,-0.9794608472400513,right,685,0.005805515239477504,-0.9911373707533235,right
