subject_id,dataset,out_of_brain_fraction
sub-STUNIPD0001,UNIPD/WashU,0.00948429164196799
sub-STUNIPD0002,UNIPD/WashU,0.18434782608695652
sub-STUNIPD0003,UNIPD/WashU,0.011142061281337047
sub-STUNIPD0005,UNIPD/WashU,0.012491325468424705
sub-STUNIPD0006,UNIPD/WashU,0.05595013770111611
sub-STUNIPD0008,UNIPD/WashU,0.11361867704280156
sub-STUNIPD0009,UNIPD/WashU,0.030831099195710455
sub-STUNIPD0011,UNIPD/WashU,0.01830776843146957
sub-STUNIPD0012,UNIPD/WashU,0.03047929269427641
sub-STUNIPD0013,UNIPD/WashU,0.0
sub-STUNIPD0014,UNIPD/WashU,0.011647254575707155
sub-STUNIPD0015,UNIPD/WashU,0.04912421985101671
sub-STUNIPD0016,UNIPD/WashU,0.004044803982576229
sub-STUNIPD0017,UNIPD/WashU,0.004722550177095631
sub-STUNIPD0019,UNIPD/WashU,0.0014187271990271585
sub-STUNIPD0020,UNIPD/WashU,0.07416267942583732
sub-STUNIPD0021,UNIPD/WashU,0.0
sub-STUNIPD0023,UNIPD/WashU,0.016036655211912942
sub-STUNIPD0024,UNIPD/WashU,0.0035938903863432167
sub-STUNIPD0025,UNIPD/WashU,0.050522648083623695
sub-STUNIPD0026,UNIPD/WashU,0.05168040583386176
sub-STUNIPD0027,UNIPD/WashU,0.02912621359223301
sub-STUNIPD0029,UNIPD/WashU,0.01206896551724138
sub-STUNIPD0031,UNIPD/WashU,0.006688963210702341
sub-STUNIPD0032,UNIPD/WashU,0.0
sub-STUNIPD0034,UNIPD/WashU,0.006872852233676976
sub-STUNIPD0036,UNIPD/WashU,0.06635071090047394
sub-STUNIPD0038,UNIPD/WashU,0.0826427771556551
sub-STUNIPD0039,UNIPD/WashU,0.026319702602230485
sub-STUNIPD0040,UNIPD/WashU,0.029061102831594635
sub-STUNIPD0041,UNIPD/WashU,0.13768115942028986
sub-STUNIPD0044,UNIPD/WashU,0.011548491245498572
sub-STUNIPD0045,UNIPD/WashU,0.03699788583509514
sub-STUNIPD0047,UNIPD/WashU,0.0
sub-STUNIPD0048,UNIPD/WashU,0.023300100817743922
sub-STUNIPD0049,UNIPD/WashU,0.0008748906386701663
sub-STUNIPD0050,UNIPD/WashU,0.0
sub-STUNIPD0051,UNIPD/WashU,0.0
sub-STUNIPD0052,UNIPD/WashU,0.005336748852598996
sub-STUNIPD0053,UNIPD/WashU,0.05473684210526316
sub-STUNIPD0054,UNIPD/WashU,0.0
sub-STUNIPD0055,UNIPD/WashU,0.009174311926605505
sub-STUNIPD0056,UNIPD/WashU,0.2328042328042328
sub-STUNIPD0057,UNIPD/WashU,0.0
sub-STUNIPD0058,UNIPD/WashU,0.08360309641097818
sub-STUNIPD0059,UNIPD/WashU,0.0
sub-STUNIPD0060,UNIPD/WashU,0.0
sub-STUNIPD0061,UNIPD/WashU,0.006024096385542169
sub-STUNIPD0063,UNIPD/WashU,0.029312288613303268
sub-STUNIPD0064,UNIPD/WashU,0.04354066985645933
sub-STUNIPD0066,UNIPD/WashU,0.0
sub-STUNIPD0068,UNIPD/WashU,0.027610008628127698
sub-STUNIPD0069,UNIPD/WashU,0.004933051444679351
sub-STUNIPD0071,UNIPD/WashU,0.023048928427011728
sub-STUNIPD0073,UNIPD/WashU,0.0
sub-STUNIPD0074,UNIPD/WashU,0.0
sub-STUNIPD0075,UNIPD/WashU,0.0656433295894172
sub-STUNIPD0076,UNIPD/WashU,0.012904590649460547
sub-STUNIPD0077,UNIPD/WashU,0.07187650747708635
sub-STUNIPD0078,UNIPD/WashU,0.007722007722007722
sub-STUNIPD0079,UNIPD/WashU,0.011315115286080273
sub-STUNIPD0080,UNIPD/WashU,0.0
sub-STUNIPD0081,UNIPD/WashU,0.057385759829968117
sub-STUNIPD0082,UNIPD/WashU,0.0
sub-STUNIPD0083,UNIPD/WashU,0.06697674418604652
sub-STUNIPD0084,UNIPD/WashU,0.0397741530740276
sub-STUNIPD0085,UNIPD/WashU,0.0739332488381918
sub-STUNIPD0086,UNIPD/WashU,0.06847938710791547
sub-STUNIPD0088,UNIPD/WashU,0.0017857142857142857
sub-STUNIPD0090,UNIPD/WashU,0.02438498057833405
sub-STUNIPD0091,UNIPD/WashU,0.07418339236521054
sub-STUNIPD0092,UNIPD/WashU,0.0
sub-STUNIPD0093,UNIPD/WashU,0.010166358595194085
sub-STUNIPD0094,UNIPD/WashU,0.2088279195394129
sub-STUNIPD0095,UNIPD/WashU,0.09704046708274612
sub-STUNIPD0096,UNIPD/WashU,0.005897617362585515
sub-STUNIPD0098,UNIPD/WashU,0.007626693426994481
sub-STUNIPD0099,UNIPD/WashU,0.0
sub-STUNIPD0100,UNIPD/WashU,0.2794348508634223
sub-STUNIPD0101,UNIPD/WashU,0.0761904761904762
sub-STUNIPD0102,UNIPD/WashU,0.012185833968012186
sub-STUNIPD0104,UNIPD/WashU,0.06846858596067947
sub-STUNIPD0105,UNIPD/WashU,0.06773839353585405
sub-STUNIPD0109,UNIPD/WashU,0.06962428359159414
sub-STUNIPD0111,UNIPD/WashU,0.01754972421861942
sub-STUNIPD0112,UNIPD/WashU,0.0
sub-STUNIPD0114,UNIPD/WashU,0.022000687521485048
sub-STUNIPD0116,UNIPD/WashU,0.004736204427800418
sub-STUNIPD0118,UNIPD/WashU,0.04552352048558422
sub-STUNIPD0119,UNIPD/WashU,0.004191616766467066
sub-STUNIPD0120,UNIPD/WashU,0.05338571758724289
sub-STUNIPD0121,UNIPD/WashU,0.0
sub-STUNIPD0126,UNIPD/WashU,0.020058184045322308
sub-STUNIPD0127,UNIPD/WashU,0.0016216216216216215
sub-STUNIPD0128,UNIPD/WashU,0.0140376416761984
sub-STUNIPD0130,UNIPD/WashU,0.011467889908256881
sub-STUNIPD0131,UNIPD/WashU,0.12066246056782334
sub-STUNIPD0133,UNIPD/WashU,0.005114320096269555
sub-STUNIPD0134,UNIPD/WashU,0.006768687463213655
sub-STUNIPD0136,UNIPD/WashU,0.011750881316098707
sub-STUNIPD0137,UNIPD/WashU,0.01915093076201955
sub-STUNIPD0138,UNIPD/WashU,0.04300047778308648
sub-STUNIPD0139,UNIPD/WashU,0.030042918454935622
sub-STUNIPD0140,UNIPD/WashU,0.05794392523364486
sub-STUNIPD0141,UNIPD/WashU,0.07822808671065033
sub-STUNIPD0142,UNIPD/WashU,0.0777027027027027
sub-STUNIPD0143,UNIPD/WashU,0.039634522780590195
sub-STUNIPD0144,UNIPD/WashU,0.0
sub-STUNIPD0145,UNIPD/WashU,0.007
sub-STUNIPD0146,UNIPD/WashU,0.01085383502170767
sub-STUNIPD0147,UNIPD/WashU,0.038272816486751716
sub-STUNIPD0148,UNIPD/WashU,0.01026367014687666
sub-STUNIPD0149,UNIPD/WashU,0.02740362285183465
sub-STUNIPD0150,UNIPD/WashU,0.05110197741027218
sub-STUNIPD0151,UNIPD/WashU,0.1377726750861079
sub-STUNIPD0154,UNIPD/WashU,0.012925969447708578
sub-STUNIPD0155,UNIPD/WashU,0.0012315270935960591
sub-STUNIPD0156,UNIPD/WashU,0.0004484304932735426
sub-STUNIPD0157,UNIPD/WashU,0.023854069223573433
sub-STUNIPD0158,UNIPD/WashU,0.0018050541516245488
sub-STUNIPD0159,UNIPD/WashU,0.0003980891719745223
sub-STUNIPD0162,UNIPD/WashU,0.19254658385093168
sub-STUNIPD0163,UNIPD/WashU,0.058282980866062435
sub-STUNIPD0164,UNIPD/WashU,0.028651829112304936
sub-STUNIPD0166,UNIPD/WashU,0.022907122032486463
sub-STUNIPD0168,UNIPD/WashU,0.0072177584093694675
sub-STUNIPD0169,UNIPD/WashU,0.0
sub-STUNIPD0171,UNIPD/WashU,0.06345609065155808
sub-STUNIPD0172,UNIPD/WashU,0.010603588907014683
sub-STUNIPD0173,UNIPD/WashU,0.004132231404958678
sub-STUNIPD0174,UNIPD/WashU,0.005469346222335284
sub-STUNIPD0175,UNIPD/WashU,0.0
sub-STUNIPD0176,UNIPD/WashU,0.0
sub-STUNIPD0177,UNIPD/WashU,0.06351351351351352
sub-STUNIPD0178,UNIPD/WashU,0.008291873963515755
sub-STUNIPD0179,UNIPD/WashU,0.008886694643297952
sub-STUNIPD0180,UNIPD/WashU,0.0
sub-STUNIPD0181,UNIPD/WashU,0.019581233036060488
sub-STUNIPD0182,UNIPD/WashU,0.008674101610904586
sub-STUNIPD0183,UNIPD/WashU,0.007195970256656272
sub-STUNIPD0185,UNIPD/WashU,0.006064690026954178
sub-STUNIPD0187,UNIPD/WashU,0.003952569169960474
sub-STUNIPD0188,UNIPD/WashU,0.03453453453453453
sub-STUNIPD0189,UNIPD/WashU,0.03640588690937258
sub-STUNIPD0191,UNIPD/WashU,0.004434589800443459
sub-STUNIPD0192,UNIPD/WashU,0.0
sub-STUNIPD0193,UNIPD/WashU,0.004241926655719759
sub-STUNIPD0194,UNIPD/WashU,0.07000795544948289
sub-STUNIPD0195,UNIPD/WashU,0.0
sub-STUNIPD0196,UNIPD/WashU,0.00666510757717493
sub-STUNIPD0197,UNIPD/WashU,0.01093833780160858
sub-STUNIPD0199,UNIPD/WashU,0.0
sub-STUNIPD0201,UNIPD/WashU,0.0017267429311461256
sub-STUNIPD0202,UNIPD/WashU,0.01391941391941392
sub-STUNIPD0203,UNIPD/WashU,0.04467761042477576
sub-STUNIPD0205,UNIPD/WashU,0.0
sub-STUNIPD0206,UNIPD/WashU,0.0
sub-STUNIPD0207,UNIPD/WashU,0.021166134185303515
sub-STUNIPD0210,UNIPD/WashU,0.0
sub-STUNIPD0211,UNIPD/WashU,0.022727272727272728
sub-STUNIPD0212,UNIPD/WashU,0.00395778364116095
sub-STUNIPD0213,UNIPD/WashU,0.0
sub-STUNIPD0215,UNIPD/WashU,0.0
sub-STUNIPD0216,UNIPD/WashU,0.0
sub-STUNIPD0217,UNIPD/WashU,0.0
sub-STUNIPD0218,UNIPD/WashU,0.051086956521739134
sub-STUNIPD0219,UNIPD/WashU,0.01076569493165598
sub-STUNIPD0220,UNIPD/WashU,0.0
sub-STUNIPD0221,UNIPD/WashU,0.057663125948406675
sub-STUNIPD0222,UNIPD/WashU,0.0
sub-STUNIPD0223,UNIPD/WashU,0.0064516129032258064
sub-STUNIPD0224,UNIPD/WashU,0.025210084033613446
sub-STUNIPD0225,UNIPD/WashU,0.005925925925925926
sub-STUNIPD0226,UNIPD/WashU,0.0
sub-STUNIPD0227,UNIPD/WashU,0.0
sub-STUNIPD0228,UNIPD/WashU,0.0
sub-STUNIPD0229,UNIPD/WashU,0.0
sub-STUNIPD0231,UNIPD/WashU,0.016462287922056108
sub-STUNIPD0232,UNIPD/WashU,0.010500308832612723
sub-STUNIPD0233,UNIPD/WashU,0.004881382407497803
sub-STUNIPD0234,UNIPD/WashU,0.12591156650973875
sub-STUNIPD0235,UNIPD/WashU,0.0
sub-STUNIPD0236,UNIPD/WashU,0.0
sub-STUNIPD0237,UNIPD/WashU,0.018471872376154493
sub-STUNIPD0238,UNIPD/WashU,0.0
sub-STUNIPD0239,UNIPD/WashU,0.016713091922005572
sub-STUNIPD0241,UNIPD/WashU,0.01851508979818552
sub-STUNIPD0242,UNIPD/WashU,0.05216787697565143
sub-STUNIPD0245,UNIPD/WashU,0.0
sub-STUNIPD0246,UNIPD/WashU,0.0
sub-STUNIPD0247,UNIPD/WashU,0.013376717281272595
sub-STUNIPD0248,UNIPD/WashU,0.03072913838970628
sub-STUNIPD0249,UNIPD/WashU,0.0
sub-STUNIPD0250,UNIPD/WashU,0.025917832167832167
sub-STUNIPD0251,UNIPD/WashU,0.12202306342441714
sub-STUNIPD0489,UNIPD/PASPORT,0.0023909897439124144
sub-STUNIPD0490,UNIPD/PASPORT,0.0
sub-STUNIPD0491,UNIPD/PASPORT,0.0
sub-STUNIPD0492,UNIPD/PASPORT,0.00475
sub-STUNIPD0493,UNIPD/PASPORT,0.010393315671489708
sub-STUNIPD0494,UNIPD/PASPORT,0.002509105625252934
sub-STUNIPD0495,UNIPD/PASPORT,0.0068545848779464225
sub-STUNIPD0496,UNIPD/PASPORT,0.0009882204126808443
sub-STUNIPD0497,UNIPD/PASPORT,0.015345268542199489
sub-STUNIPD0498,UNIPD/PASPORT,0.0006231142594778958
sub-STUNIPD0499,UNIPD/PASPORT,0.0
sub-STUNIPD0500,UNIPD/PASPORT,0.0
sub-STUNIPD0501,UNIPD/PASPORT,0.0001799370220422852
sub-STUNIPD0502,UNIPD/PASPORT,0.0
sub-STUNIPD0503,UNIPD/PASPORT,0.0006723334774047928
sub-STUNIPD0504,UNIPD/PASPORT,0.0065097887935191435
sub-STUNIPD0505,UNIPD/PASPORT,0.0
sub-STUNIPD0506,UNIPD/PASPORT,0.0111011101110111
sub-STUNIPD0507,UNIPD/PASPORT,0.00028563267637817766
sub-STUNIPD0508,UNIPD/PASPORT,0.007717917675544794
sub-STUNIPD0509,UNIPD/PASPORT,0.0
sub-STUNIPD0510,UNIPD/PASPORT,0.0
sub-STUNIPD0511,UNIPD/PASPORT,0.0
sub-STUNIPD0512,UNIPD/PASPORT,0.025232853513971212
sub-STUNIPD0513,UNIPD/PASPORT,0.0
sub-STUNIPD0514,UNIPD/PASPORT,0.0
sub-STUNIPD0515,UNIPD/PASPORT,6.60414740457007e-05
sub-STUNIPD0516,UNIPD/PASPORT,0.9432913765399036
sub-STUNIPD0517,UNIPD/PASPORT,0.0
sub-STUNIPD0518,UNIPD/PASPORT,0.0006759040216289286
sub-STUNIPD0519,UNIPD/PASPORT,0.0011070424934003236
sub-STUNIPD0520,UNIPD/PASPORT,0.0
sub-STUNIPD0521,UNIPD/PASPORT,0.0008578781812982557
sub-STUNIPD0522,UNIPD/PASPORT,0.011153543068436685
sub-STUNIPD0523,UNIPD/PASPORT,0.005405405405405406
sub-STUNIPD0524,UNIPD/PASPORT,0.0008703220191470844
sub-STUNIPD0525,UNIPD/PASPORT,0.00454793523740222
sub-STUNIPD0526,UNIPD/PASPORT,0.012663755458515284
sub-STUNIPD0527,UNIPD/PASPORT,0.0001625685836212152
sub-STUNIPD0528,UNIPD/PASPORT,0.001294139397300795
sub-STUNIPD0529,UNIPD/PASPORT,0.0
sub-STUNIPD0530,UNIPD/PASPORT,0.006524822695035461
sub-STUNIPD0531,UNIPD/PASPORT,0.0
sub-STUNIPD0532,UNIPD/PASPORT,0.00019091256204658267
sub-STUNIPD0533,UNIPD/PASPORT,0.0
sub-STUNIPD0534,UNIPD/PASPORT,0.002054942677914774
sub-STUNIPD0535,UNIPD/PASPORT,0.0
sub-STUNIPD0536,UNIPD/PASPORT,0.0
sub-STUNIPD0537,UNIPD/PASPORT,0.0
sub-STUNIPD0538,UNIPD/PASPORT,0.0
sub-STUNIPD0539,UNIPD/PASPORT,0.0002290688351849731
sub-STUNIPD0540,UNIPD/PASPORT,0.0006371455877668047
sub-STUNIPD0541,UNIPD/PASPORT,0.0
sub-STUNIPD0542,UNIPD/PASPORT,0.0
sub-STUNIPD0543,UNIPD/PASPORT,0.0
sub-STUNIPD0547,UNIPD/PASPORT,0.024719900409034323
sub-STUNIPD0548,UNIPD/PASPORT,0.013214605188257298
sub-STUNIPD0551,UNIPD/PASPORT,0.013048864418444597
sub-STUNIPD0552,UNIPD/PASPORT,0.4102254428341385
sub-STUNIPD0553,UNIPD/PASPORT,0.0
sub-STUNIPD0556,UNIPD/PASPORT,0.0
sub-STUNIPD0557,UNIPD/PASPORT,0.000328515111695138
sub-STUNIPD0558,UNIPD/PASPORT,1.0
sub-STUNIPD0559,UNIPD/PASPORT,0.00013917884481558804
sub-STUNIPD0560,UNIPD/PASPORT,0.0006050129645635263
sub-STUNIPD0561,UNIPD/PASPORT,0.0
sub-STUNIPD0562,UNIPD/PASPORT,0.0
sub-STUNIPD0563,UNIPD/PASPORT,0.0
sub-STUNIPD0564,UNIPD/PASPORT,0.0008895101340618845
sub-STUNIPD0565,UNIPD/PASPORT,0.0019208195496745277
sub-STUNIPD0567,UNIPD/PASPORT,0.0028694404591104736
sub-STUNIPD0568,UNIPD/PASPORT,0.0
sub-STUNIPD0571,UNIPD/PASPORT,0.001197365795250449
sub-STUNIPD0573,UNIPD/PASPORT,0.0
sub-STUNIPD0574,UNIPD/PASPORT,0.001303780964797914
sub-STUNIPD0575,UNIPD/PASPORT,0.0
sub-STUNIPD0576,UNIPD/PASPORT,0.0002156876842332303
sub-STUNIPD0577,UNIPD/PASPORT,0.0
sub-STUNIPD0578,UNIPD/PASPORT,0.0011898564735628764
sub-STUNIPD0580,UNIPD/PASPORT,0.005811540058115401
sub-STUNIPD0583,UNIPD/PASPORT,0.025508889461479
sub-STUNIPD0584,UNIPD/PASPORT,0.0
sub-STUNIPD0585,UNIPD/PASPORT,0.0
sub-STUNIPD0252,UNIPD/PSP,0.008381689232753063
sub-STUNIPD0253,UNIPD/PSP,0.0006238303181534623
sub-STUNIPD0254,UNIPD/PSP,0.0008451044307618013
sub-STUNIPD0255,UNIPD/PSP,0.017875920084121977
sub-STUNIPD0256,UNIPD/PSP,0.0
sub-STUNIPD0257,UNIPD/PSP,0.0
sub-STUNIPD0258,UNIPD/PSP,0.02813080108524918
sub-STUNIPD0259,UNIPD/PSP,0.0
sub-STUNIPD0260,UNIPD/PSP,0.00803385256960628
sub-STUNIPD0261,UNIPD/PSP,0.0
sub-STUNIPD0262,UNIPD/PSP,0.0
sub-STUNIPD0264,UNIPD/PSP,0.0
sub-STUNIPD0265,UNIPD/PSP,0.0
sub-STUNIPD0266,UNIPD/PSP,0.0
sub-STUNIPD0267,UNIPD/PSP,0.0
sub-STUNIPD0268,UNIPD/PSP,0.0
sub-STUNIPD0270,UNIPD/PSP,0.0
sub-STUNIPD0271,UNIPD/PSP,0.0
sub-STUNIPD0272,UNIPD/PSP,0.0
sub-STUNIPD0273,UNIPD/PSP,0.0
sub-STUNIPD0274,UNIPD/PSP,0.0
sub-STUNIPD0275,UNIPD/PSP,0.0
sub-STUNIPD0276,UNIPD/PSP,0.0
sub-STUNIPD0277,UNIPD/PSP,0.0
sub-STUNIPD0278,UNIPD/PSP,0.0
sub-STUNIPD0279,UNIPD/PSP,0.0
sub-STUNIPD0280,UNIPD/PSP,0.0
sub-STUNIPD0281,UNIPD/PSP,0.0
sub-STUNIPD0282,UNIPD/PSP,9.121590805436468e-05
sub-STUNIPD0283,UNIPD/PSP,0.0
sub-STUNIPD0284,UNIPD/PSP,0.0004745183638606814
sub-STUNIPD0285,UNIPD/PSP,0.04491017964071856
sub-STUNIPD0286,UNIPD/PSP,0.0
sub-STUNIPD0287,UNIPD/PSP,0.0
sub-STUNIPD0288,UNIPD/PSP,0.0
sub-STUNIPD0289,UNIPD/PSP,0.0642009769713887
sub-STUNIPD0290,UNIPD/PSP,0.01906832817596387
sub-STUNIPD0291,UNIPD/PSP,0.004883654122378627
sub-STUNIPD0292,UNIPD/PSP,0.0
sub-STUNIPD0293,UNIPD/PSP,0.0
sub-STUNIPD0295,UNIPD/PSP,0.0
sub-STUNIPD0296,UNIPD/PSP,0.0
sub-STUNIPD0297,UNIPD/PSP,0.005569837189374464
sub-STUNIPD0299,UNIPD/PSP,0.0
sub-STUNIPD0300,UNIPD/PSP,0.0
sub-STUNIPD0303,UNIPD/PSP,0.0
sub-STUNIPD0304,UNIPD/PSP,0.000488162069807176
sub-STUNIPD0305,UNIPD/PSP,0.0
sub-STUNIPD0306,UNIPD/PSP,0.0004363001745200698
sub-STUNIPD0308,UNIPD/PSP,0.0
sub-STUNIPD0309,UNIPD/PSP,0.0
sub-STUNIPD0310,UNIPD/PSP,0.0
sub-STUNIPD0311,UNIPD/PSP,0.0
sub-STUNIPD0312,UNIPD/PSP,0.0
sub-STUNIPD0313,UNIPD/PSP,0.0
sub-STUNIPD0314,UNIPD/PSP,0.0
sub-STUNIPD0315,UNIPD/PSP,0.0
sub-STUNIPD0317,UNIPD/PSP,0.0
sub-STUNIPD0318,UNIPD/PSP,0.0
sub-STUNIPD0319,UNIPD/PSP,0.0
sub-STUNIPD0320,UNIPD/PSP,0.0
sub-STUNIPD0322,UNIPD/PSP,0.0
sub-STUNIPD0323,UNIPD/PSP,0.0018450184501845018
sub-STUNIPD0325,UNIPD/PSP,0.0
sub-STUNIPD0326,UNIPD/PSP,0.0054466230936819175
sub-STUNIPD0327,UNIPD/PSP,0.0
sub-STUNIPD0329,UNIPD/PSP,0.0
sub-STUNIPD0330,UNIPD/PSP,0.0
sub-STUNIPD0332,UNIPD/PSP,0.0
sub-STUNIPD0333,UNIPD/PSP,0.0
sub-STUNIPD0335,UNIPD/PSP,0.007835455435847209
sub-STUNIPD0336,UNIPD/PSP,0.0
sub-STUNIPD0338,UNIPD/PSP,0.0
sub-STUNIPD0341,UNIPD/PSP,0.056179775280898875
sub-STUNIPD0342,UNIPD/PSP,0.0
sub-STUNIPD0343,UNIPD/PSP,0.0
sub-STUNIPD0344,UNIPD/PSP,0.0003094059405940594
sub-STUNIPD0345,UNIPD/PSP,0.0039372392313568785
sub-STUNIPD0346,UNIPD/PSP,0.0
sub-STUNIPD0348,UNIPD/PSP,0.0
sub-STUNIPD0349,UNIPD/PSP,0.0
sub-STUNIPD0350,UNIPD/PSP,0.0
sub-STUNIPD0352,UNIPD/PSP,0.012490815576781777
sub-STUNIPD0353,UNIPD/PSP,0.0
sub-STUNIPD0355,UNIPD/PSP,0.0
sub-STUNIPD0357,UNIPD/PSP,0.005215675218494502
sub-STUNIPD0358,UNIPD/PSP,0.002094554159186116
sub-STUNIPD0359,UNIPD/PSP,0.0
sub-STUNIPD0360,UNIPD/PSP,0.009913085971587141
sub-STUNIPD0361,UNIPD/PSP,0.0
sub-STUNIPD0366,UNIPD/PSP,0.0
sub-STUNIPD0368,UNIPD/PSP,0.016415199776473877
sub-STUNIPD0369,UNIPD/PSP,0.0
sub-STUNIPD0371,UNIPD/PSP,0.0
sub-STUNIPD0372,UNIPD/PSP,0.0
sub-STUNIPD0373,UNIPD/PSP,0.0
sub-STUNIPD0375,UNIPD/PSP,0.0
sub-STUNIPD0376,UNIPD/PSP,0.0
sub-STUNIPD0377,UNIPD/PSP,0.0
sub-STUNIPD0378,UNIPD/PSP,0.0
sub-STUNIPD0380,UNIPD/PSP,0.00030175015087507544
sub-STUNIPD0381,UNIPD/PSP,0.0
sub-STUNIPD0383,UNIPD/PSP,0.0
sub-STUNIPD0384,UNIPD/PSP,0.0
sub-STUNIPD0386,UNIPD/PSP,0.00958243800452988
sub-STUNIPD0387,UNIPD/PSP,0.0
sub-STUNIPD0388,UNIPD/PSP,0.0
sub-STUNIPD0389,UNIPD/PSP,0.0
sub-STUNIPD0390,UNIPD/PSP,0.01059487624837169
sub-STUNIPD0391,UNIPD/PSP,0.0
sub-STUNIPD0392,UNIPD/PSP,0.0
sub-STUNIPD0393,UNIPD/PSP,0.0
sub-STUNIPD0394,UNIPD/PSP,0.0
sub-STUNIPD0395,UNIPD/PSP,0.0
sub-STUNIPD0396,UNIPD/PSP,0.011289823693164244
sub-STUNIPD0397,UNIPD/PSP,0.0
sub-STUNIPD0399,UNIPD/PSP,0.0
sub-STUNIPD0400,UNIPD/PSP,0.0
sub-STUNIPD0401,UNIPD/PSP,0.0
sub-STUNIPD0402,UNIPD/PSP,0.0
sub-STUNIPD0403,UNIPD/PSP,0.0
sub-STUNIPD0405,UNIPD/PSP,0.0
sub-STUNIPD0407,UNIPD/PSP,0.0
sub-STUNIPD0408,UNIPD/PSP,0.0010564620260593966
sub-STUNIPD0410,UNIPD/PSP,0.001990049751243781
sub-STUNIPD0412,UNIPD/PSP,0.0
sub-STUNIPD0414,UNIPD/PSP,0.0005729838132072769
sub-STUNIPD0416,UNIPD/PSP,0.0
sub-STUNIPD0417,UNIPD/PSP,0.0189873417721519
sub-STUNIPD0418,UNIPD/PSP,0.0
sub-STUNIPD0419,UNIPD/PSP,0.0
sub-STUNIPD0420,UNIPD/PSP,0.0
sub-STUNIPD0422,UNIPD/PSP,0.0
sub-STUNIPD0423,UNIPD/PSP,0.0
sub-STUNIPD0424,UNIPD/PSP,0.017097562099635928
sub-STUNIPD0426,UNIPD/PSP,0.001982721994051834
sub-STUNIPD0429,UNIPD/PSP,0.0
sub-STUNIPD0432,UNIPD/PSP,0.0
sub-STUNIPD0433,UNIPD/PSP,0.00030003000300030005
sub-STUNIPD0435,UNIPD/PSP,0.0
sub-STUNIPD0436,UNIPD/PSP,0.0
sub-STUNIPD0437,UNIPD/PSP,0.0
sub-STUNIPD0438,UNIPD/PSP,0.0026839633191679713
sub-STUNIPD0439,UNIPD/PSP,0.0
sub-STUNIPD0441,UNIPD/PSP,0.0
sub-STUNIPD0445,UNIPD/PSP,0.0
sub-STUNIPD0446,UNIPD/PSP,0.0
sub-STUNIPD0447,UNIPD/PSP,0.009735202492211837
sub-STUNIPD0449,UNIPD/PSP,0.0
sub-STUNIPD0450,UNIPD/PSP,0.0
sub-STUNIPD0451,UNIPD/PSP,0.0
sub-STUNIPD0453,UNIPD/PSP,0.00026143790849673205
sub-STUNIPD0454,UNIPD/PSP,0.0
sub-STUNIPD0456,UNIPD/PSP,0.0
sub-STUNIPD0459,UNIPD/PSP,0.0
sub-STUNIPD0463,UNIPD/PSP,0.0
sub-STUNIPD0466,UNIPD/PSP,0.015754560530679935
sub-STUNIPD0467,UNIPD/PSP,0.0031520882584712374
sub-STUNIPD0472,UNIPD/PSP,0.0001937046004842615
sub-STUNIPD0473,UNIPD/PSP,0.0
sub-STUNIPD0474,UNIPD/PSP,0.0
sub-STUNIPD0475,UNIPD/PSP,0.00032948929159802305
sub-STUNIPD0476,UNIPD/PSP,0.0
sub-STUNIPD0477,UNIPD/PSP,0.0
sub-STUNIPD0483,UNIPD/PSP,0.0065778184522107186
sub-STUNIPD0485,UNIPD/PSP,0.0032954961552544857
sub-STUNIPD0486,UNIPD/PSP,0.0
sub-STUNIPD0487,UNIPD/PSP,0.0
sub-STUKLFR0001,UKLFR/stroke_UKLFR,0.0036895506654368165
sub-STUKLFR0002,UKLFR/stroke_UKLFR,0.09771754636233952
sub-STUKLFR0003,UKLFR/stroke_UKLFR,0.005319148936170213
sub-STUKLFR0004,UKLFR/stroke_UKLFR,0.0
sub-STUKLFR0005,UKLFR/stroke_UKLFR,0.017142857142857144
sub-STUKLFR0006,UKLFR/stroke_UKLFR,0.0
sub-STUKLFR0007,UKLFR/stroke_UKLFR,0.01358695652173913
sub-STUKLFR0008,UKLFR/stroke_UKLFR,0.020902341519131926
sub-STUKLFR0009,UKLFR/stroke_UKLFR,0.003226847370119393
sub-STUKLFR0010,UKLFR/stroke_UKLFR,0.0
sub-STUKLFR0011,UKLFR/stroke_UKLFR,0.09266943291839558
sub-STUKLFR0012,UKLFR/stroke_UKLFR,0.0032679738562091504
sub-STUKLFR0013,UKLFR/stroke_UKLFR,0.037648612945838836
sub-STUKLFR0014,UKLFR/stroke_UKLFR,0.008563899868247694
sub-STUKLFR0015,UKLFR/stroke_UKLFR,0.009174311926605505
sub-STUKLFR0016,UKLFR/stroke_UKLFR,0.0
sub-STUKLFR0017,UKLFR/stroke_UKLFR,0.0
sub-STUKLFR0018,UKLFR/stroke_UKLFR,0.0
sub-STUKLFR0019,UKLFR/stroke_UKLFR,0.0
sub-STUKLFR0020,UKLFR/stroke_UKLFR,0.0
sub-STUKLFR0021,UKLFR/stroke_UKLFR,0.0
sub-STUKLFR0022,UKLFR/stroke_UKLFR,0.05933964442392057
sub-STUKLFR0023,UKLFR/stroke_UKLFR,0.0
sub-STUKLFR0024,UKLFR/stroke_UKLFR,0.0
sub-STUKLFR0025,UKLFR/stroke_UKLFR,0.01534660521689552
sub-STUKLFR0026,UKLFR/stroke_UKLFR,0.016605166051660517
sub-STUKLFR0027,UKLFR/stroke_UKLFR,0.0
sub-STUKLFR0028,UKLFR/stroke_UKLFR,0.0
sub-STUKLFR0029,UKLFR/stroke_UKLFR,0.0
sub-STUKLFR0031,UKLFR/stroke_UKLFR,0.022988505747126436
sub-STUKLFR0032,UKLFR/stroke_UKLFR,0.06131341425459073
sub-STUKLFR0033,UKLFR/stroke_UKLFR,0.07549962990377498
sub-STUKLFR0034,UKLFR/stroke_UKLFR,0.031139835487661575
sub-STUKLFR0035,UKLFR/stroke_UKLFR,0.0
sub-STUKLFR0036,UKLFR/stroke_UKLFR,0.0
sub-STUKLFR0037,UKLFR/stroke_UKLFR,0.00625
sub-STUKLFR0038,UKLFR/stroke_UKLFR,0.0
sub-STUKLFR0039,UKLFR/stroke_UKLFR,0.0
sub-STUKLFR0040,UKLFR/stroke_UKLFR,0.07209131075110456
sub-STUKLFR0041,UKLFR/stroke_UKLFR,0.0740943018387038
sub-STUKLFR0042,UKLFR/stroke_UKLFR,0.0
sub-STUKLFR0043,UKLFR/stroke_UKLFR,0.0
sub-STUKLFR0044,UKLFR/stroke_UKLFR,0.0
sub-STUKLFR0045,UKLFR/stroke_UKLFR,0.0
sub-STUKLFR0046,UKLFR/stroke_UKLFR,0.0011995201919232307
sub-STUKLFR0048,UKLFR/stroke_UKLFR,0.008675534991324466
sub-STUKLFR0049,UKLFR/stroke_UKLFR,0.0
sub-STUKLFR0050,UKLFR/stroke_UKLFR,0.002962962962962963
sub-STUKLFR0051,UKLFR/stroke_UKLFR,0.0
sub-STUKLFR0052,UKLFR/stroke_UKLFR,0.00819336337566571
sub-STUKLFR0053,UKLFR/stroke_UKLFR,0.030901561006690028
sub-STUKLFR0054,UKLFR/stroke_UKLFR,0.012099644128113879
sub-STUKLFR0055,UKLFR/stroke_UKLFR,0.019423558897243107
sub-STUKLFR0057,UKLFR/stroke_UKLFR,0.0
sub-STUKLFR0058,UKLFR/stroke_UKLFR,0.012755102040816327
sub-STUKLFR0059,UKLFR/stroke_UKLFR,0.005813953488372093
sub-STUKLFR0060,UKLFR/stroke_UKLFR,0.0008149959250203749
sub-STUKLFR0061,UKLFR/stroke_UKLFR,0.02796001249609497
sub-STUKLFR0063,UKLFR/stroke_UKLFR,0.0
sub-STUKLFR0064,UKLFR/stroke_UKLFR,0.0318130173673105
sub-STUKLFR0065,UKLFR/stroke_UKLFR,0.023173803526448364
sub-STUKLFR0066,UKLFR/stroke_UKLFR,0.0
sub-STUKLFR0067,UKLFR/stroke_UKLFR,0.03489096573208723
sub-STUKLFR0068,UKLFR/stroke_UKLFR,0.09550561797752809
sub-STUKLFR0070,UKLFR/stroke_UKLFR,0.0
sub-STUKLFR0071,UKLFR/stroke_UKLFR,0.0
sub-STUKLFR0072,UKLFR/stroke_UKLFR,0.00199203187250996
sub-STUKLFR0073,UKLFR/stroke_UKLFR,0.011778764083304883
sub-STUKLFR0074,UKLFR/stroke_UKLFR,0.007547169811320755
sub-STUKLFR0075,UKLFR/stroke_UKLFR,0.05385107062959412
sub-STUKLFR0076,UKLFR/stroke_UKLFR,0.0
sub-STUKLFR0077,UKLFR/stroke_UKLFR,0.0021413276231263384
sub-STUKLFR0078,UKLFR/stroke_UKLFR,0.09835294117647059
sub-STUKLFR0080,UKLFR/stroke_UKLFR,0.01910828025477707
sub-STUKLFR0081,UKLFR/stroke_UKLFR,0.001834862385321101
sub-STUKLFR0082,UKLFR/stroke_UKLFR,0.0
sub-STUKLFR0083,UKLFR/stroke_UKLFR,0.0
sub-STUKLFR0084,UKLFR/stroke_UKLFR,0.05054905705418954
sub-STUKLFR0086,UKLFR/stroke_UKLFR,0.007731958762886598
sub-STUKLFR0087,UKLFR/stroke_UKLFR,0.05256093632556641
sub-STUKLFR0088,UKLFR/stroke_UKLFR,0.0051292168080489245
sub-STUKLFR0089,UKLFR/stroke_UKLFR,0.0032733224222585926
sub-STUKLFR0090,UKLFR/stroke_UKLFR,0.0
sub-STUKLFR0091,UKLFR/stroke_UKLFR,0.05380434782608696
sub-STUKLFR0092,UKLFR/stroke_UKLFR,0.0
sub-STUKLFR0093,UKLFR/stroke_UKLFR,0.035816378005717166
sub-STUKLFR0094,UKLFR/stroke_UKLFR,0.09971014492753623
sub-STUKLFR0095,UKLFR/stroke_UKLFR,0.004857316332726169
sub-STUKLFR0096,UKLFR/stroke_UKLFR,0.17592592592592593
sub-STUKLFR0097,UKLFR/stroke_UKLFR,0.007700770077007701
sub-STUKLFR0098,UKLFR/stroke_UKLFR,0.0
sub-STUKLFR0099,UKLFR/stroke_UKLFR,0.0324003860471529
sub-STUKLFR0100,UKLFR/stroke_UKLFR,0.02273957769355712
sub-STUKLFR0101,UKLFR/stroke_UKLFR,0.0
sub-STUKLFR0102,UKLFR/stroke_UKLFR,0.0
sub-STUKLFR0103,UKLFR/stroke_UKLFR,0.0
sub-STUKLFR0104,UKLFR/stroke_UKLFR,0.009009009009009009
sub-STUKLFR0105,UKLFR/stroke_UKLFR,0.023435454307410317
sub-STUKLFR0106,UKLFR/stroke_UKLFR,0.025218914185639228
sub-STUKLFR0107,UKLFR/stroke_UKLFR,0.0
sub-STUKLFR0108,UKLFR/stroke_UKLFR,0.0
sub-STUKLFR0109,UKLFR/stroke_UKLFR,0.024096385542168676
sub-STUKLFR0110,UKLFR/stroke_UKLFR,0.04160519327235172
sub-STUKLFR0111,UKLFR/stroke_UKLFR,0.08922558922558922
sub-STUKLFR0112,UKLFR/stroke_UKLFR,0.0
sub-STUKLFR0113,UKLFR/stroke_UKLFR,0.009230769230769232
sub-STUKLFR0114,UKLFR/stroke_UKLFR,0.024768897341766554
sub-STUKLFR0115,UKLFR/stroke_UKLFR,0.024920312952767313
sub-STUKLFR0116,UKLFR/stroke_UKLFR,0.0
sub-STUKLFR0117,UKLFR/stroke_UKLFR,0.014366729678638942
sub-STUKLFR0118,UKLFR/stroke_UKLFR,0.017069701280227598
sub-STUKLFR0119,UKLFR/stroke_UKLFR,0.08050847457627118
sub-STUKLFR0120,UKLFR/stroke_UKLFR,0.01050420168067227
sub-STUKLFR0121,UKLFR/stroke_UKLFR,0.048298467174395066
sub-STUKLFR0122,UKLFR/stroke_UKLFR,0.10851808634772463
sub-STUKLFR0123,UKLFR/stroke_UKLFR,0.017115710009111024
sub-STUKLFR0124,UKLFR/stroke_UKLFR,0.02005926601322088
sub-STUKLFR0125,UKLFR/stroke_UKLFR,0.05996815849991155
sub-STUKLFR0126,UKLFR/stroke_UKLFR,0.09389538982095023
sub-STUKLFR0127,UKLFR/stroke_UKLFR,0.0
sub-STUKLFR0128,UKLFR/stroke_UKLFR,0.027726809378185526
sub-STUKLFR0129,UKLFR/stroke_UKLFR,0.025466893039049237
sub-STUKLFR0130,UKLFR/stroke_UKLFR,0.0032
sub-STUKLFR0132,UKLFR/stroke_UKLFR,0.0
sub-STUKLFR0133,UKLFR/stroke_UKLFR,0.02748414376321353
sub-STUKLFR0134,UKLFR/stroke_UKLFR,0.0
sub-STUKLFR0135,UKLFR/stroke_UKLFR,0.0
sub-STUKLFR0136,UKLFR/stroke_UKLFR,0.02881791483113069
sub-STUKLFR0137,UKLFR/stroke_UKLFR,0.058078927773641105
sub-STUKLFR0138,UKLFR/stroke_UKLFR,0.016185647425897037
sub-STUKLFR0139,UKLFR/stroke_UKLFR,0.01390134529147982
sub-STUKLFR0140,UKLFR/stroke_UKLFR,0.0
sub-STUKLFR0142,UKLFR/stroke_UKLFR,0.0
sub-STUKLFR0143,UKLFR/stroke_UKLFR,0.029850746268656716
sub-STUKLFR0144,UKLFR/stroke_UKLFR,0.0
sub-STUKLFR0146,UKLFR/stroke_UKLFR,0.0
sub-STUKLFR0147,UKLFR/stroke_UKLFR,0.020249344874136425
sub-STUKLFR0148,UKLFR/stroke_UKLFR,0.028393478659095073
sub-STUKLFR0149,UKLFR/stroke_UKLFR,0.0
sub-STUKLFR0150,UKLFR/stroke_UKLFR,0.06462024899545485
sub-STUKLFR0151,UKLFR/stroke_UKLFR,0.0014619883040935672
sub-STUKLFR0152,UKLFR/stroke_UKLFR,0.017220260825707902
sub-STUKLFR0153,UKLFR/stroke_UKLFR,0.0
sub-STUKLFR0154,UKLFR/stroke_UKLFR,0.0
sub-STUKLFR0155,UKLFR/stroke_UKLFR,0.06061401207032275
sub-STUKLFR0156,UKLFR/stroke_UKLFR,0.0
sub-STUKLFR0157,UKLFR/stroke_UKLFR,0.005185825410544511
sub-STUKLFR0158,UKLFR/stroke_UKLFR,0.09282337773957886
sub-STUKLFR0159,UKLFR/stroke_UKLFR,0.0
sub-STUKLFR0160,UKLFR/stroke_UKLFR,0.006514657980456026
sub-STUKLFR0161,UKLFR/stroke_UKLFR,0.10589390962671906
sub-STUKLFR0163,UKLFR/stroke_UKLFR,0.02441425477456192
sub-STUKLFR0164,UKLFR/stroke_UKLFR,0.04451085246932998
sub-STUKLFR0165,UKLFR/stroke_UKLFR,0.0516887266088544
sub-STUKLFR0166,UKLFR/stroke_UKLFR,0.002577319587628866
sub-STUKLFR0167,UKLFR/stroke_UKLFR,0.0035335689045936395
sub-STUKLFR0168,UKLFR/stroke_UKLFR,0.024806201550387597
sub-STUKLFR0169,UKLFR/stroke_UKLFR,0.02334267040149393
sub-STUKLFR0170,UKLFR/stroke_UKLFR,0.03414634146341464
sub-STUKLFR0171,UKLFR/stroke_UKLFR,0.0
sub-STUKLFR0172,UKLFR/stroke_UKLFR,0.017431037400575392
sub-STUKLFR0173,UKLFR/stroke_UKLFR,0.020742548370228344
sub-STUKLFR0174,UKLFR/stroke_UKLFR,0.0
sub-STUKLFR0175,UKLFR/stroke_UKLFR,0.0
sub-STUKLFR0176,UKLFR/stroke_UKLFR,0.0070921985815602835
sub-STUKLFR0177,UKLFR/stroke_UKLFR,0.0
sub-STUKLFR0178,UKLFR/stroke_UKLFR,0.0
sub-STUKLFR0179,UKLFR/stroke_UKLFR,0.021400778210116732
sub-STUKLFR0180,UKLFR/stroke_UKLFR,0.0
sub-STUKLFR0181,UKLFR/stroke_UKLFR,0.0
sub-STUKLFR0182,UKLFR/stroke_UKLFR,0.003605769230769231
sub-STUKLFR0183,UKLFR/stroke_UKLFR,0.003952569169960474
sub-STUKLFR0185,UKLFR/stroke_UKLFR,0.03479460453709381
sub-STUKLFR0186,UKLFR/stroke_UKLFR,0.025080306399802323
sub-STUKLFR0187,UKLFR/stroke_UKLFR,0.010212765957446808
sub-STUKLFR0188,UKLFR/stroke_UKLFR,0.06423306423306423
sub-STUKLFR0189,UKLFR/stroke_UKLFR,0.0
sub-STUKLFR0190,UKLFR/stroke_UKLFR,0.07191551931559952
sub-STUKLFR0191,UKLFR/stroke_UKLFR,0.06649874055415617
sub-STUKLFR0192,UKLFR/stroke_UKLFR,0.011325659116227255
sub-STUKLFR0193,UKLFR/stroke_UKLFR,0.0
sub-STUKLFR0194,UKLFR/stroke_UKLFR,0.004301075268817204
sub-STUKLFR0195,UKLFR/stroke_UKLFR,0.016088060965283656
sub-STUKLFR0196,UKLFR/stroke_UKLFR,0.011673151750972763
sub-STUKLFR0197,UKLFR/stroke_UKLFR,0.02046783625730994
sub-STUKLFR0198,UKLFR/stroke_UKLFR,0.0
sub-STUKLFR0199,UKLFR/stroke_UKLFR,0.0
sub-STUKLFR0200,UKLFR/stroke_UKLFR,0.030927835051546393
sub-STUKLFR0201,UKLFR/stroke_UKLFR,0.06229086229086229
sub-STUKLFR0202,UKLFR/stroke_UKLFR,0.021994134897360705
sub-STUKLFR0203,UKLFR/stroke_UKLFR,0.03332760694038825
sub-STUKLFR0204,UKLFR/stroke_UKLFR,0.0
sub-STUKLFR0205,UKLFR/stroke_UKLFR,0.014727540500736377
sub-STUKLFR0206,UKLFR/stroke_UKLFR,0.012048192771084338
sub-STUKLFR0207,UKLFR/stroke_UKLFR,0.01741654571843251
sub-STUKLFR0208,UKLFR/stroke_UKLFR,0.05427798444369293
sub-STUKLFR0209,UKLFR/stroke_UKLFR,0.0071339397182093815
sub-STUKLFR0210,UKLFR/stroke_UKLFR,0.013719987527284067
sub-STUKLFR0211,UKLFR/stroke_UKLFR,0.0029585798816568047
sub-STUKLFR0212,UKLFR/stroke_UKLFR,0.2459016393442623
sub-STUKLFR0213,UKLFR/stroke_UKLFR,0.026427061310782242
sub-STUKLFR0214,UKLFR/stroke_UKLFR,0.049804141018466704
sub-STUKLFR0215,UKLFR/stroke_UKLFR,0.05733333333333333
sub-STUKLFR0216,UKLFR/stroke_UKLFR,0.0
sub-STUKLFR0217,UKLFR/stroke_UKLFR,0.043400228422254855
sub-STUKLFR0218,UKLFR/stroke_UKLFR,0.0
sub-STUKLFR0219,UKLFR/stroke_UKLFR,0.030959752321981424
sub-STUKLFR0220,UKLFR/stroke_UKLFR,0.0
sub-STUKLFR0221,UKLFR/stroke_UKLFR,0.0021141649048625794
sub-STUKLFR0222,UKLFR/stroke_UKLFR,0.06422018348623854
sub-STUKLFR0223,UKLFR/stroke_UKLFR,0.001693480101608806
sub-STUKLFR0224,UKLFR/stroke_UKLFR,0.013972055888223553
sub-STUKLFR0225,UKLFR/stroke_UKLFR,0.0
sub-STUKLFR0226,UKLFR/stroke_UKLFR,0.032
sub-STUKLFR0227,UKLFR/stroke_UKLFR,0.7631379962192817
sub-STUKLFR0228,UKLFR/stroke_UKLFR,0.004329004329004329
sub-STUKLFR0229,UKLFR/stroke_UKLFR,0.001224739742804654
sub-STUKLFR0230,UKLFR/stroke_UKLFR,0.0
sub-STUKLFR0231,UKLFR/stroke_UKLFR,0.09987228607918264
sub-STUKLFR0232,UKLFR/stroke_UKLFR,0.05239179954441914
sub-STUKLFR0233,UKLFR/stroke_UKLFR,0.01399825021872266
sub-STUKLFR0234,UKLFR/stroke_UKLFR,0.003663003663003663
sub-STUKLFR0235,UKLFR/stroke_UKLFR,0.041353383458646614
sub-STUKLFR0236,UKLFR/stroke_UKLFR,0.014487870619946091
sub-STUKLFR0237,UKLFR/stroke_UKLFR,0.009596161535385846
sub-STUKLFR0238,UKLFR/stroke_UKLFR,0.048668032786885244
sub-STUKLFR0239,UKLFR/stroke_UKLFR,0.0
sub-STUKLFR0240,UKLFR/stroke_UKLFR,0.0592821304515631
sub-STUKLFR0241,UKLFR/stroke_UKLFR,0.007582938388625593
sub-STUKLFR0242,UKLFR/stroke_UKLFR,0.028985507246376812
sub-STUKLFR0243,UKLFR/stroke_UKLFR,0.0
sub-STUKLFR0244,UKLFR/stroke_UKLFR,0.16877637130801687
sub-STUKLFR0245,UKLFR/stroke_UKLFR,0.0
sub-STUKLFR0246,UKLFR/stroke_UKLFR,0.0
sub-STUKLFR0247,UKLFR/stroke_UKLFR,0.1404460518384569
sub-STUKLFR0248,UKLFR/stroke_UKLFR,0.10230179028132992
sub-STUKLFR0249,UKLFR/stroke_UKLFR,0.004830917874396135
sub-STUKLFR0250,UKLFR/stroke_UKLFR,0.0
sub-STUKLFR0251,UKLFR/stroke_UKLFR,0.0
sub-STUKLFR0252,UKLFR/stroke_UKLFR,0.040012569393526765
sub-STUKLFR0253,UKLFR/stroke_UKLFR,0.0
sub-STUKLFR0254,UKLFR/stroke_UKLFR,0.0
sub-STUKLFR0255,UKLFR/stroke_UKLFR,0.018607123870281767
sub-STUKLFR0256,UKLFR/stroke_UKLFR,0.04716759907540786
sub-STUKLFR0257,UKLFR/stroke_UKLFR,0.01485148514851485
sub-STUKLFR0258,UKLFR/stroke_UKLFR,0.00928347280334728
sub-STUKLFR0259,UKLFR/stroke_UKLFR,0.005128205128205128
sub-STUKLFR0260,UKLFR/stroke_UKLFR,0.0
sub-STUKLFR0261,UKLFR/stroke_UKLFR,0.04287280701754386
sub-STUKLFR0262,UKLFR/stroke_UKLFR,0.01630462301888703
sub-STUKLFR0263,UKLFR/stroke_UKLFR,0.009122502172024326
sub-STUKLFR0264,UKLFR/stroke_UKLFR,0.0049261083743842365
sub-STUKLFR0265,UKLFR/stroke_UKLFR,0.0060790273556231
sub-STUKLFR0267,UKLFR/stroke_UKLFR,0.0
sub-STUKLFR0268,UKLFR/stroke_UKLFR,0.0
sub-STUKLFR0269,UKLFR/stroke_UKLFR,0.012987012987012988
sub-STUKLFR0270,UKLFR/stroke_UKLFR,0.023398032438181334
sub-STUKLFR0271,UKLFR/stroke_UKLFR,0.13239074550128535
sub-STUKLFR0272,UKLFR/stroke_UKLFR,0.0
sub-STUKLFR0273,UKLFR/stroke_UKLFR,0.0041459369817578775
sub-STUKLFR0274,UKLFR/stroke_UKLFR,0.0
sub-STUKLFR0275,UKLFR/stroke_UKLFR,0.0077279752704791345
sub-STUKLFR0276,UKLFR/stroke_UKLFR,0.0
sub-STUKLFR0277,UKLFR/stroke_UKLFR,0.08873720136518772
sub-STUKLFR0278,UKLFR/stroke_UKLFR,0.005357142857142857
sub-STUKLFR0279,UKLFR/stroke_UKLFR,0.027490653177919506
sub-STUKLFR0280,UKLFR/stroke_UKLFR,0.0
sub-STUKLFR0281,UKLFR/stroke_UKLFR,0.058143734200072225
sub-STUKLFR0282,UKLFR/stroke_UKLFR,0.0
sub-STUKLFR0283,UKLFR/stroke_UKLFR,0.061885245901639345
sub-STUKLFR0284,UKLFR/stroke_UKLFR,0.03372093023255814
sub-STUKLFR0285,UKLFR/stroke_UKLFR,0.0
sub-STUKLFR0286,UKLFR/stroke_UKLFR,0.007521255722694572
sub-STUKLFR0287,UKLFR/stroke_UKLFR,0.029927575267851798
sub-STUKLFR0288,UKLFR/stroke_UKLFR,0.007369614512471655
sub-STUKLFR0289,UKLFR/stroke_UKLFR,0.0
sub-STUKLFR0290,UKLFR/stroke_UKLFR,0.0012815036309269544
sub-STUKLFR0292,UKLFR/stroke_UKLFR,0.009070294784580499
sub-STUKLFR0293,UKLFR/stroke_UKLFR,0.007832898172323759
sub-STUKLFR0294,UKLFR/stroke_UKLFR,0.02554278416347382
sub-STUKLFR0295,UKLFR/stroke_UKLFR,0.008676789587852495
sub-STUKLFR0296,UKLFR/stroke_UKLFR,0.0
sub-STUKLFR0297,UKLFR/stroke_UKLFR,0.0
sub-STUKLFR0298,UKLFR/stroke_UKLFR,0.06855345911949685
sub-STUKLFR0299,UKLFR/stroke_UKLFR,0.0
sub-STUKLFR0300,UKLFR/stroke_UKLFR,0.02517162471395881
sub-STUKLFR0301,UKLFR/stroke_UKLFR,0.01718213058419244
sub-STUKLFR0302,UKLFR/stroke_UKLFR,0.10477178423236515
sub-STUKLFR0303,UKLFR/stroke_UKLFR,0.0
sub-STUKLFR0304,UKLFR/stroke_UKLFR,0.02232188360004077
sub-STUKLFR0305,UKLFR/stroke_UKLFR,0.0069124423963133645
sub-STUKLFR0306,UKLFR/stroke_UKLFR,0.0
sub-STUKLFR0307,UKLFR/stroke_UKLFR,0.0005279831045406547
sub-STUKLFR0308,UKLFR/stroke_UKLFR,0.012626262626262626
sub-STUKLFR0309,UKLFR/stroke_UKLFR,0.0010090817356205853
sub-STUKLFR0310,UKLFR/stroke_UKLFR,0.05741626794258373
sub-STUKLFR0311,UKLFR/stroke_UKLFR,0.007874015748031496
sub-STUKLFR0312,UKLFR/stroke_UKLFR,0.04720291749810775
sub-STUKLFR0313,UKLFR/stroke_UKLFR,0.02817936780200931
sub-STUKLFR0314,UKLFR/stroke_UKLFR,0.0
sub-STUKLFR0315,UKLFR/stroke_UKLFR,0.0
sub-STUKLFR0316,UKLFR/stroke_UKLFR,0.010852713178294573
sub-STUKLFR0317,UKLFR/stroke_UKLFR,0.055232558139534885
sub-STUKLFR0318,UKLFR/stroke_UKLFR,0.014864362690449646
sub-STUKLFR0319,UKLFR/stroke_UKLFR,0.06729131175468483
sub-STUKLFR0320,UKLFR/stroke_UKLFR,0.016733443318406788
sub-STUKLFR0321,UKLFR/stroke_UKLFR,0.003010597302504817
sub-STUKLFR0322,UKLFR/stroke_UKLFR,0.058852475150083655
sub-STUKLFR0323,UKLFR/stroke_UKLFR,0.1772853185595568
sub-STUKLFR0324,UKLFR/stroke_UKLFR,0.0
sub-STUKLFR0325,UKLFR/stroke_UKLFR,0.0
sub-STUKLFR0326,UKLFR/stroke_UKLFR,0.0
sub-STUKLFR0327,UKLFR/stroke_UKLFR,0.0
sub-STUKLFR0328,UKLFR/stroke_UKLFR,0.11542857142857142
sub-STUKLFR0329,UKLFR/stroke_UKLFR,0.03438809774749381
sub-STUKLFR0330,UKLFR/stroke_UKLFR,0.0012706480304955528
sub-STUKLFR0331,UKLFR/stroke_UKLFR,0.0
sub-STUKLFR0332,UKLFR/stroke_UKLFR,0.04512820512820513
sub-STUKLFR0333,UKLFR/stroke_UKLFR,0.005860579888957434
sub-STUKLFR0334,UKLFR/stroke_UKLFR,0.04604019927847449
sub-STUKLFR0335,UKLFR/stroke_UKLFR,0.0748822605965463
sub-STUKLFR0336,UKLFR/stroke_UKLFR,0.016645326504481434
sub-STUKLFR0337,UKLFR/stroke_UKLFR,0.04333552199606041
sub-STUKLFR0338,UKLFR/stroke_UKLFR,0.11788939946125812
sub-STUKLFR0339,UKLFR/stroke_UKLFR,0.008733254197049347
sub-STUKLFR0340,UKLFR/stroke_UKLFR,0.007280139778683751
sub-STUKLFR0341,UKLFR/stroke_UKLFR,0.07746478873239436
sub-STUKLFR0342,UKLFR/stroke_UKLFR,0.0
sub-STUKLFR0343,UKLFR/stroke_UKLFR,0.023613568187062534
sub-STUKLFR0344,UKLFR/stroke_UKLFR,0.061467889908256884
sub-STUKLFR0345,UKLFR/stroke_UKLFR,0.040786361040867934
sub-STUKLFR0346,UKLFR/stroke_UKLFR,0.006227758007117438
sub-STUKLFR0347,UKLFR/stroke_UKLFR,0.019410496046010063
sub-STUKLFR0348,UKLFR/stroke_UKLFR,0.0
sub-STUKLFR0349,UKLFR/stroke_UKLFR,0.009327548806941432
sub-STUKLFR0350,UKLFR/stroke_UKLFR,0.00347407803313736
sub-STUKLFR0351,UKLFR/stroke_UKLFR,0.021994134897360705
sub-STUKLFR0354,UKLFR/stroke_UKLFR,0.00202020202020202
sub-STUKLFR0355,UKLFR/stroke_UKLFR,0.014925373134328358
sub-STUKLFR0356,UKLFR/stroke_UKLFR,0.05236508994003997
sub-STUKLFR0357,UKLFR/stroke_UKLFR,0.06545539249941766
sub-STUKLFR0358,UKLFR/stroke_UKLFR,0.054119061936259774
sub-STUKLFR0359,UKLFR/stroke_UKLFR,0.16656362062569557
sub-STUKLFR0360,UKLFR/stroke_UKLFR,0.042732166890982505
sub-STUKLFR0361,UKLFR/stroke_UKLFR,0.020101588673943585
sub-STUKLFR0362,UKLFR/stroke_UKLFR,0.02725177837891995
sub-STUKLFR0363,UKLFR/stroke_UKLFR,0.04290466903751291
sub-STUKLFR0364,UKLFR/stroke_UKLFR,0.008756567425569177
sub-STUKLFR0365,UKLFR/stroke_UKLFR,0.0
sub-STUKLFR0367,UKLFR/stroke_UKLFR,0.0024009603841536613
sub-STUKLFR0368,UKLFR/stroke_UKLFR,0.03500055205918074
sub-STUKLFR0369,UKLFR/stroke_UKLFR,0.11177347242921014
sub-STUKLFR0370,UKLFR/stroke_UKLFR,0.030346524502768094
sub-STUKLFR0371,UKLFR/stroke_UKLFR,0.014478948371118308
sub-STUKLFR0372,UKLFR/stroke_UKLFR,0.038395274427762735
sub-STUKLFR0373,UKLFR/stroke_UKLFR,0.03248099516240498
sub-STUKLFR0374,UKLFR/stroke_UKLFR,0.0
sub-STUKLFR0375,UKLFR/stroke_UKLFR,0.015665796344647518
sub-STUKLFR0376,UKLFR/stroke_UKLFR,0.00012503125781445363
sub-STUKLFR0377,UKLFR/stroke_UKLFR,0.013445378151260505
sub-STUKLFR0378,UKLFR/stroke_UKLFR,0.0
sub-STUKLFR0379,UKLFR/stroke_UKLFR,0.08305084745762711
sub-STUKLFR0380,UKLFR/stroke_UKLFR,0.08605600933488915
sub-STUKLFR0381,UKLFR/stroke_UKLFR,0.06209150326797386
sub-STUKLFR0382,UKLFR/stroke_UKLFR,0.011602922217447357
sub-STUKLFR0383,UKLFR/stroke_UKLFR,0.0
sub-STUKLFR0384,UKLFR/stroke_UKLFR,0.0
sub-STUKLFR0385,UKLFR/stroke_UKLFR,0.00563329093221879
sub-STUKLFR0386,UKLFR/stroke_UKLFR,0.022323571771483437
sub-STUKLFR0387,UKLFR/stroke_UKLFR,0.0
sub-STUKLFR0388,UKLFR/stroke_UKLFR,0.0684931506849315
sub-STUKLFR0389,UKLFR/stroke_UKLFR,0.04500316923727023
sub-STUKLFR0390,UKLFR/stroke_UKLFR,0.07293453041460708
sub-STUKLFR0391,UKLFR/stroke_UKLFR,0.0
sub-STUKLFR0392,UKLFR/stroke_UKLFR,0.021532205895943075
sub-STUKLFR0393,UKLFR/stroke_UKLFR,0.050673946425524655
sub-STUKLFR0394,UKLFR/stroke_UKLFR,0.0
sub-STUKLFR0395,UKLFR/stroke_UKLFR,0.06798457087753135
sub-STUKLFR0396,UKLFR/stroke_UKLFR,0.02631578947368421
sub-STUKLFR0397,UKLFR/stroke_UKLFR,0.006610576923076923
sub-STUKLFR0398,UKLFR/stroke_UKLFR,0.06724137931034482
sub-STUKLFR0399,UKLFR/stroke_UKLFR,0.07604895104895106
sub-STUKLFR0400,UKLFR/stroke_UKLFR,0.0074554294975688815
sub-STUKLFR0401,UKLFR/stroke_UKLFR,0.007069408740359897
sub-STUKLFR0402,UKLFR/stroke_UKLFR,0.0049504950495049506
sub-STUKLFR0403,UKLFR/stroke_UKLFR,0.008862206975414523
sub-STUKLFR0404,UKLFR/stroke_UKLFR,0.0430909698251865
sub-STUKLFR0406,UKLFR/stroke_UKLFR,0.04756380510440835
sub-STUKLFR0407,UKLFR/stroke_UKLFR,0.1275698471270427
sub-STUKLFR0408,UKLFR/stroke_UKLFR,0.0
sub-STUKLFR0409,UKLFR/stroke_UKLFR,0.06301297325920042
sub-STUKLFR0411,UKLFR/stroke_UKLFR,0.0
sub-STUKLFR0412,UKLFR/stroke_UKLFR,0.02467443454420836
sub-STUKLFR0413,UKLFR/stroke_UKLFR,0.0
sub-STUKLFR0414,UKLFR/stroke_UKLFR,0.0
sub-STUKLFR0415,UKLFR/stroke_UKLFR,0.15303430079155672
sub-STUKLFR0416,UKLFR/stroke_UKLFR,0.02247191011235955
sub-STUKLFR0417,UKLFR/stroke_UKLFR,0.0
sub-STUKLFR0418,UKLFR/stroke_UKLFR,0.0013764624913971094
sub-STUKLFR0419,UKLFR/stroke_UKLFR,0.011385011385011384
sub-STUKLFR0420,UKLFR/stroke_UKLFR,0.03642671292281006
sub-STUKLFR0421,UKLFR/stroke_UKLFR,0.009009009009009009
sub-STUKLFR0422,UKLFR/stroke_UKLFR,0.058238154472464096
sub-STUKLFR0423,UKLFR/stroke_UKLFR,0.0
sub-STUKLFR0425,UKLFR/stroke_UKLFR,0.012331180270111567
sub-STUKLFR0426,UKLFR/stroke_UKLFR,0.003998223011994669
sub-STUKLFR0427,UKLFR/stroke_UKLFR,0.0
sub-STUKLFR0428,UKLFR/stroke_UKLFR,0.043740573152337855
sub-STUKLFR0430,UKLFR/stroke_UKLFR,0.013957676722197209
sub-STUKLFR0431,UKLFR/stroke_UKLFR,0.0
sub-STUKLFR0432,UKLFR/stroke_UKLFR,0.0
sub-STUKLFR0433,UKLFR/stroke_UKLFR,0.05732801595214357
sub-STUKLFR0434,UKLFR/stroke_UKLFR,0.05427509293680297
sub-STUKLFR0435,UKLFR/stroke_UKLFR,0.062007227332457296
sub-STUKLFR0436,UKLFR/stroke_UKLFR,0.001725625539257981
sub-STUKLFR0437,UKLFR/stroke_UKLFR,0.0
sub-STUKLFR0438,UKLFR/stroke_UKLFR,0.009880028228652082
sub-STUKLFR0439,UKLFR/stroke_UKLFR,0.023161189358372455
sub-STUKLFR0440,UKLFR/stroke_UKLFR,0.024707339036470058
sub-STUKLFR0441,UKLFR/stroke_UKLFR,0.014751368070425886
sub-STUKLFR0442,UKLFR/stroke_UKLFR,0.0
sub-STUKLFR0443,UKLFR/stroke_UKLFR,0.1314508276533593
sub-STUKLFR0444,UKLFR/stroke_UKLFR,0.03546419697311949
sub-STUKLFR0445,UKLFR/stroke_UKLFR,0.0
sub-STUKLFR0446,UKLFR/stroke_UKLFR,0.01888888888888889
sub-STUKLFR0447,UKLFR/stroke_UKLFR,0.012704174228675136
sub-STUKLFR0448,UKLFR/stroke_UKLFR,0.014453961456102784
sub-STUKLFR0449,UKLFR/stroke_UKLFR,0.06410045961917268
sub-STUKLFR0450,UKLFR/stroke_UKLFR,0.04837852206273259
sub-STUKLFR0451,UKLFR/stroke_UKLFR,0.026757188498402557
sub-STUKLFR0452,UKLFR/stroke_UKLFR,0.0
sub-STUKLFR0453,UKLFR/stroke_UKLFR,0.009898376666226739
sub-STUKLFR0455,UKLFR/stroke_UKLFR,0.015917602996254682
sub-STUKLFR0456,UKLFR/stroke_UKLFR,0.0011801730920535012
sub-STUKLFR0457,UKLFR/stroke_UKLFR,0.02127659574468085
sub-STUKLFR0458,UKLFR/stroke_UKLFR,0.0
sub-STUKLFR0459,UKLFR/stroke_UKLFR,0.006097560975609756
sub-STUKLFR0460,UKLFR/stroke_UKLFR,0.0040650406504065045
sub-STUKLFR0461,UKLFR/stroke_UKLFR,0.006944444444444444
sub-STUKLFR0462,UKLFR/stroke_UKLFR,0.03733528550512445
sub-STUKLFR0463,UKLFR/stroke_UKLFR,0.008045977011494253
sub-STUKLFR0464,UKLFR/stroke_UKLFR,0.0
sub-STUKLFR0465,UKLFR/stroke_UKLFR,0.04812119411852072
sub-STUKLFR0466,UKLFR/stroke_UKLFR,0.02007205352547607
sub-STUKLFR0467,UKLFR/stroke_UKLFR,0.0010449320794148381
sub-STUKLFR0468,UKLFR/stroke_UKLFR,0.0
sub-STUKLFR0469,UKLFR/stroke_UKLFR,0.009703504043126684
sub-STUKLFR0470,UKLFR/stroke_UKLFR,0.0343906510851419
sub-STUKLFR0471,UKLFR/stroke_UKLFR,0.09207749856128908
sub-STUKLFR0472,UKLFR/stroke_UKLFR,0.02039162727886563
sub-STUKLFR0473,UKLFR/stroke_UKLFR,0.0
sub-STUKLFR0474,UKLFR/stroke_UKLFR,0.0087248322147651
sub-STUKLFR0475,UKLFR/stroke_UKLFR,0.0032485875706214687
sub-STUKLFR0476,UKLFR/stroke_UKLFR,0.04865938430983118
sub-STUKLFR0477,UKLFR/stroke_UKLFR,0.0
sub-STUKLFR0478,UKLFR/stroke_UKLFR,0.09704123869385252
sub-STUKLFR0479,UKLFR/stroke_UKLFR,0.04075723830734967
sub-STUKLFR0480,UKLFR/stroke_UKLFR,0.049394518801784575
sub-STUKLFR0481,UKLFR/stroke_UKLFR,0.014733497038855988
sub-STUKLFR0482,UKLFR/stroke_UKLFR,0.021393949523650344
sub-STUKLFR0484,UKLFR/stroke_UKLFR,0.0
sub-STUKLFR0485,UKLFR/stroke_UKLFR,0.019269776876267748
sub-STUKLFR0486,UKLFR/stroke_UKLFR,0.0
sub-STUKLFR0487,UKLFR/stroke_UKLFR,0.15021459227467812
sub-STUKLFR0488,UKLFR/stroke_UKLFR,0.01818181818181818
sub-STUKLFR0489,UKLFR/stroke_UKLFR,0.17060367454068243
sub-STUKLFR0490,UKLFR/stroke_UKLFR,0.0
sub-STUKLFR0491,UKLFR/stroke_UKLFR,0.002277904328018223
sub-STUKLFR0492,UKLFR/stroke_UKLFR,0.013961605584642234
sub-STUKLFR0493,UKLFR/stroke_UKLFR,0.060583941605839416
sub-STUKLFR0494,UKLFR/stroke_UKLFR,0.17697787776527935
sub-STUKLFR0495,UKLFR/stroke_UKLFR,0.03343437126848535
sub-STUKLFR0496,UKLFR/stroke_UKLFR,0.004751847940865892
sub-STUKLFR0497,UKLFR/stroke_UKLFR,0.0
sub-STUKLFR0498,UKLFR/stroke_UKLFR,0.005743354118805382
sub-STUKLFR0499,UKLFR/stroke_UKLFR,0.04635055940330314
sub-STUKLFR0500,UKLFR/stroke_UKLFR,0.0397212543554007
sub-STUKLFR0501,UKLFR/stroke_UKLFR,0.006860475087899837
sub-STUKLFR0502,UKLFR/stroke_UKLFR,0.0
sub-STUKLFR0503,UKLFR/stroke_UKLFR,0.04157878879180476
sub-STUKLFR0504,UKLFR/stroke_UKLFR,0.02918918918918919
sub-STUKLFR0505,UKLFR/stroke_UKLFR,0.0012007204322593557
sub-STUKLFR0506,UKLFR/stroke_UKLFR,0.008811681772406849
sub-STUKLFR0507,UKLFR/stroke_UKLFR,0.0
sub-STUKLFR0508,UKLFR/stroke_UKLFR,0.006466984343090538
sub-STUKLFR0509,UKLFR/stroke_UKLFR,0.07037037037037037
sub-STUKLFR0511,UKLFR/stroke_UKLFR,0.030379746835443037
sub-STUKLFR0512,UKLFR/stroke_UKLFR,0.0
sub-STUKLFR0513,UKLFR/stroke_UKLFR,0.026709401709401708
sub-STUKLFR0514,UKLFR/stroke_UKLFR,0.0
sub-STUKLFR0515,UKLFR/stroke_UKLFR,0.0
sub-STUKLFR0516,UKLFR/stroke_UKLFR,0.05715541877335678
sub-STUKLFR0517,UKLFR/stroke_UKLFR,0.03695281409891984
sub-STUKLFR0518,UKLFR/stroke_UKLFR,0.0022662889518413596
sub-STUKLFR0519,UKLFR/stroke_UKLFR,0.08428626493639985
sub-STUKLFR0520,UKLFR/stroke_UKLFR,0.03685897435897436
sub-STUKLFR0521,UKLFR/stroke_UKLFR,0.0
sub-STUKLFR0522,UKLFR/stroke_UKLFR,0.08280451942423774
sub-STUKLFR0523,UKLFR/stroke_UKLFR,0.0
sub-STUKLFR0524,UKLFR/stroke_UKLFR,0.0
sub-STUKLFR0525,UKLFR/stroke_UKLFR,0.07236842105263158
sub-STUKLFR0526,UKLFR/stroke_UKLFR,0.029880478087649404
sub-STUKLFR0527,UKLFR/stroke_UKLFR,0.012344920771404004
sub-STUKLFR0528,UKLFR/stroke_UKLFR,0.022583559168925023
sub-STUKLFR0529,UKLFR/stroke_UKLFR,0.003278688524590164
sub-STUKLFR0530,UKLFR/stroke_UKLFR,0.0
sub-STUKLFR0531,UKLFR/stroke_UKLFR,0.03152289669861555
sub-STUKLFR0532,UKLFR/stroke_UKLFR,0.10850897736143637
sub-STUKLFR0533,UKLFR/stroke_UKLFR,0.03830597192481561
sub-STUKLFR0534,UKLFR/stroke_UKLFR,0.03571085725256792
sub-STUKLFR0535,UKLFR/stroke_UKLFR,0.0012746972594008922
sub-STUKLFR0536,UKLFR/stroke_UKLFR,0.030428769017980636
sub-STUKLFR0537,UKLFR/stroke_UKLFR,0.02742692168892097
sub-STUKLFR0538,UKLFR/stroke_UKLFR,0.0055248618784530384
sub-STUKLFR0539,UKLFR/stroke_UKLFR,0.06012332990750257
sub-STUKLFR0540,UKLFR/stroke_UKLFR,0.0
sub-STUKLFR0541,UKLFR/stroke_UKLFR,0.011904761904761904
sub-STUKLFR0542,UKLFR/stroke_UKLFR,0.008407079646017699
sub-STUKLFR0543,UKLFR/stroke_UKLFR,0.0
sub-STUKLFR0544,UKLFR/stroke_UKLFR,0.03688989784335982
sub-STUKLFR0545,UKLFR/stroke_UKLFR,0.1183345507669832
sub-STUKLFR0546,UKLFR/stroke_UKLFR,0.05419847328244275
sub-STUKLFR0547,UKLFR/stroke_UKLFR,0.005090311986863711
sub-STUKLFR0548,UKLFR/stroke_UKLFR,0.08236347358997315
sub-STUKLFR0549,UKLFR/stroke_UKLFR,0.010598682325981094
sub-STUKLFR0550,UKLFR/stroke_UKLFR,0.02824858757062147
sub-STUKLFR0551,UKLFR/stroke_UKLFR,0.0
sub-STUKLFR0552,UKLFR/stroke_UKLFR,0.021690140845070423
sub-STUKLFR0553,UKLFR/stroke_UKLFR,0.018810371123538384
sub-STUKLFR0554,UKLFR/stroke_UKLFR,0.0
sub-STUKLFR0555,UKLFR/stroke_UKLFR,0.05624036979969183
sub-STUKLFR0556,UKLFR/stroke_UKLFR,0.0
sub-STUKLFR0557,UKLFR/stroke_UKLFR,0.03949367088607595
sub-STUKLFR0558,UKLFR/stroke_UKLFR,0.006910167818361303
sub-STUKLFR0559,UKLFR/stroke_UKLFR,0.002890173410404624
sub-STUKLFR0560,UKLFR/stroke_UKLFR,0.03176302640970735
sub-STUKLFR0561,UKLFR/stroke_UKLFR,0.10257310968648459
sub-STUKLFR0562,UKLFR/stroke_UKLFR,0.048838594401429423
sub-STUKLFR0563,UKLFR/stroke_UKLFR,0.045562066555561526
sub-STUKLFR0564,UKLFR/stroke_UKLFR,0.005758157389635317
sub-STUKLFR0565,UKLFR/stroke_UKLFR,0.03169124568559774
sub-STUKLFR0566,UKLFR/stroke_UKLFR,0.15876042908224075
sub-STUKLFR0567,UKLFR/stroke_UKLFR,0.06080426356589147
sub-STUKLFR0568,UKLFR/stroke_UKLFR,0.011431682090364725
sub-STUKLFR0569,UKLFR/stroke_UKLFR,0.004757373929590866
sub-STUKLFR0570,UKLFR/stroke_UKLFR,0.0
sub-STUKLFR0571,UKLFR/stroke_UKLFR,0.009659169311439217
sub-STUKLFR0572,UKLFR/stroke_UKLFR,0.030395136778115502
sub-STUKLFR0573,UKLFR/stroke_UKLFR,0.03285724857544587
sub-STUKLFR0574,UKLFR/stroke_UKLFR,0.1443661971830986
sub-STUKLFR0575,UKLFR/stroke_UKLFR,0.05960912052117264
sub-STUKLFR0576,UKLFR/stroke_UKLFR,0.06
sub-STUKLFR0577,UKLFR/stroke_UKLFR,0.0012843565373747753
sub-STUKLFR0578,UKLFR/stroke_UKLFR,0.04451733833177132
sub-STUKLFR0579,UKLFR/stroke_UKLFR,0.06101308050215082
sub-STUKLFR0580,UKLFR/stroke_UKLFR,0.0020429009193054137
sub-STUKLFR0581,UKLFR/stroke_UKLFR,0.005917159763313609
sub-STUKLFR0582,UKLFR/stroke_UKLFR,0.07396193771626297
sub-STUKLFR0583,UKLFR/stroke_UKLFR,0.01907032181168057
sub-STUKLFR0584,UKLFR/stroke_UKLFR,0.017061466981491354
sub-STUKLFR0585,UKLFR/stroke_UKLFR,0.022513767411726594
sub-STUKLFR0586,UKLFR/stroke_UKLFR,0.036567704561911656
sub-STUKLFR0587,UKLFR/stroke_UKLFR,0.02179396630007063
sub-STUKLFR0588,UKLFR/stroke_UKLFR,0.013071289515157134
sub-STUKLFR0589,UKLFR/stroke_UKLFR,0.03958970667626417
sub-STUKLFR0590,UKLFR/stroke_UKLFR,0.002857142857142857
sub-STUKLFR0591,UKLFR/stroke_UKLFR,0.02834008097165992
sub-STUKLFR0592,UKLFR/stroke_UKLFR,0.0
sub-STUKLFR0593,UKLFR/stroke_UKLFR,0.01494661921708185
sub-STUKLFR0594,UKLFR/stroke_UKLFR,0.012069473064468648
sub-STUKLFR0595,UKLFR/stroke_UKLFR,0.032737161384792386
sub-STUKLFR0596,UKLFR/stroke_UKLFR,0.021577325013156904
sub-STUKLFR0597,UKLFR/stroke_UKLFR,0.0
sub-STUKLFR0598,UKLFR/stroke_UKLFR,0.15356820234869015
sub-STUKLFR0599,UKLFR/stroke_UKLFR,0.022313564298297124
sub-STUKLFR0600,UKLFR/stroke_UKLFR,0.031437368335764056
sub-STUKLFR0601,UKLFR/stroke_UKLFR,0.09150039553485101
sub-STUKLFR0603,UKLFR/stroke_UKLFR,0.01892744479495268
sub-STUKLFR0604,UKLFR/stroke_UKLFR,0.043812451960030745
sub-STUKLFR0605,UKLFR/stroke_UKLFR,0.01729316464913079
sub-STUKLFR0606,UKLFR/stroke_UKLFR,0.011904761904761904
sub-STUKLFR0607,UKLFR/stroke_UKLFR,0.001231274368971886
sub-STUKLFR0608,UKLFR/stroke_UKLFR,0.005477686483003061
sub-STUKLFR0609,UKLFR/stroke_UKLFR,0.0
sub-STUKLFR0610,UKLFR/stroke_UKLFR,0.03927961496662009
sub-STUKLFR0611,UKLFR/stroke_UKLFR,0.0
sub-STUKLFR0612,UKLFR/stroke_UKLFR,0.031205582116552527
sub-STUKLFR0613,UKLFR/stroke_UKLFR,0.027868852459016394
sub-STUKLFR0614,UKLFR/stroke_UKLFR,0.024282560706401765
sub-STUKLFR0615,UKLFR/stroke_UKLFR,0.03498654363706267
sub-STUKLFR0616,UKLFR/stroke_UKLFR,0.02191304347826087
sub-STUKLFR0617,UKLFR/stroke_UKLFR,0.07599858607281725
sub-STUKLFR0618,UKLFR/stroke_UKLFR,0.0
sub-STUKLFR0619,UKLFR/stroke_UKLFR,0.03595930920274426
sub-STUKLFR0620,UKLFR/stroke_UKLFR,0.00819000819000819
sub-STUKLFR0621,UKLFR/stroke_UKLFR,0.13958810068649885
sub-STUKLFR0622,UKLFR/stroke_UKLFR,0.06604747162022703
sub-STUKLFR0623,UKLFR/stroke_UKLFR,0.022494887525562373
sub-STUKLFR0624,UKLFR/stroke_UKLFR,0.15375302663438256
sub-STUKLFR0625,UKLFR/stroke_UKLFR,0.0121580547112462
sub-STUKLFR0626,UKLFR/stroke_UKLFR,0.002204261572373255
sub-STUKLFR0627,UKLFR/stroke_UKLFR,0.0
sub-STUKLFR0628,UKLFR/stroke_UKLFR,0.006051437216338881
sub-STUKLFR0629,UKLFR/stroke_UKLFR,0.00472636815920398
sub-STUKLFR0630,UKLFR/stroke_UKLFR,0.11680784663397235
sub-STUKLFR0631,UKLFR/stroke_UKLFR,0.011614401858304297
sub-STUKLFR0632,UKLFR/stroke_UKLFR,0.07058141220820646
sub-STUKLFR0634,UKLFR/stroke_UKLFR,0.11368987554658594
sub-STUKLFR0635,UKLFR/stroke_UKLFR,0.0038314176245210726
sub-STUKLFR0636,UKLFR/stroke_UKLFR,0.061861861861861864
sub-STUKLFR0637,UKLFR/stroke_UKLFR,0.007331882231641654
sub-STUKLFR0638,UKLFR/stroke_UKLFR,0.17058823529411765
sub-STUKLFR0639,UKLFR/stroke_UKLFR,0.044682357104937176
sub-STUKLFR0640,UKLFR/stroke_UKLFR,0.014184397163120567
sub-STUKLFR0641,UKLFR/stroke_UKLFR,0.08682634730538923
sub-STUKLFR0642,UKLFR/stroke_UKLFR,0.02129471890971039
sub-STUKLFR0643,UKLFR/stroke_UKLFR,0.09328500572300649
sub-STUKLFR0644,UKLFR/stroke_UKLFR,0.0069605568445475635
sub-STUKLFR0645,UKLFR/stroke_UKLFR,0.02510207167699985
sub-STUKLFR0646,UKLFR/stroke_UKLFR,0.014979403320434403
sub-STUKLFR0647,UKLFR/stroke_UKLFR,0.014418062457819498
sub-STUKLFR0648,UKLFR/stroke_UKLFR,0.0
sub-STUKLFR0649,UKLFR/stroke_UKLFR,0.03223856538384042
sub-STUKLFR0650,UKLFR/stroke_UKLFR,0.09768160741885626
sub-STUKLFR0651,UKLFR/stroke_UKLFR,0.03333333333333333
sub-STUKLFR0652,UKLFR/stroke_UKLFR,0.009026434558349452
sub-STUKLFR0653,UKLFR/stroke_UKLFR,0.00199203187250996
sub-STUKLFR0654,UKLFR/stroke_UKLFR,0.00815494393476045
sub-STUKLFR0655,UKLFR/stroke_UKLFR,0.0
sub-STUKLFR0656,UKLFR/stroke_UKLFR,0.03900586813945461
sub-STUKLFR0657,UKLFR/stroke_UKLFR,0.004016064257028112
sub-STUKLFR0658,UKLFR/stroke_UKLFR,0.045023855923661045
sub-STUKLFR0659,UKLFR/stroke_UKLFR,0.0007400098667982239
sub-STUKLFR0661,UKLFR/stroke_UKLFR,0.013963480128893663
sub-STUKLFR0662,UKLFR/stroke_UKLFR,0.010820559062218215
sub-STUKLFR0663,UKLFR/stroke_UKLFR,0.03685470995210218
sub-STUKLFR0664,UKLFR/stroke_UKLFR,0.11960978368443376
sub-STUKLFR0665,UKLFR/stroke_UKLFR,0.0
sub-STUKLFR0666,UKLFR/stroke_UKLFR,0.26031880080228015
sub-STUKLFR0667,UKLFR/stroke_UKLFR,0.03126338329764454
sub-STUKLFR0668,UKLFR/stroke_UKLFR,0.02424830261881668
sub-STUKLFR0669,UKLFR/stroke_UKLFR,0.009870129870129871
sub-STUKLFR0670,UKLFR/stroke_UKLFR,0.0
sub-STUKLFR0671,UKLFR/stroke_UKLFR,0.0
sub-STUKLFR0672,UKLFR/stroke_UKLFR,0.003472222222222222
sub-STUKLFR0673,UKLFR/stroke_UKLFR,0.031902552204176336
sub-STUKLFR0674,UKLFR/stroke_UKLFR,0.014037526059763725
sub-STUKLFR0675,UKLFR/stroke_UKLFR,0.10920198549064529
sub-STUKLFR0676,UKLFR/stroke_UKLFR,0.003676470588235294
sub-STUKLFR0677,UKLFR/stroke_UKLFR,0.008223274358335409
sub-STUKLFR0678,UKLFR/stroke_UKLFR,0.0
sub-STUKLFR0679,UKLFR/stroke_UKLFR,0.002336448598130841
sub-STUKLFR0680,UKLFR/stroke_UKLFR,0.01303969863807592
sub-STUKLFR0681,UKLFR/stroke_UKLFR,0.012687726566545831
sub-STUKLFR0682,UKLFR/stroke_UKLFR,0.08108108108108109
sub-STUKLFR0683,UKLFR/stroke_UKLFR,0.013428451531682753
sub-STUKLFR0684,UKLFR/stroke_UKLFR,0.0
sub-STUKLFR0685,UKLFR/stroke_UKLFR,0.03197814558894424
sub-STUKLFR0686,UKLFR/stroke_UKLFR,0.10595611285266458
sub-STUKLFR0687,UKLFR/stroke_UKLFR,0.10482076637824475
sub-STUKLFR0688,UKLFR/stroke_UKLFR,0.01227604512276045
sub-STUKLFR0689,UKLFR/stroke_UKLFR,0.02832244008714597
sub-STUKLFR0690,UKLFR/stroke_UKLFR,0.024444444444444446
sub-STUKLFR0691,UKLFR/stroke_UKLFR,0.07277339346110485
sub-STUKLFR0693,UKLFR/stroke_UKLFR,0.06939854593522803
sub-STUKLFR0694,UKLFR/stroke_UKLFR,0.005048683736025965
sub-STUKLFR0695,UKLFR/stroke_UKLFR,0.002126151665485471
sub-STUKLFR0696,UKLFR/stroke_UKLFR,0.04784240150093809
sub-STUKLFR0697,UKLFR/stroke_UKLFR,0.04924695194836242
sub-STUKLFR0698,UKLFR/stroke_UKLFR,0.013539651837524178
sub-STUKLFR0700,UKLFR/stroke_UKLFR,0.18686131386861313
sub-STUKLFR0701,UKLFR/stroke_UKLFR,0.02101956994443102
sub-STUKLFR0702,UKLFR/stroke_UKLFR,0.0
sub-STUKLFR0703,UKLFR/stroke_UKLFR,0.053663570691434466
sub-STUKLFR0704,UKLFR/stroke_UKLFR,0.003875968992248062
sub-STUKLFR0705,UKLFR/stroke_UKLFR,0.011799410029498525
sub-STUKLFR0706,UKLFR/stroke_UKLFR,0.005160550458715597
sub-STUKLFR0707,UKLFR/stroke_UKLFR,0.0023059185242121443
sub-STUKLFR0708,UKLFR/stroke_UKLFR,0.005291005291005291
sub-STUKLFR0709,UKLFR/stroke_UKLFR,0.04276798825256975
sub-STUKLFR0710,UKLFR/stroke_UKLFR,0.03707426679280984
sub-STUKLFR0711,UKLFR/stroke_UKLFR,0.0
sub-STUKLFR0712,UKLFR/stroke_UKLFR,0.011669658886894075
sub-STUKLFR0713,UKLFR/stroke_UKLFR,0.011299023181221753
sub-STUKLFR0714,UKLFR/stroke_UKLFR,0.028089887640449437
sub-STUKLFR0715,UKLFR/stroke_UKLFR,0.048721071863580996
sub-STUKLFR0716,UKLFR/stroke_UKLFR,0.01207983193277311
sub-STUKLFR0717,UKLFR/stroke_UKLFR,0.0015479876160990713
sub-STUKLFR0718,UKLFR/stroke_UKLFR,0.16843166918809885
sub-STUKLFR0719,UKLFR/stroke_UKLFR,0.06712473572938689
sub-STUKLFR0720,UKLFR/stroke_UKLFR,0.0
sub-STUKLFR0721,UKLFR/stroke_UKLFR,0.0484375
sub-STUKLFR0722,UKLFR/stroke_UKLFR,0.07092404450895017
sub-STUKLFR0723,UKLFR/stroke_UKLFR,0.024589306267657214
sub-STUKLFR0724,UKLFR/stroke_UKLFR,0.09172126265634306
sub-STUKLFR0725,UKLFR/stroke_UKLFR,0.1275626423690205
sub-STUKLFR0726,UKLFR/stroke_UKLFR,0.03132161955691368
sub-STUKLFR0727,UKLFR/stroke_UKLFR,0.008269525267993875
sub-STUKLFR0728,UKLFR/stroke_UKLFR,0.014619883040935672
sub-STUKLFR0729,UKLFR/stroke_UKLFR,0.0
sub-STUKLFR0730,UKLFR/stroke_UKLFR,0.030413827488781783
sub-STUKLFR0731,UKLFR/stroke_UKLFR,0.03353396388650043
sub-STUKLFR0733,UKLFR/stroke_UKLFR,0.02043915712206543
sub-STUKLFR0734,UKLFR/stroke_UKLFR,0.0
sub-STUKLFR0735,UKLFR/stroke_UKLFR,0.05553149094689422
sub-STUCLUK0001,UCL-UK/UCLStrokeData,0.0
sub-STUCLUK0002,UCL-UK/UCLStrokeData,0.0
sub-STUCLUK0003,UCL-UK/UCLStrokeData,0.0
sub-STUCLUK0004,UCL-UK/UCLStrokeData,0.0
sub-STUCLUK0005,UCL-UK/UCLStrokeData,0.0
sub-STUCLUK0006,UCL-UK/UCLStrokeData,0.0
sub-STUCLUK0007,UCL-UK/UCLStrokeData,0.030987604958016793
sub-STUCLUK0008,UCL-UK/UCLStrokeData,0.0
sub-STUCLUK0009,UCL-UK/UCLStrokeData,0.0
sub-STUCLUK0010,UCL-UK/UCLStrokeData,0.0
sub-STUCLUK0011,UCL-UK/UCLStrokeData,0.0
sub-STUCLUK0012,UCL-UK/UCLStrokeData,0.002484472049689441
sub-STUCLUK0013,UCL-UK/UCLStrokeData,0.0
sub-STUCLUK0014,UCL-UK/UCLStrokeData,0.0
sub-STUCLUK0015,UCL-UK/UCLStrokeData,0.0011410314924691922
sub-STUCLUK0016,UCL-UK/UCLStrokeData,0.0
sub-STUCLUK0017,UCL-UK/UCLStrokeData,0.0
sub-STUCLUK0018,UCL-UK/UCLStrokeData,0.0
sub-STUCLUK0019,UCL-UK/UCLStrokeData,0.0
sub-STUCLUK0020,UCL-UK/UCLStrokeData,0.0004459640255686041
sub-STUCLUK0021,UCL-UK/UCLStrokeData,0.0
sub-STUCLUK0022,UCL-UK/UCLStrokeData,0.0
sub-STUCLUK0023,UCL-UK/UCLStrokeData,0.0
sub-STUCLUK0024,UCL-UK/UCLStrokeData,0.0
sub-STUCLUK0025,UCL-UK/UCLStrokeData,0.0
sub-STUCLUK0026,UCL-UK/UCLStrokeData,0.0
sub-STUCLUK0027,UCL-UK/UCLStrokeData,0.0
sub-STUCLUK0028,UCL-UK/UCLStrokeData,0.0
sub-STUCLUK0029,UCL-UK/UCLStrokeData,0.0
sub-STUCLUK0030,UCL-UK/UCLStrokeData,0.0
sub-STUCLUK0031,UCL-UK/UCLStrokeData,0.0
sub-STUCLUK0032,UCL-UK/UCLStrokeData,0.0
sub-STUCLUK0033,UCL-UK/UCLStrokeData,0.0
sub-STUCLUK0034,UCL-UK/UCLStrokeData,0.0
sub-STUCLUK0035,UCL-UK/UCLStrokeData,0.0
sub-STUCLUK0036,UCL-UK/UCLStrokeData,0.0
sub-STUCLUK0037,UCL-UK/UCLStrokeData,0.0
sub-STUCLUK0038,UCL-UK/UCLStrokeData,0.0006901311249137336
sub-STUCLUK0039,UCL-UK/UCLStrokeData,0.0
sub-STUCLUK0040,UCL-UK/UCLStrokeData,0.0
sub-STUCLUK0041,UCL-UK/UCLStrokeData,0.0
sub-STUCLUK0042,UCL-UK/UCLStrokeData,0.0015211439002129601
sub-STUCLUK0043,UCL-UK/UCLStrokeData,0.0
sub-STUCLUK0044,UCL-UK/UCLStrokeData,0.0
sub-STUCLUK0045,UCL-UK/UCLStrokeData,0.0
sub-STUCLUK0046,UCL-UK/UCLStrokeData,0.0
sub-STUCLUK0047,UCL-UK/UCLStrokeData,0.00014009526478005044
sub-STUCLUK0048,UCL-UK/UCLStrokeData,0.0
sub-STUCLUK0049,UCL-UK/UCLStrokeData,0.0050200803212851405
sub-STUCLUK0050,UCL-UK/UCLStrokeData,0.0
sub-STUCLUK0051,UCL-UK/UCLStrokeData,0.007772020725388601
sub-STUCLUK0052,UCL-UK/UCLStrokeData,0.0
sub-STUCLUK0053,UCL-UK/UCLStrokeData,0.0
sub-STUCLUK0054,UCL-UK/UCLStrokeData,0.0
sub-STUCLUK0055,UCL-UK/UCLStrokeData,0.0
sub-STUCLUK0056,UCL-UK/UCLStrokeData,0.0
sub-STUCLUK0057,UCL-UK/UCLStrokeData,0.0
sub-STUCLUK0058,UCL-UK/UCLStrokeData,0.0
sub-STUCLUK0059,UCL-UK/UCLStrokeData,0.009900990099009901
sub-STUCLUK0060,UCL-UK/UCLStrokeData,0.0
sub-STUCLUK0061,UCL-UK/UCLStrokeData,0.0
sub-STUCLUK0062,UCL-UK/UCLStrokeData,0.0
sub-STUCLUK0063,UCL-UK/UCLStrokeData,0.0
sub-STUCLUK0064,UCL-UK/UCLStrokeData,0.001623962468422952
sub-STUCLUK0065,UCL-UK/UCLStrokeData,0.0
sub-STUCLUK0066,UCL-UK/UCLStrokeData,0.0
sub-STUCLUK0067,UCL-UK/UCLStrokeData,0.0
sub-STUCLUK0068,UCL-UK/UCLStrokeData,0.0
sub-STUCLUK0069,UCL-UK/UCLStrokeData,0.0
sub-STUCLUK0070,UCL-UK/UCLStrokeData,0.0
sub-STUCLUK0071,UCL-UK/UCLStrokeData,0.0
sub-STUCLUK0072,UCL-UK/UCLStrokeData,0.0
sub-STUCLUK0073,UCL-UK/UCLStrokeData,0.0
sub-STUCLUK0074,UCL-UK/UCLStrokeData,0.0
sub-STUCLUK0075,UCL-UK/UCLStrokeData,0.0
sub-STUCLUK0076,UCL-UK/UCLStrokeData,0.0
sub-STUCLUK0077,UCL-UK/UCLStrokeData,0.0
sub-STUCLUK0078,UCL-UK/UCLStrokeData,0.0
sub-STUCLUK0079,UCL-UK/UCLStrokeData,0.0
sub-STUCLUK0080,UCL-UK/UCLStrokeData,0.0
sub-STUCLUK0081,UCL-UK/UCLStrokeData,0.0
sub-STUCLUK0082,UCL-UK/UCLStrokeData,0.0
sub-STUCLUK0083,UCL-UK/UCLStrokeData,0.0
sub-STUCLUK0084,UCL-UK/UCLStrokeData,0.0
sub-STUCLUK0085,UCL-UK/UCLStrokeData,0.0
sub-STUCLUK0086,UCL-UK/UCLStrokeData,0.0
sub-STUCLUK0087,UCL-UK/UCLStrokeData,0.0
sub-STUCLUK0088,UCL-UK/UCLStrokeData,0.0
sub-STUCLUK0089,UCL-UK/UCLStrokeData,0.0
sub-STUCLUK0090,UCL-UK/UCLStrokeData,0.0
sub-STUCLUK0091,UCL-UK/UCLStrokeData,0.0
sub-STUCLUK0092,UCL-UK/UCLStrokeData,0.0
sub-STUCLUK0093,UCL-UK/UCLStrokeData,0.0
sub-STUCLUK0094,UCL-UK/UCLStrokeData,0.0
sub-STUCLUK0095,UCL-UK/UCLStrokeData,0.0
sub-STUCLUK0096,UCL-UK/UCLStrokeData,0.0
sub-STUCLUK0097,UCL-UK/UCLStrokeData,0.0
sub-STUCLUK0098,UCL-UK/UCLStrokeData,0.0
sub-STUCLUK0099,UCL-UK/UCLStrokeData,0.0
sub-STUCLUK0100,UCL-UK/UCLStrokeData,0.0
sub-STUCLUK0101,UCL-UK/UCLStrokeData,0.0
sub-STUCLUK0102,UCL-UK/UCLStrokeData,0.0
sub-STUCLUK0103,UCL-UK/UCLStrokeData,0.0
sub-STUCLUK0104,UCL-UK/UCLStrokeData,0.0
sub-STUCLUK0105,UCL-UK/UCLStrokeData,0.0
sub-STUCLUK0106,UCL-UK/UCLStrokeData,0.009411764705882352
sub-STUCLUK0107,UCL-UK/UCLStrokeData,0.0
sub-STUCLUK0108,UCL-UK/UCLStrokeData,0.0
sub-STUCLUK0109,UCL-UK/UCLStrokeData,0.0
sub-STUCLUK0110,UCL-UK/UCLStrokeData,0.0
sub-STUCLUK0111,UCL-UK/UCLStrokeData,0.002193944712593243
sub-STUCLUK0112,UCL-UK/UCLStrokeData,0.0
sub-STUCLUK0113,UCL-UK/UCLStrokeData,0.007414571244358479
sub-STUCLUK0114,UCL-UK/UCLStrokeData,0.0
sub-STUCLUK0115,UCL-UK/UCLStrokeData,0.0
sub-STUCLUK0116,UCL-UK/UCLStrokeData,0.0
sub-STUCLUK0117,UCL-UK/UCLStrokeData,0.0
sub-STUCLUK0118,UCL-UK/UCLStrokeData,0.0
sub-STUCLUK0119,UCL-UK/UCLStrokeData,0.0
sub-STUCLUK0120,UCL-UK/UCLStrokeData,0.013871374527112233
sub-STUCLUK0121,UCL-UK/UCLStrokeData,0.0
sub-STUCLUK0122,UCL-UK/UCLStrokeData,0.010853478046373951
sub-STUCLUK0123,UCL-UK/UCLStrokeData,0.0
sub-STUCLUK0124,UCL-UK/UCLStrokeData,0.0
sub-STUCLUK0125,UCL-UK/UCLStrokeData,0.00037257824143070045
sub-STUCLUK0126,UCL-UK/UCLStrokeData,0.0
sub-STUCLUK0127,UCL-UK/UCLStrokeData,0.0
sub-STUCLUK0128,UCL-UK/UCLStrokeData,0.0
sub-STUCLUK0129,UCL-UK/UCLStrokeData,0.00019406171162429653
sub-STUCLUK0130,UCL-UK/UCLStrokeData,0.0
sub-STUCLUK0131,UCL-UK/UCLStrokeData,0.0
sub-STUCLUK0132,UCL-UK/UCLStrokeData,0.0
sub-STUCLUK0133,UCL-UK/UCLStrokeData,0.0
sub-STUCLUK0134,UCL-UK/UCLStrokeData,0.0
sub-STUCLUK0135,UCL-UK/UCLStrokeData,0.0
sub-STUCLUK0136,UCL-UK/UCLStrokeData,0.0
sub-STUCLUK0137,UCL-UK/UCLStrokeData,0.0
sub-STUCLUK0138,UCL-UK/UCLStrokeData,0.0
sub-STUCLUK0139,UCL-UK/UCLStrokeData,0.0
sub-STUCLUK0140,UCL-UK/UCLStrokeData,0.0
sub-STUCLUK0141,UCL-UK/UCLStrokeData,0.0
sub-STUCLUK0142,UCL-UK/UCLStrokeData,0.0
sub-STUCLUK0143,UCL-UK/UCLStrokeData,0.0
sub-STUCLUK0144,UCL-UK/UCLStrokeData,0.00244926522043387
sub-STUCLUK0145,UCL-UK/UCLStrokeData,0.0
sub-STUCLUK0146,UCL-UK/UCLStrokeData,0.0
sub-STUCLUK0147,UCL-UK/UCLStrokeData,0.0
sub-STUCLUK0148,UCL-UK/UCLStrokeData,0.0
sub-STUCLUK0149,UCL-UK/UCLStrokeData,0.0
sub-STUCLUK0150,UCL-UK/UCLStrokeData,0.0
sub-STUCLUK0151,UCL-UK/UCLStrokeData,0.0
sub-STUCLUK0152,UCL-UK/UCLStrokeData,0.0
sub-STUCLUK0153,UCL-UK/UCLStrokeData,0.0
sub-STUCLUK0154,UCL-UK/UCLStrokeData,0.0
sub-STUCLUK0155,UCL-UK/UCLStrokeData,0.0
sub-STUCLUK0156,UCL-UK/UCLStrokeData,0.0
sub-STUCLUK0157,UCL-UK/UCLStrokeData,0.015050167224080268
sub-STUCLUK0158,UCL-UK/UCLStrokeData,0.0012422360248447205
sub-STUCLUK0159,UCL-UK/UCLStrokeData,0.0
sub-STUCLUK0160,UCL-UK/UCLStrokeData,0.0
sub-STUCLUK0161,UCL-UK/UCLStrokeData,0.0
sub-STUCLUK0162,UCL-UK/UCLStrokeData,0.0
sub-STUCLUK0163,UCL-UK/UCLStrokeData,0.0
sub-STUCLUK0164,UCL-UK/UCLStrokeData,0.0
sub-STUCLUK0165,UCL-UK/UCLStrokeData,0.0
sub-STUCLUK0166,UCL-UK/UCLStrokeData,0.0
sub-STUCLUK0167,UCL-UK/UCLStrokeData,0.0
sub-STUCLUK0168,UCL-UK/UCLStrokeData,0.0
sub-STUCLUK0169,UCL-UK/UCLStrokeData,0.0
sub-STUCLUK0170,UCL-UK/UCLStrokeData,0.0
sub-STUCLUK0171,UCL-UK/UCLStrokeData,0.0
sub-STUCLUK0172,UCL-UK/UCLStrokeData,0.0
sub-STUCLUK0173,UCL-UK/UCLStrokeData,0.03225806451612903
sub-STUCLUK0174,UCL-UK/UCLStrokeData,0.0
sub-STUCLUK0175,UCL-UK/UCLStrokeData,0.0029140359397765905
sub-STUCLUK0176,UCL-UK/UCLStrokeData,0.0
sub-STUCLUK0177,UCL-UK/UCLStrokeData,0.0
sub-STUCLUK0178,UCL-UK/UCLStrokeData,0.0
sub-STUCLUK0179,UCL-UK/UCLStrokeData,0.0
sub-STUCLUK0180,UCL-UK/UCLStrokeData,0.0
sub-STUCLUK0181,UCL-UK/UCLStrokeData,0.0
sub-STUCLUK0182,UCL-UK/UCLStrokeData,0.0
sub-STUCLUK0183,UCL-UK/UCLStrokeData,0.0
sub-STUCLUK0184,UCL-UK/UCLStrokeData,0.0
sub-STUCLUK0185,UCL-UK/UCLStrokeData,0.0
sub-STUCLUK0186,UCL-UK/UCLStrokeData,0.0
sub-STUCLUK0187,UCL-UK/UCLStrokeData,0.0
sub-STUCLUK0188,UCL-UK/UCLStrokeData,0.0
sub-STUCLUK0189,UCL-UK/UCLStrokeData,0.0
sub-STUCLUK0190,UCL-UK/UCLStrokeData,0.0
sub-STUCLUK0191,UCL-UK/UCLStrokeData,0.0
sub-STUCLUK0192,UCL-UK/UCLStrokeData,0.0
sub-STUCLUK0193,UCL-UK/UCLStrokeData,0.0
sub-STUCLUK0194,UCL-UK/UCLStrokeData,0.0
sub-STUCLUK0195,UCL-UK/UCLStrokeData,0.021604938271604937
sub-STUCLUK0196,UCL-UK/UCLStrokeData,0.0
sub-STUCLUK0197,UCL-UK/UCLStrokeData,0.0
sub-STUCLUK0198,UCL-UK/UCLStrokeData,0.0
sub-STUCLUK0199,UCL-UK/UCLStrokeData,0.0
sub-STUCLUK0200,UCL-UK/UCLStrokeData,0.0
sub-STUCLUK0201,UCL-UK/UCLStrokeData,0.0
sub-STUCLUK0202,UCL-UK/UCLStrokeData,0.0
sub-STUCLUK0203,UCL-UK/UCLStrokeData,0.0
sub-STUCLUK0204,UCL-UK/UCLStrokeData,0.0
sub-STUCLUK0205,UCL-UK/UCLStrokeData,0.0
sub-STUCLUK0206,UCL-UK/UCLStrokeData,0.0013241525423728813
sub-STUCLUK0207,UCL-UK/UCLStrokeData,0.00014249073810202338
sub-STUCLUK0208,UCL-UK/UCLStrokeData,0.0
sub-STUCLUK0209,UCL-UK/UCLStrokeData,0.0
sub-STUCLUK0210,UCL-UK/UCLStrokeData,0.0
sub-STUCLUK0211,UCL-UK/UCLStrokeData,0.0
sub-STUCLUK0212,UCL-UK/UCLStrokeData,0.0
sub-STUCLUK0213,UCL-UK/UCLStrokeData,0.0
sub-STUCLUK0214,UCL-UK/UCLStrokeData,0.0
sub-STUCLUK0215,UCL-UK/UCLStrokeData,0.0
sub-STUCLUK0216,UCL-UK/UCLStrokeData,0.0
sub-STUCLUK0217,UCL-UK/UCLStrokeData,0.0
sub-STUCLUK0218,UCL-UK/UCLStrokeData,0.0
sub-STUCLUK0219,UCL-UK/UCLStrokeData,0.0
sub-STUCLUK0220,UCL-UK/UCLStrokeData,0.0
sub-STUCLUK0221,UCL-UK/UCLStrokeData,0.0
sub-STUCLUK0222,UCL-UK/UCLStrokeData,0.0
sub-STUCLUK0223,UCL-UK/UCLStrokeData,0.0
sub-STUCLUK0224,UCL-UK/UCLStrokeData,0.0
sub-STUCLUK0225,UCL-UK/UCLStrokeData,0.0
sub-STUCLUK0226,UCL-UK/UCLStrokeData,0.0
sub-STUCLUK0227,UCL-UK/UCLStrokeData,0.0
sub-STUCLUK0228,UCL-UK/UCLStrokeData,0.0
sub-STUCLUK0229,UCL-UK/UCLStrokeData,0.0002376990729736154
sub-STUCLUK0230,UCL-UK/UCLStrokeData,0.0
sub-STUCLUK0231,UCL-UK/UCLStrokeData,0.0
sub-STUCLUK0232,UCL-UK/UCLStrokeData,0.0
sub-STUCLUK0233,UCL-UK/UCLStrokeData,0.0
sub-STUCLUK0234,UCL-UK/UCLStrokeData,0.0
sub-STUCLUK0235,UCL-UK/UCLStrokeData,0.0
sub-STUCLUK0236,UCL-UK/UCLStrokeData,0.0
sub-STUCLUK0237,UCL-UK/UCLStrokeData,0.0
sub-STUCLUK0238,UCL-UK/UCLStrokeData,0.0021331437205581727
sub-STUCLUK0239,UCL-UK/UCLStrokeData,0.0
sub-STUCLUK0240,UCL-UK/UCLStrokeData,0.0
sub-STUCLUK0241,UCL-UK/UCLStrokeData,0.0
sub-STUCLUK0242,UCL-UK/UCLStrokeData,0.0
sub-STUCLUK0243,UCL-UK/UCLStrokeData,0.0
sub-STUCLUK0244,UCL-UK/UCLStrokeData,0.0
sub-STUCLUK0245,UCL-UK/UCLStrokeData,0.0
sub-STUCLUK0246,UCL-UK/UCLStrokeData,0.0
sub-STUCLUK0247,UCL-UK/UCLStrokeData,0.0
sub-STUCLUK0248,UCL-UK/UCLStrokeData,0.0
sub-STUCLUK0249,UCL-UK/UCLStrokeData,0.0
sub-STUCLUK0250,UCL-UK/UCLStrokeData,0.0
sub-STUCLUK0251,UCL-UK/UCLStrokeData,0.0
sub-STUCLUK0252,UCL-UK/UCLStrokeData,0.0
sub-STUCLUK0253,UCL-UK/UCLStrokeData,0.0
sub-STUCLUK0254,UCL-UK/UCLStrokeData,0.009213323883770375
sub-STUCLUK0255,UCL-UK/UCLStrokeData,0.007274196807435846
sub-STUCLUK0256,UCL-UK/UCLStrokeData,0.0
sub-STUCLUK0257,UCL-UK/UCLStrokeData,0.0
sub-STUCLUK0258,UCL-UK/UCLStrokeData,0.0
sub-STUCLUK0259,UCL-UK/UCLStrokeData,0.0
sub-STUCLUK0260,UCL-UK/UCLStrokeData,0.0
sub-STUCLUK0261,UCL-UK/UCLStrokeData,0.0
sub-STUCLUK0262,UCL-UK/UCLStrokeData,0.0
sub-STUCLUK0263,UCL-UK/UCLStrokeData,0.0
sub-STUCLUK0264,UCL-UK/UCLStrokeData,0.0
sub-STUCLUK0265,UCL-UK/UCLStrokeData,0.0
sub-STUCLUK0266,UCL-UK/UCLStrokeData,0.0
sub-STUCLUK0267,UCL-UK/UCLStrokeData,0.0015625
sub-STUCLUK0268,UCL-UK/UCLStrokeData,0.0
sub-STUCLUK0269,UCL-UK/UCLStrokeData,0.0
sub-STUCLUK0270,UCL-UK/UCLStrokeData,0.0
sub-STUCLUK0271,UCL-UK/UCLStrokeData,0.0011148272017837235
sub-STUCLUK0272,UCL-UK/UCLStrokeData,0.0
sub-STUCLUK0273,UCL-UK/UCLStrokeData,0.0
sub-STUCLUK0274,UCL-UK/UCLStrokeData,0.0
sub-STUCLUK0275,UCL-UK/UCLStrokeData,0.0
sub-STUCLUK0276,UCL-UK/UCLStrokeData,0.0
sub-STUCLUK0277,UCL-UK/UCLStrokeData,0.0
sub-STUCLUK0278,UCL-UK/UCLStrokeData,0.0
sub-STUCLUK0279,UCL-UK/UCLStrokeData,0.0
sub-STUCLUK0280,UCL-UK/UCLStrokeData,0.0
sub-STUCLUK0281,UCL-UK/UCLStrokeData,0.0
sub-STUCLUK0282,UCL-UK/UCLStrokeData,0.0
sub-STUCLUK0283,UCL-UK/UCLStrokeData,0.0
sub-STUCLUK0284,UCL-UK/UCLStrokeData,0.0
sub-STUCLUK0285,UCL-UK/UCLStrokeData,0.014302741358760428
sub-STUCLUK0286,UCL-UK/UCLStrokeData,0.0
sub-STUCLUK0287,UCL-UK/UCLStrokeData,0.0012551346417161114
sub-STUCLUK0288,UCL-UK/UCLStrokeData,0.0
sub-STUCLUK0289,UCL-UK/UCLStrokeData,0.0
sub-STUCLUK0290,UCL-UK/UCLStrokeData,0.0
sub-STUCLUK0291,UCL-UK/UCLStrokeData,0.0
sub-STUCLUK0292,UCL-UK/UCLStrokeData,0.016260162601626018
sub-STUCLUK0293,UCL-UK/UCLStrokeData,0.0
sub-STUCLUK0294,UCL-UK/UCLStrokeData,0.0
sub-STUCLUK0295,UCL-UK/UCLStrokeData,0.0
sub-STUCLUK0296,UCL-UK/UCLStrokeData,0.0006684491978609625
sub-STUCLUK0297,UCL-UK/UCLStrokeData,0.0
sub-STUCLUK0298,UCL-UK/UCLStrokeData,0.0
sub-STUCLUK0299,UCL-UK/UCLStrokeData,0.0
sub-STUCLUK0300,UCL-UK/UCLStrokeData,0.0
sub-STUCLUK0301,UCL-UK/UCLStrokeData,0.0
sub-STUCLUK0302,UCL-UK/UCLStrokeData,0.0
sub-STUCLUK0303,UCL-UK/UCLStrokeData,0.0
sub-STUCLUK0304,UCL-UK/UCLStrokeData,0.0
sub-STUCLUK0305,UCL-UK/UCLStrokeData,0.0
sub-STUCLUK0306,UCL-UK/UCLStrokeData,0.0
sub-STUCLUK0307,UCL-UK/UCLStrokeData,0.0007326774126020515
sub-STUCLUK0308,UCL-UK/UCLStrokeData,0.0
sub-STUCLUK0309,UCL-UK/UCLStrokeData,0.0
sub-STUCLUK0310,UCL-UK/UCLStrokeData,0.001863932898415657
sub-STUCLUK0311,UCL-UK/UCLStrokeData,0.0
sub-STUCLUK0312,UCL-UK/UCLStrokeData,0.0
sub-STUCLUK0313,UCL-UK/UCLStrokeData,0.0002785515320334262
sub-STUCLUK0314,UCL-UK/UCLStrokeData,0.0
sub-STUCLUK0315,UCL-UK/UCLStrokeData,0.0
sub-STUCLUK0316,UCL-UK/UCLStrokeData,0.0
sub-STUCLUK0317,UCL-UK/UCLStrokeData,0.0
sub-STUCLUK0318,UCL-UK/UCLStrokeData,0.0
sub-STUCLUK0319,UCL-UK/UCLStrokeData,0.0
sub-STUCLUK0320,UCL-UK/UCLStrokeData,0.0
sub-STUCLUK0321,UCL-UK/UCLStrokeData,0.0
sub-STUCLUK0322,UCL-UK/UCLStrokeData,0.0
sub-STUCLUK0323,UCL-UK/UCLStrokeData,0.0015600624024961
sub-STUCLUK0324,UCL-UK/UCLStrokeData,0.0
sub-STUCLUK0325,UCL-UK/UCLStrokeData,0.0
sub-STUCLUK0326,UCL-UK/UCLStrokeData,0.0
sub-STUCLUK0327,UCL-UK/UCLStrokeData,0.01564129301355579
sub-STUCLUK0328,UCL-UK/UCLStrokeData,0.0012277470841006752
sub-STUCLUK0329,UCL-UK/UCLStrokeData,0.0
sub-STUCLUK0330,UCL-UK/UCLStrokeData,0.0
sub-STUCLUK0331,UCL-UK/UCLStrokeData,0.041666666666666664
sub-STUCLUK0332,UCL-UK/UCLStrokeData,0.0
sub-STUCLUK0333,UCL-UK/UCLStrokeData,0.0
sub-STUCLUK0334,UCL-UK/UCLStrokeData,0.0
sub-STUCLUK0335,UCL-UK/UCLStrokeData,0.0
sub-STUCLUK0336,UCL-UK/UCLStrokeData,0.0
sub-STUCLUK0337,UCL-UK/UCLStrokeData,0.0
sub-STUCLUK0338,UCL-UK/UCLStrokeData,0.0
sub-STUCLUK0339,UCL-UK/UCLStrokeData,0.0
sub-STUCLUK0340,UCL-UK/UCLStrokeData,0.0
sub-STUCLUK0341,UCL-UK/UCLStrokeData,0.0
sub-STUCLUK0342,UCL-UK/UCLStrokeData,0.0
sub-STUCLUK0343,UCL-UK/UCLStrokeData,0.0
sub-STUCLUK0344,UCL-UK/UCLStrokeData,0.0
sub-STUCLUK0345,UCL-UK/UCLStrokeData,0.0
sub-STUCLUK0346,UCL-UK/UCLStrokeData,0.0019813750743015654
sub-STUCLUK0347,UCL-UK/UCLStrokeData,0.0
sub-STUCLUK0348,UCL-UK/UCLStrokeData,0.0
sub-STUCLUK0349,UCL-UK/UCLStrokeData,0.0
sub-STUCLUK0350,UCL-UK/UCLStrokeData,0.0
sub-STUCLUK0351,UCL-UK/UCLStrokeData,0.0
sub-STUCLUK0352,UCL-UK/UCLStrokeData,0.0
sub-STUCLUK0353,UCL-UK/UCLStrokeData,0.0
sub-STUCLUK0354,UCL-UK/UCLStrokeData,0.0029006526468455403
sub-STUCLUK0355,UCL-UK/UCLStrokeData,0.003146691346598797
sub-STUCLUK0356,UCL-UK/UCLStrokeData,0.0
sub-STUCLUK0357,UCL-UK/UCLStrokeData,0.0005526388505111909
sub-STUCLUK0358,UCL-UK/UCLStrokeData,0.0
sub-STUCLUK0359,UCL-UK/UCLStrokeData,0.0
sub-STUCLUK0360,UCL-UK/UCLStrokeData,0.0
sub-STUCLUK0361,UCL-UK/UCLStrokeData,0.0
sub-STUCLUK0362,UCL-UK/UCLStrokeData,0.0
sub-STUCLUK0363,UCL-UK/UCLStrokeData,0.00440251572327044
sub-STUCLUK0364,UCL-UK/UCLStrokeData,0.0
sub-STUCLUK0365,UCL-UK/UCLStrokeData,0.006700167504187605
sub-STUCLUK0366,UCL-UK/UCLStrokeData,0.0
sub-STUCLUK0367,UCL-UK/UCLStrokeData,0.0
sub-STUCLUK0368,UCL-UK/UCLStrokeData,0.0
sub-STUCLUK0369,UCL-UK/UCLStrokeData,0.0
sub-STUCLUK0370,UCL-UK/UCLStrokeData,0.0
sub-STUCLUK0371,UCL-UK/UCLStrokeData,0.0
sub-STUCLUK0372,UCL-UK/UCLStrokeData,0.0
sub-STUCLUK0373,UCL-UK/UCLStrokeData,0.0
sub-STUCLUK0374,UCL-UK/UCLStrokeData,0.0
sub-STUCLUK0375,UCL-UK/UCLStrokeData,0.0
sub-STUCLUK0376,UCL-UK/UCLStrokeData,0.0
sub-STUCLUK0377,UCL-UK/UCLStrokeData,0.0
sub-STUCLUK0378,UCL-UK/UCLStrokeData,0.0
sub-STUCLUK0379,UCL-UK/UCLStrokeData,0.0
sub-STUCLUK0380,UCL-UK/UCLStrokeData,0.0
sub-STUCLUK0381,UCL-UK/UCLStrokeData,0.0002134927412467976
sub-STUCLUK0382,UCL-UK/UCLStrokeData,0.0
sub-STUCLUK0383,UCL-UK/UCLStrokeData,0.0
sub-STUCLUK0384,UCL-UK/UCLStrokeData,0.0
sub-STUCLUK0385,UCL-UK/UCLStrokeData,0.0015574013645802433
sub-STUCLUK0386,UCL-UK/UCLStrokeData,0.0
sub-STUCLUK0387,UCL-UK/UCLStrokeData,0.0
sub-STUCLUK0388,UCL-UK/UCLStrokeData,0.0
sub-STUCLUK0389,UCL-UK/UCLStrokeData,0.0
sub-STUCLUK0390,UCL-UK/UCLStrokeData,0.0
sub-STUCLUK0391,UCL-UK/UCLStrokeData,0.0
sub-STUCLUK0392,UCL-UK/UCLStrokeData,0.0
sub-STUCLUK0393,UCL-UK/UCLStrokeData,0.0016351172882208666
sub-STUCLUK0394,UCL-UK/UCLStrokeData,0.0018115942028985507
sub-STUCLUK0395,UCL-UK/UCLStrokeData,0.0
sub-STUCLUK0396,UCL-UK/UCLStrokeData,0.0
sub-STUCLUK0397,UCL-UK/UCLStrokeData,0.008316008316008316
sub-STUCLUK0398,UCL-UK/UCLStrokeData,0.0
sub-STUCLUK0399,UCL-UK/UCLStrokeData,0.0
sub-STUCLUK0400,UCL-UK/UCLStrokeData,0.0
sub-STUCLUK0401,UCL-UK/UCLStrokeData,0.0
sub-STUCLUK0402,UCL-UK/UCLStrokeData,0.0
sub-STUCLUK0403,UCL-UK/UCLStrokeData,0.0
sub-STUCLUK0404,UCL-UK/UCLStrokeData,0.01098901098901099
sub-STUCLUK0405,UCL-UK/UCLStrokeData,0.002835234229009601
sub-STUCLUK0406,UCL-UK/UCLStrokeData,0.0
sub-STUCLUK0407,UCL-UK/UCLStrokeData,0.0
sub-STUCLUK0408,UCL-UK/UCLStrokeData,0.0
sub-STUCLUK0409,UCL-UK/UCLStrokeData,0.0016107775662615317
sub-STUCLUK0410,UCL-UK/UCLStrokeData,0.0
sub-STUCLUK0411,UCL-UK/UCLStrokeData,0.0
sub-STUCLUK0412,UCL-UK/UCLStrokeData,0.0
sub-STUCLUK0413,UCL-UK/UCLStrokeData,0.0
sub-STUCLUK0414,UCL-UK/UCLStrokeData,0.0
sub-STUCLUK0415,UCL-UK/UCLStrokeData,0.0
sub-STUCLUK0416,UCL-UK/UCLStrokeData,0.0
sub-STUCLUK0417,UCL-UK/UCLStrokeData,0.0
sub-STUCLUK0418,UCL-UK/UCLStrokeData,0.0
sub-STUCLUK0419,UCL-UK/UCLStrokeData,0.0
sub-STUCLUK0420,UCL-UK/UCLStrokeData,0.0
sub-STUCLUK0421,UCL-UK/UCLStrokeData,0.0
sub-STUCLUK0422,UCL-UK/UCLStrokeData,0.0
sub-STUCLUK0423,UCL-UK/UCLStrokeData,0.0
sub-STUCLUK0424,UCL-UK/UCLStrokeData,0.002777777777777778
sub-STUCLUK0425,UCL-UK/UCLStrokeData,0.0
sub-STUCLUK0426,UCL-UK/UCLStrokeData,0.0
sub-STUCLUK0427,UCL-UK/UCLStrokeData,0.0
sub-STUCLUK0428,UCL-UK/UCLStrokeData,0.0
sub-STUCLUK0429,UCL-UK/UCLStrokeData,0.0009232392508572936
sub-STUCLUK0430,UCL-UK/UCLStrokeData,0.0
sub-STUCLUK0431,UCL-UK/UCLStrokeData,0.012658227848101266
sub-STUCLUK0432,UCL-UK/UCLStrokeData,0.0
sub-STUCLUK0433,UCL-UK/UCLStrokeData,0.0
sub-STUCLUK0434,UCL-UK/UCLStrokeData,0.0
sub-STUCLUK0435,UCL-UK/UCLStrokeData,0.0
sub-STUCLUK0436,UCL-UK/UCLStrokeData,0.0
sub-STUCLUK0437,UCL-UK/UCLStrokeData,0.0
sub-STUCLUK0438,UCL-UK/UCLStrokeData,0.0
sub-STUCLUK0439,UCL-UK/UCLStrokeData,0.0
sub-STUCLUK0440,UCL-UK/UCLStrokeData,0.0
sub-STUCLUK0441,UCL-UK/UCLStrokeData,0.0
sub-STUCLUK0442,UCL-UK/UCLStrokeData,0.0
sub-STUCLUK0443,UCL-UK/UCLStrokeData,0.0
sub-STUCLUK0444,UCL-UK/UCLStrokeData,0.0036114120621162874
sub-STUCLUK0445,UCL-UK/UCLStrokeData,0.0
sub-STUCLUK0446,UCL-UK/UCLStrokeData,0.0
sub-STUCLUK0447,UCL-UK/UCLStrokeData,0.0
sub-STUCLUK0448,UCL-UK/UCLStrokeData,0.0
sub-STUCLUK0449,UCL-UK/UCLStrokeData,0.0
sub-STUCLUK0450,UCL-UK/UCLStrokeData,0.0
sub-STUCLUK0451,UCL-UK/UCLStrokeData,0.0
sub-STUCLUK0452,UCL-UK/UCLStrokeData,0.0
sub-STUCLUK0453,UCL-UK/UCLStrokeData,0.0006934812760055479
sub-STUCLUK0454,UCL-UK/UCLStrokeData,0.0
sub-STUCLUK0455,UCL-UK/UCLStrokeData,0.0
sub-STUCLUK0456,UCL-UK/UCLStrokeData,0.0
sub-STUCLUK0457,UCL-UK/UCLStrokeData,0.0005324813631522897
sub-STUCLUK0458,UCL-UK/UCLStrokeData,0.0
sub-STUCLUK0459,UCL-UK/UCLStrokeData,0.0
sub-STUCLUK0460,UCL-UK/UCLStrokeData,0.0
sub-STUCLUK0461,UCL-UK/UCLStrokeData,0.0
sub-STUCLUK0462,UCL-UK/UCLStrokeData,0.0
sub-STUCLUK0463,UCL-UK/UCLStrokeData,0.0
sub-STUCLUK0464,UCL-UK/UCLStrokeData,0.0
sub-STUCLUK0465,UCL-UK/UCLStrokeData,0.0
sub-STUCLUK0466,UCL-UK/UCLStrokeData,0.0
sub-STUCLUK0467,UCL-UK/UCLStrokeData,0.0
sub-STUCLUK0468,UCL-UK/UCLStrokeData,0.002008032128514056
sub-STUCLUK0469,UCL-UK/UCLStrokeData,0.0
sub-STUCLUK0470,UCL-UK/UCLStrokeData,0.0
sub-STUCLUK0471,UCL-UK/UCLStrokeData,0.0
sub-STUCLUK0472,UCL-UK/UCLStrokeData,0.056847545219638244
sub-STUCLUK0473,UCL-UK/UCLStrokeData,0.0
sub-STUCLUK0474,UCL-UK/UCLStrokeData,0.008771929824561403
sub-STUCLUK0475,UCL-UK/UCLStrokeData,0.0
sub-STUCLUK0476,UCL-UK/UCLStrokeData,0.0
sub-STUCLUK0477,UCL-UK/UCLStrokeData,0.0
sub-STUCLUK0478,UCL-UK/UCLStrokeData,0.0
sub-STUCLUK0479,UCL-UK/UCLStrokeData,0.0
sub-STUCLUK0480,UCL-UK/UCLStrokeData,0.0
sub-STUCLUK0481,UCL-UK/UCLStrokeData,0.0
sub-STUCLUK0482,UCL-UK/UCLStrokeData,0.00340522133938706
sub-STUCLUK0483,UCL-UK/UCLStrokeData,0.0
sub-STUCLUK0484,UCL-UK/UCLStrokeData,0.0
sub-STUCLUK0485,UCL-UK/UCLStrokeData,0.0
sub-STUCLUK0486,UCL-UK/UCLStrokeData,0.001847063169560399
sub-STUCLUK0487,UCL-UK/UCLStrokeData,0.003472222222222222
sub-STUCLUK0488,UCL-UK/UCLStrokeData,0.0
sub-STUCLUK0489,UCL-UK/UCLStrokeData,0.0
sub-STUCLUK0490,UCL-UK/UCLStrokeData,0.0
sub-STUCLUK0491,UCL-UK/UCLStrokeData,0.0
sub-STUCLUK0492,UCL-UK/UCLStrokeData,0.0
sub-STUCLUK0493,UCL-UK/UCLStrokeData,0.0
sub-STUCLUK0494,UCL-UK/UCLStrokeData,0.004522479382814578
sub-STUCLUK0495,UCL-UK/UCLStrokeData,0.0
sub-STUCLUK0496,UCL-UK/UCLStrokeData,0.0
sub-STUCLUK0497,UCL-UK/UCLStrokeData,0.0
sub-STUCLUK0498,UCL-UK/UCLStrokeData,0.0
sub-STUCLUK0499,UCL-UK/UCLStrokeData,0.010158013544018058
sub-STUCLUK0500,UCL-UK/UCLStrokeData,0.0
sub-STUCLUK0501,UCL-UK/UCLStrokeData,0.0
sub-STUCLUK0502,UCL-UK/UCLStrokeData,0.0
sub-STUCLUK0503,UCL-UK/UCLStrokeData,0.0
sub-STUCLUK0504,UCL-UK/UCLStrokeData,0.0
sub-STUCLUK0505,UCL-UK/UCLStrokeData,0.0
sub-STUCLUK0506,UCL-UK/UCLStrokeData,0.0
sub-STUCLUK0507,UCL-UK/UCLStrokeData,0.0
sub-STUCLUK0508,UCL-UK/UCLStrokeData,0.0
sub-STUCLUK0509,UCL-UK/UCLStrokeData,0.0
sub-STUCLUK0510,UCL-UK/UCLStrokeData,0.0012490892057874466
sub-STUCLUK0511,UCL-UK/UCLStrokeData,0.0
sub-STUCLUK0512,UCL-UK/UCLStrokeData,0.0
sub-STUCLUK0513,UCL-UK/UCLStrokeData,0.0
sub-STUCLUK0514,UCL-UK/UCLStrokeData,0.0
sub-STUCLUK0515,UCL-UK/UCLStrokeData,0.0
sub-STUCLUK0516,UCL-UK/UCLStrokeData,0.0
sub-STUCLUK0517,UCL-UK/UCLStrokeData,0.0
sub-STUCLUK0518,UCL-UK/UCLStrokeData,0.0
sub-STUCLUK0519,UCL-UK/UCLStrokeData,0.0
sub-STUCLUK0520,UCL-UK/UCLStrokeData,0.0
sub-STUCLUK0521,UCL-UK/UCLStrokeData,0.0
sub-STUCLUK0522,UCL-UK/UCLStrokeData,0.0
sub-STUCLUK0523,UCL-UK/UCLStrokeData,0.0
sub-STUCLUK0524,UCL-UK/UCLStrokeData,0.0
sub-STUCLUK0525,UCL-UK/UCLStrokeData,0.0
sub-STUCLUK0526,UCL-UK/UCLStrokeData,0.0
sub-STUCLUK0527,UCL-UK/UCLStrokeData,0.0
sub-STUCLUK0528,UCL-UK/UCLStrokeData,0.0
sub-STUCLUK0529,UCL-UK/UCLStrokeData,0.0
sub-STUCLUK0530,UCL-UK/UCLStrokeData,0.0
sub-STUCLUK0531,UCL-UK/UCLStrokeData,0.0
sub-STUCLUK0532,UCL-UK/UCLStrokeData,0.0
sub-STUCLUK0533,UCL-UK/UCLStrokeData,0.0
sub-STUCLUK0534,UCL-UK/UCLStrokeData,0.0
sub-STUCLUK0535,UCL-UK/UCLStrokeData,0.00031308703819661864
sub-STUCLUK0536,UCL-UK/UCLStrokeData,0.0
sub-STUCLUK0537,UCL-UK/UCLStrokeData,0.0
sub-STUCLUK0538,UCL-UK/UCLStrokeData,0.0
sub-STUCLUK0539,UCL-UK/UCLStrokeData,0.0
sub-STUCLUK0540,UCL-UK/UCLStrokeData,0.0
sub-STUCLUK0541,UCL-UK/UCLStrokeData,0.0
sub-STUCLUK0542,UCL-UK/UCLStrokeData,0.0
sub-STUCLUK0543,UCL-UK/UCLStrokeData,0.0
sub-STUCLUK0544,UCL-UK/UCLStrokeData,0.0
sub-STUCLUK0545,UCL-UK/UCLStrokeData,0.0
sub-STUCLUK0546,UCL-UK/UCLStrokeData,0.0
sub-STUCLUK0547,UCL-UK/UCLStrokeData,0.0
sub-STUCLUK0548,UCL-UK/UCLStrokeData,0.0
sub-STUCLUK0549,UCL-UK/UCLStrokeData,0.005625
sub-STUCLUK0550,UCL-UK/UCLStrokeData,0.0
sub-STUCLUK0551,UCL-UK/UCLStrokeData,0.0
sub-STUCLUK0552,UCL-UK/UCLStrokeData,0.0
sub-STUCLUK0553,UCL-UK/UCLStrokeData,0.0
sub-STUCLUK0554,UCL-UK/UCLStrokeData,0.0
sub-STUCLUK0555,UCL-UK/UCLStrokeData,0.0
sub-STUCLUK0556,UCL-UK/UCLStrokeData,0.0
sub-STUCLUK0557,UCL-UK/UCLStrokeData,0.0021149101163200562
sub-STUCLUK0558,UCL-UK/UCLStrokeData,0.0
sub-STUCLUK0559,UCL-UK/UCLStrokeData,0.0
sub-STUCLUK0560,UCL-UK/UCLStrokeData,0.0
sub-STUCLUK0561,UCL-UK/UCLStrokeData,0.0
sub-STUCLUK0562,UCL-UK/UCLStrokeData,0.0
sub-STUCLUK0563,UCL-UK/UCLStrokeData,0.0
sub-STUCLUK0564,UCL-UK/UCLStrokeData,0.0
sub-STUCLUK0565,UCL-UK/UCLStrokeData,0.0
sub-STUCLUK0566,UCL-UK/UCLStrokeData,0.0
sub-STUCLUK0567,UCL-UK/UCLStrokeData,0.0
sub-STUCLUK0568,UCL-UK/UCLStrokeData,0.0
sub-STUCLUK0569,UCL-UK/UCLStrokeData,0.0
sub-STUCLUK0570,UCL-UK/UCLStrokeData,0.0
sub-STUCLUK0571,UCL-UK/UCLStrokeData,0.0
sub-STUCLUK0572,UCL-UK/UCLStrokeData,0.0
sub-STUCLUK0573,UCL-UK/UCLStrokeData,0.0
sub-STUCLUK0574,UCL-UK/UCLStrokeData,0.0
sub-STUCLUK0575,UCL-UK/UCLStrokeData,0.0
sub-STUCLUK0576,UCL-UK/UCLStrokeData,0.0
sub-STUCLUK0577,UCL-UK/UCLStrokeData,0.0
sub-STUCLUK0578,UCL-UK/UCLStrokeData,0.0
sub-STUCLUK0579,UCL-UK/UCLStrokeData,0.0
sub-STUCLUK0580,UCL-UK/UCLStrokeData,0.0
sub-STUCLUK0581,UCL-UK/UCLStrokeData,0.0
sub-STUCLUK0582,UCL-UK/UCLStrokeData,0.0
sub-STUCLUK0583,UCL-UK/UCLStrokeData,0.0
sub-STUCLUK0584,UCL-UK/UCLStrokeData,0.0
sub-STUCLUK0585,UCL-UK/UCLStrokeData,0.0
sub-STUCLUK0586,UCL-UK/UCLStrokeData,0.0
sub-STUCLUK0587,UCL-UK/UCLStrokeData,0.0
sub-STUCLUK0588,UCL-UK/UCLStrokeData,0.0
sub-STUCLUK0589,UCL-UK/UCLStrokeData,0.0020920502092050207
sub-STUCLUK0590,UCL-UK/UCLStrokeData,0.0
sub-STUCLUK0591,UCL-UK/UCLStrokeData,0.0
sub-STUCLUK0592,UCL-UK/UCLStrokeData,0.016405135520684736
sub-STUCLUK0593,UCL-UK/UCLStrokeData,0.0
sub-STUCLUK0594,UCL-UK/UCLStrokeData,0.0
sub-STUCLUK0595,UCL-UK/UCLStrokeData,0.0
sub-STUCLUK0596,UCL-UK/UCLStrokeData,0.0
sub-STUCLUK0597,UCL-UK/UCLStrokeData,0.0
sub-STUCLUK0598,UCL-UK/UCLStrokeData,0.0
sub-STUCLUK0599,UCL-UK/UCLStrokeData,0.0
sub-STUCLUK0600,UCL-UK/UCLStrokeData,0.0
sub-STUCLUK0601,UCL-UK/UCLStrokeData,0.0
sub-STUCLUK0602,UCL-UK/UCLStrokeData,0.0
sub-STUCLUK0603,UCL-UK/UCLStrokeData,0.0
sub-STUCLUK0604,UCL-UK/UCLStrokeData,0.0
sub-STUCLUK0605,UCL-UK/UCLStrokeData,0.0012166042143169984
sub-STUCLUK0606,UCL-UK/UCLStrokeData,0.0
sub-STUCLUK0607,UCL-UK/UCLStrokeData,0.0
sub-STUCLUK0608,UCL-UK/UCLStrokeData,0.0
sub-STUCLUK0609,UCL-UK/UCLStrokeData,0.0
sub-STUCLUK0610,UCL-UK/UCLStrokeData,0.0
sub-STUCLUK0611,UCL-UK/UCLStrokeData,0.0
sub-STUCLUK0612,UCL-UK/UCLStrokeData,0.0
sub-STUCLUK0613,UCL-UK/UCLStrokeData,0.0
sub-STUCLUK0614,UCL-UK/UCLStrokeData,0.005780346820809248
sub-STUCLUK0615,UCL-UK/UCLStrokeData,0.0
sub-STUCLUK0616,UCL-UK/UCLStrokeData,0.0
sub-STUCLUK0617,UCL-UK/UCLStrokeData,0.0
sub-STUCLUK0618,UCL-UK/UCLStrokeData,0.0
sub-STUCLUK0619,UCL-UK/UCLStrokeData,0.0
sub-STUCLUK0620,UCL-UK/UCLStrokeData,0.0
sub-STUCLUK0621,UCL-UK/UCLStrokeData,0.0
sub-STUCLUK0622,UCL-UK/UCLStrokeData,0.02330097087378641
sub-STUCLUK0623,UCL-UK/UCLStrokeData,0.0
sub-STUCLUK0624,UCL-UK/UCLStrokeData,0.0
sub-STUCLUK0625,UCL-UK/UCLStrokeData,0.0032546786004882017
sub-STUCLUK0626,UCL-UK/UCLStrokeData,0.0
sub-STUCLUK0627,UCL-UK/UCLStrokeData,0.0
sub-STUCLUK0628,UCL-UK/UCLStrokeData,0.0
sub-STUCLUK0629,UCL-UK/UCLStrokeData,0.0
sub-STUCLUK0630,UCL-UK/UCLStrokeData,0.0
sub-STUCLUK0631,UCL-UK/UCLStrokeData,0.0
sub-STUCLUK0632,UCL-UK/UCLStrokeData,0.0
sub-STUCLUK0633,UCL-UK/UCLStrokeData,0.0
sub-STUCLUK0634,UCL-UK/UCLStrokeData,0.0
sub-STUCLUK0635,UCL-UK/UCLStrokeData,0.0
sub-STUCLUK0636,UCL-UK/UCLStrokeData,0.0
sub-STUCLUK0637,UCL-UK/UCLStrokeData,9.362419249133976e-05
sub-STUCLUK0638,UCL-UK/UCLStrokeData,0.0
sub-STUCLUK0639,UCL-UK/UCLStrokeData,0.018779342723004695
sub-STUCLUK0640,UCL-UK/UCLStrokeData,0.0
sub-STUCLUK0641,UCL-UK/UCLStrokeData,0.0
sub-STUCLUK0642,UCL-UK/UCLStrokeData,0.0
sub-STUCLUK0643,UCL-UK/UCLStrokeData,0.0
sub-STUCLUK0644,UCL-UK/UCLStrokeData,0.002240143369175627
sub-STUCLUK0645,UCL-UK/UCLStrokeData,0.0
sub-STUCLUK0646,UCL-UK/UCLStrokeData,0.0
sub-STUCLUK0647,UCL-UK/UCLStrokeData,0.0
sub-STUCLUK0648,UCL-UK/UCLStrokeData,0.0
sub-STUCLUK0649,UCL-UK/UCLStrokeData,0.0
sub-STUCLUK0650,UCL-UK/UCLStrokeData,0.0
sub-STUCLUK0651,UCL-UK/UCLStrokeData,0.0
sub-STUCLUK0652,UCL-UK/UCLStrokeData,0.0
sub-STUCLUK0653,UCL-UK/UCLStrokeData,0.0
sub-STUCLUK0654,UCL-UK/UCLStrokeData,0.0
sub-STUCLUK0655,UCL-UK/UCLStrokeData,0.0
sub-STUCLUK0656,UCL-UK/UCLStrokeData,0.0
sub-STUCLUK0657,UCL-UK/UCLStrokeData,0.0
sub-STUCLUK0658,UCL-UK/UCLStrokeData,0.0
sub-STUCLUK0659,UCL-UK/UCLStrokeData,0.0
sub-STUCLUK0660,UCL-UK/UCLStrokeData,0.0
sub-STUCLUK0661,UCL-UK/UCLStrokeData,0.0
sub-STUCLUK0662,UCL-UK/UCLStrokeData,0.0
sub-STUCLUK0663,UCL-UK/UCLStrokeData,0.0
sub-STUCLUK0664,UCL-UK/UCLStrokeData,0.0
sub-STUCLUK0665,UCL-UK/UCLStrokeData,0.0
sub-STUCLUK0666,UCL-UK/UCLStrokeData,0.0
sub-STUCLUK0667,UCL-UK/UCLStrokeData,0.0
sub-STUCLUK0668,UCL-UK/UCLStrokeData,0.0
sub-STUCLUK0669,UCL-UK/UCLStrokeData,0.0
sub-STUCLUK0670,UCL-UK/UCLStrokeData,0.0
sub-STUCLUK0671,UCL-UK/UCLStrokeData,0.0
sub-STUCLUK0672,UCL-UK/UCLStrokeData,0.0
sub-STUCLUK0673,UCL-UK/UCLStrokeData,0.0
sub-STUCLUK0674,UCL-UK/UCLStrokeData,0.0
sub-STUCLUK0675,UCL-UK/UCLStrokeData,0.0
sub-STUCLUK0676,UCL-UK/UCLStrokeData,0.0
sub-STUCLUK0677,UCL-UK/UCLStrokeData,0.0
sub-STUCLUK0678,UCL-UK/UCLStrokeData,0.0
sub-STUCLUK0679,UCL-UK/UCLStrokeData,0.0
sub-STUCLUK0680,UCL-UK/UCLStrokeData,0.0
sub-STUCLUK0681,UCL-UK/UCLStrokeData,0.00022174587922241113
sub-STUCLUK0682,UCL-UK/UCLStrokeData,0.0
sub-STUCLUK0683,UCL-UK/UCLStrokeData,0.00014979029358897544
sub-STUCLUK0684,UCL-UK/UCLStrokeData,0.010290183165260341
sub-STUCLUK0685,UCL-UK/UCLStrokeData,0.0
sub-STUCLUK0686,UCL-UK/UCLStrokeData,0.0
sub-STUCLUK0687,UCL-UK/UCLStrokeData,0.0
sub-STUCLUK0688,UCL-UK/UCLStrokeData,0.0
sub-STUCLUK0689,UCL-UK/UCLStrokeData,0.0
sub-STUCLUK0690,UCL-UK/UCLStrokeData,0.004338394793926247
sub-STUCLUK0691,UCL-UK/UCLStrokeData,0.0
sub-STUCLUK0692,UCL-UK/UCLStrokeData,0.0005614035087719298
sub-STUCLUK0693,UCL-UK/UCLStrokeData,0.0034567901234567903
sub-STUCLUK0694,UCL-UK/UCLStrokeData,0.0
sub-STUCLUK0695,UCL-UK/UCLStrokeData,0.0
sub-STUCLUK0696,UCL-UK/UCLStrokeData,0.0
sub-STUCLUK0697,UCL-UK/UCLStrokeData,0.0
sub-STUCLUK0698,UCL-UK/UCLStrokeData,0.0
sub-STUCLUK0699,UCL-UK/UCLStrokeData,0.0
sub-STUCLUK0700,UCL-UK/UCLStrokeData,0.0
sub-STUCLUK0701,UCL-UK/UCLStrokeData,0.0
sub-STUCLUK0702,UCL-UK/UCLStrokeData,0.0
sub-STUCLUK0703,UCL-UK/UCLStrokeData,0.0
sub-STUCLUK0704,UCL-UK/UCLStrokeData,0.0033277870216306157
sub-STUCLUK0705,UCL-UK/UCLStrokeData,0.013992537313432836
sub-STUCLUK0706,UCL-UK/UCLStrokeData,0.0
sub-STUCLUK0707,UCL-UK/UCLStrokeData,0.0
sub-STUCLUK0708,UCL-UK/UCLStrokeData,0.006810778797749482
sub-STUCLUK0709,UCL-UK/UCLStrokeData,0.0
sub-STUCLUK0710,UCL-UK/UCLStrokeData,0.002818035426731079
sub-STUCLUK0711,UCL-UK/UCLStrokeData,0.0
sub-STUCLUK0712,UCL-UK/UCLStrokeData,0.0
sub-STUCLUK0713,UCL-UK/UCLStrokeData,0.0
sub-STUCLUK0714,UCL-UK/UCLStrokeData,0.0
sub-STUCLUK0715,UCL-UK/UCLStrokeData,0.0
sub-STUCLUK0716,UCL-UK/UCLStrokeData,0.0
sub-STUCLUK0717,UCL-UK/UCLStrokeData,0.006208095356344674
sub-STUCLUK0718,UCL-UK/UCLStrokeData,0.00029864118261908315
sub-STUCLUK0719,UCL-UK/UCLStrokeData,0.0
sub-STUCLUK0720,UCL-UK/UCLStrokeData,0.0
sub-STUCLUK0721,UCL-UK/UCLStrokeData,0.0
sub-STUCLUK0722,UCL-UK/UCLStrokeData,0.0
sub-STUCLUK0723,UCL-UK/UCLStrokeData,0.02574370709382151
sub-STUCLUK0724,UCL-UK/UCLStrokeData,0.0
sub-STUCLUK0725,UCL-UK/UCLStrokeData,0.0
sub-STUCLUK0726,UCL-UK/UCLStrokeData,0.0
sub-STUCLUK0727,UCL-UK/UCLStrokeData,0.0
sub-STUCLUK0728,UCL-UK/UCLStrokeData,0.002066115702479339
sub-STUCLUK0729,UCL-UK/UCLStrokeData,0.0
sub-STUCLUK0730,UCL-UK/UCLStrokeData,0.0
sub-STUCLUK0731,UCL-UK/UCLStrokeData,0.0
sub-STUCLUK0732,UCL-UK/UCLStrokeData,0.0
sub-STUCLUK0733,UCL-UK/UCLStrokeData,0.0
sub-STUCLUK0734,UCL-UK/UCLStrokeData,0.0
sub-STUCLUK0735,UCL-UK/UCLStrokeData,0.0
sub-STUCLUK0736,UCL-UK/UCLStrokeData,0.0
sub-STUCLUK0737,UCL-UK/UCLStrokeData,0.0
sub-STUCLUK0738,UCL-UK/UCLStrokeData,0.0
sub-STUCLUK0739,UCL-UK/UCLStrokeData,0.0
sub-STUCLUK0740,UCL-UK/UCLStrokeData,0.0
sub-STUCLUK0741,UCL-UK/UCLStrokeData,0.0
sub-STUCLUK0742,UCL-UK/UCLStrokeData,0.0
sub-STUCLUK0743,UCL-UK/UCLStrokeData,0.0
sub-STUCLUK0744,UCL-UK/UCLStrokeData,0.0
sub-STUCLUK0745,UCL-UK/UCLStrokeData,0.0
sub-STUCLUK0746,UCL-UK/UCLStrokeData,0.0
sub-STUCLUK0747,UCL-UK/UCLStrokeData,0.0
sub-STUCLUK0748,UCL-UK/UCLStrokeData,0.0016251354279523294
sub-STUCLUK0749,UCL-UK/UCLStrokeData,0.0
sub-STUCLUK0750,UCL-UK/UCLStrokeData,0.012466607301869992
sub-STUCLUK0751,UCL-UK/UCLStrokeData,0.0
sub-STUCLUK0752,UCL-UK/UCLStrokeData,0.0
sub-STUCLUK0753,UCL-UK/UCLStrokeData,0.0
sub-STUCLUK0754,UCL-UK/UCLStrokeData,0.000381788679965639
sub-STUCLUK0755,UCL-UK/UCLStrokeData,0.0
sub-STUCLUK0756,UCL-UK/UCLStrokeData,0.0
sub-STUCLUK0757,UCL-UK/UCLStrokeData,0.0
sub-STUCLUK0758,UCL-UK/UCLStrokeData,0.0011489850631941786
sub-STUCLUK0759,UCL-UK/UCLStrokeData,0.0
sub-STUCLUK0760,UCL-UK/UCLStrokeData,0.0
sub-STUCLUK0761,UCL-UK/UCLStrokeData,0.0
sub-STUCLUK0762,UCL-UK/UCLStrokeData,0.0
sub-STUCLUK0763,UCL-UK/UCLStrokeData,0.0
sub-STUCLUK0764,UCL-UK/UCLStrokeData,0.0
sub-STUCLUK0765,UCL-UK/UCLStrokeData,0.0
sub-STUCLUK0766,UCL-UK/UCLStrokeData,0.0
sub-STUCLUK0767,UCL-UK/UCLStrokeData,0.0
sub-STUCLUK0768,UCL-UK/UCLStrokeData,0.0025737014506317267
sub-STUCLUK0769,UCL-UK/UCLStrokeData,0.0
sub-STUCLUK0770,UCL-UK/UCLStrokeData,0.0
sub-STUCLUK0771,UCL-UK/UCLStrokeData,0.0033149171270718232
sub-STUCLUK0772,UCL-UK/UCLStrokeData,0.0
sub-STUCLUK0773,UCL-UK/UCLStrokeData,0.0
sub-STUCLUK0774,UCL-UK/UCLStrokeData,0.0
sub-STUCLUK0775,UCL-UK/UCLStrokeData,0.0
sub-STUCLUK0776,UCL-UK/UCLStrokeData,0.0
sub-STUCLUK0777,UCL-UK/UCLStrokeData,0.0
sub-STUCLUK0778,UCL-UK/UCLStrokeData,0.0
sub-STUCLUK0779,UCL-UK/UCLStrokeData,0.0
sub-STUCLUK0780,UCL-UK/UCLStrokeData,0.0
sub-STUCLUK0781,UCL-UK/UCLStrokeData,0.0
sub-STUCLUK0782,UCL-UK/UCLStrokeData,0.0
sub-STUCLUK0783,UCL-UK/UCLStrokeData,0.0
sub-STUCLUK0784,UCL-UK/UCLStrokeData,0.0
sub-STUCLUK0785,UCL-UK/UCLStrokeData,0.0
sub-STUCLUK0786,UCL-UK/UCLStrokeData,0.0
sub-STUCLUK0787,UCL-UK/UCLStrokeData,0.0
sub-STUCLUK0788,UCL-UK/UCLStrokeData,0.0
sub-STUCLUK0789,UCL-UK/UCLStrokeData,0.0
sub-STUCLUK0790,UCL-UK/UCLStrokeData,0.0
sub-STUCLUK0791,UCL-UK/UCLStrokeData,0.0
sub-STUCLUK0792,UCL-UK/UCLStrokeData,0.0
sub-STUCLUK0793,UCL-UK/UCLStrokeData,0.0
sub-STUCLUK0794,UCL-UK/UCLStrokeData,0.0
sub-STUCLUK0795,UCL-UK/UCLStrokeData,0.0111731843575419
sub-STUCLUK0796,UCL-UK/UCLStrokeData,0.0
sub-STUCLUK0797,UCL-UK/UCLStrokeData,0.0
sub-STUCLUK0798,UCL-UK/UCLStrokeData,0.0
sub-STUCLUK0799,UCL-UK/UCLStrokeData,0.0
sub-STUCLUK0800,UCL-UK/UCLStrokeData,0.0
sub-STUCLUK0801,UCL-UK/UCLStrokeData,0.0
sub-STUCLUK0802,UCL-UK/UCLStrokeData,0.0
sub-STUCLUK0803,UCL-UK/UCLStrokeData,0.0
sub-STUCLUK0804,UCL-UK/UCLStrokeData,0.0
sub-STUCLUK0805,UCL-UK/UCLStrokeData,0.0
sub-STUCLUK0806,UCL-UK/UCLStrokeData,0.0
sub-STUCLUK0807,UCL-UK/UCLStrokeData,0.0
sub-STUCLUK0808,UCL-UK/UCLStrokeData,0.0
sub-STUCLUK0809,UCL-UK/UCLStrokeData,0.0
sub-STUCLUK0810,UCL-UK/UCLStrokeData,0.0
sub-STUCLUK0811,UCL-UK/UCLStrokeData,0.0
sub-STUCLUK0812,UCL-UK/UCLStrokeData,0.0
sub-STUCLUK0813,UCL-UK/UCLStrokeData,0.0
sub-STUCLUK0814,UCL-UK/UCLStrokeData,0.0
sub-STUCLUK0815,UCL-UK/UCLStrokeData,0.0
sub-STUCLUK0816,UCL-UK/UCLStrokeData,0.0
sub-STUCLUK0817,UCL-UK/UCLStrokeData,0.0
sub-STUCLUK0818,UCL-UK/UCLStrokeData,0.0
sub-STUCLUK0819,UCL-UK/UCLStrokeData,0.046511627906976744
sub-STUCLUK0820,UCL-UK/UCLStrokeData,0.0
sub-STUCLUK0821,UCL-UK/UCLStrokeData,0.0
sub-STUCLUK0822,UCL-UK/UCLStrokeData,0.0
sub-STUCLUK0823,UCL-UK/UCLStrokeData,0.0
sub-STUCLUK0824,UCL-UK/UCLStrokeData,0.0
sub-STUCLUK0825,UCL-UK/UCLStrokeData,0.0
sub-STUCLUK0826,UCL-UK/UCLStrokeData,0.0
sub-STUCLUK0827,UCL-UK/UCLStrokeData,0.0
sub-STUCLUK0828,UCL-UK/UCLStrokeData,0.0
sub-STUCLUK0829,UCL-UK/UCLStrokeData,0.0
sub-STUCLUK0830,UCL-UK/UCLStrokeData,0.0
sub-STUCLUK0831,UCL-UK/UCLStrokeData,0.0066269052352551355
sub-STUCLUK0832,UCL-UK/UCLStrokeData,0.0031804929764113437
sub-STUCLUK0833,UCL-UK/UCLStrokeData,0.0
sub-STUCLUK0834,UCL-UK/UCLStrokeData,0.0
sub-STUCLUK0835,UCL-UK/UCLStrokeData,0.005076142131979695
sub-STUCLUK0836,UCL-UK/UCLStrokeData,0.0
sub-STUCLUK0837,UCL-UK/UCLStrokeData,0.0
sub-STUCLUK0838,UCL-UK/UCLStrokeData,0.0
sub-STUCLUK0839,UCL-UK/UCLStrokeData,0.0
sub-STUCLUK0840,UCL-UK/UCLStrokeData,0.0
sub-STUCLUK0841,UCL-UK/UCLStrokeData,0.0
sub-STUCLUK0842,UCL-UK/UCLStrokeData,0.0
sub-STUCLUK0843,UCL-UK/UCLStrokeData,0.0
sub-STUCLUK0844,UCL-UK/UCLStrokeData,0.0003632401017072285
sub-STUCLUK0845,UCL-UK/UCLStrokeData,0.0
sub-STUCLUK0846,UCL-UK/UCLStrokeData,0.0
sub-STUCLUK0847,UCL-UK/UCLStrokeData,0.0001968503937007874
sub-STUCLUK0848,UCL-UK/UCLStrokeData,0.0
sub-STUCLUK0849,UCL-UK/UCLStrokeData,0.001490072892755024
sub-STUCLUK0850,UCL-UK/UCLStrokeData,0.0
sub-STUCLUK0851,UCL-UK/UCLStrokeData,0.0
sub-STUCLUK0852,UCL-UK/UCLStrokeData,0.0
sub-STUCLUK0853,UCL-UK/UCLStrokeData,0.0
sub-STUCLUK0854,UCL-UK/UCLStrokeData,0.0
sub-STUCLUK0855,UCL-UK/UCLStrokeData,0.0
sub-STUCLUK0856,UCL-UK/UCLStrokeData,0.0007331378299120235
sub-STUCLUK0857,UCL-UK/UCLStrokeData,0.0
sub-STUCLUK0858,UCL-UK/UCLStrokeData,0.0
sub-STUCLUK0859,UCL-UK/UCLStrokeData,0.0
sub-STUCLUK0860,UCL-UK/UCLStrokeData,0.0
sub-STUCLUK0861,UCL-UK/UCLStrokeData,0.0
sub-STUCLUK0862,UCL-UK/UCLStrokeData,0.0
sub-STUCLUK0863,UCL-UK/UCLStrokeData,0.0
sub-STUCLUK0864,UCL-UK/UCLStrokeData,0.0
sub-STUCLUK0865,UCL-UK/UCLStrokeData,0.0
sub-STUCLUK0866,UCL-UK/UCLStrokeData,0.0
sub-STUCLUK0867,UCL-UK/UCLStrokeData,0.0
sub-STUCLUK0868,UCL-UK/UCLStrokeData,0.0
sub-STUCLUK0869,UCL-UK/UCLStrokeData,0.000495949743759299
sub-STUCLUK0870,UCL-UK/UCLStrokeData,0.0
sub-STUCLUK0871,UCL-UK/UCLStrokeData,0.0
sub-STUCLUK0872,UCL-UK/UCLStrokeData,0.0
sub-STUCLUK0873,UCL-UK/UCLStrokeData,0.0
sub-STUCLUK0874,UCL-UK/UCLStrokeData,0.0
sub-STUCLUK0875,UCL-UK/UCLStrokeData,0.0
sub-STUCLUK0876,UCL-UK/UCLStrokeData,0.0
sub-STUCLUK0877,UCL-UK/UCLStrokeData,0.0
sub-STUCLUK0878,UCL-UK/UCLStrokeData,0.0
sub-STUCLUK0879,UCL-UK/UCLStrokeData,0.0
sub-STUCLUK0880,UCL-UK/UCLStrokeData,0.0
sub-STUCLUK0881,UCL-UK/UCLStrokeData,0.0
sub-STUCLUK0882,UCL-UK/UCLStrokeData,0.003457814661134163
sub-STUCLUK0883,UCL-UK/UCLStrokeData,0.0
sub-STUCLUK0884,UCL-UK/UCLStrokeData,0.0
sub-STUCLUK0885,UCL-UK/UCLStrokeData,0.0
sub-STUCLUK0886,UCL-UK/UCLStrokeData,0.0
sub-STUCLUK0887,UCL-UK/UCLStrokeData,0.0010775862068965517
sub-STUCLUK0888,UCL-UK/UCLStrokeData,0.0
sub-STUCLUK0889,UCL-UK/UCLStrokeData,0.0
sub-STUCLUK0890,UCL-UK/UCLStrokeData,0.004207995190862639
sub-STUCLUK0891,UCL-UK/UCLStrokeData,0.0
sub-STUCLUK0892,UCL-UK/UCLStrokeData,0.0
sub-STUCLUK0893,UCL-UK/UCLStrokeData,0.0
sub-STUCLUK0894,UCL-UK/UCLStrokeData,0.0001584032947885316
sub-STUCLUK0895,UCL-UK/UCLStrokeData,0.0
sub-STUCLUK0896,UCL-UK/UCLStrokeData,0.0
sub-STUCLUK0897,UCL-UK/UCLStrokeData,0.04200542005420054
sub-STUCLUK0898,UCL-UK/UCLStrokeData,0.0
sub-STUCLUK0899,UCL-UK/UCLStrokeData,0.0055577610162763
sub-STUCLUK0900,UCL-UK/UCLStrokeData,0.0
sub-STUCLUK0901,UCL-UK/UCLStrokeData,0.0
sub-STUCLUK0902,UCL-UK/UCLStrokeData,0.0
sub-STUCLUK0903,UCL-UK/UCLStrokeData,0.0
sub-STUCLUK0904,UCL-UK/UCLStrokeData,0.0
sub-STUCLUK0905,UCL-UK/UCLStrokeData,0.0
sub-STUCLUK0906,UCL-UK/UCLStrokeData,0.0
sub-STUCLUK0907,UCL-UK/UCLStrokeData,0.0
sub-STUCLUK0908,UCL-UK/UCLStrokeData,0.0
sub-STUCLUK0909,UCL-UK/UCLStrokeData,0.0
sub-STUCLUK0910,UCL-UK/UCLStrokeData,0.0
sub-STUCLUK0911,UCL-UK/UCLStrokeData,0.0
sub-STUCLUK0912,UCL-UK/UCLStrokeData,0.0
sub-STUCLUK0913,UCL-UK/UCLStrokeData,0.0
sub-STUCLUK0914,UCL-UK/UCLStrokeData,0.0
sub-STUCLUK0915,UCL-UK/UCLStrokeData,0.0006614971886369483
sub-STUCLUK0916,UCL-UK/UCLStrokeData,0.0
sub-STUCLUK0917,UCL-UK/UCLStrokeData,0.0
sub-STUCLUK0918,UCL-UK/UCLStrokeData,0.005958291956305859
sub-STUCLUK0919,UCL-UK/UCLStrokeData,0.0
sub-STUCLUK0920,UCL-UK/UCLStrokeData,0.00980392156862745
sub-STUCLUK0921,UCL-UK/UCLStrokeData,0.003244997295835587
sub-STUCLUK0922,UCL-UK/UCLStrokeData,0.0
sub-STUCLUK0923,UCL-UK/UCLStrokeData,0.0
sub-STUCLUK0924,UCL-UK/UCLStrokeData,0.0
sub-STUCLUK0925,UCL-UK/UCLStrokeData,0.0
sub-STUCLUK0926,UCL-UK/UCLStrokeData,0.0
sub-STUCLUK0927,UCL-UK/UCLStrokeData,0.0
sub-STUCLUK0928,UCL-UK/UCLStrokeData,0.0
sub-STUCLUK0929,UCL-UK/UCLStrokeData,0.0
sub-STUCLUK0930,UCL-UK/UCLStrokeData,0.0
sub-STUCLUK0931,UCL-UK/UCLStrokeData,0.0
sub-STUCLUK0932,UCL-UK/UCLStrokeData,0.0
sub-STUCLUK0933,UCL-UK/UCLStrokeData,0.0009115770282588879
sub-STUCLUK0934,UCL-UK/UCLStrokeData,0.0
sub-STUCLUK0935,UCL-UK/UCLStrokeData,0.0
sub-STUCLUK0936,UCL-UK/UCLStrokeData,0.0
sub-STUCLUK0937,UCL-UK/UCLStrokeData,0.0
sub-STUCLUK0938,UCL-UK/UCLStrokeData,0.0
sub-STUCLUK0939,UCL-UK/UCLStrokeData,0.0
sub-STUCLUK0940,UCL-UK/UCLStrokeData,0.0
sub-STUCLUK0941,UCL-UK/UCLStrokeData,0.0
sub-STUCLUK0942,UCL-UK/UCLStrokeData,0.0
sub-STUCLUK0943,UCL-UK/UCLStrokeData,0.0
sub-STUCLUK0944,UCL-UK/UCLStrokeData,0.0
sub-STUCLUK0945,UCL-UK/UCLStrokeData,0.0
sub-STUCLUK0946,UCL-UK/UCLStrokeData,0.0
sub-STUCLUK0947,UCL-UK/UCLStrokeData,0.0
sub-STUCLUK0948,UCL-UK/UCLStrokeData,0.006329113924050633
sub-STUCLUK0949,UCL-UK/UCLStrokeData,0.0
sub-STUCLUK0950,UCL-UK/UCLStrokeData,0.0003502626970227671
sub-STUCLUK0951,UCL-UK/UCLStrokeData,0.0
sub-STUCLUK0952,UCL-UK/UCLStrokeData,0.0
sub-STUCLUK0953,UCL-UK/UCLStrokeData,0.0
sub-STUCLUK0954,UCL-UK/UCLStrokeData,0.0011123470522803114
sub-STUCLUK0955,UCL-UK/UCLStrokeData,0.0
sub-STUCLUK0956,UCL-UK/UCLStrokeData,0.0
sub-STUCLUK0957,UCL-UK/UCLStrokeData,0.0
sub-STUCLUK0958,UCL-UK/UCLStrokeData,0.0
sub-STUCLUK0959,UCL-UK/UCLStrokeData,0.0
sub-STUCLUK0960,UCL-UK/UCLStrokeData,0.0
sub-STUCLUK0961,UCL-UK/UCLStrokeData,0.0
sub-STUCLUK0962,UCL-UK/UCLStrokeData,0.0
sub-STUCLUK0963,UCL-UK/UCLStrokeData,0.008529276164130935
sub-STUCLUK0964,UCL-UK/UCLStrokeData,0.009612496245118654
sub-STUCLUK0965,UCL-UK/UCLStrokeData,6.524859715516116e-05
sub-STUCLUK0966,UCL-UK/UCLStrokeData,0.0
sub-STUCLUK0967,UCL-UK/UCLStrokeData,0.0
sub-STUCLUK0968,UCL-UK/UCLStrokeData,0.02054794520547945
sub-STUCLUK0969,UCL-UK/UCLStrokeData,0.0
sub-STUCLUK0970,UCL-UK/UCLStrokeData,0.0
sub-STUCLUK0971,UCL-UK/UCLStrokeData,0.0
sub-STUCLUK0972,UCL-UK/UCLStrokeData,0.0
sub-STUCLUK0973,UCL-UK/UCLStrokeData,0.0
sub-STUCLUK0974,UCL-UK/UCLStrokeData,0.0
sub-STUCLUK0975,UCL-UK/UCLStrokeData,0.0
sub-STUCLUK0976,UCL-UK/UCLStrokeData,0.0
sub-STUCLUK0977,UCL-UK/UCLStrokeData,0.005128205128205128
sub-STUCLUK0978,UCL-UK/UCLStrokeData,0.0
sub-STUCLUK0979,UCL-UK/UCLStrokeData,0.0
sub-STUCLUK0980,UCL-UK/UCLStrokeData,0.0
sub-STUCLUK0981,UCL-UK/UCLStrokeData,0.0
sub-STUCLUK0982,UCL-UK/UCLStrokeData,0.0
sub-STUCLUK0983,UCL-UK/UCLStrokeData,0.0010966630111232962
sub-STUCLUK0984,UCL-UK/UCLStrokeData,0.0
sub-STUCLUK0985,UCL-UK/UCLStrokeData,0.0
sub-STUCLUK0986,UCL-UK/UCLStrokeData,0.0
sub-STUCLUK0987,UCL-UK/UCLStrokeData,0.001639344262295082
sub-STUCLUK0988,UCL-UK/UCLStrokeData,0.0
sub-STUCLUK0989,UCL-UK/UCLStrokeData,0.0009514747859181732
sub-STUCLUK0990,UCL-UK/UCLStrokeData,0.001037344398340249
sub-STUCLUK0991,UCL-UK/UCLStrokeData,0.0
sub-STUCLUK0992,UCL-UK/UCLStrokeData,0.0
sub-STUCLUK0993,UCL-UK/UCLStrokeData,0.0
sub-STUCLUK0994,UCL-UK/UCLStrokeData,0.0
sub-STUCLUK0995,UCL-UK/UCLStrokeData,0.0
sub-STUCLUK0996,UCL-UK/UCLStrokeData,0.0
sub-STUCLUK0997,UCL-UK/UCLStrokeData,0.0
sub-STUCLUK0998,UCL-UK/UCLStrokeData,0.0
sub-STUCLUK0999,UCL-UK/UCLStrokeData,0.0
sub-STUCLUK1000,UCL-UK/UCLStrokeData,0.0
sub-STUCLUK1001,UCL-UK/UCLStrokeData,0.0017421602787456446
sub-STUCLUK1002,UCL-UK/UCLStrokeData,0.0
sub-STUCLUK1003,UCL-UK/UCLStrokeData,0.017354767994154183
sub-STUCLUK1004,UCL-UK/UCLStrokeData,0.0
sub-STUCLUK1005,UCL-UK/UCLStrokeData,0.0
sub-STUCLUK1006,UCL-UK/UCLStrokeData,0.0
sub-STUCLUK1007,UCL-UK/UCLStrokeData,0.0
sub-STUCLUK1008,UCL-UK/UCLStrokeData,0.0
sub-STUCLUK1009,UCL-UK/UCLStrokeData,0.0
sub-STUCLUK1010,UCL-UK/UCLStrokeData,0.0
sub-STUCLUK1011,UCL-UK/UCLStrokeData,0.0
sub-STUCLUK1012,UCL-UK/UCLStrokeData,0.0
sub-STUCLUK1013,UCL-UK/UCLStrokeData,0.0
sub-STUCLUK1014,UCL-UK/UCLStrokeData,0.0
sub-STUCLUK1015,UCL-UK/UCLStrokeData,0.0
sub-STUCLUK1016,UCL-UK/UCLStrokeData,0.0
sub-STUCLUK1017,UCL-UK/UCLStrokeData,0.0
sub-STUCLUK1018,UCL-UK/UCLStrokeData,0.0
sub-STUCLUK1019,UCL-UK/UCLStrokeData,0.000630715862503942
sub-STUCLUK1020,UCL-UK/UCLStrokeData,0.0
sub-STUCLUK1021,UCL-UK/UCLStrokeData,0.00016889039013680122
sub-STUCLUK1022,UCL-UK/UCLStrokeData,0.0
sub-STUCLUK1023,UCL-UK/UCLStrokeData,0.0
sub-STUCLUK1024,UCL-UK/UCLStrokeData,0.03910614525139665
sub-STUCLUK1025,UCL-UK/UCLStrokeData,0.004145077720207254
sub-STUCLUK1026,UCL-UK/UCLStrokeData,0.004932182490752158
sub-STUCLUK1027,UCL-UK/UCLStrokeData,0.0
sub-STUCLUK1028,UCL-UK/UCLStrokeData,0.0
sub-STUCLUK1029,UCL-UK/UCLStrokeData,0.0
sub-STUCLUK1030,UCL-UK/UCLStrokeData,0.0
sub-STUCLUK1031,UCL-UK/UCLStrokeData,0.0
sub-STUCLUK1032,UCL-UK/UCLStrokeData,0.004032258064516129
sub-STUCLUK1033,UCL-UK/UCLStrokeData,0.0
sub-STUCLUK1034,UCL-UK/UCLStrokeData,0.0
sub-STUCLUK1035,UCL-UK/UCLStrokeData,0.0
sub-STUCLUK1036,UCL-UK/UCLStrokeData,0.0
sub-STUCLUK1037,UCL-UK/UCLStrokeData,0.0
sub-STUCLUK1038,UCL-UK/UCLStrokeData,0.0
sub-STUCLUK1039,UCL-UK/UCLStrokeData,0.0
sub-STUCLUK1040,UCL-UK/UCLStrokeData,0.0
sub-STUCLUK1041,UCL-UK/UCLStrokeData,0.0
sub-STUCLUK1042,UCL-UK/UCLStrokeData,0.044444444444444446
sub-STUCLUK1043,UCL-UK/UCLStrokeData,0.16417910447761194
sub-STUCLUK1044,UCL-UK/UCLStrokeData,0.0
sub-STUCLUK1045,UCL-UK/UCLStrokeData,0.0074374577417173765
sub-STUCLUK1046,UCL-UK/UCLStrokeData,0.0
sub-STUCLUK1047,UCL-UK/UCLStrokeData,0.0
sub-STUCLUK1048,UCL-UK/UCLStrokeData,0.0
sub-STUCLUK1049,UCL-UK/UCLStrokeData,0.0
sub-STUCLUK1050,UCL-UK/UCLStrokeData,0.0
sub-STUCLUK1051,UCL-UK/UCLStrokeData,0.050314465408805034
sub-STUCLUK1052,UCL-UK/UCLStrokeData,0.0008613264427217916
sub-STUCLUK1053,UCL-UK/UCLStrokeData,0.0
sub-STUCLUK1054,UCL-UK/UCLStrokeData,0.0
sub-STUCLUK1055,UCL-UK/UCLStrokeData,0.0
sub-STUCLUK1056,UCL-UK/UCLStrokeData,0.0
sub-STUCLUK1057,UCL-UK/UCLStrokeData,0.0
sub-STUCLUK1058,UCL-UK/UCLStrokeData,0.0
sub-STUCLUK1059,UCL-UK/UCLStrokeData,0.0
sub-STUCLUK1060,UCL-UK/UCLStrokeData,0.0
sub-STUCLUK1061,UCL-UK/UCLStrokeData,0.0011723329425556857
sub-STUCLUK1062,UCL-UK/UCLStrokeData,0.0
sub-STUCLUK1063,UCL-UK/UCLStrokeData,0.0
sub-STUCLUK1064,UCL-UK/UCLStrokeData,0.0
sub-STUCLUK1065,UCL-UK/UCLStrokeData,0.0006959749449019835
sub-STUCLUK1066,UCL-UK/UCLStrokeData,0.0
sub-STUCLUK1067,UCL-UK/UCLStrokeData,0.0
sub-STUCLUK1068,UCL-UK/UCLStrokeData,0.0
sub-STUCLUK1069,UCL-UK/UCLStrokeData,0.0
sub-STUCLUK1070,UCL-UK/UCLStrokeData,0.0
sub-STUCLUK1071,UCL-UK/UCLStrokeData,0.0
sub-STUCLUK1072,UCL-UK/UCLStrokeData,0.0
sub-STUCLUK1073,UCL-UK/UCLStrokeData,0.0
sub-STUCLUK1074,UCL-UK/UCLStrokeData,0.000594883997620464
sub-STUCLUK1075,UCL-UK/UCLStrokeData,0.002405949256342957
sub-STUCLUK1076,UCL-UK/UCLStrokeData,0.0
sub-STUCLUK1077,UCL-UK/UCLStrokeData,0.006896551724137931
sub-STUCLUK1078,UCL-UK/UCLStrokeData,0.0011329305135951663
sub-STUCLUK1079,UCL-UK/UCLStrokeData,0.0
sub-STUCLUK1080,UCL-UK/UCLStrokeData,0.0
sub-STUCLUK1081,UCL-UK/UCLStrokeData,0.0
sub-STUCLUK1082,UCL-UK/UCLStrokeData,0.0
sub-STUCLUK1083,UCL-UK/UCLStrokeData,0.0
sub-STUCLUK1084,UCL-UK/UCLStrokeData,0.004424778761061947
sub-STUCLUK1085,UCL-UK/UCLStrokeData,0.0
sub-STUCLUK1086,UCL-UK/UCLStrokeData,0.0
sub-STUCLUK1087,UCL-UK/UCLStrokeData,0.0
sub-STUCLUK1088,UCL-UK/UCLStrokeData,0.0
sub-STUCLUK1089,UCL-UK/UCLStrokeData,0.0
sub-STUCLUK1090,UCL-UK/UCLStrokeData,0.0
sub-STUCLUK1091,UCL-UK/UCLStrokeData,0.0
sub-STUCLUK1092,UCL-UK/UCLStrokeData,0.0
sub-STUCLUK1093,UCL-UK/UCLStrokeData,0.0001807337791433219
sub-STUCLUK1094,UCL-UK/UCLStrokeData,0.0004396248534583822
sub-STUCLUK1095,UCL-UK/UCLStrokeData,0.003415559772296015
sub-STUCLUK1096,UCL-UK/UCLStrokeData,0.0
sub-STUCLUK1097,UCL-UK/UCLStrokeData,0.006531678641410843
sub-STUCLUK1098,UCL-UK/UCLStrokeData,0.0
sub-STUCLUK1099,UCL-UK/UCLStrokeData,0.0
sub-STUCLUK1100,UCL-UK/UCLStrokeData,0.0
sub-STUCLUK1101,UCL-UK/UCLStrokeData,0.0
sub-STUCLUK1102,UCL-UK/UCLStrokeData,0.029411764705882353
sub-STUCLUK1103,UCL-UK/UCLStrokeData,0.0
sub-STUCLUK1104,UCL-UK/UCLStrokeData,0.0
sub-STUCLUK1105,UCL-UK/UCLStrokeData,0.0
sub-STUCLUK1106,UCL-UK/UCLStrokeData,0.0
sub-STUCLUK1107,UCL-UK/UCLStrokeData,0.0
sub-STUCLUK1108,UCL-UK/UCLStrokeData,0.0
sub-STUCLUK1109,UCL-UK/UCLStrokeData,0.0
sub-STUCLUK1110,UCL-UK/UCLStrokeData,0.0
sub-STUCLUK1111,UCL-UK/UCLStrokeData,0.0
sub-STUCLUK1112,UCL-UK/UCLStrokeData,0.0
sub-STUCLUK1113,UCL-UK/UCLStrokeData,0.0
sub-STUCLUK1114,UCL-UK/UCLStrokeData,0.0
sub-STUCLUK1115,UCL-UK/UCLStrokeData,0.0
sub-STUCLUK1116,UCL-UK/UCLStrokeData,0.0
sub-STUCLUK1117,UCL-UK/UCLStrokeData,0.0
sub-STUCLUK1118,UCL-UK/UCLStrokeData,0.0
sub-STUCLUK1119,UCL-UK/UCLStrokeData,0.0
sub-STUCLUK1120,UCL-UK/UCLStrokeData,0.0
sub-STUCLUK1121,UCL-UK/UCLStrokeData,0.0011389521640091116
sub-STUCLUK1122,UCL-UK/UCLStrokeData,0.0
sub-STUCLUK1123,UCL-UK/UCLStrokeData,0.0
sub-STUCLUK1124,UCL-UK/UCLStrokeData,0.0019801980198019802
sub-STUCLUK1125,UCL-UK/UCLStrokeData,0.0
sub-STUCLUK1126,UCL-UK/UCLStrokeData,0.002936138977244923
sub-STUCLUK1127,UCL-UK/UCLStrokeData,0.00241446322360285
sub-STUCLUK1128,UCL-UK/UCLStrokeData,0.0
sub-STUCLUK1129,UCL-UK/UCLStrokeData,0.0
sub-STUCLUK1130,UCL-UK/UCLStrokeData,0.0
sub-STUCLUK1131,UCL-UK/UCLStrokeData,0.0
sub-STUCLUK1132,UCL-UK/UCLStrokeData,0.0004912797838368951
sub-STUCLUK1133,UCL-UK/UCLStrokeData,0.0
sub-STUCLUK1134,UCL-UK/UCLStrokeData,0.0
sub-STUCLUK1135,UCL-UK/UCLStrokeData,0.0
sub-STUCLUK1136,UCL-UK/UCLStrokeData,0.0
sub-STUCLUK1137,UCL-UK/UCLStrokeData,0.0
sub-STUCLUK1138,UCL-UK/UCLStrokeData,0.0
sub-STUCLUK1139,UCL-UK/UCLStrokeData,0.0
sub-STUCLUK1140,UCL-UK/UCLStrokeData,0.0
sub-STUCLUK1141,UCL-UK/UCLStrokeData,0.0
sub-STUCLUK1142,UCL-UK/UCLStrokeData,0.0
sub-STUCLUK1143,UCL-UK/UCLStrokeData,0.0038284839203675345
sub-STUCLUK1144,UCL-UK/UCLStrokeData,0.0
sub-STUCLUK1145,UCL-UK/UCLStrokeData,0.0
sub-STUCLUK1146,UCL-UK/UCLStrokeData,0.0
sub-STUCLUK1147,UCL-UK/UCLStrokeData,0.0
sub-STUCLUK1148,UCL-UK/UCLStrokeData,0.0
sub-STUCLUK1149,UCL-UK/UCLStrokeData,0.0
sub-STUCLUK1150,UCL-UK/UCLStrokeData,0.0
sub-STUCLUK1151,UCL-UK/UCLStrokeData,0.0012406947890818859
sub-STUCLUK1152,UCL-UK/UCLStrokeData,0.0
sub-STUCLUK1153,UCL-UK/UCLStrokeData,0.0
sub-STUCLUK1154,UCL-UK/UCLStrokeData,0.0
sub-STUCLUK1155,UCL-UK/UCLStrokeData,0.010345892526250773
sub-STUCLUK1156,UCL-UK/UCLStrokeData,0.005883574444521354
sub-STUCLUK1157,UCL-UK/UCLStrokeData,0.0
sub-STUCLUK1158,UCL-UK/UCLStrokeData,0.0
sub-STUCLUK1159,UCL-UK/UCLStrokeData,0.0
sub-STUCLUK1160,UCL-UK/UCLStrokeData,0.0
sub-STUCLUK1161,UCL-UK/UCLStrokeData,0.0
sub-STUCLUK1162,UCL-UK/UCLStrokeData,0.0009792720744246776
sub-STUCLUK1163,UCL-UK/UCLStrokeData,0.009579563597658328
sub-STUCLUK1164,UCL-UK/UCLStrokeData,0.0
sub-STUCLUK1165,UCL-UK/UCLStrokeData,0.0
sub-STUCLUK1166,UCL-UK/UCLStrokeData,0.0
sub-STUCLUK1167,UCL-UK/UCLStrokeData,0.0
sub-STUCLUK1168,UCL-UK/UCLStrokeData,0.0
sub-STUCLUK1169,UCL-UK/UCLStrokeData,0.0021868166198063107
sub-STUCLUK1170,UCL-UK/UCLStrokeData,0.0
sub-STUCLUK1171,UCL-UK/UCLStrokeData,0.0
sub-STUCLUK1172,UCL-UK/UCLStrokeData,0.0
sub-STUCLUK1173,UCL-UK/UCLStrokeData,0.0
sub-STUCLUK1174,UCL-UK/UCLStrokeData,0.0
sub-STUCLUK1175,UCL-UK/UCLStrokeData,0.0
sub-STUCLUK1176,UCL-UK/UCLStrokeData,0.0
sub-STUCLUK1177,UCL-UK/UCLStrokeData,0.0
sub-STUCLUK1178,UCL-UK/UCLStrokeData,0.0
sub-STUCLUK1179,UCL-UK/UCLStrokeData,0.0
sub-STUCLUK1180,UCL-UK/UCLStrokeData,0.004906771344455349
sub-STUCLUK1181,UCL-UK/UCLStrokeData,0.0
sub-STUCLUK1182,UCL-UK/UCLStrokeData,0.0
sub-STUCLUK1183,UCL-UK/UCLStrokeData,0.0
sub-STUCLUK1184,UCL-UK/UCLStrokeData,0.0
sub-STUCLUK1185,UCL-UK/UCLStrokeData,0.0
sub-STUCLUK1186,UCL-UK/UCLStrokeData,0.0
sub-STUCLUK1187,UCL-UK/UCLStrokeData,0.008695652173913044
sub-STUCLUK1188,UCL-UK/UCLStrokeData,0.0
sub-STUCLUK1189,UCL-UK/UCLStrokeData,0.0
sub-STUCLUK1190,UCL-UK/UCLStrokeData,0.0
sub-STUCLUK1191,UCL-UK/UCLStrokeData,0.0
sub-STUCLUK1192,UCL-UK/UCLStrokeData,0.0
sub-STUCLUK1193,UCL-UK/UCLStrokeData,0.0
sub-STUCLUK1194,UCL-UK/UCLStrokeData,0.0
sub-STUCLUK1195,UCL-UK/UCLStrokeData,0.0
sub-STUCLUK1196,UCL-UK/UCLStrokeData,0.0
sub-STUCLUK1197,UCL-UK/UCLStrokeData,0.0
sub-STUCLUK1198,UCL-UK/UCLStrokeData,0.0
sub-STUCLUK1199,UCL-UK/UCLStrokeData,0.0
sub-STUCLUK1200,UCL-UK/UCLStrokeData,0.0
sub-STUCLUK1201,UCL-UK/UCLStrokeData,0.0
sub-STUCLUK1202,UCL-UK/UCLStrokeData,0.03136531365313653
sub-STUCLUK1203,UCL-UK/UCLStrokeData,0.0
sub-STUCLUK1204,UCL-UK/UCLStrokeData,0.0
sub-STUCLUK1205,UCL-UK/UCLStrokeData,0.0007357268981753973
sub-STUCLUK1206,UCL-UK/UCLStrokeData,0.0
sub-STUCLUK1207,UCL-UK/UCLStrokeData,0.0
sub-STUCLUK1208,UCL-UK/UCLStrokeData,0.0
sub-STUCLUK1209,UCL-UK/UCLStrokeData,0.0
sub-STUCLUK1210,UCL-UK/UCLStrokeData,0.0
sub-STUCLUK1211,UCL-UK/UCLStrokeData,0.0
sub-STUCLUK1212,UCL-UK/UCLStrokeData,0.0
sub-STUCLUK1213,UCL-UK/UCLStrokeData,0.0
sub-STUCLUK1214,UCL-UK/UCLStrokeData,0.0
sub-STUCLUK1215,UCL-UK/UCLStrokeData,0.0
sub-STUCLUK1216,UCL-UK/UCLStrokeData,0.0
sub-STUCLUK1217,UCL-UK/UCLStrokeData,0.0
sub-STUCLUK1218,UCL-UK/UCLStrokeData,0.0
sub-STUCLUK1219,UCL-UK/UCLStrokeData,0.0
sub-STUCLUK1220,UCL-UK/UCLStrokeData,0.00032736796158882583
sub-STUCLUK1221,UCL-UK/UCLStrokeData,0.0
sub-STUCLUK1222,UCL-UK/UCLStrokeData,0.0
sub-STUCLUK1223,UCL-UK/UCLStrokeData,0.0
sub-STUCLUK1224,UCL-UK/UCLStrokeData,0.0
sub-STUCLUK1225,UCL-UK/UCLStrokeData,0.0
sub-STUCLUK1226,UCL-UK/UCLStrokeData,0.0
sub-STUCLUK1227,UCL-UK/UCLStrokeData,0.0
sub-STUCLUK1228,UCL-UK/UCLStrokeData,0.0
sub-STUCLUK1229,UCL-UK/UCLStrokeData,0.009038619556285949
sub-STUCLUK1230,UCL-UK/UCLStrokeData,0.0
sub-STUCLUK1231,UCL-UK/UCLStrokeData,0.0
sub-STUCLUK1232,UCL-UK/UCLStrokeData,0.0
sub-STUCLUK1233,UCL-UK/UCLStrokeData,0.0
sub-STUCLUK1234,UCL-UK/UCLStrokeData,0.0
sub-STUCLUK1235,UCL-UK/UCLStrokeData,0.0
sub-STUCLUK1236,UCL-UK/UCLStrokeData,0.0
sub-STUCLUK1237,UCL-UK/UCLStrokeData,0.0
sub-STUCLUK1238,UCL-UK/UCLStrokeData,0.003284072249589491
sub-STUCLUK1239,UCL-UK/UCLStrokeData,0.0
sub-STUCLUK1240,UCL-UK/UCLStrokeData,0.0
sub-STUCLUK1241,UCL-UK/UCLStrokeData,0.0
sub-STUCLUK1242,UCL-UK/UCLStrokeData,0.0
sub-STUCLUK1243,UCL-UK/UCLStrokeData,0.0
sub-STUCLUK1244,UCL-UK/UCLStrokeData,0.0
sub-STUCLUK1245,UCL-UK/UCLStrokeData,0.0
sub-STUCLUK1246,UCL-UK/UCLStrokeData,0.0
sub-STUCLUK1247,UCL-UK/UCLStrokeData,0.0
sub-STUCLUK1248,UCL-UK/UCLStrokeData,0.0
sub-STUCLUK1249,UCL-UK/UCLStrokeData,0.0
sub-STUCLUK1250,UCL-UK/UCLStrokeData,0.0
sub-STUCLUK1251,UCL-UK/UCLStrokeData,0.0
sub-STUCLUK1252,UCL-UK/UCLStrokeData,0.0
sub-STUCLUK1253,UCL-UK/UCLStrokeData,0.0
sub-STUCLUK1254,UCL-UK/UCLStrokeData,0.0
sub-STUCLUK1255,UCL-UK/UCLStrokeData,0.004344677769732078
sub-STUCLUK1256,UCL-UK/UCLStrokeData,0.0
sub-STUCLUK1257,UCL-UK/UCLStrokeData,0.0012583892617449664
sub-STUCLUK1258,UCL-UK/UCLStrokeData,0.0
sub-STUCLUK1259,UCL-UK/UCLStrokeData,0.0
sub-STUCLUK1260,UCL-UK/UCLStrokeData,0.0
sub-STUCLUK1261,UCL-UK/UCLStrokeData,0.0
sub-STUCLUK1262,UCL-UK/UCLStrokeData,0.0
sub-STUCLUK1263,UCL-UK/UCLStrokeData,0.0
sub-STUCLUK1264,UCL-UK/UCLStrokeData,0.0
sub-STUCLUK1265,UCL-UK/UCLStrokeData,0.0009132420091324201
sub-STUCLUK1266,UCL-UK/UCLStrokeData,0.0
sub-STUCLUK1267,UCL-UK/UCLStrokeData,0.0005937280725427755
sub-STUCLUK1268,UCL-UK/UCLStrokeData,0.0
sub-STUCLUK1269,UCL-UK/UCLStrokeData,0.0
sub-STUCLUK1270,UCL-UK/UCLStrokeData,0.0
sub-STUCLUK1271,UCL-UK/UCLStrokeData,0.0
sub-STUCLUK1272,UCL-UK/UCLStrokeData,0.0
sub-STUCLUK1273,UCL-UK/UCLStrokeData,0.0
sub-STUCLUK1274,UCL-UK/UCLStrokeData,0.0
sub-STUCLUK1275,UCL-UK/UCLStrokeData,0.0
sub-STUCLUK1276,UCL-UK/UCLStrokeData,0.0
sub-STUCLUK1277,UCL-UK/UCLStrokeData,0.0
sub-STUCLUK1278,UCL-UK/UCLStrokeData,0.0
sub-STUCLUK1279,UCL-UK/UCLStrokeData,0.0
sub-STUCLUK1280,UCL-UK/UCLStrokeData,0.0
sub-STUCLUK1281,UCL-UK/UCLStrokeData,0.01576872536136662
sub-STUCLUK1282,UCL-UK/UCLStrokeData,0.0
sub-STUCLUK1283,UCL-UK/UCLStrokeData,0.0
sub-STUCLUK1284,UCL-UK/UCLStrokeData,0.0
sub-STUCLUK1285,UCL-UK/UCLStrokeData,0.0
sub-STUCLUK1286,UCL-UK/UCLStrokeData,0.0
sub-STUCLUK1287,UCL-UK/UCLStrokeData,0.0
sub-STUCLUK1288,UCL-UK/UCLStrokeData,0.0
sub-STUCLUK1289,UCL-UK/UCLStrokeData,0.0
sub-STUCLUK1290,UCL-UK/UCLStrokeData,0.0
sub-STUCLUK1291,UCL-UK/UCLStrokeData,0.0
sub-STUCLUK1292,UCL-UK/UCLStrokeData,0.0
sub-STUCLUK1293,UCL-UK/UCLStrokeData,0.0
sub-STUCLUK1294,UCL-UK/UCLStrokeData,0.0
sub-STUCLUK1295,UCL-UK/UCLStrokeData,0.0
sub-STUCLUK1296,UCL-UK/UCLStrokeData,0.0
sub-STUCLUK1297,UCL-UK/UCLStrokeData,0.0
sub-STUCLUK1298,UCL-UK/UCLStrokeData,0.0
sub-STUCLUK1299,UCL-UK/UCLStrokeData,0.0
sub-STUCLUK1300,UCL-UK/UCLStrokeData,0.0
sub-STUCLUK1301,UCL-UK/UCLStrokeData,0.0
sub-STUCLUK1302,UCL-UK/UCLStrokeData,0.0
sub-STUCLUK1303,UCL-UK/UCLStrokeData,0.0
sub-STUCLUK1304,UCL-UK/UCLStrokeData,0.0
sub-STUCLUK1305,UCL-UK/UCLStrokeData,0.0
sub-STUCLUK1306,UCL-UK/UCLStrokeData,0.04081632653061224
sub-STUCLUK1307,UCL-UK/UCLStrokeData,0.0
sub-STUCLUK1308,UCL-UK/UCLStrokeData,0.0
sub-STUCLUK1309,UCL-UK/UCLStrokeData,0.0
sub-STUCLUK1310,UCL-UK/UCLStrokeData,0.0
sub-STUCLUK1311,UCL-UK/UCLStrokeData,0.0
sub-STUCLUK1312,UCL-UK/UCLStrokeData,0.0
sub-STUCLUK1313,UCL-UK/UCLStrokeData,0.0
sub-STUCLUK1314,UCL-UK/UCLStrokeData,0.0
sub-STUCLUK1315,UCL-UK/UCLStrokeData,0.0015358361774744026
sub-STUCLUK1316,UCL-UK/UCLStrokeData,0.0
sub-STUCLUK1317,UCL-UK/UCLStrokeData,0.0
sub-STUCLUK1318,UCL-UK/UCLStrokeData,0.0
sub-STUCLUK1319,UCL-UK/UCLStrokeData,0.0
sub-STUCLUK1320,UCL-UK/UCLStrokeData,0.0
sub-STUCLUK1321,UCL-UK/UCLStrokeData,0.0
sub-STUCLUK1322,UCL-UK/UCLStrokeData,0.0
sub-STUCLUK1323,UCL-UK/UCLStrokeData,0.0
sub-STUCLUK1324,UCL-UK/UCLStrokeData,0.0
sub-STUCLUK1325,UCL-UK/UCLStrokeData,0.0
sub-STUCLUK1326,UCL-UK/UCLStrokeData,0.0
sub-STUCLUK1327,UCL-UK/UCLStrokeData,0.0
sub-STUCLUK1328,UCL-UK/UCLStrokeData,0.0
sub-STUCLUK1329,UCL-UK/UCLStrokeData,0.0
sub-STUCLUK1330,UCL-UK/UCLStrokeData,0.0017462165308498253
sub-STUCLUK1331,UCL-UK/UCLStrokeData,0.0005660110372152257
sub-STUCLUK1332,UCL-UK/UCLStrokeData,0.0
sub-STUCLUK1333,UCL-UK/UCLStrokeData,0.0
sub-STUCLUK1334,UCL-UK/UCLStrokeData,0.0
sub-STUCLUK1335,UCL-UK/UCLStrokeData,0.0
sub-STUCLUK1336,UCL-UK/UCLStrokeData,0.00016005121638924455
sub-STUCLUK1337,UCL-UK/UCLStrokeData,0.0
sub-STUCLUK1338,UCL-UK/UCLStrokeData,0.00019857029388403494
sub-STUCLUK1339,UCL-UK/UCLStrokeData,0.0
sub-STUCLUK1340,UCL-UK/UCLStrokeData,0.0005073566717402334
sub-STUCLUK1341,UCL-UK/UCLStrokeData,0.056818181818181816
sub-STUCLUK1342,UCL-UK/UCLStrokeData,0.0
sub-STUCLUK1343,UCL-UK/UCLStrokeData,0.0
sub-STUCLUK1344,UCL-UK/UCLStrokeData,0.0
sub-STUCLUK1345,UCL-UK/UCLStrokeData,0.0
sub-STUCLUK1346,UCL-UK/UCLStrokeData,0.004437869822485207
sub-STUCLUK1347,UCL-UK/UCLStrokeData,0.0
sub-STUCLUK1348,UCL-UK/UCLStrokeData,0.0
sub-STUCLUK1349,UCL-UK/UCLStrokeData,0.0
sub-STUCLUK1350,UCL-UK/UCLStrokeData,0.0
sub-STUCLUK1351,UCL-UK/UCLStrokeData,0.0
sub-STUCLUK1352,UCL-UK/UCLStrokeData,0.0
sub-STUCLUK1353,UCL-UK/UCLStrokeData,0.0
sub-STUCLUK1354,UCL-UK/UCLStrokeData,0.002932551319648094
sub-STUCLUK1355,UCL-UK/UCLStrokeData,0.0
sub-STUCLUK1356,UCL-UK/UCLStrokeData,0.0
sub-STUCLUK1357,UCL-UK/UCLStrokeData,0.007419980601357905
sub-STUCLUK1358,UCL-UK/UCLStrokeData,0.0
sub-STUCLUK1359,UCL-UK/UCLStrokeData,0.0
sub-STUCLUK1360,UCL-UK/UCLStrokeData,0.0
sub-STUCLUK1361,UCL-UK/UCLStrokeData,0.0
sub-STUCLUK1362,UCL-UK/UCLStrokeData,0.0
sub-STUCLUK1363,UCL-UK/UCLStrokeData,0.0
sub-STUCLUK1364,UCL-UK/UCLStrokeData,0.0
sub-STUCLUK1365,UCL-UK/UCLStrokeData,0.0
sub-STUCLUK1366,UCL-UK/UCLStrokeData,0.0
sub-STUCLUK1367,UCL-UK/UCLStrokeData,0.0
sub-STUCLUK1368,UCL-UK/UCLStrokeData,0.0
sub-STUCLUK1369,UCL-UK/UCLStrokeData,0.0
sub-STUCLUK1370,UCL-UK/UCLStrokeData,0.0
sub-STUCLUK1371,UCL-UK/UCLStrokeData,0.0
sub-STUCLUK1372,UCL-UK/UCLStrokeData,0.0
sub-STUCLUK1373,UCL-UK/UCLStrokeData,0.0
sub-STUCLUK1374,UCL-UK/UCLStrokeData,0.0
sub-STUCLUK1375,UCL-UK/UCLStrokeData,0.0
sub-STUCLUK1376,UCL-UK/UCLStrokeData,0.0
sub-STUCLUK1377,UCL-UK/UCLStrokeData,0.0
sub-STUCLUK1378,UCL-UK/UCLStrokeData,0.0
sub-STUCLUK1379,UCL-UK/UCLStrokeData,0.0
sub-STUCLUK1380,UCL-UK/UCLStrokeData,0.0
sub-STUCLUK1381,UCL-UK/UCLStrokeData,0.006134969325153374
sub-STUCLUK1382,UCL-UK/UCLStrokeData,0.0
sub-STUCLUK1383,UCL-UK/UCLStrokeData,0.0022624434389140274
sub-STUCLUK1384,UCL-UK/UCLStrokeData,0.0
sub-STUCLUK1385,UCL-UK/UCLStrokeData,0.0
sub-STUCLUK1386,UCL-UK/UCLStrokeData,0.0
sub-STUCLUK1387,UCL-UK/UCLStrokeData,0.0
sub-STUCLUK1388,UCL-UK/UCLStrokeData,0.0
sub-STUCLUK1389,UCL-UK/UCLStrokeData,0.0
sub-STUCLUK1390,UCL-UK/UCLStrokeData,0.0
sub-STUCLUK1391,UCL-UK/UCLStrokeData,0.0
sub-STUCLUK1392,UCL-UK/UCLStrokeData,0.0
sub-STUCLUK1393,UCL-UK/UCLStrokeData,0.0
sub-STUCLUK1394,UCL-UK/UCLStrokeData,0.0
sub-STUCLUK1395,UCL-UK/UCLStrokeData,0.0031289111389236545
sub-STUCLUK1396,UCL-UK/UCLStrokeData,0.007936507936507936
sub-STUCLUK1397,UCL-UK/UCLStrokeData,0.0
sub-STUCLUK1398,UCL-UK/UCLStrokeData,0.0
sub-STUCLUK1399,UCL-UK/UCLStrokeData,0.0
sub-STUCLUK1400,UCL-UK/UCLStrokeData,0.0
sub-STUCLUK1401,UCL-UK/UCLStrokeData,0.0
sub-STUCLUK1402,UCL-UK/UCLStrokeData,0.0
sub-STUCLUK1403,UCL-UK/UCLStrokeData,0.0007250755287009063
sub-STUCLUK1404,UCL-UK/UCLStrokeData,0.0
sub-STUCLUK1405,UCL-UK/UCLStrokeData,0.0
sub-STUCLUK1406,UCL-UK/UCLStrokeData,0.0
sub-STUCLUK1407,UCL-UK/UCLStrokeData,0.0
sub-STUCLUK1408,UCL-UK/UCLStrokeData,0.0
sub-STUCLUK1409,UCL-UK/UCLStrokeData,0.0
sub-STUCLUK1410,UCL-UK/UCLStrokeData,0.0
sub-STUCLUK1411,UCL-UK/UCLStrokeData,0.0
sub-STUCLUK1412,UCL-UK/UCLStrokeData,0.0
sub-STUCLUK1413,UCL-UK/UCLStrokeData,0.0
sub-STUCLUK1414,UCL-UK/UCLStrokeData,0.0
sub-STUCLUK1415,UCL-UK/UCLStrokeData,0.0
sub-STUCLUK1416,UCL-UK/UCLStrokeData,0.0
sub-STUCLUK1417,UCL-UK/UCLStrokeData,0.0
sub-STUCLUK1418,UCL-UK/UCLStrokeData,0.0
sub-STUCLUK1419,UCL-UK/UCLStrokeData,0.0
sub-STUCLUK1420,UCL-UK/UCLStrokeData,0.0
sub-STUCLUK1421,UCL-UK/UCLStrokeData,0.0
sub-STUCLUK1422,UCL-UK/UCLStrokeData,0.018796992481203006
sub-STUCLUK1423,UCL-UK/UCLStrokeData,0.0
sub-STUCLUK1424,UCL-UK/UCLStrokeData,0.0007232401157184186
sub-STUCLUK1425,UCL-UK/UCLStrokeData,0.0020404693079408265
sub-STUCLUK1426,UCL-UK/UCLStrokeData,0.0
sub-STUCLUK1427,UCL-UK/UCLStrokeData,0.0
sub-STUCLUK1428,UCL-UK/UCLStrokeData,0.0
sub-STUCLUK1429,UCL-UK/UCLStrokeData,0.00014381246854102252
sub-STUCLUK1430,UCL-UK/UCLStrokeData,0.0
sub-STUCLUK1431,UCL-UK/UCLStrokeData,0.0
sub-STUCLUK1432,UCL-UK/UCLStrokeData,0.0
sub-STUCLUK1433,UCL-UK/UCLStrokeData,0.0
sub-STUCLUK1434,UCL-UK/UCLStrokeData,0.0
sub-STUCLUK1435,UCL-UK/UCLStrokeData,0.0
sub-STUCLUK1436,UCL-UK/UCLStrokeData,0.0
sub-STUCLUK1437,UCL-UK/UCLStrokeData,0.0
sub-STUCLUK1438,UCL-UK/UCLStrokeData,0.0
sub-STUCLUK1439,UCL-UK/UCLStrokeData,0.0
sub-STUCLUK1440,UCL-UK/UCLStrokeData,0.0
sub-STUCLUK1441,UCL-UK/UCLStrokeData,0.0
sub-STUCLUK1442,UCL-UK/UCLStrokeData,0.0
sub-STUCLUK1443,UCL-UK/UCLStrokeData,0.0
sub-STUCLUK1444,UCL-UK/UCLStrokeData,0.0
sub-STUCLUK1445,UCL-UK/UCLStrokeData,0.0
sub-STUCLUK1446,UCL-UK/UCLStrokeData,0.0
sub-STUCLUK1447,UCL-UK/UCLStrokeData,0.0
sub-STUCLUK1448,UCL-UK/UCLStrokeData,0.0
sub-STUCLUK1449,UCL-UK/UCLStrokeData,0.0
sub-STUCLUK1450,UCL-UK/UCLStrokeData,0.03225806451612903
sub-STUCLUK1451,UCL-UK/UCLStrokeData,0.0
sub-STUCLUK1452,UCL-UK/UCLStrokeData,0.0
sub-STUCLUK1453,UCL-UK/UCLStrokeData,0.0
sub-STUCLUK1454,UCL-UK/UCLStrokeData,0.0
sub-STUCLUK1455,UCL-UK/UCLStrokeData,0.0
sub-STUCLUK1456,UCL-UK/UCLStrokeData,0.0
sub-STUCLUK1457,UCL-UK/UCLStrokeData,0.0
sub-STUCLUK1458,UCL-UK/UCLStrokeData,0.0
sub-STUCLUK1459,UCL-UK/UCLStrokeData,0.0
sub-STUCLUK1460,UCL-UK/UCLStrokeData,0.0
sub-STUCLUK1461,UCL-UK/UCLStrokeData,0.0
sub-STUCLUK1462,UCL-UK/UCLStrokeData,0.0
sub-STUCLUK1463,UCL-UK/UCLStrokeData,0.0
sub-STUCLUK1464,UCL-UK/UCLStrokeData,0.0
sub-STUCLUK1465,UCL-UK/UCLStrokeData,0.0
sub-STUCLUK1466,UCL-UK/UCLStrokeData,0.0
sub-STUCLUK1467,UCL-UK/UCLStrokeData,0.0
sub-STUCLUK1468,UCL-UK/UCLStrokeData,0.0
sub-STUCLUK1469,UCL-UK/UCLStrokeData,0.002512562814070352
sub-STUCLUK1470,UCL-UK/UCLStrokeData,0.0
sub-STUCLUK1471,UCL-UK/UCLStrokeData,0.0
sub-STUCLUK1472,UCL-UK/UCLStrokeData,0.011494252873563218
sub-STUCLUK1473,UCL-UK/UCLStrokeData,0.0
sub-STUCLUK1474,UCL-UK/UCLStrokeData,0.0
sub-STUCLUK1475,UCL-UK/UCLStrokeData,0.0
sub-STUCLUK1476,UCL-UK/UCLStrokeData,0.0
sub-STUCLUK1477,UCL-UK/UCLStrokeData,0.00245398773006135
sub-STUCLUK1478,UCL-UK/UCLStrokeData,0.0
sub-STUCLUK1479,UCL-UK/UCLStrokeData,0.0
sub-STUCLUK1480,UCL-UK/UCLStrokeData,0.0
sub-STUCLUK1481,UCL-UK/UCLStrokeData,0.0
sub-STUCLUK1482,UCL-UK/UCLStrokeData,0.0
sub-STUCLUK1483,UCL-UK/UCLStrokeData,0.0
sub-STUCLUK1484,UCL-UK/UCLStrokeData,0.0
sub-STUCLUK1485,UCL-UK/UCLStrokeData,0.0
sub-STUCLUK1486,UCL-UK/UCLStrokeData,0.05232558139534884
sub-STUCLUK1487,UCL-UK/UCLStrokeData,0.0
sub-STUCLUK1488,UCL-UK/UCLStrokeData,0.0
sub-STUCLUK1489,UCL-UK/UCLStrokeData,0.0
sub-STUCLUK1490,UCL-UK/UCLStrokeData,0.0
sub-STUCLUK1491,UCL-UK/UCLStrokeData,0.0
sub-STUCLUK1492,UCL-UK/UCLStrokeData,0.0
sub-STUCLUK1493,UCL-UK/UCLStrokeData,0.0
sub-STUCLUK1494,UCL-UK/UCLStrokeData,0.0
sub-STUCLUK1495,UCL-UK/UCLStrokeData,0.011253196930946292
sub-STUCLUK1496,UCL-UK/UCLStrokeData,0.0
sub-STUCLUK1497,UCL-UK/UCLStrokeData,0.0
sub-STUCLUK1498,UCL-UK/UCLStrokeData,0.0
sub-STUCLUK1499,UCL-UK/UCLStrokeData,0.0
sub-STUCLUK1500,UCL-UK/UCLStrokeData,0.0
sub-STUCLUK1501,UCL-UK/UCLStrokeData,0.005950297514875744
sub-STUCLUK1502,UCL-UK/UCLStrokeData,0.0
sub-STUCLUK1503,UCL-UK/UCLStrokeData,0.0
sub-STUCLUK1504,UCL-UK/UCLStrokeData,0.0
sub-STUCLUK1505,UCL-UK/UCLStrokeData,0.0
sub-STUCLUK1506,UCL-UK/UCLStrokeData,0.0
sub-STUCLUK1507,UCL-UK/UCLStrokeData,0.0
sub-STUCLUK1508,UCL-UK/UCLStrokeData,0.0
sub-STUCLUK1509,UCL-UK/UCLStrokeData,0.0
sub-STUCLUK1510,UCL-UK/UCLStrokeData,0.0
sub-STUCLUK1511,UCL-UK/UCLStrokeData,0.0
sub-STUCLUK1512,UCL-UK/UCLStrokeData,0.0
sub-STUCLUK1513,UCL-UK/UCLStrokeData,0.0
sub-STUCLUK1514,UCL-UK/UCLStrokeData,0.0
sub-STUCLUK1515,UCL-UK/UCLStrokeData,0.0
sub-STUCLUK1516,UCL-UK/UCLStrokeData,0.0
sub-STUCLUK1517,UCL-UK/UCLStrokeData,0.0
sub-STUCLUK1518,UCL-UK/UCLStrokeData,0.0
sub-STUCLUK1519,UCL-UK/UCLStrokeData,0.0
sub-STUCLUK1520,UCL-UK/UCLStrokeData,0.0
sub-STUCLUK1521,UCL-UK/UCLStrokeData,0.0
sub-STUCLUK1522,UCL-UK/UCLStrokeData,0.0
sub-STUCLUK1523,UCL-UK/UCLStrokeData,0.0
sub-STUCLUK1524,UCL-UK/UCLStrokeData,0.0
sub-STUCLUK1525,UCL-UK/UCLStrokeData,0.0
sub-STUCLUK1526,UCL-UK/UCLStrokeData,0.0
sub-STUCLUK1527,UCL-UK/UCLStrokeData,0.0
sub-STUCLUK1528,UCL-UK/UCLStrokeData,0.0
sub-STUCLUK1529,UCL-UK/UCLStrokeData,0.0
sub-STUCLUK1530,UCL-UK/UCLStrokeData,0.0
sub-STUCLUK1531,UCL-UK/UCLStrokeData,0.0
sub-STUCLUK1532,UCL-UK/UCLStrokeData,0.0
sub-STUCLUK1533,UCL-UK/UCLStrokeData,0.0
sub-STUCLUK1534,UCL-UK/UCLStrokeData,0.0
sub-STUCLUK1535,UCL-UK/UCLStrokeData,0.0
sub-STUCLUK1536,UCL-UK/UCLStrokeData,0.0
sub-STUCLUK1537,UCL-UK/UCLStrokeData,0.0
sub-STUCLUK1538,UCL-UK/UCLStrokeData,0.0
sub-STUCLUK1539,UCL-UK/UCLStrokeData,0.0
sub-STUCLUK1540,UCL-UK/UCLStrokeData,0.0
sub-STUCLUK1541,UCL-UK/UCLStrokeData,0.012195121951219513
sub-STUCLUK1542,UCL-UK/UCLStrokeData,0.0
sub-STUCLUK1543,UCL-UK/UCLStrokeData,0.0
sub-STUCLUK1544,UCL-UK/UCLStrokeData,0.0
sub-STUCLUK1545,UCL-UK/UCLStrokeData,0.0
sub-STUCLUK1546,UCL-UK/UCLStrokeData,0.0
sub-STUCLUK1547,UCL-UK/UCLStrokeData,0.005878510777269758
sub-STUCLUK1548,UCL-UK/UCLStrokeData,0.0
sub-STUCLUK1549,UCL-UK/UCLStrokeData,0.0
sub-STUCLUK1550,UCL-UK/UCLStrokeData,0.0
sub-STUCLUK1551,UCL-UK/UCLStrokeData,0.0
sub-STUCLUK1552,UCL-UK/UCLStrokeData,0.0
sub-STUCLUK1553,UCL-UK/UCLStrokeData,0.0
sub-STUCLUK1554,UCL-UK/UCLStrokeData,0.0
sub-STUCLUK1555,UCL-UK/UCLStrokeData,0.0
sub-STUCLUK1556,UCL-UK/UCLStrokeData,0.0
sub-STUCLUK1557,UCL-UK/UCLStrokeData,0.0
sub-STUCLUK1558,UCL-UK/UCLStrokeData,0.0
sub-STUCLUK1559,UCL-UK/UCLStrokeData,0.0
sub-STUCLUK1560,UCL-UK/UCLStrokeData,0.0
sub-STUCLUK1561,UCL-UK/UCLStrokeData,0.0
sub-STUCLUK1562,UCL-UK/UCLStrokeData,0.0
sub-STUCLUK1563,UCL-UK/UCLStrokeData,0.0
sub-STUCLUK1564,UCL-UK/UCLStrokeData,0.0
sub-STUCLUK1565,UCL-UK/UCLStrokeData,0.0
sub-STUCLUK1566,UCL-UK/UCLStrokeData,0.0
sub-STUCLUK1567,UCL-UK/UCLStrokeData,0.0
sub-STUCLUK1568,UCL-UK/UCLStrokeData,0.0
sub-STUCLUK1569,UCL-UK/UCLStrokeData,0.0
sub-STUCLUK1570,UCL-UK/UCLStrokeData,0.0
sub-STUCLUK1571,UCL-UK/UCLStrokeData,0.0
sub-STUCLUK1572,UCL-UK/UCLStrokeData,0.0
sub-STUCLUK1573,UCL-UK/UCLStrokeData,0.0
sub-STUCLUK1574,UCL-UK/UCLStrokeData,0.0
sub-STUCLUK1575,UCL-UK/UCLStrokeData,0.0
sub-STUCLUK1576,UCL-UK/UCLStrokeData,0.0
sub-STUCLUK1577,UCL-UK/UCLStrokeData,0.0
sub-STUCLUK1578,UCL-UK/UCLStrokeData,0.002380952380952381
sub-STUCLUK1579,UCL-UK/UCLStrokeData,0.3
sub-STUCLUK1580,UCL-UK/UCLStrokeData,0.0
sub-STUCLUK1581,UCL-UK/UCLStrokeData,0.0
sub-STUCLUK1582,UCL-UK/UCLStrokeData,0.0
sub-STUCLUK1583,UCL-UK/UCLStrokeData,0.0
sub-STUCLUK1584,UCL-UK/UCLStrokeData,0.0
sub-STUCLUK1585,UCL-UK/UCLStrokeData,0.0
sub-STUCLUK1586,UCL-UK/UCLStrokeData,0.0
sub-STUCLUK1587,UCL-UK/UCLStrokeData,0.0
sub-STUCLUK1588,UCL-UK/UCLStrokeData,0.0
sub-STUCLUK1589,UCL-UK/UCLStrokeData,0.0
sub-STUCLUK1590,UCL-UK/UCLStrokeData,0.0
sub-STUCLUK1591,UCL-UK/UCLStrokeData,0.0
sub-STUCLUK1592,UCL-UK/UCLStrokeData,0.009900990099009901
sub-STUCLUK1593,UCL-UK/UCLStrokeData,0.0
sub-STUCLUK1594,UCL-UK/UCLStrokeData,0.0
sub-STUCLUK1595,UCL-UK/UCLStrokeData,0.0
sub-STUCLUK1596,UCL-UK/UCLStrokeData,0.0004994589195038708
sub-STUCLUK1597,UCL-UK/UCLStrokeData,0.0
sub-STUCLUK1598,UCL-UK/UCLStrokeData,0.0
sub-STUCLUK1599,UCL-UK/UCLStrokeData,0.0
sub-STUCLUK1600,UCL-UK/UCLStrokeData,0.0
sub-STUCLUK1601,UCL-UK/UCLStrokeData,0.0
sub-STUCLUK1602,UCL-UK/UCLStrokeData,0.0
sub-STUCLUK1603,UCL-UK/UCLStrokeData,0.0
sub-STUCLUK1604,UCL-UK/UCLStrokeData,0.0
sub-STUCLUK1605,UCL-UK/UCLStrokeData,0.0
sub-STUCLUK1606,UCL-UK/UCLStrokeData,0.0020833333333333333
sub-STUCLUK1607,UCL-UK/UCLStrokeData,0.0
sub-STUCLUK1608,UCL-UK/UCLStrokeData,0.0
sub-STUCLUK1609,UCL-UK/UCLStrokeData,0.0
sub-STUCLUK1610,UCL-UK/UCLStrokeData,0.0
sub-STUCLUK1611,UCL-UK/UCLStrokeData,0.0
sub-STUCLUK1612,UCL-UK/UCLStrokeData,0.011318242343541944
sub-STUCLUK1613,UCL-UK/UCLStrokeData,0.0
sub-STUCLUK1614,UCL-UK/UCLStrokeData,0.0
sub-STUCLUK1615,UCL-UK/UCLStrokeData,0.0
sub-STUCLUK1616,UCL-UK/UCLStrokeData,0.0
sub-STUCLUK1617,UCL-UK/UCLStrokeData,0.0
sub-STUCLUK1618,UCL-UK/UCLStrokeData,0.0
sub-STUCLUK1619,UCL-UK/UCLStrokeData,0.0
sub-STUCLUK1620,UCL-UK/UCLStrokeData,0.0034281796366129585
sub-STUCLUK1621,UCL-UK/UCLStrokeData,0.0
sub-STUCLUK1622,UCL-UK/UCLStrokeData,0.0
sub-STUCLUK1623,UCL-UK/UCLStrokeData,0.0
sub-STUCLUK1624,UCL-UK/UCLStrokeData,0.0
sub-STUCLUK1625,UCL-UK/UCLStrokeData,0.0
sub-STUCLUK1626,UCL-UK/UCLStrokeData,0.0
sub-STUCLUK1627,UCL-UK/UCLStrokeData,0.006594932315168344
sub-STUCLUK1628,UCL-UK/UCLStrokeData,0.0
sub-STUCLUK1629,UCL-UK/UCLStrokeData,0.01882845188284519
sub-STUCLUK1630,UCL-UK/UCLStrokeData,0.0
sub-STUCLUK1631,UCL-UK/UCLStrokeData,0.012620837808807734
sub-STUCLUK1632,UCL-UK/UCLStrokeData,0.0
sub-STUCLUK1633,UCL-UK/UCLStrokeData,0.0
sub-STUCLUK1634,UCL-UK/UCLStrokeData,0.0
sub-STUCLUK1635,UCL-UK/UCLStrokeData,0.0
sub-STUCLUK1636,UCL-UK/UCLStrokeData,0.0
sub-STUCLUK1637,UCL-UK/UCLStrokeData,0.0
sub-STUCLUK1638,UCL-UK/UCLStrokeData,0.0
sub-STUCLUK1639,UCL-UK/UCLStrokeData,0.0
sub-STUCLUK1640,UCL-UK/UCLStrokeData,0.0
sub-STUCLUK1641,UCL-UK/UCLStrokeData,0.0
sub-STUCLUK1642,UCL-UK/UCLStrokeData,0.0
sub-STUCLUK1643,UCL-UK/UCLStrokeData,0.0
sub-STUCLUK1644,UCL-UK/UCLStrokeData,0.0
sub-STUCLUK1645,UCL-UK/UCLStrokeData,0.0
sub-STUCLUK1646,UCL-UK/UCLStrokeData,0.0
sub-STUCLUK1647,UCL-UK/UCLStrokeData,0.0
sub-STUCLUK1648,UCL-UK/UCLStrokeData,0.0
sub-STUCLUK1649,UCL-UK/UCLStrokeData,0.0
sub-STUCLUK1650,UCL-UK/UCLStrokeData,0.0
sub-STUCLUK1651,UCL-UK/UCLStrokeData,0.0
sub-STUCLUK1652,UCL-UK/UCLStrokeData,0.0
sub-STUCLUK1653,UCL-UK/UCLStrokeData,0.0
sub-STUCLUK1654,UCL-UK/UCLStrokeData,0.0
sub-STUCLUK1655,UCL-UK/UCLStrokeData,0.0020242914979757085
sub-STUCLUK1656,UCL-UK/UCLStrokeData,0.0
sub-STUCLUK1657,UCL-UK/UCLStrokeData,0.0
sub-STUCLUK1658,UCL-UK/UCLStrokeData,0.0
sub-STUCLUK1659,UCL-UK/UCLStrokeData,0.0
sub-STUCLUK1660,UCL-UK/UCLStrokeData,0.0
sub-STUCLUK1661,UCL-UK/UCLStrokeData,0.0013777267508610792
sub-STUCLUK1662,UCL-UK/UCLStrokeData,0.0
sub-STUCLUK1663,UCL-UK/UCLStrokeData,0.0
sub-STUCLUK1664,UCL-UK/UCLStrokeData,0.0012461059190031153
sub-STUCLUK1665,UCL-UK/UCLStrokeData,0.00495114006514658
sub-STUCLUK1666,UCL-UK/UCLStrokeData,0.0
sub-STUCLUK1667,UCL-UK/UCLStrokeData,0.0
sub-STUCLUK1668,UCL-UK/UCLStrokeData,0.0
sub-STUCLUK1669,UCL-UK/UCLStrokeData,0.0
sub-STUCLUK1670,UCL-UK/UCLStrokeData,0.0
sub-STUCLUK1671,UCL-UK/UCLStrokeData,0.0
sub-STUCLUK1672,UCL-UK/UCLStrokeData,0.0
sub-STUCLUK1673,UCL-UK/UCLStrokeData,0.0
sub-STUCLUK1674,UCL-UK/UCLStrokeData,0.0
sub-STUCLUK1675,UCL-UK/UCLStrokeData,0.0
sub-STUCLUK1676,UCL-UK/UCLStrokeData,0.0
sub-STUCLUK1677,UCL-UK/UCLStrokeData,0.0
sub-STUCLUK1678,UCL-UK/UCLStrokeData,0.0
sub-STUCLUK1679,UCL-UK/UCLStrokeData,0.0
sub-STUCLUK1680,UCL-UK/UCLStrokeData,0.0
sub-STUCLUK1681,UCL-UK/UCLStrokeData,0.0
sub-STUCLUK1682,UCL-UK/UCLStrokeData,0.0004901960784313725
sub-STUCLUK1683,UCL-UK/UCLStrokeData,0.0
sub-STUCLUK1684,UCL-UK/UCLStrokeData,0.0
sub-STUCLUK1685,UCL-UK/UCLStrokeData,0.0
sub-STUCLUK1686,UCL-UK/UCLStrokeData,0.0
sub-STUCLUK1687,UCL-UK/UCLStrokeData,0.0
sub-STUCLUK1688,UCL-UK/UCLStrokeData,0.0
sub-STUCLUK1689,UCL-UK/UCLStrokeData,0.0013820108257514684
sub-STUCLUK1690,UCL-UK/UCLStrokeData,0.11206896551724138
sub-STUCLUK1691,UCL-UK/UCLStrokeData,0.0
sub-STUCLUK1692,UCL-UK/UCLStrokeData,0.0
sub-STUCLUK1693,UCL-UK/UCLStrokeData,0.0
sub-STUCLUK1694,UCL-UK/UCLStrokeData,0.0
sub-STUCLUK1695,UCL-UK/UCLStrokeData,0.0
sub-STUCLUK1696,UCL-UK/UCLStrokeData,0.0
sub-STUCLUK1697,UCL-UK/UCLStrokeData,0.0
sub-STUCLUK1698,UCL-UK/UCLStrokeData,0.0
sub-STUCLUK1699,UCL-UK/UCLStrokeData,0.0
sub-STUCLUK1700,UCL-UK/UCLStrokeData,0.0015807777426493834
sub-STUCLUK1701,UCL-UK/UCLStrokeData,0.0
sub-STUCLUK1702,UCL-UK/UCLStrokeData,0.0007558578987150416
sub-STUCLUK1703,UCL-UK/UCLStrokeData,0.0
sub-STUCLUK1704,UCL-UK/UCLStrokeData,0.0
sub-STUCLUK1705,UCL-UK/UCLStrokeData,0.0
sub-STUCLUK1706,UCL-UK/UCLStrokeData,0.0
sub-STUCLUK1707,UCL-UK/UCLStrokeData,0.0
sub-STUCLUK1708,UCL-UK/UCLStrokeData,0.013574660633484163
sub-STUCLUK1709,UCL-UK/UCLStrokeData,0.0
sub-STUCLUK1710,UCL-UK/UCLStrokeData,0.0
sub-STUCLUK1711,UCL-UK/UCLStrokeData,0.0
sub-STUCLUK1712,UCL-UK/UCLStrokeData,0.0
sub-STUCLUK1713,UCL-UK/UCLStrokeData,0.0
sub-STUCLUK1714,UCL-UK/UCLStrokeData,0.0
sub-STUCLUK1715,UCL-UK/UCLStrokeData,0.0
sub-STUCLUK1716,UCL-UK/UCLStrokeData,0.0
sub-STUCLUK1717,UCL-UK/UCLStrokeData,0.012345679012345678
sub-STUCLUK1718,UCL-UK/UCLStrokeData,0.0
sub-STUCLUK1719,UCL-UK/UCLStrokeData,0.0
sub-STUCLUK1720,UCL-UK/UCLStrokeData,0.0
sub-STUCLUK1721,UCL-UK/UCLStrokeData,0.0
sub-STUCLUK1722,UCL-UK/UCLStrokeData,0.0
sub-STUCLUK1723,UCL-UK/UCLStrokeData,0.0
sub-STUCLUK1724,UCL-UK/UCLStrokeData,0.0
sub-STUCLUK1725,UCL-UK/UCLStrokeData,0.0
sub-STUCLUK1726,UCL-UK/UCLStrokeData,0.0
sub-STUCLUK1727,UCL-UK/UCLStrokeData,0.0
sub-STUCLUK1728,UCL-UK/UCLStrokeData,0.0
sub-STUCLUK1729,UCL-UK/UCLStrokeData,0.0
sub-STUCLUK1730,UCL-UK/UCLStrokeData,0.0
sub-STUCLUK1731,UCL-UK/UCLStrokeData,0.0
sub-STUCLUK1732,UCL-UK/UCLStrokeData,0.0
sub-STUCLUK1733,UCL-UK/UCLStrokeData,0.0
sub-STUCLUK1734,UCL-UK/UCLStrokeData,0.0
sub-STUCLUK1735,UCL-UK/UCLStrokeData,0.0
sub-STUCLUK1736,UCL-UK/UCLStrokeData,0.0
sub-STUCLUK1737,UCL-UK/UCLStrokeData,0.0
sub-STUCLUK1738,UCL-UK/UCLStrokeData,0.005671564836298015
sub-STUCLUK1739,UCL-UK/UCLStrokeData,0.0
sub-STUCLUK1740,UCL-UK/UCLStrokeData,0.002858352741901334
sub-STUCLUK1741,UCL-UK/UCLStrokeData,0.0
sub-STUCLUK1742,UCL-UK/UCLStrokeData,0.0
sub-STUCLUK1743,UCL-UK/UCLStrokeData,0.0
sub-STUCLUK1744,UCL-UK/UCLStrokeData,0.0006618133686300463
sub-STUCLUK1745,UCL-UK/UCLStrokeData,0.024390243902439025
sub-STUCLUK1746,UCL-UK/UCLStrokeData,0.0
sub-STUCLUK1747,UCL-UK/UCLStrokeData,0.0
sub-STUCLUK1748,UCL-UK/UCLStrokeData,0.0
sub-STUCLUK1749,UCL-UK/UCLStrokeData,0.0
sub-STUCLUK1750,UCL-UK/UCLStrokeData,0.0
sub-STUCLUK1751,UCL-UK/UCLStrokeData,0.0
sub-STUCLUK1752,UCL-UK/UCLStrokeData,0.0
sub-STUCLUK1753,UCL-UK/UCLStrokeData,0.0
sub-STUCLUK1754,UCL-UK/UCLStrokeData,0.09230769230769231
sub-STUCLUK1755,UCL-UK/UCLStrokeData,0.0
sub-STUCLUK1756,UCL-UK/UCLStrokeData,0.000588235294117647
sub-STUCLUK1757,UCL-UK/UCLStrokeData,0.0
sub-STUCLUK1758,UCL-UK/UCLStrokeData,0.0
sub-STUCLUK1759,UCL-UK/UCLStrokeData,0.0
sub-STUCLUK1760,UCL-UK/UCLStrokeData,0.0
sub-STUCLUK1761,UCL-UK/UCLStrokeData,0.0001336719689881032
sub-STUCLUK1762,UCL-UK/UCLStrokeData,0.0
sub-STUCLUK1763,UCL-UK/UCLStrokeData,0.0032679738562091504
sub-STUCLUK1764,UCL-UK/UCLStrokeData,0.0
sub-STUCLUK1765,UCL-UK/UCLStrokeData,0.0
sub-STUCLUK1766,UCL-UK/UCLStrokeData,0.0
sub-STUCLUK1767,UCL-UK/UCLStrokeData,0.013513513513513514
sub-STUCLUK1768,UCL-UK/UCLStrokeData,0.0
sub-STUCLUK1769,UCL-UK/UCLStrokeData,0.0
sub-STUCLUK1770,UCL-UK/UCLStrokeData,0.0
sub-STUCLUK1771,UCL-UK/UCLStrokeData,0.0
sub-STUCLUK1772,UCL-UK/UCLStrokeData,0.0
sub-STUCLUK1773,UCL-UK/UCLStrokeData,0.0
sub-STUCLUK1774,UCL-UK/UCLStrokeData,0.0
sub-STUCLUK1775,UCL-UK/UCLStrokeData,0.0
sub-STUCLUK1776,UCL-UK/UCLStrokeData,0.0
sub-STUCLUK1777,UCL-UK/UCLStrokeData,0.0
sub-STUCLUK1778,UCL-UK/UCLStrokeData,0.0
sub-STUCLUK1779,UCL-UK/UCLStrokeData,0.0
sub-STUCLUK1780,UCL-UK/UCLStrokeData,0.005316578057032383
sub-STUCLUK1781,UCL-UK/UCLStrokeData,0.0
sub-STUCLUK1782,UCL-UK/UCLStrokeData,0.0
sub-STUCLUK1783,UCL-UK/UCLStrokeData,0.0
sub-STUCLUK1784,UCL-UK/UCLStrokeData,0.0
sub-STUCLUK1785,UCL-UK/UCLStrokeData,0.0
sub-STUCLUK1786,UCL-UK/UCLStrokeData,0.0
sub-STUCLUK1787,UCL-UK/UCLStrokeData,0.0
sub-STUCLUK1788,UCL-UK/UCLStrokeData,0.0
sub-STUCLUK1789,UCL-UK/UCLStrokeData,0.0
sub-STUCLUK1790,UCL-UK/UCLStrokeData,0.0
sub-STUCLUK1791,UCL-UK/UCLStrokeData,0.0
sub-STUCLUK1792,UCL-UK/UCLStrokeData,0.0
sub-STUCLUK1793,UCL-UK/UCLStrokeData,0.0030627871362940277
sub-STUCLUK1794,UCL-UK/UCLStrokeData,0.0
sub-STUCLUK1795,UCL-UK/UCLStrokeData,0.0
sub-STUCLUK1796,UCL-UK/UCLStrokeData,0.0012622467993027588
sub-STUCLUK1797,UCL-UK/UCLStrokeData,0.0
sub-STUCLUK1798,UCL-UK/UCLStrokeData,0.0
sub-STUCLUK1799,UCL-UK/UCLStrokeData,0.0
sub-STUCLUK1800,UCL-UK/UCLStrokeData,0.0
sub-STUCLUK1801,UCL-UK/UCLStrokeData,0.018867924528301886
sub-STUCLUK1802,UCL-UK/UCLStrokeData,0.0
sub-STUCLUK1803,UCL-UK/UCLStrokeData,0.0
sub-STUCLUK1804,UCL-UK/UCLStrokeData,0.0
sub-STUCLUK1805,UCL-UK/UCLStrokeData,0.0
sub-STUCLUK1806,UCL-UK/UCLStrokeData,0.002228944435599427
sub-STUCLUK1807,UCL-UK/UCLStrokeData,0.0
sub-STUCLUK1808,UCL-UK/UCLStrokeData,0.0
sub-STUCLUK1809,UCL-UK/UCLStrokeData,0.0
sub-STUCLUK1810,UCL-UK/UCLStrokeData,0.0
sub-STUCLUK1811,UCL-UK/UCLStrokeData,0.0
sub-STUCLUK1812,UCL-UK/UCLStrokeData,0.0
sub-STUCLUK1813,UCL-UK/UCLStrokeData,0.0
sub-STUCLUK1814,UCL-UK/UCLStrokeData,0.0
sub-STUCLUK1815,UCL-UK/UCLStrokeData,0.0
sub-STUCLUK1816,UCL-UK/UCLStrokeData,0.0
sub-STUCLUK1817,UCL-UK/UCLStrokeData,0.0
sub-STUCLUK1818,UCL-UK/UCLStrokeData,0.0
sub-STUCLUK1819,UCL-UK/UCLStrokeData,0.000877963125548727
sub-STUCLUK1820,UCL-UK/UCLStrokeData,0.0
sub-STUCLUK1821,UCL-UK/UCLStrokeData,0.0
sub-STUCLUK1822,UCL-UK/UCLStrokeData,0.0
sub-STUCLUK1823,UCL-UK/UCLStrokeData,0.0
sub-STUCLUK1824,UCL-UK/UCLStrokeData,0.0
sub-STUCLUK1825,UCL-UK/UCLStrokeData,0.0
sub-STUCLUK1826,UCL-UK/UCLStrokeData,0.0
sub-STUCLUK1827,UCL-UK/UCLStrokeData,0.0
sub-STUCLUK1828,UCL-UK/UCLStrokeData,0.0
sub-STUCLUK1829,UCL-UK/UCLStrokeData,0.0
sub-STUCLUK1830,UCL-UK/UCLStrokeData,0.0
sub-STUCLUK1831,UCL-UK/UCLStrokeData,0.0
sub-STUCLUK1832,UCL-UK/UCLStrokeData,0.0
sub-STUCLUK1833,UCL-UK/UCLStrokeData,0.0
sub-STUCLUK1834,UCL-UK/UCLStrokeData,0.0
sub-STUCLUK1835,UCL-UK/UCLStrokeData,0.0
sub-STUCLUK1836,UCL-UK/UCLStrokeData,0.0
sub-STUCLUK1837,UCL-UK/UCLStrokeData,0.0016051364365971107
sub-STUCLUK1838,UCL-UK/UCLStrokeData,0.0
sub-STUCLUK1839,UCL-UK/UCLStrokeData,0.0
sub-STUCLUK1840,UCL-UK/UCLStrokeData,0.0
sub-STUCLUK1841,UCL-UK/UCLStrokeData,0.0
sub-STUCLUK1842,UCL-UK/UCLStrokeData,0.0
sub-STUCLUK1843,UCL-UK/UCLStrokeData,0.0
sub-STUCLUK1844,UCL-UK/UCLStrokeData,0.0023561090541905083
sub-STUCLUK1845,UCL-UK/UCLStrokeData,0.0
sub-STUCLUK1846,UCL-UK/UCLStrokeData,0.007392599856674085
sub-STUCLUK1847,UCL-UK/UCLStrokeData,0.0
sub-STUCLUK1848,UCL-UK/UCLStrokeData,0.0023260321767784456
sub-STUCLUK1849,UCL-UK/UCLStrokeData,0.0
sub-STUCLUK1850,UCL-UK/UCLStrokeData,0.0
sub-STUCLUK1851,UCL-UK/UCLStrokeData,0.0
sub-STUCLUK1852,UCL-UK/UCLStrokeData,0.0
sub-STUCLUK1853,UCL-UK/UCLStrokeData,0.0
sub-STUCLUK1854,UCL-UK/UCLStrokeData,0.0
sub-STUCLUK1855,UCL-UK/UCLStrokeData,0.0
sub-STUCLUK1856,UCL-UK/UCLStrokeData,0.0
sub-STUCLUK1857,UCL-UK/UCLStrokeData,0.0
sub-STUCLUK1858,UCL-UK/UCLStrokeData,0.0
sub-STUCLUK1859,UCL-UK/UCLStrokeData,0.0
sub-STUCLUK1860,UCL-UK/UCLStrokeData,8.831581736288969e-05
sub-STUCLUK1861,UCL-UK/UCLStrokeData,0.0
sub-STUCLUK1862,UCL-UK/UCLStrokeData,0.0
sub-STUCLUK1863,UCL-UK/UCLStrokeData,0.0
sub-STUCLUK1864,UCL-UK/UCLStrokeData,0.0
sub-STUCLUK1865,UCL-UK/UCLStrokeData,0.0
sub-STUCLUK1866,UCL-UK/UCLStrokeData,0.0
sub-STUCLUK1867,UCL-UK/UCLStrokeData,0.0
sub-STUCLUK1868,UCL-UK/UCLStrokeData,0.0
sub-STUCLUK1869,UCL-UK/UCLStrokeData,0.0
sub-STUCLUK1870,UCL-UK/UCLStrokeData,0.0
sub-STUCLUK1871,UCL-UK/UCLStrokeData,0.0
sub-STUCLUK1872,UCL-UK/UCLStrokeData,0.0
sub-STUCLUK1873,UCL-UK/UCLStrokeData,0.00046948356807511736
sub-STUCLUK1874,UCL-UK/UCLStrokeData,0.0
sub-STUCLUK1875,UCL-UK/UCLStrokeData,0.0
sub-STUCLUK1876,UCL-UK/UCLStrokeData,0.0
sub-STUCLUK1877,UCL-UK/UCLStrokeData,0.02663115845539281
sub-STUCLUK1878,UCL-UK/UCLStrokeData,0.0
sub-STUCLUK1879,UCL-UK/UCLStrokeData,0.0
sub-STUCLUK1880,UCL-UK/UCLStrokeData,0.0
sub-STUCLUK1881,UCL-UK/UCLStrokeData,0.0
sub-STUCLUK1882,UCL-UK/UCLStrokeData,0.0
sub-STUCLUK1883,UCL-UK/UCLStrokeData,0.0
sub-STUCLUK1884,UCL-UK/UCLStrokeData,0.0
sub-STUCLUK1885,UCL-UK/UCLStrokeData,0.0
sub-STUCLUK1886,UCL-UK/UCLStrokeData,0.0
sub-STUCLUK1887,UCL-UK/UCLStrokeData,0.0
sub-STUCLUK1888,UCL-UK/UCLStrokeData,0.0
sub-STUCLUK1889,UCL-UK/UCLStrokeData,0.0
sub-STUCLUK1890,UCL-UK/UCLStrokeData,0.0035842293906810036
sub-STUCLUK1891,UCL-UK/UCLStrokeData,0.0
sub-STUCLUK1892,UCL-UK/UCLStrokeData,0.0
sub-STUCLUK1893,UCL-UK/UCLStrokeData,0.0
sub-STUCLUK1894,UCL-UK/UCLStrokeData,0.0
sub-STUCLUK1895,UCL-UK/UCLStrokeData,0.013289036544850499
sub-STUCLUK1896,UCL-UK/UCLStrokeData,0.0
sub-STUCLUK1897,UCL-UK/UCLStrokeData,0.0
sub-STUCLUK1898,UCL-UK/UCLStrokeData,0.0
sub-STUCLUK1899,UCL-UK/UCLStrokeData,0.0026223776223776225
sub-STUCLUK1900,UCL-UK/UCLStrokeData,0.0
sub-STUCLUK1901,UCL-UK/UCLStrokeData,0.0
sub-STUCLUK1902,UCL-UK/UCLStrokeData,0.0
sub-STUCLUK1903,UCL-UK/UCLStrokeData,0.0
sub-STUCLUK1904,UCL-UK/UCLStrokeData,0.0
sub-STUCLUK1905,UCL-UK/UCLStrokeData,0.0
sub-STUCLUK1906,UCL-UK/UCLStrokeData,0.0
sub-STUCLUK1907,UCL-UK/UCLStrokeData,0.0
sub-STUCLUK1908,UCL-UK/UCLStrokeData,0.0
sub-STUCLUK1909,UCL-UK/UCLStrokeData,0.0
sub-STUCLUK1910,UCL-UK/UCLStrokeData,0.0
sub-STUCLUK1911,UCL-UK/UCLStrokeData,0.0
sub-STUCLUK1912,UCL-UK/UCLStrokeData,0.0
sub-STUCLUK1913,UCL-UK/UCLStrokeData,0.0
sub-STUCLUK1914,UCL-UK/UCLStrokeData,0.0
sub-STUCLUK1915,UCL-UK/UCLStrokeData,0.0
sub-STUCLUK1916,UCL-UK/UCLStrokeData,0.04728789986091794
sub-STUCLUK1917,UCL-UK/UCLStrokeData,0.0032213529682466636
sub-STUCLUK1918,UCL-UK/UCLStrokeData,0.0
sub-STUCLUK1919,UCL-UK/UCLStrokeData,0.0
sub-STUCLUK1920,UCL-UK/UCLStrokeData,0.0
sub-STUCLUK1921,UCL-UK/UCLStrokeData,0.0
sub-STUCLUK1922,UCL-UK/UCLStrokeData,0.0
sub-STUCLUK1923,UCL-UK/UCLStrokeData,0.0
sub-STUCLUK1924,UCL-UK/UCLStrokeData,0.0
sub-STUCLUK1925,UCL-UK/UCLStrokeData,0.0
sub-STUCLUK1926,UCL-UK/UCLStrokeData,0.0
sub-STUCLUK1927,UCL-UK/UCLStrokeData,0.0
sub-STUCLUK1928,UCL-UK/UCLStrokeData,0.0015455950540958269
sub-STUCLUK1929,UCL-UK/UCLStrokeData,0.0
sub-STUCLUK1930,UCL-UK/UCLStrokeData,0.0
sub-STUCLUK1931,UCL-UK/UCLStrokeData,0.0
sub-STUCLUK1932,UCL-UK/UCLStrokeData,0.0
sub-STUCLUK1933,UCL-UK/UCLStrokeData,0.029166666666666667
sub-STUCLUK1934,UCL-UK/UCLStrokeData,0.0
sub-STUCLUK1935,UCL-UK/UCLStrokeData,0.0
sub-STUCLUK1936,UCL-UK/UCLStrokeData,0.0
sub-STUCLUK1937,UCL-UK/UCLStrokeData,0.0
sub-STUCLUK1938,UCL-UK/UCLStrokeData,0.0
sub-STUCLUK1939,UCL-UK/UCLStrokeData,0.010123734533183352
sub-STUCLUK1940,UCL-UK/UCLStrokeData,0.0
sub-STUCLUK1941,UCL-UK/UCLStrokeData,0.0
sub-STUCLUK1942,UCL-UK/UCLStrokeData,0.0
sub-STUCLUK1943,UCL-UK/UCLStrokeData,0.0
sub-STUCLUK1944,UCL-UK/UCLStrokeData,0.0
sub-STUCLUK1945,UCL-UK/UCLStrokeData,0.0
sub-STUCLUK1946,UCL-UK/UCLStrokeData,0.0
sub-STUCLUK1947,UCL-UK/UCLStrokeData,0.0
sub-STUCLUK1948,UCL-UK/UCLStrokeData,0.001314060446780552
sub-STUCLUK1949,UCL-UK/UCLStrokeData,0.0
sub-STUCLUK1950,UCL-UK/UCLStrokeData,0.0
sub-STUCLUK1951,UCL-UK/UCLStrokeData,0.0
sub-STUCLUK1952,UCL-UK/UCLStrokeData,0.0
sub-STUCLUK1953,UCL-UK/UCLStrokeData,0.0
sub-STUCLUK1954,UCL-UK/UCLStrokeData,0.0
sub-STUCLUK1955,UCL-UK/UCLStrokeData,0.0
sub-STUCLUK1956,UCL-UK/UCLStrokeData,0.0
sub-STUCLUK1957,UCL-UK/UCLStrokeData,0.0
sub-STUCLUK1958,UCL-UK/UCLStrokeData,0.0
sub-STUCLUK1959,UCL-UK/UCLStrokeData,0.0
sub-STUCLUK1960,UCL-UK/UCLStrokeData,0.0
sub-STUCLUK1961,UCL-UK/UCLStrokeData,0.0
sub-STUCLUK1962,UCL-UK/UCLStrokeData,0.0
sub-STUCLUK1963,UCL-UK/UCLStrokeData,0.0
sub-STUCLUK1964,UCL-UK/UCLStrokeData,0.0
sub-STUCLUK1965,UCL-UK/UCLStrokeData,0.0
sub-STUCLUK1966,UCL-UK/UCLStrokeData,0.0
sub-STUCLUK1967,UCL-UK/UCLStrokeData,0.0
sub-STUCLUK1968,UCL-UK/UCLStrokeData,0.0
sub-STUCLUK1969,UCL-UK/UCLStrokeData,0.01876777251184834
sub-STUCLUK1970,UCL-UK/UCLStrokeData,0.0
sub-STUCLUK1971,UCL-UK/UCLStrokeData,0.0
sub-STUCLUK1972,UCL-UK/UCLStrokeData,0.0
sub-STUCLUK1973,UCL-UK/UCLStrokeData,0.0
sub-STUCLUK1974,UCL-UK/UCLStrokeData,0.01059446733372572
sub-STUCLUK1975,UCL-UK/UCLStrokeData,0.0
sub-STUCLUK1976,UCL-UK/UCLStrokeData,0.0
sub-STUCLUK1977,UCL-UK/UCLStrokeData,0.0
sub-STUCLUK1978,UCL-UK/UCLStrokeData,0.0
sub-STUCLUK1979,UCL-UK/UCLStrokeData,0.0
sub-STUCLUK1980,UCL-UK/UCLStrokeData,0.0
sub-STUCLUK1981,UCL-UK/UCLStrokeData,0.0017517624439222388
sub-STUCLUK1982,UCL-UK/UCLStrokeData,0.0
sub-STUCLUK1983,UCL-UK/UCLStrokeData,0.0
sub-STUCLUK1984,UCL-UK/UCLStrokeData,0.0
sub-STUCLUK1985,UCL-UK/UCLStrokeData,0.010271460014673514
sub-STUCLUK1986,UCL-UK/UCLStrokeData,0.0
sub-STUCLUK1987,UCL-UK/UCLStrokeData,0.0
sub-STUCLUK1988,UCL-UK/UCLStrokeData,0.0
sub-STUCLUK1989,UCL-UK/UCLStrokeData,0.0
sub-STUCLUK1990,UCL-UK/UCLStrokeData,0.0
sub-STUCLUK1991,UCL-UK/UCLStrokeData,0.0
sub-STUCLUK1992,UCL-UK/UCLStrokeData,0.008153946510110893
sub-STUCLUK1993,UCL-UK/UCLStrokeData,0.0
sub-STUCLUK1994,UCL-UK/UCLStrokeData,0.0
sub-STUCLUK1995,UCL-UK/UCLStrokeData,0.0
sub-STUCLUK1996,UCL-UK/UCLStrokeData,0.0003390815733385003
sub-STUCLUK1997,UCL-UK/UCLStrokeData,0.0
sub-STUCLUK1998,UCL-UK/UCLStrokeData,0.0
sub-STUCLUK1999,UCL-UK/UCLStrokeData,0.0
sub-STUCLUK2000,UCL-UK/UCLStrokeData,0.0
sub-STUCLUK2001,UCL-UK/UCLStrokeData,0.0
sub-STUCLUK2002,UCL-UK/UCLStrokeData,0.0
sub-STUCLUK2003,UCL-UK/UCLStrokeData,0.0
sub-STUCLUK2004,UCL-UK/UCLStrokeData,0.0
sub-STUCLUK2005,UCL-UK/UCLStrokeData,0.0
sub-STUCLUK2006,UCL-UK/UCLStrokeData,0.0
sub-STUCLUK2007,UCL-UK/UCLStrokeData,0.0
sub-STUCLUK2008,UCL-UK/UCLStrokeData,0.0
sub-STUCLUK2009,UCL-UK/UCLStrokeData,0.0
sub-STUCLUK2010,UCL-UK/UCLStrokeData,0.0
sub-STUCLUK2011,UCL-UK/UCLStrokeData,0.0
sub-STUCLUK2012,UCL-UK/UCLStrokeData,0.0
sub-STUCLUK2013,UCL-UK/UCLStrokeData,0.0
sub-STUCLUK2014,UCL-UK/UCLStrokeData,0.0
sub-STUCLUK2015,UCL-UK/UCLStrokeData,0.0
sub-STUCLUK2016,UCL-UK/UCLStrokeData,0.002751031636863824
sub-STUCLUK2017,UCL-UK/UCLStrokeData,0.0
sub-STUCLUK2018,UCL-UK/UCLStrokeData,0.0
sub-STUCLUK2019,UCL-UK/UCLStrokeData,0.0
sub-STUCLUK2020,UCL-UK/UCLStrokeData,0.0
sub-STUCLUK2021,UCL-UK/UCLStrokeData,0.0
sub-STUCLUK2022,UCL-UK/UCLStrokeData,0.0
sub-STUCLUK2023,UCL-UK/UCLStrokeData,0.0
sub-STUCLUK2024,UCL-UK/UCLStrokeData,0.004965243296921549
sub-STUCLUK2025,UCL-UK/UCLStrokeData,0.0
sub-STUCLUK2026,UCL-UK/UCLStrokeData,0.0
sub-STUCLUK2027,UCL-UK/UCLStrokeData,0.0
sub-STUCLUK2028,UCL-UK/UCLStrokeData,0.0
sub-STUCLUK2029,UCL-UK/UCLStrokeData,0.0
sub-STUCLUK2030,UCL-UK/UCLStrokeData,0.0
sub-STUCLUK2031,UCL-UK/UCLStrokeData,0.0
sub-STUCLUK2032,UCL-UK/UCLStrokeData,0.0
sub-STUCLUK2033,UCL-UK/UCLStrokeData,0.0
sub-STUCLUK2034,UCL-UK/UCLStrokeData,0.0
sub-STUCLUK2035,UCL-UK/UCLStrokeData,0.0
sub-STUCLUK2036,UCL-UK/UCLStrokeData,0.0
sub-STUCLUK2037,UCL-UK/UCLStrokeData,0.0
sub-STUCLUK2038,UCL-UK/UCLStrokeData,0.000546448087431694
sub-STUCLUK2039,UCL-UK/UCLStrokeData,0.06862745098039216
sub-STUCLUK2040,UCL-UK/UCLStrokeData,0.0
sub-STUCLUK2041,UCL-UK/UCLStrokeData,0.0
sub-STUCLUK2042,UCL-UK/UCLStrokeData,0.0
sub-STUCLUK2043,UCL-UK/UCLStrokeData,0.0
sub-STUCLUK2044,UCL-UK/UCLStrokeData,0.0
sub-STUCLUK2045,UCL-UK/UCLStrokeData,0.0
sub-STUCLUK2046,UCL-UK/UCLStrokeData,0.0
sub-STUCLUK2047,UCL-UK/UCLStrokeData,0.0
sub-STUCLUK2048,UCL-UK/UCLStrokeData,0.0
sub-STUCLUK2049,UCL-UK/UCLStrokeData,0.0
sub-STUCLUK2050,UCL-UK/UCLStrokeData,0.0
sub-STUCLUK2051,UCL-UK/UCLStrokeData,0.0
sub-STUCLUK2052,UCL-UK/UCLStrokeData,0.017123287671232876
sub-STUCLUK2053,UCL-UK/UCLStrokeData,0.0
sub-STUCLUK2054,UCL-UK/UCLStrokeData,0.0
sub-STUCLUK2055,UCL-UK/UCLStrokeData,0.005649717514124294
sub-STUCLUK2056,UCL-UK/UCLStrokeData,0.0
sub-STUCLUK2057,UCL-UK/UCLStrokeData,0.0
sub-STUCLUK2058,UCL-UK/UCLStrokeData,0.0
sub-STUCLUK2059,UCL-UK/UCLStrokeData,0.0
sub-STUCLUK2060,UCL-UK/UCLStrokeData,0.0011621150493898896
sub-STUCLUK2061,UCL-UK/UCLStrokeData,0.0
sub-STUCLUK2062,UCL-UK/UCLStrokeData,0.0
sub-STUCLUK2063,UCL-UK/UCLStrokeData,0.0
sub-STUCLUK2064,UCL-UK/UCLStrokeData,0.0
sub-STUCLUK2065,UCL-UK/UCLStrokeData,0.0
sub-STUCLUK2066,UCL-UK/UCLStrokeData,0.0
sub-STUCLUK2067,UCL-UK/UCLStrokeData,0.0
sub-STUCLUK2068,UCL-UK/UCLStrokeData,0.0
sub-STUCLUK2069,UCL-UK/UCLStrokeData,0.0
sub-STUCLUK2070,UCL-UK/UCLStrokeData,0.0
sub-STUCLUK2071,UCL-UK/UCLStrokeData,0.0
sub-STUCLUK2072,UCL-UK/UCLStrokeData,0.0
sub-STUCLUK2073,UCL-UK/UCLStrokeData,0.0
sub-STUCLUK2074,UCL-UK/UCLStrokeData,0.0
sub-STUCLUK2075,UCL-UK/UCLStrokeData,0.0
sub-STUCLUK2076,UCL-UK/UCLStrokeData,0.0
sub-STUCLUK2077,UCL-UK/UCLStrokeData,0.0
sub-STUCLUK2078,UCL-UK/UCLStrokeData,0.003206436191919781
sub-STUCLUK2079,UCL-UK/UCLStrokeData,0.0
sub-STUCLUK2080,UCL-UK/UCLStrokeData,0.0
sub-STUCLUK2081,UCL-UK/UCLStrokeData,0.0
sub-STUCLUK2082,UCL-UK/UCLStrokeData,0.0
sub-STUCLUK2083,UCL-UK/UCLStrokeData,0.0004947229551451188
sub-STUCLUK2084,UCL-UK/UCLStrokeData,0.0
sub-STUCLUK2085,UCL-UK/UCLStrokeData,0.0
sub-STUCLUK2086,UCL-UK/UCLStrokeData,0.0
sub-STUCLUK2087,UCL-UK/UCLStrokeData,0.0
sub-STUCLUK2088,UCL-UK/UCLStrokeData,0.0
sub-STUCLUK2089,UCL-UK/UCLStrokeData,0.0
sub-STUCLUK2090,UCL-UK/UCLStrokeData,0.0
sub-STUCLUK2091,UCL-UK/UCLStrokeData,0.0
sub-STUCLUK2092,UCL-UK/UCLStrokeData,0.0
sub-STUCLUK2093,UCL-UK/UCLStrokeData,0.09302325581395349
sub-STUCLUK2094,UCL-UK/UCLStrokeData,0.0
sub-STUCLUK2095,UCL-UK/UCLStrokeData,0.0
sub-STUCLUK2096,UCL-UK/UCLStrokeData,0.0
sub-STUCLUK2097,UCL-UK/UCLStrokeData,0.0
sub-STUCLUK2098,UCL-UK/UCLStrokeData,0.0
sub-STUCLUK2099,UCL-UK/UCLStrokeData,0.0
sub-STUCLUK2100,UCL-UK/UCLStrokeData,0.0
sub-STUCLUK2101,UCL-UK/UCLStrokeData,0.006810897435897436
sub-STUCLUK2102,UCL-UK/UCLStrokeData,0.0
sub-STUCLUK2103,UCL-UK/UCLStrokeData,0.0
sub-STUCLUK2104,UCL-UK/UCLStrokeData,0.0
sub-STUCLUK2105,UCL-UK/UCLStrokeData,0.0
sub-STUCLUK2106,UCL-UK/UCLStrokeData,0.0
sub-STUCLUK2107,UCL-UK/UCLStrokeData,0.0
sub-STUCLUK2108,UCL-UK/UCLStrokeData,0.0
sub-STUCLUK2109,UCL-UK/UCLStrokeData,0.0
sub-STUCLUK2110,UCL-UK/UCLStrokeData,0.0003669724770642202
sub-STUCLUK2111,UCL-UK/UCLStrokeData,0.0
sub-STUCLUK2112,UCL-UK/UCLStrokeData,0.0
sub-STUCLUK2113,UCL-UK/UCLStrokeData,0.0
sub-STUCLUK2114,UCL-UK/UCLStrokeData,0.0
sub-STUCLUK2115,UCL-UK/UCLStrokeData,0.0
sub-STUCLUK2116,UCL-UK/UCLStrokeData,0.0
sub-STUCLUK2117,UCL-UK/UCLStrokeData,0.0
sub-STUCLUK2118,UCL-UK/UCLStrokeData,0.005780346820809248
sub-STUCLUK2119,UCL-UK/UCLStrokeData,0.0
sub-STUCLUK2120,UCL-UK/UCLStrokeData,0.0
sub-STUCLUK2121,UCL-UK/UCLStrokeData,0.0
sub-STUCLUK2122,UCL-UK/UCLStrokeData,0.0
sub-STUCLUK2123,UCL-UK/UCLStrokeData,0.0
sub-STUCLUK2124,UCL-UK/UCLStrokeData,0.0
sub-STUCLUK2125,UCL-UK/UCLStrokeData,0.0
sub-STUCLUK2126,UCL-UK/UCLStrokeData,0.0
sub-STUCLUK2127,UCL-UK/UCLStrokeData,0.0
sub-STUCLUK2128,UCL-UK/UCLStrokeData,0.0
sub-STUCLUK2129,UCL-UK/UCLStrokeData,0.0
sub-STUCLUK2130,UCL-UK/UCLStrokeData,0.0
sub-STUCLUK2131,UCL-UK/UCLStrokeData,0.0
sub-STUCLUK2132,UCL-UK/UCLStrokeData,0.0008329862557267805
sub-STUCLUK2133,UCL-UK/UCLStrokeData,0.0
sub-STUCLUK2134,UCL-UK/UCLStrokeData,0.0
sub-STUCLUK2135,UCL-UK/UCLStrokeData,0.0
sub-STUCLUK2136,UCL-UK/UCLStrokeData,0.0
sub-STUCLUK2137,UCL-UK/UCLStrokeData,0.0
sub-STUCLUK2138,UCL-UK/UCLStrokeData,0.0
sub-STUCLUK2139,UCL-UK/UCLStrokeData,0.0
sub-STUCLUK2140,UCL-UK/UCLStrokeData,0.0
sub-STUCLUK2141,UCL-UK/UCLStrokeData,0.0
sub-STUCLUK2142,UCL-UK/UCLStrokeData,0.0
sub-STUCLUK2143,UCL-UK/UCLStrokeData,0.0
sub-STUCLUK2144,UCL-UK/UCLStrokeData,0.0
sub-STUCLUK2145,UCL-UK/UCLStrokeData,0.0
sub-STUCLUK2146,UCL-UK/UCLStrokeData,0.0
sub-STUCLUK2147,UCL-UK/UCLStrokeData,0.0016750418760469012
sub-STUCLUK2148,UCL-UK/UCLStrokeData,0.0
sub-STUCLUK2149,UCL-UK/UCLStrokeData,0.0
sub-STUCLUK2150,UCL-UK/UCLStrokeData,0.0
sub-STUCLUK2151,UCL-UK/UCLStrokeData,0.0
sub-STUCLUK2152,UCL-UK/UCLStrokeData,0.0
sub-STUCLUK2153,UCL-UK/UCLStrokeData,0.0
sub-STUCLUK2154,UCL-UK/UCLStrokeData,0.0
sub-STUCLUK2155,UCL-UK/UCLStrokeData,0.0
sub-STUCLUK2156,UCL-UK/UCLStrokeData,0.0
sub-STUCLUK2157,UCL-UK/UCLStrokeData,0.0
sub-STUCLUK2158,UCL-UK/UCLStrokeData,0.0
sub-STUCLUK2159,UCL-UK/UCLStrokeData,0.0
sub-STUCLUK2160,UCL-UK/UCLStrokeData,0.0
sub-STUCLUK2161,UCL-UK/UCLStrokeData,0.004885993485342019
sub-STUCLUK2162,UCL-UK/UCLStrokeData,0.0
sub-STUCLUK2163,UCL-UK/UCLStrokeData,0.0
sub-STUCLUK2164,UCL-UK/UCLStrokeData,0.0
sub-STUCLUK2165,UCL-UK/UCLStrokeData,0.0
sub-STUCLUK2166,UCL-UK/UCLStrokeData,0.0
sub-STUCLUK2167,UCL-UK/UCLStrokeData,0.0
sub-STUCLUK2168,UCL-UK/UCLStrokeData,0.007062146892655367
sub-STUCLUK2169,UCL-UK/UCLStrokeData,0.0
sub-STUCLUK2170,UCL-UK/UCLStrokeData,0.0
sub-STUCLUK2171,UCL-UK/UCLStrokeData,0.0
sub-STUCLUK2172,UCL-UK/UCLStrokeData,0.0
sub-STUCLUK2173,UCL-UK/UCLStrokeData,0.0
sub-STUCLUK2174,UCL-UK/UCLStrokeData,0.0
sub-STUCLUK2175,UCL-UK/UCLStrokeData,0.0
sub-STUCLUK2176,UCL-UK/UCLStrokeData,0.0
sub-STUCLUK2177,UCL-UK/UCLStrokeData,0.0
sub-STUCLUK2178,UCL-UK/UCLStrokeData,0.0
sub-STUCLUK2179,UCL-UK/UCLStrokeData,0.0
sub-STUCLUK2180,UCL-UK/UCLStrokeData,0.0
sub-STUCLUK2181,UCL-UK/UCLStrokeData,0.00029792939073439596
sub-STUCLUK2182,UCL-UK/UCLStrokeData,0.0
sub-STUCLUK2183,UCL-UK/UCLStrokeData,0.0
sub-STUCLUK2184,UCL-UK/UCLStrokeData,0.0
sub-STUCLUK2185,UCL-UK/UCLStrokeData,0.0
sub-STUCLUK2186,UCL-UK/UCLStrokeData,0.0
sub-STUCLUK2187,UCL-UK/UCLStrokeData,0.0
sub-STUCLUK2188,UCL-UK/UCLStrokeData,0.0
sub-STUCLUK2189,UCL-UK/UCLStrokeData,0.0
sub-STUCLUK2190,UCL-UK/UCLStrokeData,0.0
sub-STUCLUK2191,UCL-UK/UCLStrokeData,0.0
sub-STUCLUK2192,UCL-UK/UCLStrokeData,0.0
sub-STUCLUK2193,UCL-UK/UCLStrokeData,0.0
sub-STUCLUK2194,UCL-UK/UCLStrokeData,0.0
sub-STUCLUK2195,UCL-UK/UCLStrokeData,0.0032286104557307837
sub-STUCLUK2196,UCL-UK/UCLStrokeData,0.0
sub-STUCLUK2197,UCL-UK/UCLStrokeData,0.0
sub-STUCLUK2198,UCL-UK/UCLStrokeData,0.0
sub-STUCLUK2199,UCL-UK/UCLStrokeData,0.017857142857142856
sub-STUCLUK2200,UCL-UK/UCLStrokeData,0.0
sub-STUCLUK2201,UCL-UK/UCLStrokeData,0.0
sub-STUCLUK2202,UCL-UK/UCLStrokeData,0.0
sub-STUCLUK2203,UCL-UK/UCLStrokeData,0.0
sub-STUCLUK2204,UCL-UK/UCLStrokeData,0.0
sub-STUCLUK2205,UCL-UK/UCLStrokeData,0.0
sub-STUCLUK2206,UCL-UK/UCLStrokeData,0.0
sub-STUCLUK2207,UCL-UK/UCLStrokeData,0.0
sub-STUCLUK2208,UCL-UK/UCLStrokeData,0.0
sub-STUCLUK2209,UCL-UK/UCLStrokeData,0.0
sub-STUCLUK2210,UCL-UK/UCLStrokeData,0.000523149359142035
sub-STUCLUK2211,UCL-UK/UCLStrokeData,0.0021691973969631237
sub-STUCLUK2212,UCL-UK/UCLStrokeData,0.0
sub-STUCLUK2213,UCL-UK/UCLStrokeData,0.0
sub-STUCLUK2214,UCL-UK/UCLStrokeData,0.005332385353714895
sub-STUCLUK2215,UCL-UK/UCLStrokeData,0.0
sub-STUCLUK2216,UCL-UK/UCLStrokeData,0.0
sub-STUCLUK2217,UCL-UK/UCLStrokeData,0.0
sub-STUCLUK2218,UCL-UK/UCLStrokeData,0.0
sub-STUCLUK2219,UCL-UK/UCLStrokeData,0.0
sub-STUCLUK2220,UCL-UK/UCLStrokeData,0.0
sub-STUCLUK2221,UCL-UK/UCLStrokeData,0.0002741077791787731
sub-STUCLUK2222,UCL-UK/UCLStrokeData,0.0
sub-STUCLUK2223,UCL-UK/UCLStrokeData,0.0
sub-STUCLUK2224,UCL-UK/UCLStrokeData,0.0
sub-STUCLUK2225,UCL-UK/UCLStrokeData,0.0
sub-STUCLUK2226,UCL-UK/UCLStrokeData,0.0
sub-STUCLUK2227,UCL-UK/UCLStrokeData,0.0
sub-STUCLUK2228,UCL-UK/UCLStrokeData,0.0
sub-STUCLUK2229,UCL-UK/UCLStrokeData,0.0
sub-STUCLUK2230,UCL-UK/UCLStrokeData,0.0
sub-STUCLUK2231,UCL-UK/UCLStrokeData,0.0
sub-STUCLUK2232,UCL-UK/UCLStrokeData,0.0
sub-STUCLUK2233,UCL-UK/UCLStrokeData,0.0010828370330265296
sub-STUCLUK2234,UCL-UK/UCLStrokeData,0.0
sub-STUCLUK2235,UCL-UK/UCLStrokeData,0.0
sub-STUCLUK2236,UCL-UK/UCLStrokeData,0.0
sub-STUCLUK2237,UCL-UK/UCLStrokeData,0.0
sub-STUCLUK2238,UCL-UK/UCLStrokeData,0.0
sub-STUCLUK2239,UCL-UK/UCLStrokeData,0.0
sub-STUCLUK2240,UCL-UK/UCLStrokeData,0.0
sub-STUCLUK2241,UCL-UK/UCLStrokeData,0.0004153686396677051
sub-STUCLUK2242,UCL-UK/UCLStrokeData,0.0
sub-STUCLUK2243,UCL-UK/UCLStrokeData,0.0
sub-STUCLUK2244,UCL-UK/UCLStrokeData,0.0
sub-STUCLUK2245,UCL-UK/UCLStrokeData,0.0
sub-STUCLUK2246,UCL-UK/UCLStrokeData,0.0
sub-STUCLUK2247,UCL-UK/UCLStrokeData,0.0
sub-STUCLUK2248,UCL-UK/UCLStrokeData,0.0
sub-STUCLUK2249,UCL-UK/UCLStrokeData,0.0
sub-STUCLUK2250,UCL-UK/UCLStrokeData,0.0
sub-STUCLUK2251,UCL-UK/UCLStrokeData,0.0
sub-STUCLUK2252,UCL-UK/UCLStrokeData,0.0
sub-STUCLUK2253,UCL-UK/UCLStrokeData,0.0
sub-STUCLUK2254,UCL-UK/UCLStrokeData,0.0
sub-STUCLUK2255,UCL-UK/UCLStrokeData,0.0
sub-STUCLUK2256,UCL-UK/UCLStrokeData,0.0
sub-STUCLUK2257,UCL-UK/UCLStrokeData,0.0
sub-STUCLUK2258,UCL-UK/UCLStrokeData,0.0
sub-STUCLUK2259,UCL-UK/UCLStrokeData,0.0
sub-STUCLUK2260,UCL-UK/UCLStrokeData,0.0
sub-STUCLUK2261,UCL-UK/UCLStrokeData,0.0
sub-STUCLUK2262,UCL-UK/UCLStrokeData,0.0
sub-STUCLUK2263,UCL-UK/UCLStrokeData,0.0
sub-STUCLUK2264,UCL-UK/UCLStrokeData,0.0
sub-STUCLUK2265,UCL-UK/UCLStrokeData,0.0
sub-STUCLUK2266,UCL-UK/UCLStrokeData,0.0
sub-STUCLUK2267,UCL-UK/UCLStrokeData,0.01
sub-STUCLUK2268,UCL-UK/UCLStrokeData,0.0
sub-STUCLUK2269,UCL-UK/UCLStrokeData,0.19047619047619047
sub-STUCLUK2270,UCL-UK/UCLStrokeData,0.0
sub-STUCLUK2271,UCL-UK/UCLStrokeData,0.0
sub-STUCLUK2272,UCL-UK/UCLStrokeData,0.0
sub-STUCLUK2273,UCL-UK/UCLStrokeData,0.0
sub-STUCLUK2274,UCL-UK/UCLStrokeData,0.0
sub-STUCLUK2275,UCL-UK/UCLStrokeData,0.0
sub-STUCLUK2276,UCL-UK/UCLStrokeData,0.0040650406504065045
sub-STUCLUK2277,UCL-UK/UCLStrokeData,0.0
sub-STUCLUK2278,UCL-UK/UCLStrokeData,0.0
sub-STUCLUK2279,UCL-UK/UCLStrokeData,0.0
sub-STUCLUK2280,UCL-UK/UCLStrokeData,0.0
sub-STUCLUK2281,UCL-UK/UCLStrokeData,0.0
sub-STUCLUK2282,UCL-UK/UCLStrokeData,0.0
sub-STUCLUK2283,UCL-UK/UCLStrokeData,0.0
sub-STUCLUK2284,UCL-UK/UCLStrokeData,0.0
sub-STUCLUK2285,UCL-UK/UCLStrokeData,0.0
sub-STUCLUK2286,UCL-UK/UCLStrokeData,0.0
sub-STUCLUK2287,UCL-UK/UCLStrokeData,0.0
sub-STUCLUK2288,UCL-UK/UCLStrokeData,0.0
sub-STUCLUK2289,UCL-UK/UCLStrokeData,0.0
sub-STUCLUK2290,UCL-UK/UCLStrokeData,0.0
sub-STUCLUK2291,UCL-UK/UCLStrokeData,0.0
sub-STUCLUK2292,UCL-UK/UCLStrokeData,0.0
sub-STUCLUK2293,UCL-UK/UCLStrokeData,0.0
sub-STUCLUK2294,UCL-UK/UCLStrokeData,0.0
sub-STUCLUK2295,UCL-UK/UCLStrokeData,0.0
sub-STUCLUK2296,UCL-UK/UCLStrokeData,0.0
sub-STUCLUK2297,UCL-UK/UCLStrokeData,0.0
sub-STUCLUK2298,UCL-UK/UCLStrokeData,0.0
sub-STUCLUK2299,UCL-UK/UCLStrokeData,0.0
sub-STUCLUK2300,UCL-UK/UCLStrokeData,0.0
sub-STUCLUK2301,UCL-UK/UCLStrokeData,0.0
sub-STUCLUK2302,UCL-UK/UCLStrokeData,0.0
sub-STUCLUK2303,UCL-UK/UCLStrokeData,0.0
sub-STUCLUK2304,UCL-UK/UCLStrokeData,0.0
sub-STUCLUK2305,UCL-UK/UCLStrokeData,0.0
sub-STUCLUK2306,UCL-UK/UCLStrokeData,0.0
sub-STUCLUK2307,UCL-UK/UCLStrokeData,0.0
sub-STUCLUK2308,UCL-UK/UCLStrokeData,0.0
sub-STUCLUK2309,UCL-UK/UCLStrokeData,0.0
sub-STUCLUK2310,UCL-UK/UCLStrokeData,0.0
sub-STUCLUK2311,UCL-UK/UCLStrokeData,0.0030165912518853697
sub-STUCLUK2312,UCL-UK/UCLStrokeData,0.0
sub-STUCLUK2313,UCL-UK/UCLStrokeData,0.0021008403361344537
sub-STUCLUK2314,UCL-UK/UCLStrokeData,0.0
sub-STUCLUK2315,UCL-UK/UCLStrokeData,0.0
sub-STUCLUK2316,UCL-UK/UCLStrokeData,0.0
sub-STUCLUK2317,UCL-UK/UCLStrokeData,0.0
sub-STUCLUK2318,UCL-UK/UCLStrokeData,0.0
sub-STUCLUK2319,UCL-UK/UCLStrokeData,0.0
sub-STUCLUK2320,UCL-UK/UCLStrokeData,0.0
sub-STUCLUK2321,UCL-UK/UCLStrokeData,0.0
sub-STUCLUK2322,UCL-UK/UCLStrokeData,0.0
sub-STUCLUK2323,UCL-UK/UCLStrokeData,0.0
sub-STUCLUK2324,UCL-UK/UCLStrokeData,0.0
sub-STUCLUK2325,UCL-UK/UCLStrokeData,0.00030048076923076925
sub-STUCLUK2326,UCL-UK/UCLStrokeData,0.0
sub-STUCLUK2327,UCL-UK/UCLStrokeData,0.0
sub-STUCLUK2328,UCL-UK/UCLStrokeData,0.0
sub-STUCLUK2329,UCL-UK/UCLStrokeData,0.0
sub-STUCLUK2330,UCL-UK/UCLStrokeData,0.0
sub-STUCLUK2331,UCL-UK/UCLStrokeData,0.0
sub-STUCLUK2332,UCL-UK/UCLStrokeData,0.0
sub-STUCLUK2333,UCL-UK/UCLStrokeData,0.0
sub-STUCLUK2334,UCL-UK/UCLStrokeData,0.0
sub-STUCLUK2335,UCL-UK/UCLStrokeData,0.0
sub-STUCLUK2336,UCL-UK/UCLStrokeData,0.0
sub-STUCLUK2337,UCL-UK/UCLStrokeData,0.0
sub-STUCLUK2338,UCL-UK/UCLStrokeData,0.0032679738562091504
sub-STUCLUK2339,UCL-UK/UCLStrokeData,0.0
sub-STUCLUK2340,UCL-UK/UCLStrokeData,0.0
sub-STUCLUK2341,UCL-UK/UCLStrokeData,0.0
sub-STUCLUK2342,UCL-UK/UCLStrokeData,0.0
sub-STUCLUK2343,UCL-UK/UCLStrokeData,0.0
sub-STUCLUK2344,UCL-UK/UCLStrokeData,0.0
sub-STUCLUK2345,UCL-UK/UCLStrokeData,0.0
sub-STUCLUK2346,UCL-UK/UCLStrokeData,0.006244424620874219
sub-STUCLUK2347,UCL-UK/UCLStrokeData,0.0
sub-STUCLUK2348,UCL-UK/UCLStrokeData,0.0
sub-STUCLUK2349,UCL-UK/UCLStrokeData,0.0
sub-STUCLUK2350,UCL-UK/UCLStrokeData,0.0
sub-STUCLUK2351,UCL-UK/UCLStrokeData,0.0
sub-STUCLUK2352,UCL-UK/UCLStrokeData,0.0
sub-STUCLUK2353,UCL-UK/UCLStrokeData,0.0
sub-STUCLUK2354,UCL-UK/UCLStrokeData,0.0
sub-STUCLUK2355,UCL-UK/UCLStrokeData,0.004852405984634048
sub-STUCLUK2356,UCL-UK/UCLStrokeData,0.007668711656441718
sub-STUCLUK2357,UCL-UK/UCLStrokeData,0.0
sub-STUCLUK2358,UCL-UK/UCLStrokeData,0.0
sub-STUCLUK2359,UCL-UK/UCLStrokeData,0.0
sub-STUCLUK2360,UCL-UK/UCLStrokeData,0.0
sub-STUCLUK2361,UCL-UK/UCLStrokeData,0.0
sub-STUCLUK2362,UCL-UK/UCLStrokeData,0.0
sub-STUCLUK2363,UCL-UK/UCLStrokeData,0.0
sub-STUCLUK2364,UCL-UK/UCLStrokeData,0.0
sub-STUCLUK2365,UCL-UK/UCLStrokeData,0.0
sub-STUCLUK2366,UCL-UK/UCLStrokeData,0.0
sub-STUCLUK2367,UCL-UK/UCLStrokeData,0.003805473165817897
sub-STUCLUK2368,UCL-UK/UCLStrokeData,0.0
sub-STUCLUK2369,UCL-UK/UCLStrokeData,0.0
sub-STUCLUK2370,UCL-UK/UCLStrokeData,0.0
sub-STUCLUK2371,UCL-UK/UCLStrokeData,0.0
sub-STUCLUK2372,UCL-UK/UCLStrokeData,0.0
sub-STUCLUK2373,UCL-UK/UCLStrokeData,0.0
sub-STUCLUK2374,UCL-UK/UCLStrokeData,0.009936305732484076
sub-STUCLUK2375,UCL-UK/UCLStrokeData,0.0
sub-STUCLUK2376,UCL-UK/UCLStrokeData,0.0
sub-STUCLUK2377,UCL-UK/UCLStrokeData,0.0
sub-STUCLUK2378,UCL-UK/UCLStrokeData,0.0
sub-STUCLUK2379,UCL-UK/UCLStrokeData,0.0
sub-STUCLUK2380,UCL-UK/UCLStrokeData,0.0
sub-STUCLUK2381,UCL-UK/UCLStrokeData,0.0
sub-STUCLUK2382,UCL-UK/UCLStrokeData,0.0
sub-STUCLUK2383,UCL-UK/UCLStrokeData,0.0
sub-STUCLUK2384,UCL-UK/UCLStrokeData,0.00034834102586432116
sub-STUCLUK2385,UCL-UK/UCLStrokeData,0.0
sub-STUCLUK2386,UCL-UK/UCLStrokeData,0.0
sub-STUCLUK2387,UCL-UK/UCLStrokeData,0.0
sub-STUCLUK2388,UCL-UK/UCLStrokeData,0.0
sub-STUCLUK2389,UCL-UK/UCLStrokeData,0.0
sub-STUCLUK2390,UCL-UK/UCLStrokeData,0.0
sub-STUCLUK2391,UCL-UK/UCLStrokeData,0.0
sub-STUCLUK2392,UCL-UK/UCLStrokeData,0.0
sub-STUCLUK2393,UCL-UK/UCLStrokeData,0.0
sub-STUCLUK2394,UCL-UK/UCLStrokeData,0.0
sub-STUCLUK2395,UCL-UK/UCLStrokeData,0.0
sub-STUCLUK2396,UCL-UK/UCLStrokeData,0.0
sub-STUCLUK2397,UCL-UK/UCLStrokeData,0.0
sub-STUCLUK2398,UCL-UK/UCLStrokeData,0.0
sub-STUCLUK2399,UCL-UK/UCLStrokeData,0.0
sub-STUCLUK2400,UCL-UK/UCLStrokeData,0.0
sub-STUCLUK2401,UCL-UK/UCLStrokeData,0.0
sub-STUCLUK2402,UCL-UK/UCLStrokeData,0.0
sub-STUCLUK2403,UCL-UK/UCLStrokeData,0.0
sub-STUCLUK2404,UCL-UK/UCLStrokeData,0.0
sub-STUCLUK2405,UCL-UK/UCLStrokeData,0.0
sub-STUCLUK2406,UCL-UK/UCLStrokeData,0.0
sub-STUCLUK2407,UCL-UK/UCLStrokeData,0.0
sub-STUCLUK2408,UCL-UK/UCLStrokeData,0.0
sub-STUCLUK2409,UCL-UK/UCLStrokeData,0.0018484288354898336
sub-STUCLUK2410,UCL-UK/UCLStrokeData,0.011403073872087258
sub-STUCLUK2411,UCL-UK/UCLStrokeData,0.0
sub-STUCLUK2412,UCL-UK/UCLStrokeData,0.0
sub-STUCLUK2413,UCL-UK/UCLStrokeData,0.0
sub-STUCLUK2414,UCL-UK/UCLStrokeData,0.00784313725490196
sub-STUCLUK2415,UCL-UK/UCLStrokeData,0.0
sub-STUCLUK2416,UCL-UK/UCLStrokeData,0.0
sub-STUCLUK2417,UCL-UK/UCLStrokeData,0.0
sub-STUCLUK2418,UCL-UK/UCLStrokeData,0.00037064492216456633
sub-STUCLUK2419,UCL-UK/UCLStrokeData,0.0
sub-STUCLUK2420,UCL-UK/UCLStrokeData,0.0
sub-STUCLUK2421,UCL-UK/UCLStrokeData,0.0
sub-STUCLUK2422,UCL-UK/UCLStrokeData,0.0
sub-STUCLUK2423,UCL-UK/UCLStrokeData,0.0
sub-STUCLUK2424,UCL-UK/UCLStrokeData,0.011538461538461539
sub-STUCLUK2425,UCL-UK/UCLStrokeData,0.0011785503830288745
sub-STUCLUK2426,UCL-UK/UCLStrokeData,0.0158311345646438
sub-STUCLUK2427,UCL-UK/UCLStrokeData,0.022222222222222223
sub-STUCLUK2428,UCL-UK/UCLStrokeData,0.0
sub-STUCLUK2429,UCL-UK/UCLStrokeData,0.0
sub-STUCLUK2430,UCL-UK/UCLStrokeData,0.0
sub-STUCLUK2431,UCL-UK/UCLStrokeData,0.0
sub-STUCLUK2432,UCL-UK/UCLStrokeData,0.0
sub-STUCLUK2433,UCL-UK/UCLStrokeData,0.0
sub-STUCLUK2434,UCL-UK/UCLStrokeData,0.0
sub-STUCLUK2435,UCL-UK/UCLStrokeData,0.0
sub-STUCLUK2436,UCL-UK/UCLStrokeData,0.0
sub-STUCLUK2437,UCL-UK/UCLStrokeData,0.0
sub-STUCLUK2438,UCL-UK/UCLStrokeData,0.0
sub-STUCLUK2439,UCL-UK/UCLStrokeData,0.0
sub-STUCLUK2440,UCL-UK/UCLStrokeData,0.0
sub-STUCLUK2441,UCL-UK/UCLStrokeData,0.0
sub-STUCLUK2442,UCL-UK/UCLStrokeData,0.0
sub-STUCLUK2443,UCL-UK/UCLStrokeData,0.0
sub-STUCLUK2444,UCL-UK/UCLStrokeData,0.0
sub-STUCLUK2445,UCL-UK/UCLStrokeData,0.005853797829811536
sub-STUCLUK2446,UCL-UK/UCLStrokeData,0.0004821368304324767
sub-STUCLUK2447,UCL-UK/UCLStrokeData,0.0
sub-STUCLUK2448,UCL-UK/UCLStrokeData,0.004258771040356926
sub-STUCLUK2449,UCL-UK/UCLStrokeData,0.0
sub-STUCLUK2450,UCL-UK/UCLStrokeData,0.0
sub-STUCLUK2451,UCL-UK/UCLStrokeData,0.0
sub-STUCLUK2452,UCL-UK/UCLStrokeData,0.0
sub-STUCLUK2453,UCL-UK/UCLStrokeData,0.0002834467120181406
sub-STUCLUK2454,UCL-UK/UCLStrokeData,0.0
sub-STUCLUK2455,UCL-UK/UCLStrokeData,0.0
sub-STUCLUK2456,UCL-UK/UCLStrokeData,0.0
sub-STUCLUK2457,UCL-UK/UCLStrokeData,0.0
sub-STUCLUK2458,UCL-UK/UCLStrokeData,0.0
sub-STUCLUK2459,UCL-UK/UCLStrokeData,0.0
sub-STUCLUK2460,UCL-UK/UCLStrokeData,0.002168189561715967
sub-STUCLUK2461,UCL-UK/UCLStrokeData,0.0
sub-STUCLUK2462,UCL-UK/UCLStrokeData,0.0
sub-STUCLUK2463,UCL-UK/UCLStrokeData,0.0
sub-STUCLUK2464,UCL-UK/UCLStrokeData,0.0
sub-STUCLUK2465,UCL-UK/UCLStrokeData,0.001183431952662722
sub-STUCLUK2466,UCL-UK/UCLStrokeData,0.0
sub-STUCLUK2467,UCL-UK/UCLStrokeData,0.0
sub-STUCLUK2468,UCL-UK/UCLStrokeData,0.0
sub-STUCLUK2469,UCL-UK/UCLStrokeData,0.0
sub-STUCLUK2470,UCL-UK/UCLStrokeData,0.0
sub-STUCLUK2471,UCL-UK/UCLStrokeData,0.0
sub-STUCLUK2472,UCL-UK/UCLStrokeData,0.0
sub-STUCLUK2473,UCL-UK/UCLStrokeData,0.01483679525222552
sub-STUCLUK2474,UCL-UK/UCLStrokeData,0.0
sub-STUCLUK2475,UCL-UK/UCLStrokeData,0.0
sub-STUCLUK2476,UCL-UK/UCLStrokeData,0.0
sub-STUCLUK2477,UCL-UK/UCLStrokeData,0.0015088013411567478
sub-STUCLUK2478,UCL-UK/UCLStrokeData,0.0
sub-STUCLUK2479,UCL-UK/UCLStrokeData,0.0
sub-STUCLUK2480,UCL-UK/UCLStrokeData,0.0
sub-STUCLUK2481,UCL-UK/UCLStrokeData,0.0
sub-STUCLUK2482,UCL-UK/UCLStrokeData,0.0
sub-STUCLUK2483,UCL-UK/UCLStrokeData,0.0
sub-STUCLUK2484,UCL-UK/UCLStrokeData,0.0
sub-STUCLUK2485,UCL-UK/UCLStrokeData,0.0
sub-STUCLUK2486,UCL-UK/UCLStrokeData,0.0
sub-STUCLUK2487,UCL-UK/UCLStrokeData,0.0
sub-STUCLUK2488,UCL-UK/UCLStrokeData,0.0
sub-STUCLUK2489,UCL-UK/UCLStrokeData,0.0
sub-STUCLUK2490,UCL-UK/UCLStrokeData,0.0
sub-STUCLUK2491,UCL-UK/UCLStrokeData,0.0
sub-STUCLUK2492,UCL-UK/UCLStrokeData,0.0
sub-STUCLUK2493,UCL-UK/UCLStrokeData,0.0
sub-STUCLUK2494,UCL-UK/UCLStrokeData,0.0
sub-STUCLUK2495,UCL-UK/UCLStrokeData,0.005208333333333333
sub-STUCLUK2496,UCL-UK/UCLStrokeData,0.0
sub-STUCLUK2497,UCL-UK/UCLStrokeData,0.0
sub-STUCLUK2498,UCL-UK/UCLStrokeData,0.0
sub-STUCLUK2499,UCL-UK/UCLStrokeData,0.0
sub-STUCLUK2500,UCL-UK/UCLStrokeData,0.0
sub-STUCLUK2501,UCL-UK/UCLStrokeData,0.0
sub-STUCLUK2502,UCL-UK/UCLStrokeData,0.0
sub-STUCLUK2503,UCL-UK/UCLStrokeData,0.0026565464895635673
sub-STUCLUK2504,UCL-UK/UCLStrokeData,0.0
sub-STUCLUK2505,UCL-UK/UCLStrokeData,0.0005230125523012552
sub-STUCLUK2506,UCL-UK/UCLStrokeData,0.0
sub-STUCLUK2507,UCL-UK/UCLStrokeData,0.0
sub-STUCLUK2508,UCL-UK/UCLStrokeData,0.0
sub-STUCLUK2509,UCL-UK/UCLStrokeData,0.0
sub-STUCLUK2510,UCL-UK/UCLStrokeData,0.0012583892617449664
sub-STUCLUK2511,UCL-UK/UCLStrokeData,0.0
sub-STUCLUK2512,UCL-UK/UCLStrokeData,0.0
sub-STUCLUK2513,UCL-UK/UCLStrokeData,0.0
sub-STUCLUK2514,UCL-UK/UCLStrokeData,0.0
sub-STUCLUK2515,UCL-UK/UCLStrokeData,0.0
sub-STUCLUK2516,UCL-UK/UCLStrokeData,0.0023923444976076554
sub-STUCLUK2517,UCL-UK/UCLStrokeData,0.0010395010395010396
sub-STUCLUK2518,UCL-UK/UCLStrokeData,0.0
sub-STUCLUK2519,UCL-UK/UCLStrokeData,0.005390325783724999
sub-STUCLUK2520,UCL-UK/UCLStrokeData,0.0
sub-STUCLUK2521,UCL-UK/UCLStrokeData,0.0
sub-STUCLUK2522,UCL-UK/UCLStrokeData,0.0
sub-STUCLUK2523,UCL-UK/UCLStrokeData,0.0
sub-STUCLUK2524,UCL-UK/UCLStrokeData,0.0
sub-STUCLUK2525,UCL-UK/UCLStrokeData,0.0
sub-STUCLUK2526,UCL-UK/UCLStrokeData,0.0
sub-STUCLUK2527,UCL-UK/UCLStrokeData,0.0
sub-STUCLUK2528,UCL-UK/UCLStrokeData,0.0
sub-STUCLUK2529,UCL-UK/UCLStrokeData,0.0
sub-STUCLUK2530,UCL-UK/UCLStrokeData,0.0
sub-STUCLUK2531,UCL-UK/UCLStrokeData,0.0
sub-STUCLUK2532,UCL-UK/UCLStrokeData,0.0
sub-STUCLUK2533,UCL-UK/UCLStrokeData,0.0
sub-STUCLUK2534,UCL-UK/UCLStrokeData,0.0
sub-STUCLUK2535,UCL-UK/UCLStrokeData,0.0
sub-STUCLUK2536,UCL-UK/UCLStrokeData,0.0
sub-STUCLUK2537,UCL-UK/UCLStrokeData,0.0
sub-STUCLUK2538,UCL-UK/UCLStrokeData,0.0
sub-STUCLUK2539,UCL-UK/UCLStrokeData,0.0
sub-STUCLUK2540,UCL-UK/UCLStrokeData,0.0
sub-STUCLUK2541,UCL-UK/UCLStrokeData,0.0
sub-STUCLUK2542,UCL-UK/UCLStrokeData,0.0187565126780132
sub-STUCLUK2543,UCL-UK/UCLStrokeData,0.0
sub-STUCLUK2544,UCL-UK/UCLStrokeData,0.0
sub-STUCLUK2545,UCL-UK/UCLStrokeData,0.0
sub-STUCLUK2546,UCL-UK/UCLStrokeData,0.0
sub-STUCLUK2547,UCL-UK/UCLStrokeData,0.0
sub-STUCLUK2548,UCL-UK/UCLStrokeData,0.0
sub-STUCLUK2549,UCL-UK/UCLStrokeData,0.0
sub-STUCLUK2550,UCL-UK/UCLStrokeData,0.00018567516130529638
sub-STUCLUK2551,UCL-UK/UCLStrokeData,0.0
sub-STUCLUK2552,UCL-UK/UCLStrokeData,0.0
sub-STUCLUK2553,UCL-UK/UCLStrokeData,0.0
sub-STUCLUK2554,UCL-UK/UCLStrokeData,0.0
sub-STUCLUK2555,UCL-UK/UCLStrokeData,0.0
sub-STUCLUK2556,UCL-UK/UCLStrokeData,0.000967741935483871
sub-STUCLUK2557,UCL-UK/UCLStrokeData,0.0
sub-STUCLUK2558,UCL-UK/UCLStrokeData,0.0
sub-STUCLUK2559,UCL-UK/UCLStrokeData,0.0
sub-STUCLUK2560,UCL-UK/UCLStrokeData,0.0
sub-STUCLUK2561,UCL-UK/UCLStrokeData,0.0
sub-STUCLUK2562,UCL-UK/UCLStrokeData,0.0
sub-STUCLUK2563,UCL-UK/UCLStrokeData,0.02518891687657431
sub-STUCLUK2564,UCL-UK/UCLStrokeData,0.0
sub-STUCLUK2565,UCL-UK/UCLStrokeData,0.0
sub-STUCLUK2566,UCL-UK/UCLStrokeData,0.0
sub-STUCLUK2567,UCL-UK/UCLStrokeData,0.0
sub-STUCLUK2568,UCL-UK/UCLStrokeData,0.0
sub-STUCLUK2569,UCL-UK/UCLStrokeData,0.0
sub-STUCLUK2570,UCL-UK/UCLStrokeData,0.0
sub-STUCLUK2571,UCL-UK/UCLStrokeData,0.0
sub-STUCLUK2572,UCL-UK/UCLStrokeData,0.0
sub-STUCLUK2573,UCL-UK/UCLStrokeData,0.0
sub-STUCLUK2574,UCL-UK/UCLStrokeData,0.0
sub-STUCLUK2575,UCL-UK/UCLStrokeData,0.0
sub-STUCLUK2576,UCL-UK/UCLStrokeData,0.0
sub-STUCLUK2577,UCL-UK/UCLStrokeData,0.0
sub-STUCLUK2578,UCL-UK/UCLStrokeData,0.0
sub-STUCLUK2579,UCL-UK/UCLStrokeData,0.0
sub-STUCLUK2580,UCL-UK/UCLStrokeData,0.0
sub-STUCLUK2581,UCL-UK/UCLStrokeData,0.0
sub-STUCLUK2582,UCL-UK/UCLStrokeData,0.0
sub-STUCLUK2583,UCL-UK/UCLStrokeData,0.0010570824524312897
sub-STUCLUK2584,UCL-UK/UCLStrokeData,0.0
sub-STUCLUK2585,UCL-UK/UCLStrokeData,0.0
sub-STUCLUK2586,UCL-UK/UCLStrokeData,0.0
sub-STUCLUK2587,UCL-UK/UCLStrokeData,0.005945303210463734
sub-STUCLUK2588,UCL-UK/UCLStrokeData,0.0
sub-STUCLUK2589,UCL-UK/UCLStrokeData,0.13716814159292035
sub-STUCLUK2590,UCL-UK/UCLStrokeData,0.0
sub-STUCLUK2591,UCL-UK/UCLStrokeData,0.0
sub-STUCLUK2592,UCL-UK/UCLStrokeData,0.00046707146193367583
sub-STUCLUK2593,UCL-UK/UCLStrokeData,0.0
sub-STUCLUK2594,UCL-UK/UCLStrokeData,0.0
sub-STUCLUK2595,UCL-UK/UCLStrokeData,0.0
sub-STUCLUK2596,UCL-UK/UCLStrokeData,0.0
sub-STUCLUK2597,UCL-UK/UCLStrokeData,0.0
sub-STUCLUK2598,UCL-UK/UCLStrokeData,0.0
sub-STUCLUK2599,UCL-UK/UCLStrokeData,0.0
sub-STUCLUK2600,UCL-UK/UCLStrokeData,0.0
sub-STUCLUK2601,UCL-UK/UCLStrokeData,0.0
sub-STUCLUK2602,UCL-UK/UCLStrokeData,0.0
sub-STUCLUK2603,UCL-UK/UCLStrokeData,0.0
sub-STUCLUK2604,UCL-UK/UCLStrokeData,0.0
sub-STUCLUK2605,UCL-UK/UCLStrokeData,0.0
sub-STUCLUK2606,UCL-UK/UCLStrokeData,0.0
sub-STUCLUK2607,UCL-UK/UCLStrokeData,0.013636363636363636
sub-STUCLUK2608,UCL-UK/UCLStrokeData,0.0
sub-STUCLUK2609,UCL-UK/UCLStrokeData,0.0
sub-STUCLUK2610,UCL-UK/UCLStrokeData,0.07692307692307693
sub-STUCLUK2611,UCL-UK/UCLStrokeData,0.0
sub-STUCLUK2612,UCL-UK/UCLStrokeData,0.0
sub-STUCLUK2613,UCL-UK/UCLStrokeData,0.0
sub-STUCLUK2614,UCL-UK/UCLStrokeData,0.0
sub-STUCLUK2615,UCL-UK/UCLStrokeData,0.0
sub-STUCLUK2616,UCL-UK/UCLStrokeData,0.0
sub-STUCLUK2617,UCL-UK/UCLStrokeData,0.0
sub-STUCLUK2618,UCL-UK/UCLStrokeData,0.0015166835187057635
sub-STUCLUK2619,UCL-UK/UCLStrokeData,0.0008613938919342208
sub-STUCLUK2620,UCL-UK/UCLStrokeData,0.0
sub-STUCLUK2621,UCL-UK/UCLStrokeData,0.0
sub-STUCLUK2622,UCL-UK/UCLStrokeData,0.0
sub-STUCLUK2623,UCL-UK/UCLStrokeData,0.0
sub-STUCLUK2624,UCL-UK/UCLStrokeData,0.0
sub-STUCLUK2625,UCL-UK/UCLStrokeData,0.0
sub-STUCLUK2626,UCL-UK/UCLStrokeData,0.0
sub-STUCLUK2627,UCL-UK/UCLStrokeData,0.0
sub-STUCLUK2628,UCL-UK/UCLStrokeData,0.0
sub-STUCLUK2629,UCL-UK/UCLStrokeData,0.0
sub-STUCLUK2630,UCL-UK/UCLStrokeData,0.0
sub-STUCLUK2631,UCL-UK/UCLStrokeData,0.0
sub-STUCLUK2632,UCL-UK/UCLStrokeData,0.00036101083032490973
sub-STUCLUK2633,UCL-UK/UCLStrokeData,0.0
sub-STUCLUK2634,UCL-UK/UCLStrokeData,0.0
sub-STUCLUK2635,UCL-UK/UCLStrokeData,0.0
sub-STUCLUK2636,UCL-UK/UCLStrokeData,0.16666666666666666
sub-STUCLUK2637,UCL-UK/UCLStrokeData,0.0
sub-STUCLUK2638,UCL-UK/UCLStrokeData,0.0
sub-STUCLUK2639,UCL-UK/UCLStrokeData,0.08644400785854617
sub-STUCLUK2640,UCL-UK/UCLStrokeData,0.02040816326530612
sub-STUCLUK2641,UCL-UK/UCLStrokeData,0.0
sub-STUCLUK2642,UCL-UK/UCLStrokeData,0.0
sub-STUCLUK2643,UCL-UK/UCLStrokeData,0.0
sub-STUCLUK2644,UCL-UK/UCLStrokeData,0.0
sub-STUCLUK2645,UCL-UK/UCLStrokeData,0.0
sub-STUCLUK2646,UCL-UK/UCLStrokeData,0.0
sub-STUCLUK2647,UCL-UK/UCLStrokeData,0.0
sub-STUCLUK2648,UCL-UK/UCLStrokeData,0.0
sub-STUCLUK2649,UCL-UK/UCLStrokeData,0.0
sub-STUCLUK2650,UCL-UK/UCLStrokeData,0.0
sub-STUCLUK2651,UCL-UK/UCLStrokeData,0.0
sub-STUCLUK2652,UCL-UK/UCLStrokeData,0.0
sub-STUCLUK2653,UCL-UK/UCLStrokeData,0.0
sub-STUCLUK2654,UCL-UK/UCLStrokeData,0.0
sub-STUCLUK2655,UCL-UK/UCLStrokeData,0.0
sub-STUCLUK2656,UCL-UK/UCLStrokeData,0.0
sub-STUCLUK2657,UCL-UK/UCLStrokeData,0.0
sub-STUCLUK2658,UCL-UK/UCLStrokeData,0.0
sub-STUCLUK2659,UCL-UK/UCLStrokeData,0.026785714285714284
sub-STUCLUK2660,UCL-UK/UCLStrokeData,0.0
sub-STUCLUK2661,UCL-UK/UCLStrokeData,0.0
sub-STUCLUK2662,UCL-UK/UCLStrokeData,0.0
sub-STUCLUK2663,UCL-UK/UCLStrokeData,0.0
sub-STUCLUK2664,UCL-UK/UCLStrokeData,0.0
sub-STUCLUK2665,UCL-UK/UCLStrokeData,0.0
sub-STUCLUK2666,UCL-UK/UCLStrokeData,0.0
sub-STUCLUK2667,UCL-UK/UCLStrokeData,0.0
sub-STUCLUK2668,UCL-UK/UCLStrokeData,0.0038204393505253103
sub-STUCLUK2669,UCL-UK/UCLStrokeData,0.0
sub-STUCLUK2670,UCL-UK/UCLStrokeData,0.0
sub-STUCLUK2671,UCL-UK/UCLStrokeData,0.0014064697609001407
sub-STUCLUK2672,UCL-UK/UCLStrokeData,0.0
sub-STUCLUK2673,UCL-UK/UCLStrokeData,0.0
sub-STUCLUK2674,UCL-UK/UCLStrokeData,0.002587634556996964
sub-STUCLUK2675,UCL-UK/UCLStrokeData,0.0
sub-STUCLUK2676,UCL-UK/UCLStrokeData,0.0
sub-STUCLUK2677,UCL-UK/UCLStrokeData,0.0
sub-STUCLUK2678,UCL-UK/UCLStrokeData,0.0
sub-STUCLUK2679,UCL-UK/UCLStrokeData,0.0015616866215512754
sub-STUCLUK2680,UCL-UK/UCLStrokeData,0.0
sub-STUCLUK2681,UCL-UK/UCLStrokeData,0.0
sub-STUCLUK2682,UCL-UK/UCLStrokeData,0.0
sub-STUCLUK2683,UCL-UK/UCLStrokeData,0.0005925766309325002
sub-STUCLUK2684,UCL-UK/UCLStrokeData,0.0
sub-STUCLUK2685,UCL-UK/UCLStrokeData,0.00021616947686986597
sub-STUCLUK2686,UCL-UK/UCLStrokeData,0.0
sub-STUCLUK2687,UCL-UK/UCLStrokeData,0.0
sub-STUCLUK2688,UCL-UK/UCLStrokeData,0.0
sub-STUCLUK2689,UCL-UK/UCLStrokeData,0.0
sub-STUCLUK2690,UCL-UK/UCLStrokeData,0.00034518467380048324
sub-STUCLUK2691,UCL-UK/UCLStrokeData,0.0049245921822099106
sub-STUCLUK2692,UCL-UK/UCLStrokeData,0.0
sub-STUCLUK2693,UCL-UK/UCLStrokeData,0.0
sub-STUCLUK2694,UCL-UK/UCLStrokeData,0.0
sub-STUCLUK2695,UCL-UK/UCLStrokeData,0.0
sub-STUCLUK2696,UCL-UK/UCLStrokeData,0.0
sub-STUCLUK2697,UCL-UK/UCLStrokeData,0.0
sub-STUCLUK2698,UCL-UK/UCLStrokeData,0.0351123595505618
sub-STUCLUK2699,UCL-UK/UCLStrokeData,0.0
sub-STUCLUK2700,UCL-UK/UCLStrokeData,0.0
sub-STUCLUK2701,UCL-UK/UCLStrokeData,0.0
sub-STUCLUK2702,UCL-UK/UCLStrokeData,0.0
sub-STUCLUK2703,UCL-UK/UCLStrokeData,0.0
sub-STUCLUK2704,UCL-UK/UCLStrokeData,0.0
sub-STUCLUK2705,UCL-UK/UCLStrokeData,0.0
sub-STUCLUK2706,UCL-UK/UCLStrokeData,0.0
sub-STUCLUK2707,UCL-UK/UCLStrokeData,0.0
sub-STUCLUK2708,UCL-UK/UCLStrokeData,0.0
sub-STUCLUK2709,UCL-UK/UCLStrokeData,0.0
sub-STUCLUK2710,UCL-UK/UCLStrokeData,0.0
sub-STUCLUK2711,UCL-UK/UCLStrokeData,0.0
sub-STUCLUK2712,UCL-UK/UCLStrokeData,0.0
sub-STUCLUK2713,UCL-UK/UCLStrokeData,0.0
sub-STUCLUK2714,UCL-UK/UCLStrokeData,0.0028768990057033263
sub-STUCLUK2715,UCL-UK/UCLStrokeData,0.0
sub-STUCLUK2716,UCL-UK/UCLStrokeData,0.0
sub-STUCLUK2717,UCL-UK/UCLStrokeData,0.0
sub-STUCLUK2718,UCL-UK/UCLStrokeData,0.0
sub-STUCLUK2719,UCL-UK/UCLStrokeData,0.0
sub-STUCLUK2720,UCL-UK/UCLStrokeData,0.0
sub-STUCLUK2721,UCL-UK/UCLStrokeData,0.0
sub-STUCLUK2722,UCL-UK/UCLStrokeData,0.0
sub-STUCLUK2723,UCL-UK/UCLStrokeData,0.0
sub-STUCLUK2724,UCL-UK/UCLStrokeData,0.0
sub-STUCLUK2725,UCL-UK/UCLStrokeData,0.06493506493506493
sub-STUCLUK2726,UCL-UK/UCLStrokeData,0.0
sub-STUCLUK2727,UCL-UK/UCLStrokeData,0.0
sub-STUCLUK2728,UCL-UK/UCLStrokeData,0.008646491519787164
sub-STUCLUK2729,UCL-UK/UCLStrokeData,0.0
sub-STUCLUK2730,UCL-UK/UCLStrokeData,0.0
sub-STUCLUK2731,UCL-UK/UCLStrokeData,0.0
sub-STUCLUK2732,UCL-UK/UCLStrokeData,0.0
sub-STUCLUK2733,UCL-UK/UCLStrokeData,0.0
sub-STUCLUK2734,UCL-UK/UCLStrokeData,0.001040878122634368
sub-STUCLUK2735,UCL-UK/UCLStrokeData,0.0
sub-STUCLUK2736,UCL-UK/UCLStrokeData,0.001834862385321101
sub-STUCLUK2737,UCL-UK/UCLStrokeData,0.0
sub-STUCLUK2738,UCL-UK/UCLStrokeData,0.15789473684210525
sub-STUCLUK2739,UCL-UK/UCLStrokeData,0.0
sub-STUCLUK2740,UCL-UK/UCLStrokeData,0.0
sub-STUCLUK2741,UCL-UK/UCLStrokeData,0.0
sub-STUCLUK2742,UCL-UK/UCLStrokeData,0.0
sub-STUCLUK2743,UCL-UK/UCLStrokeData,0.0014655082173139328
sub-STUCLUK2744,UCL-UK/UCLStrokeData,0.0
sub-STUCLUK2745,UCL-UK/UCLStrokeData,0.0
sub-STUCLUK2746,UCL-UK/UCLStrokeData,0.0
sub-STUCLUK2747,UCL-UK/UCLStrokeData,0.0
sub-STUCLUK2748,UCL-UK/UCLStrokeData,0.0
sub-STUCLUK2749,UCL-UK/UCLStrokeData,0.0026595744680851063
sub-STUCLUK2750,UCL-UK/UCLStrokeData,0.0
sub-STUCLUK2751,UCL-UK/UCLStrokeData,0.0
sub-STUCLUK2752,UCL-UK/UCLStrokeData,0.0
sub-STUCLUK2753,UCL-UK/UCLStrokeData,0.0
sub-STUCLUK2754,UCL-UK/UCLStrokeData,0.0
sub-STUCLUK2755,UCL-UK/UCLStrokeData,0.0
sub-STUCLUK2756,UCL-UK/UCLStrokeData,0.0
sub-STUCLUK2757,UCL-UK/UCLStrokeData,0.0
sub-STUCLUK2758,UCL-UK/UCLStrokeData,0.0
sub-STUCLUK2759,UCL-UK/UCLStrokeData,0.0
sub-STUCLUK2760,UCL-UK/UCLStrokeData,0.0
sub-STUCLUK2761,UCL-UK/UCLStrokeData,0.0
sub-STUCLUK2762,UCL-UK/UCLStrokeData,0.001984126984126984
sub-STUCLUK2763,UCL-UK/UCLStrokeData,0.02078239608801956
sub-STUCLUK2764,UCL-UK/UCLStrokeData,0.0003816793893129771
sub-STUCLUK2765,UCL-UK/UCLStrokeData,0.0
sub-STUCLUK2766,UCL-UK/UCLStrokeData,0.0
sub-STUCLUK2767,UCL-UK/UCLStrokeData,0.0
sub-STUCLUK2768,UCL-UK/UCLStrokeData,0.0
sub-STUCLUK2769,UCL-UK/UCLStrokeData,0.0
sub-STUCLUK2770,UCL-UK/UCLStrokeData,0.0
sub-STUCLUK2771,UCL-UK/UCLStrokeData,0.0
sub-STUCLUK2772,UCL-UK/UCLStrokeData,0.0
sub-STUCLUK2773,UCL-UK/UCLStrokeData,0.0
sub-STUCLUK2774,UCL-UK/UCLStrokeData,0.0
sub-STUCLUK2775,UCL-UK/UCLStrokeData,0.0
sub-STUCLUK2776,UCL-UK/UCLStrokeData,0.0
sub-STUCLUK2777,UCL-UK/UCLStrokeData,0.0
sub-STUCLUK2778,UCL-UK/UCLStrokeData,0.0
sub-STUCLUK2779,UCL-UK/UCLStrokeData,0.0
sub-STUCLUK2780,UCL-UK/UCLStrokeData,0.0
sub-STUCLUK2781,UCL-UK/UCLStrokeData,0.0033277870216306157
sub-STUCLUK2782,UCL-UK/UCLStrokeData,0.00013345195729537367
sub-STUCLUK2783,UCL-UK/UCLStrokeData,0.0
sub-STUCLUK2784,UCL-UK/UCLStrokeData,0.0
sub-STUCLUK2785,UCL-UK/UCLStrokeData,0.0
sub-STUCLUK2786,UCL-UK/UCLStrokeData,0.0008928571428571428
sub-STUCLUK2787,UCL-UK/UCLStrokeData,0.0
sub-STUCLUK2788,UCL-UK/UCLStrokeData,0.0
sub-STUCLUK2789,UCL-UK/UCLStrokeData,0.0
sub-STUCLUK2790,UCL-UK/UCLStrokeData,0.005755279049973656
sub-STUCLUK2791,UCL-UK/UCLStrokeData,0.0
sub-STUCLUK2792,UCL-UK/UCLStrokeData,0.0044585987261146496
sub-STUCLUK2793,UCL-UK/UCLStrokeData,0.0
sub-STUCLUK2794,UCL-UK/UCLStrokeData,0.0
sub-STUCLUK2795,UCL-UK/UCLStrokeData,0.0
sub-STUCLUK2796,UCL-UK/UCLStrokeData,0.0
sub-STUCLUK2797,UCL-UK/UCLStrokeData,0.0
sub-STUCLUK2798,UCL-UK/UCLStrokeData,0.0
sub-STUCLUK2799,UCL-UK/UCLStrokeData,0.0
sub-STUCLUK2800,UCL-UK/UCLStrokeData,0.0
sub-STUCLUK2801,UCL-UK/UCLStrokeData,0.0
sub-STUCLUK2802,UCL-UK/UCLStrokeData,0.0
sub-STUCLUK2803,UCL-UK/UCLStrokeData,0.0
sub-STUCLUK2804,UCL-UK/UCLStrokeData,0.0
sub-STUCLUK2805,UCL-UK/UCLStrokeData,0.006259780907668232
sub-STUCLUK2806,UCL-UK/UCLStrokeData,0.0
sub-STUCLUK2807,UCL-UK/UCLStrokeData,0.0
sub-STUCLUK2808,UCL-UK/UCLStrokeData,0.0
sub-STUCLUK2809,UCL-UK/UCLStrokeData,0.0
sub-STUCLUK2810,UCL-UK/UCLStrokeData,0.0
sub-STUCLUK2811,UCL-UK/UCLStrokeData,0.00039494470774091627
sub-STUCLUK2812,UCL-UK/UCLStrokeData,0.0
sub-STUCLUK2813,UCL-UK/UCLStrokeData,0.0
sub-STUCLUK2814,UCL-UK/UCLStrokeData,0.0
sub-STUCLUK2815,UCL-UK/UCLStrokeData,0.01740471469486671
sub-STUCLUK2816,UCL-UK/UCLStrokeData,0.0
sub-STUCLUK2817,UCL-UK/UCLStrokeData,0.0
sub-STUCLUK2818,UCL-UK/UCLStrokeData,0.0
sub-STUCLUK2819,UCL-UK/UCLStrokeData,0.0
sub-STUCLUK2820,UCL-UK/UCLStrokeData,0.0
sub-STUCLUK2821,UCL-UK/UCLStrokeData,0.0
sub-STUCLUK2822,UCL-UK/UCLStrokeData,0.0
sub-STUCLUK2823,UCL-UK/UCLStrokeData,0.0
sub-STUCLUK2824,UCL-UK/UCLStrokeData,0.0
sub-STUCLUK2825,UCL-UK/UCLStrokeData,0.0
sub-STUCLUK2826,UCL-UK/UCLStrokeData,0.02127659574468085
sub-STUCLUK2827,UCL-UK/UCLStrokeData,0.0
sub-STUCLUK2828,UCL-UK/UCLStrokeData,0.0
sub-STUCLUK2829,UCL-UK/UCLStrokeData,0.00397008586464777
sub-STUCLUK2830,UCL-UK/UCLStrokeData,0.0
sub-STUCLUK2831,UCL-UK/UCLStrokeData,0.005196128374936322
sub-STUCLUK2832,UCL-UK/UCLStrokeData,0.005253443135027687
sub-STUCLUK2833,UCL-UK/UCLStrokeData,0.0
sub-STUCLUK2834,UCL-UK/UCLStrokeData,0.0
sub-STUCLUK2835,UCL-UK/UCLStrokeData,0.0
sub-STUCLUK2836,UCL-UK/UCLStrokeData,0.0
sub-STUCLUK2837,UCL-UK/UCLStrokeData,0.0
sub-STUCLUK2838,UCL-UK/UCLStrokeData,0.0
sub-STUCLUK2839,UCL-UK/UCLStrokeData,0.0
sub-STUCLUK2840,UCL-UK/UCLStrokeData,0.0
sub-STUCLUK2841,UCL-UK/UCLStrokeData,0.0
sub-STUCLUK2842,UCL-UK/UCLStrokeData,0.0
sub-STUCLUK2843,UCL-UK/UCLStrokeData,0.0
sub-STUCLUK2844,UCL-UK/UCLStrokeData,0.0
sub-STUCLUK2845,UCL-UK/UCLStrokeData,0.0
sub-STUCLUK2846,UCL-UK/UCLStrokeData,0.0
sub-STUCLUK2847,UCL-UK/UCLStrokeData,0.0005518763796909492
sub-STUCLUK2848,UCL-UK/UCLStrokeData,0.000499001996007984
sub-STUCLUK2849,UCL-UK/UCLStrokeData,0.0
sub-STUCLUK2850,UCL-UK/UCLStrokeData,0.0
sub-STUCLUK2851,UCL-UK/UCLStrokeData,0.0
sub-STUCLUK2852,UCL-UK/UCLStrokeData,0.0
sub-STUCLUK2853,UCL-UK/UCLStrokeData,0.0
sub-STUCLUK2854,UCL-UK/UCLStrokeData,0.0
sub-STUCLUK2855,UCL-UK/UCLStrokeData,0.0
sub-STUCLUK2856,UCL-UK/UCLStrokeData,0.005015263846489315
sub-STUCLUK2857,UCL-UK/UCLStrokeData,0.0
sub-STUCLUK2858,UCL-UK/UCLStrokeData,0.0
sub-STUCLUK2859,UCL-UK/UCLStrokeData,0.0
sub-STUCLUK2860,UCL-UK/UCLStrokeData,0.0
sub-STUCLUK2861,UCL-UK/UCLStrokeData,0.0
sub-STUCLUK2862,UCL-UK/UCLStrokeData,0.0
sub-STUCLUK2863,UCL-UK/UCLStrokeData,0.0
sub-STUCLUK2864,UCL-UK/UCLStrokeData,0.0
sub-STUCLUK2865,UCL-UK/UCLStrokeData,0.0
sub-STUCLUK2866,UCL-UK/UCLStrokeData,0.0
sub-STUCLUK2867,UCL-UK/UCLStrokeData,0.0
sub-STUCLUK2868,UCL-UK/UCLStrokeData,0.0
sub-STUCLUK2869,UCL-UK/UCLStrokeData,0.0
sub-STUCLUK2870,UCL-UK/UCLStrokeData,0.0
sub-STUCLUK2871,UCL-UK/UCLStrokeData,0.0
sub-STUCLUK2872,UCL-UK/UCLStrokeData,0.002331002331002331
sub-STUCLUK2873,UCL-UK/UCLStrokeData,0.003651300775901415
sub-STUCLUK2874,UCL-UK/UCLStrokeData,0.0008321775312066575
sub-STUCLUK2875,UCL-UK/UCLStrokeData,0.002402826855123675
sub-STUCLUK2876,UCL-UK/UCLStrokeData,0.0
sub-STUCLUK2877,UCL-UK/UCLStrokeData,0.0
sub-STUCLUK2878,UCL-UK/UCLStrokeData,0.0
sub-STUCLUK2879,UCL-UK/UCLStrokeData,0.0
sub-STUCLUK2880,UCL-UK/UCLStrokeData,0.0
sub-STUCLUK2881,UCL-UK/UCLStrokeData,0.0
sub-STUCLUK2882,UCL-UK/UCLStrokeData,0.0
sub-STUCLUK2883,UCL-UK/UCLStrokeData,0.0
sub-STUCLUK2884,UCL-UK/UCLStrokeData,0.04006968641114982
sub-STUCLUK2885,UCL-UK/UCLStrokeData,0.0
sub-STUCLUK2886,UCL-UK/UCLStrokeData,0.00013883104262113008
sub-STUCLUK2887,UCL-UK/UCLStrokeData,0.0
sub-STUCLUK2888,UCL-UK/UCLStrokeData,0.0
sub-STUCLUK2889,UCL-UK/UCLStrokeData,0.0
sub-STUCLUK2890,UCL-UK/UCLStrokeData,0.0
sub-STUCLUK2891,UCL-UK/UCLStrokeData,0.0
sub-STUCLUK2892,UCL-UK/UCLStrokeData,0.0
sub-STUCLUK2893,UCL-UK/UCLStrokeData,0.0
sub-STUCLUK2894,UCL-UK/UCLStrokeData,0.0
sub-STUCLUK2895,UCL-UK/UCLStrokeData,0.0
sub-STUCLUK2896,UCL-UK/UCLStrokeData,0.0
sub-STUCLUK2897,UCL-UK/UCLStrokeData,0.0
sub-STUCLUK2898,UCL-UK/UCLStrokeData,0.0
sub-STUCLUK2899,UCL-UK/UCLStrokeData,0.0
sub-STUCLUK2900,UCL-UK/UCLStrokeData,0.0
sub-STUCLUK2901,UCL-UK/UCLStrokeData,0.0
sub-STUCLUK2902,UCL-UK/UCLStrokeData,0.0
sub-STUCLUK2903,UCL-UK/UCLStrokeData,0.0
sub-STUCLUK2904,UCL-UK/UCLStrokeData,0.0
sub-STUCLUK2905,UCL-UK/UCLStrokeData,0.0
sub-STUCLUK2906,UCL-UK/UCLStrokeData,0.0
sub-STUCLUK2907,UCL-UK/UCLStrokeData,0.0
sub-STUCLUK2908,UCL-UK/UCLStrokeData,0.0
sub-STUCLUK2909,UCL-UK/UCLStrokeData,0.0
sub-STUCLUK2910,UCL-UK/UCLStrokeData,0.0
sub-STUCLUK2911,UCL-UK/UCLStrokeData,0.0
sub-STUCLUK2912,UCL-UK/UCLStrokeData,0.0
sub-STUCLUK2913,UCL-UK/UCLStrokeData,0.000297000297000297
sub-STUCLUK2914,UCL-UK/UCLStrokeData,0.0
sub-STUCLUK2915,UCL-UK/UCLStrokeData,0.0
sub-STUCLUK2916,UCL-UK/UCLStrokeData,0.0
sub-STUCLUK2917,UCL-UK/UCLStrokeData,0.0
sub-STUCLUK2918,UCL-UK/UCLStrokeData,0.0
sub-STUCLUK2919,UCL-UK/UCLStrokeData,0.0
sub-STUCLUK2920,UCL-UK/UCLStrokeData,0.0
sub-STUCLUK2921,UCL-UK/UCLStrokeData,0.0
sub-STUCLUK2922,UCL-UK/UCLStrokeData,0.0
sub-STUCLUK2923,UCL-UK/UCLStrokeData,0.0
sub-STUCLUK2924,UCL-UK/UCLStrokeData,0.0
sub-STUCLUK2925,UCL-UK/UCLStrokeData,0.0
sub-STUCLUK2926,UCL-UK/UCLStrokeData,0.0
sub-STUCLUK2927,UCL-UK/UCLStrokeData,0.0
sub-STUCLUK2928,UCL-UK/UCLStrokeData,0.0
sub-STUCLUK2929,UCL-UK/UCLStrokeData,0.0
sub-STUCLUK2930,UCL-UK/UCLStrokeData,0.0
sub-STUCLUK2931,UCL-UK/UCLStrokeData,0.0
sub-STUCLUK2932,UCL-UK/UCLStrokeData,0.0
sub-STUCLUK2933,UCL-UK/UCLStrokeData,0.0018756698821007502
sub-STUCLUK2934,UCL-UK/UCLStrokeData,0.0
sub-STUCLUK2935,UCL-UK/UCLStrokeData,0.0
sub-STUCLUK2936,UCL-UK/UCLStrokeData,0.0
sub-STUCLUK2937,UCL-UK/UCLStrokeData,0.0
sub-STUCLUK2938,UCL-UK/UCLStrokeData,0.0
sub-STUCLUK2939,UCL-UK/UCLStrokeData,0.0
sub-STUCLUK2940,UCL-UK/UCLStrokeData,0.0013327410039982231
sub-STUCLUK2941,UCL-UK/UCLStrokeData,0.0
sub-STUCLUK2942,UCL-UK/UCLStrokeData,0.0
sub-STUCLUK2943,UCL-UK/UCLStrokeData,0.0
sub-STUCLUK2944,UCL-UK/UCLStrokeData,0.0
sub-STUCLUK2945,UCL-UK/UCLStrokeData,0.0
sub-STUCLUK2946,UCL-UK/UCLStrokeData,0.0
sub-STUCLUK2947,UCL-UK/UCLStrokeData,0.0
sub-STUCLUK2948,UCL-UK/UCLStrokeData,0.0
sub-STUCLUK2949,UCL-UK/UCLStrokeData,0.0
sub-STUCLUK2950,UCL-UK/UCLStrokeData,0.0
sub-STUCLUK2951,UCL-UK/UCLStrokeData,0.0
sub-STUCLUK2952,UCL-UK/UCLStrokeData,0.0015729453401494297
sub-STUCLUK2953,UCL-UK/UCLStrokeData,0.0
sub-STUCLUK2954,UCL-UK/UCLStrokeData,0.0
sub-STUCLUK2955,UCL-UK/UCLStrokeData,0.0005396654074473826
sub-STUCLUK2956,UCL-UK/UCLStrokeData,0.0
sub-STUCLUK2957,UCL-UK/UCLStrokeData,0.0
sub-STUCLUK2958,UCL-UK/UCLStrokeData,0.0
sub-STUCLUK2959,UCL-UK/UCLStrokeData,0.0
sub-STUCLUK2960,UCL-UK/UCLStrokeData,0.0
sub-STUCLUK2961,UCL-UK/UCLStrokeData,0.0
sub-STUCLUK2962,UCL-UK/UCLStrokeData,0.0029542097488921715
sub-STUCLUK2963,UCL-UK/UCLStrokeData,0.0
sub-STUCLUK2964,UCL-UK/UCLStrokeData,0.0037709976002742542
sub-STUCLUK2965,UCL-UK/UCLStrokeData,0.0
sub-STUCLUK2966,UCL-UK/UCLStrokeData,0.002439817826935589
sub-STUCLUK2967,UCL-UK/UCLStrokeData,0.007284079084287201
sub-STUCLUK2968,UCL-UK/UCLStrokeData,0.0
sub-STUCLUK2969,UCL-UK/UCLStrokeData,0.0
sub-STUCLUK2970,UCL-UK/UCLStrokeData,0.0
sub-STUCLUK2971,UCL-UK/UCLStrokeData,0.0
sub-STUCLUK2972,UCL-UK/UCLStrokeData,0.0
sub-STUCLUK2973,UCL-UK/UCLStrokeData,0.0
sub-STUCLUK2974,UCL-UK/UCLStrokeData,0.0
sub-STUCLUK2975,UCL-UK/UCLStrokeData,0.008695652173913044
sub-STUCLUK2976,UCL-UK/UCLStrokeData,0.0
sub-STUCLUK2977,UCL-UK/UCLStrokeData,0.0
sub-STUCLUK2978,UCL-UK/UCLStrokeData,0.0
sub-STUCLUK2979,UCL-UK/UCLStrokeData,0.0
sub-STUCLUK2980,UCL-UK/UCLStrokeData,0.0
sub-STUCLUK2981,UCL-UK/UCLStrokeData,0.0
sub-STUCLUK2982,UCL-UK/UCLStrokeData,0.0
sub-STUCLUK2983,UCL-UK/UCLStrokeData,0.0
sub-STUCLUK2984,UCL-UK/UCLStrokeData,0.0
sub-STUCLUK2985,UCL-UK/UCLStrokeData,0.0
sub-STUCLUK2986,UCL-UK/UCLStrokeData,0.0
sub-STUCLUK2987,UCL-UK/UCLStrokeData,0.0
sub-STUCLUK2988,UCL-UK/UCLStrokeData,0.0
sub-STUCLUK2989,UCL-UK/UCLStrokeData,0.017434899730619575
sub-STUCLUK2990,UCL-UK/UCLStrokeData,0.0
sub-STUCLUK2991,UCL-UK/UCLStrokeData,0.0
sub-STUCLUK2992,UCL-UK/UCLStrokeData,0.0
sub-STUCLUK2993,UCL-UK/UCLStrokeData,0.0
sub-STUCLUK2994,UCL-UK/UCLStrokeData,0.0
sub-STUCLUK2995,UCL-UK/UCLStrokeData,0.0
sub-STUCLUK2996,UCL-UK/UCLStrokeData,0.0
sub-STUCLUK2997,UCL-UK/UCLStrokeData,0.0
sub-STUCLUK2998,UCL-UK/UCLStrokeData,0.0
sub-STUCLUK2999,UCL-UK/UCLStrokeData,0.0
sub-STUCLUK3000,UCL-UK/UCLStrokeData,0.02965235173824131
sub-STUCLUK3001,UCL-UK/UCLStrokeData,0.0
sub-STUCLUK3002,UCL-UK/UCLStrokeData,0.0
sub-STUCLUK3003,UCL-UK/UCLStrokeData,0.0
sub-STUCLUK3004,UCL-UK/UCLStrokeData,0.0013218770654329147
sub-STUCLUK3005,UCL-UK/UCLStrokeData,0.0
sub-STUCLUK3006,UCL-UK/UCLStrokeData,0.0
sub-STUCLUK3007,UCL-UK/UCLStrokeData,0.0028583095140873828
sub-STUCLUK3008,UCL-UK/UCLStrokeData,0.0
sub-STUCLUK3009,UCL-UK/UCLStrokeData,0.0
sub-STUCLUK3010,UCL-UK/UCLStrokeData,0.0
sub-STUCLUK3011,UCL-UK/UCLStrokeData,0.0
sub-STUCLUK3012,UCL-UK/UCLStrokeData,0.0
sub-STUCLUK3013,UCL-UK/UCLStrokeData,0.0
sub-STUCLUK3014,UCL-UK/UCLStrokeData,0.0
sub-STUCLUK3015,UCL-UK/UCLStrokeData,0.0
sub-STUCLUK3016,UCL-UK/UCLStrokeData,0.0
sub-STUCLUK3017,UCL-UK/UCLStrokeData,0.01673348439951194
sub-STUCLUK3018,UCL-UK/UCLStrokeData,0.0
sub-STUCLUK3019,UCL-UK/UCLStrokeData,0.0
sub-STUCLUK3020,UCL-UK/UCLStrokeData,0.0
sub-STUCLUK3021,UCL-UK/UCLStrokeData,0.0
sub-STUCLUK3022,UCL-UK/UCLStrokeData,0.0
sub-STUCLUK3023,UCL-UK/UCLStrokeData,0.0
sub-STUCLUK3024,UCL-UK/UCLStrokeData,0.0
sub-STUCLUK3025,UCL-UK/UCLStrokeData,0.0
sub-STUCLUK3026,UCL-UK/UCLStrokeData,0.0009052504526252263
sub-STUCLUK3027,UCL-UK/UCLStrokeData,0.0
sub-STUCLUK3028,UCL-UK/UCLStrokeData,0.001478318002628121
sub-STUCLUK3029,UCL-UK/UCLStrokeData,0.012465795074490726
sub-STUCLUK3030,UCL-UK/UCLStrokeData,0.037815126050420166
sub-STUCLUK3031,UCL-UK/UCLStrokeData,0.0
sub-STUCLUK3032,UCL-UK/UCLStrokeData,0.0
sub-STUCLUK3033,UCL-UK/UCLStrokeData,0.0
sub-STUCLUK3034,UCL-UK/UCLStrokeData,0.010596026490066225
sub-STUCLUK3035,UCL-UK/UCLStrokeData,0.0
sub-STUCLUK3036,UCL-UK/UCLStrokeData,0.0
sub-STUCLUK3037,UCL-UK/UCLStrokeData,0.0
sub-STUCLUK3038,UCL-UK/UCLStrokeData,0.0
sub-STUCLUK3039,UCL-UK/UCLStrokeData,0.0
sub-STUCLUK3040,UCL-UK/UCLStrokeData,0.0
sub-STUCLUK3041,UCL-UK/UCLStrokeData,0.013835125448028673
sub-STUCLUK3042,UCL-UK/UCLStrokeData,0.0
sub-STUCLUK3043,UCL-UK/UCLStrokeData,0.0
sub-STUCLUK3044,UCL-UK/UCLStrokeData,0.0
sub-STUCLUK3045,UCL-UK/UCLStrokeData,0.0
sub-STUCLUK3046,UCL-UK/UCLStrokeData,0.0
sub-STUCLUK3047,UCL-UK/UCLStrokeData,0.0
sub-STUCLUK3048,UCL-UK/UCLStrokeData,0.0
sub-STUCLUK3049,UCL-UK/UCLStrokeData,0.0
sub-STUCLUK3050,UCL-UK/UCLStrokeData,0.0
sub-STUCLUK3051,UCL-UK/UCLStrokeData,0.0010782833728703904
sub-STUCLUK3052,UCL-UK/UCLStrokeData,0.0
sub-STUCLUK3053,UCL-UK/UCLStrokeData,0.0
sub-STUCLUK3054,UCL-UK/UCLStrokeData,0.0
sub-STUCLUK3055,UCL-UK/UCLStrokeData,0.0
sub-STUCLUK3056,UCL-UK/UCLStrokeData,0.0
sub-STUCLUK3057,UCL-UK/UCLStrokeData,0.0
sub-STUCLUK3058,UCL-UK/UCLStrokeData,0.0
sub-STUCLUK3059,UCL-UK/UCLStrokeData,0.0
sub-STUCLUK3060,UCL-UK/UCLStrokeData,0.0
sub-STUCLUK3061,UCL-UK/UCLStrokeData,0.0
sub-STUCLUK3062,UCL-UK/UCLStrokeData,0.0
sub-STUCLUK3063,UCL-UK/UCLStrokeData,0.0
sub-STUCLUK3064,UCL-UK/UCLStrokeData,0.0
sub-STUCLUK3065,UCL-UK/UCLStrokeData,0.0
sub-STUCLUK3066,UCL-UK/UCLStrokeData,0.0
sub-STUCLUK3067,UCL-UK/UCLStrokeData,0.0
sub-STUCLUK3068,UCL-UK/UCLStrokeData,0.0
sub-STUCLUK3069,UCL-UK/UCLStrokeData,0.0
sub-STUCLUK3070,UCL-UK/UCLStrokeData,0.0
sub-STUCLUK3071,UCL-UK/UCLStrokeData,0.0
sub-STUCLUK3072,UCL-UK/UCLStrokeData,0.0
sub-STUCLUK3073,UCL-UK/UCLStrokeData,0.0
sub-STUCLUK3074,UCL-UK/UCLStrokeData,0.04020100502512563
sub-STUCLUK3075,UCL-UK/UCLStrokeData,0.0
sub-STUCLUK3076,UCL-UK/UCLStrokeData,0.0
sub-STUCLUK3077,UCL-UK/UCLStrokeData,0.0
sub-STUCLUK3078,UCL-UK/UCLStrokeData,0.0
sub-STUCLUK3079,UCL-UK/UCLStrokeData,0.0
sub-STUCLUK3080,UCL-UK/UCLStrokeData,0.0
sub-STUCLUK3081,UCL-UK/UCLStrokeData,0.0
sub-STUCLUK3082,UCL-UK/UCLStrokeData,0.0
sub-STUCLUK3083,UCL-UK/UCLStrokeData,0.0
sub-STUCLUK3084,UCL-UK/UCLStrokeData,0.0
sub-STUCLUK3085,UCL-UK/UCLStrokeData,0.0
sub-STUCLUK3086,UCL-UK/UCLStrokeData,0.0014577259475218659
sub-STUCLUK3087,UCL-UK/UCLStrokeData,0.0
sub-STUCLUK3088,UCL-UK/UCLStrokeData,0.0
sub-STUCLUK3089,UCL-UK/UCLStrokeData,0.0
sub-STUCLUK3090,UCL-UK/UCLStrokeData,0.0003930596889213319
sub-STUCLUK3091,UCL-UK/UCLStrokeData,0.0
sub-STUCLUK3092,UCL-UK/UCLStrokeData,0.0
sub-STUCLUK3093,UCL-UK/UCLStrokeData,0.0
sub-STUCLUK3094,UCL-UK/UCLStrokeData,0.0
sub-STUCLUK3095,UCL-UK/UCLStrokeData,0.0007785130400934215
sub-STUCLUK3096,UCL-UK/UCLStrokeData,0.0
sub-STUCLUK3097,UCL-UK/UCLStrokeData,0.0
sub-STUCLUK3098,UCL-UK/UCLStrokeData,0.03571428571428571
sub-STUCLUK3099,UCL-UK/UCLStrokeData,0.0006675567423230974
sub-STUCLUK3100,UCL-UK/UCLStrokeData,0.0
sub-STUCLUK3101,UCL-UK/UCLStrokeData,0.0
sub-STUCLUK3102,UCL-UK/UCLStrokeData,0.0006289308176100629
sub-STUCLUK3103,UCL-UK/UCLStrokeData,0.0
sub-STUCLUK3104,UCL-UK/UCLStrokeData,0.0
sub-STUCLUK3105,UCL-UK/UCLStrokeData,0.044897959183673466
sub-STUCLUK3106,UCL-UK/UCLStrokeData,0.0
sub-STUCLUK3107,UCL-UK/UCLStrokeData,0.0
sub-STUCLUK3108,UCL-UK/UCLStrokeData,0.0
sub-STUCLUK3109,UCL-UK/UCLStrokeData,0.0
sub-STUCLUK3110,UCL-UK/UCLStrokeData,0.0
sub-STUCLUK3111,UCL-UK/UCLStrokeData,0.0
sub-STUCLUK3112,UCL-UK/UCLStrokeData,0.0
sub-STUCLUK3113,UCL-UK/UCLStrokeData,0.00010848340203948796
sub-STUCLUK3114,UCL-UK/UCLStrokeData,0.0
sub-STUCLUK3115,UCL-UK/UCLStrokeData,0.0
sub-STUCLUK3116,UCL-UK/UCLStrokeData,0.0
sub-STUCLUK3117,UCL-UK/UCLStrokeData,0.0
sub-STUCLUK3118,UCL-UK/UCLStrokeData,0.0
sub-STUCLUK3119,UCL-UK/UCLStrokeData,0.0
sub-STUCLUK3120,UCL-UK/UCLStrokeData,0.0
sub-STUCLUK3121,UCL-UK/UCLStrokeData,0.0
sub-STUCLUK3122,UCL-UK/UCLStrokeData,0.008589835361488905
sub-STUCLUK3123,UCL-UK/UCLStrokeData,0.0
sub-STUCLUK3124,UCL-UK/UCLStrokeData,0.0
sub-STUCLUK3125,UCL-UK/UCLStrokeData,0.0
sub-STUCLUK3126,UCL-UK/UCLStrokeData,0.0
sub-STUCLUK3127,UCL-UK/UCLStrokeData,0.0002738225629791895
sub-STUCLUK3128,UCL-UK/UCLStrokeData,0.0
sub-STUCLUK3129,UCL-UK/UCLStrokeData,0.0
sub-STUCLUK3130,UCL-UK/UCLStrokeData,0.0
sub-STUCLUK3131,UCL-UK/UCLStrokeData,0.0
sub-STUCLUK3132,UCL-UK/UCLStrokeData,0.0
sub-STUCLUK3133,UCL-UK/UCLStrokeData,0.0
sub-STUCLUK3134,UCL-UK/UCLStrokeData,0.0
sub-STUCLUK3135,UCL-UK/UCLStrokeData,0.0
sub-STUCLUK3136,UCL-UK/UCLStrokeData,0.001568291987453664
sub-STUCLUK3137,UCL-UK/UCLStrokeData,0.0
sub-STUCLUK3138,UCL-UK/UCLStrokeData,0.0
sub-STUCLUK3139,UCL-UK/UCLStrokeData,0.004677268475210477
sub-STUCLUK3140,UCL-UK/UCLStrokeData,0.0005934718100890207
sub-STUCLUK3141,UCL-UK/UCLStrokeData,0.0
sub-STUCLUK3142,UCL-UK/UCLStrokeData,0.0
sub-STUCLUK3143,UCL-UK/UCLStrokeData,0.0
sub-STUCLUK3144,UCL-UK/UCLStrokeData,0.0026517383618149676
sub-STUCLUK3145,UCL-UK/UCLStrokeData,0.0
sub-STUCLUK3146,UCL-UK/UCLStrokeData,0.0
sub-STUCLUK3147,UCL-UK/UCLStrokeData,0.0
sub-STUCLUK3148,UCL-UK/UCLStrokeData,0.0
sub-STUCLUK3149,UCL-UK/UCLStrokeData,0.0
sub-STUCLUK3150,UCL-UK/UCLStrokeData,0.0
sub-STUCLUK3151,UCL-UK/UCLStrokeData,0.0
sub-STUCLUK3152,UCL-UK/UCLStrokeData,0.0
sub-STUCLUK3153,UCL-UK/UCLStrokeData,0.0
sub-STUCLUK3154,UCL-UK/UCLStrokeData,0.0
sub-STUCLUK3155,UCL-UK/UCLStrokeData,0.0
sub-STUCLUK3156,UCL-UK/UCLStrokeData,0.0
sub-STUCLUK3157,UCL-UK/UCLStrokeData,0.0
sub-STUCLUK3158,UCL-UK/UCLStrokeData,0.0
sub-STUCLUK3159,UCL-UK/UCLStrokeData,0.0
sub-STUCLUK3160,UCL-UK/UCLStrokeData,0.0
sub-STUCLUK3161,UCL-UK/UCLStrokeData,0.0
sub-STUCLUK3162,UCL-UK/UCLStrokeData,0.0
sub-STUCLUK3163,UCL-UK/UCLStrokeData,0.0
sub-STUCLUK3164,UCL-UK/UCLStrokeData,0.0
sub-STUCLUK3165,UCL-UK/UCLStrokeData,0.0
sub-STUCLUK3166,UCL-UK/UCLStrokeData,0.0
sub-STUCLUK3167,UCL-UK/UCLStrokeData,0.0
sub-STUCLUK3168,UCL-UK/UCLStrokeData,0.011235955056179775
sub-STUCLUK3169,UCL-UK/UCLStrokeData,0.0
sub-STUCLUK3170,UCL-UK/UCLStrokeData,0.0
sub-STUCLUK3171,UCL-UK/UCLStrokeData,0.0
sub-STUCLUK3172,UCL-UK/UCLStrokeData,0.0
sub-STUCLUK3173,UCL-UK/UCLStrokeData,0.00265352539802881
sub-STUCLUK3174,UCL-UK/UCLStrokeData,0.0
sub-STUCLUK3175,UCL-UK/UCLStrokeData,0.0
sub-STUCLUK3176,UCL-UK/UCLStrokeData,0.0
sub-STUCLUK3177,UCL-UK/UCLStrokeData,0.011147936125338957
sub-STUCLUK3178,UCL-UK/UCLStrokeData,0.0
sub-STUCLUK3179,UCL-UK/UCLStrokeData,0.0
sub-STUCLUK3180,UCL-UK/UCLStrokeData,0.0
sub-STUCLUK3181,UCL-UK/UCLStrokeData,0.0
sub-STUCLUK3182,UCL-UK/UCLStrokeData,0.0
sub-STUCLUK3183,UCL-UK/UCLStrokeData,0.0
sub-STUCLUK3184,UCL-UK/UCLStrokeData,0.0
sub-STUCLUK3185,UCL-UK/UCLStrokeData,0.0
sub-STUCLUK3186,UCL-UK/UCLStrokeData,0.0
sub-STUCLUK3187,UCL-UK/UCLStrokeData,0.0
sub-STUCLUK3188,UCL-UK/UCLStrokeData,0.0
sub-STUCLUK3189,UCL-UK/UCLStrokeData,0.0
sub-STUCLUK3190,UCL-UK/UCLStrokeData,0.0
sub-STUCLUK3191,UCL-UK/UCLStrokeData,0.036037372089574374
sub-STUCLUK3192,UCL-UK/UCLStrokeData,0.0
sub-STUCLUK3193,UCL-UK/UCLStrokeData,0.0
sub-STUCLUK3194,UCL-UK/UCLStrokeData,0.0
sub-STUCLUK3195,UCL-UK/UCLStrokeData,0.0
sub-STUCLUK3196,UCL-UK/UCLStrokeData,0.0
sub-STUCLUK3197,UCL-UK/UCLStrokeData,0.0
sub-STUCLUK3198,UCL-UK/UCLStrokeData,0.0
sub-STUCLUK3199,UCL-UK/UCLStrokeData,0.0
sub-STUCLUK3200,UCL-UK/UCLStrokeData,0.0
sub-STUCLUK3201,UCL-UK/UCLStrokeData,0.0
sub-STUCLUK3202,UCL-UK/UCLStrokeData,0.0
sub-STUCLUK3203,UCL-UK/UCLStrokeData,0.0
sub-STUCLUK3204,UCL-UK/UCLStrokeData,0.0
sub-STUCLUK3205,UCL-UK/UCLStrokeData,0.0
sub-STUCLUK3206,UCL-UK/UCLStrokeData,0.0
sub-STUCLUK3207,UCL-UK/UCLStrokeData,0.0
sub-STUCLUK3208,UCL-UK/UCLStrokeData,0.0
sub-STUCLUK3209,UCL-UK/UCLStrokeData,0.0
sub-STUCLUK3210,UCL-UK/UCLStrokeData,0.0
sub-STUCLUK3211,UCL-UK/UCLStrokeData,0.0
sub-STUCLUK3212,UCL-UK/UCLStrokeData,0.0
sub-STUCLUK3213,UCL-UK/UCLStrokeData,0.0
sub-STUCLUK3214,UCL-UK/UCLStrokeData,0.0021164021164021165
sub-STUCLUK3215,UCL-UK/UCLStrokeData,0.0
sub-STUCLUK3216,UCL-UK/UCLStrokeData,0.0
sub-STUCLUK3217,UCL-UK/UCLStrokeData,0.0
sub-STUCLUK3218,UCL-UK/UCLStrokeData,0.0008561643835616438
sub-STUCLUK3219,UCL-UK/UCLStrokeData,0.0023803226659613857
sub-STUCLUK3220,UCL-UK/UCLStrokeData,0.0
sub-STUCLUK3221,UCL-UK/UCLStrokeData,0.0
sub-STUCLUK3222,UCL-UK/UCLStrokeData,0.0
sub-STUCLUK3223,UCL-UK/UCLStrokeData,0.0
sub-STUCLUK3224,UCL-UK/UCLStrokeData,0.0
sub-STUCLUK3225,UCL-UK/UCLStrokeData,0.0
sub-STUCLUK3226,UCL-UK/UCLStrokeData,0.0
sub-STUCLUK3227,UCL-UK/UCLStrokeData,0.0
sub-STUCLUK3228,UCL-UK/UCLStrokeData,0.0
sub-STUCLUK3229,UCL-UK/UCLStrokeData,0.0
sub-STUCLUK3230,UCL-UK/UCLStrokeData,0.0
sub-STUCLUK3231,UCL-UK/UCLStrokeData,0.01
sub-STUCLUK3232,UCL-UK/UCLStrokeData,0.0
sub-STUCLUK3233,UCL-UK/UCLStrokeData,0.0
sub-STUCLUK3234,UCL-UK/UCLStrokeData,0.0
sub-STUCLUK3235,UCL-UK/UCLStrokeData,0.0004110152075626798
sub-STUCLUK3236,UCL-UK/UCLStrokeData,0.0
sub-STUCLUK3237,UCL-UK/UCLStrokeData,0.0
sub-STUCLUK3238,UCL-UK/UCLStrokeData,0.0
sub-STUCLUK3239,UCL-UK/UCLStrokeData,0.00016225864027259452
sub-STUCLUK3240,UCL-UK/UCLStrokeData,0.00032530904359141186
sub-STUCLUK3241,UCL-UK/UCLStrokeData,0.0
sub-STUCLUK3242,UCL-UK/UCLStrokeData,0.0
sub-STUCLUK3243,UCL-UK/UCLStrokeData,0.0
sub-STUCLUK3244,UCL-UK/UCLStrokeData,0.0
sub-STUCLUK3245,UCL-UK/UCLStrokeData,0.0
sub-STUCLUK3246,UCL-UK/UCLStrokeData,0.0
sub-STUCLUK3247,UCL-UK/UCLStrokeData,0.0
sub-STUCLUK3248,UCL-UK/UCLStrokeData,0.0
sub-STUCLUK3249,UCL-UK/UCLStrokeData,0.0
sub-STUCLUK3250,UCL-UK/UCLStrokeData,0.0
sub-STUCLUK3251,UCL-UK/UCLStrokeData,0.0
sub-STUCLUK3252,UCL-UK/UCLStrokeData,0.0001290489095367144
sub-STUCLUK3253,UCL-UK/UCLStrokeData,0.0
sub-STUCLUK3254,UCL-UK/UCLStrokeData,0.0
sub-STUCLUK3255,UCL-UK/UCLStrokeData,0.0
sub-STUCLUK3256,UCL-UK/UCLStrokeData,0.0
sub-STUCLUK3257,UCL-UK/UCLStrokeData,0.0
sub-STUCLUK3258,UCL-UK/UCLStrokeData,0.0
sub-STUCLUK3259,UCL-UK/UCLStrokeData,0.0
sub-STUCLUK3260,UCL-UK/UCLStrokeData,0.0
sub-STUCLUK3261,UCL-UK/UCLStrokeData,0.0
sub-STUCLUK3262,UCL-UK/UCLStrokeData,0.0
sub-STUCLUK3263,UCL-UK/UCLStrokeData,0.0
sub-STUCLUK3264,UCL-UK/UCLStrokeData,0.0
sub-STUCLUK3265,UCL-UK/UCLStrokeData,0.0
sub-STUCLUK3266,UCL-UK/UCLStrokeData,0.0
sub-STUCLUK3267,UCL-UK/UCLStrokeData,0.005391600454029512
sub-STUCLUK3268,UCL-UK/UCLStrokeData,0.0
sub-STUCLUK3269,UCL-UK/UCLStrokeData,0.0
sub-STUCLUK3270,UCL-UK/UCLStrokeData,0.0
sub-STUCLUK3271,UCL-UK/UCLStrokeData,0.0
sub-STUCLUK3272,UCL-UK/UCLStrokeData,0.0
sub-STUCLUK3273,UCL-UK/UCLStrokeData,0.0
sub-STUCLUK3274,UCL-UK/UCLStrokeData,0.0
sub-STUCLUK3275,UCL-UK/UCLStrokeData,0.0
sub-STUCLUK3276,UCL-UK/UCLStrokeData,0.0
sub-STUCLUK3277,UCL-UK/UCLStrokeData,0.0
sub-STUCLUK3278,UCL-UK/UCLStrokeData,0.0
sub-STUCLUK3279,UCL-UK/UCLStrokeData,0.005017921146953405
sub-STUCLUK3280,UCL-UK/UCLStrokeData,0.0
sub-STUCLUK3281,UCL-UK/UCLStrokeData,0.0014055431106425968
sub-STUCLUK3282,UCL-UK/UCLStrokeData,0.0
sub-STUCLUK3283,UCL-UK/UCLStrokeData,0.0
sub-STUCLUK3284,UCL-UK/UCLStrokeData,0.0026690391459074734
sub-STUCLUK3285,UCL-UK/UCLStrokeData,0.0
sub-STUCLUK3286,UCL-UK/UCLStrokeData,0.0
sub-STUCLUK3287,UCL-UK/UCLStrokeData,0.0
sub-STUCLUK3288,UCL-UK/UCLStrokeData,0.0
sub-STUCLUK3289,UCL-UK/UCLStrokeData,0.0
sub-STUCLUK3290,UCL-UK/UCLStrokeData,0.0
sub-STUCLUK3291,UCL-UK/UCLStrokeData,0.0
sub-STUCLUK3292,UCL-UK/UCLStrokeData,0.0
sub-STUCLUK3293,UCL-UK/UCLStrokeData,0.0
sub-STUCLUK3294,UCL-UK/UCLStrokeData,0.004724409448818898
sub-STUCLUK3295,UCL-UK/UCLStrokeData,0.0005094243504839531
sub-STUCLUK3296,UCL-UK/UCLStrokeData,0.0
sub-STUCLUK3297,UCL-UK/UCLStrokeData,0.00339691664489156
sub-STUCLUK3298,UCL-UK/UCLStrokeData,0.0
sub-STUCLUK3299,UCL-UK/UCLStrokeData,0.0
sub-STUCLUK3300,UCL-UK/UCLStrokeData,0.0
sub-STUCLUK3301,UCL-UK/UCLStrokeData,0.0
sub-STUCLUK3302,UCL-UK/UCLStrokeData,0.1004566210045662
sub-STUCLUK3303,UCL-UK/UCLStrokeData,0.0
sub-STUCLUK3304,UCL-UK/UCLStrokeData,0.0
sub-STUCLUK3305,UCL-UK/UCLStrokeData,0.0
sub-STUCLUK3306,UCL-UK/UCLStrokeData,0.0
sub-STUCLUK3307,UCL-UK/UCLStrokeData,0.0
sub-STUCLUK3308,UCL-UK/UCLStrokeData,0.0
sub-STUCLUK3309,UCL-UK/UCLStrokeData,0.0
sub-STUCLUK3310,UCL-UK/UCLStrokeData,0.0
sub-STUCLUK3311,UCL-UK/UCLStrokeData,0.0
sub-STUCLUK3312,UCL-UK/UCLStrokeData,0.014745308310991957
sub-STUCLUK3313,UCL-UK/UCLStrokeData,0.0011261261261261261
sub-STUCLUK3314,UCL-UK/UCLStrokeData,0.0
sub-STUCLUK3315,UCL-UK/UCLStrokeData,0.0
sub-STUCLUK3316,UCL-UK/UCLStrokeData,0.0068634179821551134
sub-STUCLUK3317,UCL-UK/UCLStrokeData,0.0
sub-STUCLUK3318,UCL-UK/UCLStrokeData,0.0
sub-STUCLUK3319,UCL-UK/UCLStrokeData,0.0
sub-STUCLUK3320,UCL-UK/UCLStrokeData,0.0018340975406419342
sub-STUCLUK3321,UCL-UK/UCLStrokeData,0.0125
sub-STUCLUK3322,UCL-UK/UCLStrokeData,0.0
sub-STUCLUK3323,UCL-UK/UCLStrokeData,0.0
sub-STUCLUK3324,UCL-UK/UCLStrokeData,0.00100372213625528
sub-STUCLUK3325,UCL-UK/UCLStrokeData,0.0
sub-STUCLUK3326,UCL-UK/UCLStrokeData,0.0
sub-STUCLUK3327,UCL-UK/UCLStrokeData,0.0009433962264150943
sub-STUCLUK3328,UCL-UK/UCLStrokeData,0.0
sub-STUCLUK3329,UCL-UK/UCLStrokeData,0.0015114658857426258
sub-STUCLUK3330,UCL-UK/UCLStrokeData,0.0
sub-STUCLUK3331,UCL-UK/UCLStrokeData,0.0
sub-STUCLUK3332,UCL-UK/UCLStrokeData,0.0
sub-STUCLUK3333,UCL-UK/UCLStrokeData,0.000526592943654555
sub-STUCLUK3334,UCL-UK/UCLStrokeData,0.0
sub-STUCLUK3335,UCL-UK/UCLStrokeData,0.0
sub-STUCLUK3336,UCL-UK/UCLStrokeData,0.0010527423939362037
sub-STUCLUK3337,UCL-UK/UCLStrokeData,0.0
sub-STUCLUK3338,UCL-UK/UCLStrokeData,0.0
sub-STUCLUK3339,UCL-UK/UCLStrokeData,0.0
sub-STUCLUK3340,UCL-UK/UCLStrokeData,0.0
sub-STUCLUK3341,UCL-UK/UCLStrokeData,0.0
sub-STUCLUK3342,UCL-UK/UCLStrokeData,0.0027507405840033854
sub-STUCLUK3343,UCL-UK/UCLStrokeData,0.0
sub-STUCLUK3344,UCL-UK/UCLStrokeData,0.0
sub-STUCLUK3345,UCL-UK/UCLStrokeData,0.0
sub-STUCLUK3346,UCL-UK/UCLStrokeData,0.019867549668874173
sub-STUCLUK3347,UCL-UK/UCLStrokeData,0.0
sub-STUCLUK3348,UCL-UK/UCLStrokeData,0.003589283425201897
sub-STUCLUK3349,UCL-UK/UCLStrokeData,0.0
sub-STUCLUK3350,UCL-UK/UCLStrokeData,0.0
sub-STUCLUK3351,UCL-UK/UCLStrokeData,0.0
sub-STUCLUK3352,UCL-UK/UCLStrokeData,0.0
sub-STUCLUK3353,UCL-UK/UCLStrokeData,0.0
sub-STUCLUK3354,UCL-UK/UCLStrokeData,0.0
sub-STUCLUK3355,UCL-UK/UCLStrokeData,0.0
sub-STUCLUK3356,UCL-UK/UCLStrokeData,0.0015723270440251573
sub-STUCLUK3357,UCL-UK/UCLStrokeData,0.0
sub-STUCLUK3358,UCL-UK/UCLStrokeData,0.0
sub-STUCLUK3359,UCL-UK/UCLStrokeData,0.0
sub-STUCLUK3360,UCL-UK/UCLStrokeData,0.0
sub-STUCLUK3361,UCL-UK/UCLStrokeData,0.0
sub-STUCLUK3362,UCL-UK/UCLStrokeData,0.0
sub-STUCLUK3363,UCL-UK/UCLStrokeData,0.0
sub-STUCLUK3364,UCL-UK/UCLStrokeData,0.0
sub-STUCLUK3365,UCL-UK/UCLStrokeData,0.005858230814294083
sub-STUCLUK3366,UCL-UK/UCLStrokeData,0.0
sub-STUCLUK3367,UCL-UK/UCLStrokeData,0.0
sub-STUCLUK3368,UCL-UK/UCLStrokeData,0.0
sub-STUCLUK3369,UCL-UK/UCLStrokeData,0.0
sub-STUCLUK3370,UCL-UK/UCLStrokeData,0.0
sub-STUCLUK3371,UCL-UK/UCLStrokeData,0.0
sub-STUCLUK3372,UCL-UK/UCLStrokeData,0.0
sub-STUCLUK3373,UCL-UK/UCLStrokeData,0.0
sub-STUCLUK3374,UCL-UK/UCLStrokeData,0.0
sub-STUCLUK3375,UCL-UK/UCLStrokeData,0.0
sub-STUCLUK3376,UCL-UK/UCLStrokeData,0.0
sub-STUCLUK3377,UCL-UK/UCLStrokeData,0.0
sub-STUCLUK3378,UCL-UK/UCLStrokeData,0.0
sub-STUCLUK3379,UCL-UK/UCLStrokeData,0.0
sub-STUCLUK3380,UCL-UK/UCLStrokeData,0.0
sub-STUCLUK3381,UCL-UK/UCLStrokeData,0.0
sub-STUCLUK3382,UCL-UK/UCLStrokeData,0.0
sub-STUCLUK3383,UCL-UK/UCLStrokeData,0.0
sub-STUCLUK3384,UCL-UK/UCLStrokeData,0.0
sub-STUCLUK3385,UCL-UK/UCLStrokeData,0.0
sub-STUCLUK3386,UCL-UK/UCLStrokeData,0.0
sub-STUCLUK3387,UCL-UK/UCLStrokeData,0.0
sub-STUCLUK3388,UCL-UK/UCLStrokeData,0.0
sub-STUCLUK3389,UCL-UK/UCLStrokeData,0.0
sub-STUCLUK3390,UCL-UK/UCLStrokeData,0.0
sub-STUCLUK3391,UCL-UK/UCLStrokeData,0.0
sub-STUCLUK3392,UCL-UK/UCLStrokeData,0.0
sub-STUCLUK3393,UCL-UK/UCLStrokeData,0.0
sub-STUCLUK3394,UCL-UK/UCLStrokeData,0.0
sub-STUCLUK3395,UCL-UK/UCLStrokeData,0.0
sub-STUCLUK3396,UCL-UK/UCLStrokeData,0.0
sub-STUCLUK3397,UCL-UK/UCLStrokeData,0.0
sub-STUCLUK3398,UCL-UK/UCLStrokeData,0.005085042959845696
sub-STUCLUK3399,UCL-UK/UCLStrokeData,0.01073149364870784
sub-STUCLUK3400,UCL-UK/UCLStrokeData,0.005949851253718657
sub-STUCLUK3401,UCL-UK/UCLStrokeData,0.0
sub-STUCLUK3402,UCL-UK/UCLStrokeData,0.0
sub-STUCLUK3403,UCL-UK/UCLStrokeData,0.0
sub-STUCLUK3404,UCL-UK/UCLStrokeData,0.0
sub-STUCLUK3405,UCL-UK/UCLStrokeData,0.0
sub-STUCLUK3406,UCL-UK/UCLStrokeData,0.0
sub-STUCLUK3407,UCL-UK/UCLStrokeData,0.0
sub-STUCLUK3408,UCL-UK/UCLStrokeData,0.0
sub-STUCLUK3409,UCL-UK/UCLStrokeData,0.0
sub-STUCLUK3410,UCL-UK/UCLStrokeData,0.0
sub-STUCLUK3411,UCL-UK/UCLStrokeData,0.0
sub-STUCLUK3412,UCL-UK/UCLStrokeData,0.0
sub-STUCLUK3413,UCL-UK/UCLStrokeData,0.0
sub-STUCLUK3414,UCL-UK/UCLStrokeData,0.0
sub-STUCLUK3415,UCL-UK/UCLStrokeData,0.0
sub-STUCLUK3416,UCL-UK/UCLStrokeData,0.0
sub-STUCLUK3417,UCL-UK/UCLStrokeData,0.0
sub-STUCLUK3418,UCL-UK/UCLStrokeData,0.0
sub-STUCLUK3419,UCL-UK/UCLStrokeData,0.0
sub-STUCLUK3420,UCL-UK/UCLStrokeData,0.0
sub-STUCLUK3421,UCL-UK/UCLStrokeData,0.0
sub-STUCLUK3422,UCL-UK/UCLStrokeData,0.0
sub-STUCLUK3423,UCL-UK/UCLStrokeData,0.0
sub-STUCLUK3424,UCL-UK/UCLStrokeData,0.0
sub-STUCLUK3425,UCL-UK/UCLStrokeData,0.0
sub-STUCLUK3426,UCL-UK/UCLStrokeData,0.0
sub-STUCLUK3427,UCL-UK/UCLStrokeData,0.0
sub-STUCLUK3428,UCL-UK/UCLStrokeData,0.0
sub-STUCLUK3429,UCL-UK/UCLStrokeData,0.0
sub-STUCLUK3430,UCL-UK/UCLStrokeData,0.0
sub-STUCLUK3431,UCL-UK/UCLStrokeData,0.0
sub-STUCLUK3432,UCL-UK/UCLStrokeData,0.0014475371189875512
sub-STUCLUK3433,UCL-UK/UCLStrokeData,0.0
sub-STUCLUK3434,UCL-UK/UCLStrokeData,0.0
sub-STUCLUK3435,UCL-UK/UCLStrokeData,0.0
sub-STUCLUK3436,UCL-UK/UCLStrokeData,0.0
sub-STUCLUK3437,UCL-UK/UCLStrokeData,0.0
sub-STUCLUK3438,UCL-UK/UCLStrokeData,0.02390438247011952
sub-STUCLUK3439,UCL-UK/UCLStrokeData,0.005439005439005439
sub-STUCLUK3440,UCL-UK/UCLStrokeData,0.0
sub-STUCLUK3441,UCL-UK/UCLStrokeData,0.0
sub-STUCLUK3442,UCL-UK/UCLStrokeData,0.0
sub-STUCLUK3443,UCL-UK/UCLStrokeData,0.0004603345097437471
sub-STUCLUK3444,UCL-UK/UCLStrokeData,0.0
sub-STUCLUK3445,UCL-UK/UCLStrokeData,0.0
sub-STUCLUK3446,UCL-UK/UCLStrokeData,0.0
sub-STUCLUK3447,UCL-UK/UCLStrokeData,0.0
sub-STUCLUK3448,UCL-UK/UCLStrokeData,0.0
sub-STUCLUK3449,UCL-UK/UCLStrokeData,0.00535475234270415
sub-STUCLUK3450,UCL-UK/UCLStrokeData,0.0
sub-STUCLUK3451,UCL-UK/UCLStrokeData,0.0
sub-STUCLUK3452,UCL-UK/UCLStrokeData,0.0
sub-STUCLUK3453,UCL-UK/UCLStrokeData,0.0
sub-STUCLUK3454,UCL-UK/UCLStrokeData,0.0
sub-STUCLUK3455,UCL-UK/UCLStrokeData,0.0
sub-STUCLUK3456,UCL-UK/UCLStrokeData,0.0
sub-STUCLUK3457,UCL-UK/UCLStrokeData,0.0
sub-STUCLUK3458,UCL-UK/UCLStrokeData,0.0
sub-STUCLUK3459,UCL-UK/UCLStrokeData,0.0
sub-STUCLUK3460,UCL-UK/UCLStrokeData,0.0
sub-STUCLUK3461,UCL-UK/UCLStrokeData,0.0
sub-STUCLUK3462,UCL-UK/UCLStrokeData,0.0
sub-STUCLUK3463,UCL-UK/UCLStrokeData,0.00017573662937144866
sub-STUCLUK3464,UCL-UK/UCLStrokeData,0.0
sub-STUCLUK3465,UCL-UK/UCLStrokeData,0.0
sub-STUCLUK3466,UCL-UK/UCLStrokeData,0.0
sub-STUCLUK3467,UCL-UK/UCLStrokeData,0.0
sub-STUCLUK3468,UCL-UK/UCLStrokeData,0.0
sub-STUCLUK3469,UCL-UK/UCLStrokeData,0.0
sub-STUCLUK3470,UCL-UK/UCLStrokeData,0.0
sub-STUCLUK3471,UCL-UK/UCLStrokeData,0.0
sub-STUCLUK3472,UCL-UK/UCLStrokeData,0.0
sub-STUCLUK3473,UCL-UK/UCLStrokeData,0.0
sub-STUCLUK3474,UCL-UK/UCLStrokeData,0.0
sub-STUCLUK3475,UCL-UK/UCLStrokeData,0.011161697752974004
sub-STUCLUK3476,UCL-UK/UCLStrokeData,0.0
sub-STUCLUK3477,UCL-UK/UCLStrokeData,0.0
sub-STUCLUK3478,UCL-UK/UCLStrokeData,0.0
sub-STUCLUK3479,UCL-UK/UCLStrokeData,0.0
sub-STUCLUK3480,UCL-UK/UCLStrokeData,0.0
sub-STUCLUK3481,UCL-UK/UCLStrokeData,0.0
sub-STUCLUK3482,UCL-UK/UCLStrokeData,0.0029850746268656717
sub-STUCLUK3483,UCL-UK/UCLStrokeData,0.0
sub-STUCLUK3484,UCL-UK/UCLStrokeData,0.0
sub-STUCLUK3485,UCL-UK/UCLStrokeData,0.007547169811320755
sub-STUCLUK3486,UCL-UK/UCLStrokeData,0.0
sub-STUCLUK3487,UCL-UK/UCLStrokeData,0.0
sub-STUCLUK3488,UCL-UK/UCLStrokeData,0.0
sub-STUCLUK3489,UCL-UK/UCLStrokeData,0.0
sub-STUCLUK3490,UCL-UK/UCLStrokeData,0.0
sub-STUCLUK3491,UCL-UK/UCLStrokeData,0.0
sub-STUCLUK3492,UCL-UK/UCLStrokeData,0.0020635575732562937
sub-STUCLUK3493,UCL-UK/UCLStrokeData,0.0
sub-STUCLUK3494,UCL-UK/UCLStrokeData,0.08
sub-STUCLUK3495,UCL-UK/UCLStrokeData,0.0
sub-STUCLUK3496,UCL-UK/UCLStrokeData,0.0
sub-STUCLUK3497,UCL-UK/UCLStrokeData,0.0
sub-STUCLUK3498,UCL-UK/UCLStrokeData,0.003969941868708351
sub-STUCLUK3499,UCL-UK/UCLStrokeData,0.0
sub-STUCLUK3500,UCL-UK/UCLStrokeData,0.0
sub-STUCLUK3501,UCL-UK/UCLStrokeData,0.001072961373390558
sub-STUCLUK3502,UCL-UK/UCLStrokeData,0.0
sub-STUCLUK3503,UCL-UK/UCLStrokeData,0.0
sub-STUCLUK3504,UCL-UK/UCLStrokeData,0.0
sub-STUCLUK3505,UCL-UK/UCLStrokeData,0.0
sub-STUCLUK3506,UCL-UK/UCLStrokeData,0.0
sub-STUCLUK3507,UCL-UK/UCLStrokeData,0.0
sub-STUCLUK3508,UCL-UK/UCLStrokeData,0.0
sub-STUCLUK3509,UCL-UK/UCLStrokeData,0.0
sub-STUCLUK3510,UCL-UK/UCLStrokeData,0.0
sub-STUCLUK3511,UCL-UK/UCLStrokeData,0.0
sub-STUCLUK3512,UCL-UK/UCLStrokeData,0.0
sub-STUCLUK3513,UCL-UK/UCLStrokeData,0.0
sub-STUCLUK3514,UCL-UK/UCLStrokeData,0.0
sub-STUCLUK3515,UCL-UK/UCLStrokeData,0.0
sub-STUCLUK3516,UCL-UK/UCLStrokeData,0.0
sub-STUCLUK3517,UCL-UK/UCLStrokeData,0.0
sub-STUCLUK3518,UCL-UK/UCLStrokeData,0.0
sub-STUCLUK3519,UCL-UK/UCLStrokeData,0.0
sub-STUCLUK3520,UCL-UK/UCLStrokeData,0.0
sub-STUCLUK3521,UCL-UK/UCLStrokeData,0.0
sub-STUCLUK3522,UCL-UK/UCLStrokeData,0.0
sub-STUCLUK3523,UCL-UK/UCLStrokeData,0.0
sub-STUCLUK3524,UCL-UK/UCLStrokeData,0.0
sub-STUCLUK3525,UCL-UK/UCLStrokeData,0.0
sub-STUCLUK3526,UCL-UK/UCLStrokeData,0.0
sub-STUCLUK3527,UCL-UK/UCLStrokeData,0.001408698714562423
sub-STUCLUK3528,UCL-UK/UCLStrokeData,0.002120515992224775
sub-STUCLUK3529,UCL-UK/UCLStrokeData,0.0
sub-STUCLUK3530,UCL-UK/UCLStrokeData,0.0
sub-STUCLUK3531,UCL-UK/UCLStrokeData,0.0
sub-STUCLUK3532,UCL-UK/UCLStrokeData,0.0
sub-STUCLUK3533,UCL-UK/UCLStrokeData,0.0
sub-STUCLUK3534,UCL-UK/UCLStrokeData,0.0
sub-STUCLUK3535,UCL-UK/UCLStrokeData,0.015361952861952861
sub-STUCLUK3536,UCL-UK/UCLStrokeData,0.0007042253521126761
sub-STUCLUK3537,UCL-UK/UCLStrokeData,0.0
sub-STUCLUK3538,UCL-UK/UCLStrokeData,0.0
sub-STUCLUK3539,UCL-UK/UCLStrokeData,0.0
sub-STUCLUK3540,UCL-UK/UCLStrokeData,0.002409058058299205
sub-STUCLUK3541,UCL-UK/UCLStrokeData,0.0
sub-STUCLUK3542,UCL-UK/UCLStrokeData,0.0
sub-STUCLUK3543,UCL-UK/UCLStrokeData,0.0
sub-STUCLUK3544,UCL-UK/UCLStrokeData,0.005031446540880503
sub-STUCLUK3545,UCL-UK/UCLStrokeData,0.018789144050104383
sub-STUCLUK3546,UCL-UK/UCLStrokeData,0.0
sub-STUCLUK3547,UCL-UK/UCLStrokeData,0.0
sub-STUCLUK3548,UCL-UK/UCLStrokeData,0.0
sub-STUCLUK3549,UCL-UK/UCLStrokeData,0.0
sub-STUCLUK3550,UCL-UK/UCLStrokeData,0.0
sub-STUCLUK3551,UCL-UK/UCLStrokeData,0.0
sub-STUCLUK3552,UCL-UK/UCLStrokeData,0.0
sub-STUCLUK3553,UCL-UK/UCLStrokeData,0.0
sub-STUCLUK3554,UCL-UK/UCLStrokeData,0.0
sub-STUCLUK3555,UCL-UK/UCLStrokeData,0.0
sub-STUCLUK3556,UCL-UK/UCLStrokeData,0.0
sub-STUCLUK3557,UCL-UK/UCLStrokeData,0.0
sub-STUCLUK3558,UCL-UK/UCLStrokeData,0.00012022120702091849
sub-STUCLUK3559,UCL-UK/UCLStrokeData,0.0
sub-STUCLUK3560,UCL-UK/UCLStrokeData,0.0
sub-STUCLUK3561,UCL-UK/UCLStrokeData,0.0
sub-STUCLUK3562,UCL-UK/UCLStrokeData,0.007446808510638298
sub-STUCLUK3563,UCL-UK/UCLStrokeData,0.0
sub-STUCLUK3564,UCL-UK/UCLStrokeData,0.0
sub-STUCLUK3565,UCL-UK/UCLStrokeData,0.002222119346326559
sub-STUCLUK3566,UCL-UK/UCLStrokeData,0.0
sub-STUCLUK3567,UCL-UK/UCLStrokeData,0.0
sub-STUCLUK3568,UCL-UK/UCLStrokeData,0.0
sub-STUCLUK3569,UCL-UK/UCLStrokeData,0.0
sub-STUCLUK3570,UCL-UK/UCLStrokeData,0.0
sub-STUCLUK3571,UCL-UK/UCLStrokeData,0.0
sub-STUCLUK3572,UCL-UK/UCLStrokeData,0.0
sub-STUCLUK3573,UCL-UK/UCLStrokeData,0.0
sub-STUCLUK3574,UCL-UK/UCLStrokeData,0.0
sub-STUCLUK3575,UCL-UK/UCLStrokeData,0.0
sub-STUCLUK3576,UCL-UK/UCLStrokeData,0.0
sub-STUCLUK3577,UCL-UK/UCLStrokeData,0.0
sub-STUCLUK3578,UCL-UK/UCLStrokeData,0.0
sub-STUCLUK3579,UCL-UK/UCLStrokeData,0.0
sub-STUCLUK3580,UCL-UK/UCLStrokeData,0.0
sub-STUCLUK3581,UCL-UK/UCLStrokeData,0.0
sub-STUCLUK3582,UCL-UK/UCLStrokeData,0.0
sub-STUCLUK3583,UCL-UK/UCLStrokeData,0.0
sub-STUCLUK3584,UCL-UK/UCLStrokeData,0.0
sub-STUCLUK3585,UCL-UK/UCLStrokeData,0.0
sub-STUCLUK3586,UCL-UK/UCLStrokeData,0.0
sub-STUCLUK3587,UCL-UK/UCLStrokeData,0.0
sub-STUCLUK3588,UCL-UK/UCLStrokeData,0.0
sub-STUCLUK3589,UCL-UK/UCLStrokeData,0.0
sub-STUCLUK3590,UCL-UK/UCLStrokeData,0.0
sub-STUCLUK3591,UCL-UK/UCLStrokeData,0.0
sub-STUCLUK3592,UCL-UK/UCLStrokeData,0.0
sub-STUCLUK3593,UCL-UK/UCLStrokeData,0.0
sub-STUCLUK3594,UCL-UK/UCLStrokeData,0.0
sub-STUCLUK3595,UCL-UK/UCLStrokeData,0.0
sub-STUCLUK3596,UCL-UK/UCLStrokeData,0.0
sub-STUCLUK3597,UCL-UK/UCLStrokeData,0.0
sub-STUCLUK3598,UCL-UK/UCLStrokeData,0.0
sub-STUCLUK3599,UCL-UK/UCLStrokeData,0.0
sub-STUCLUK3600,UCL-UK/UCLStrokeData,0.0
sub-STUCLUK3601,UCL-UK/UCLStrokeData,0.0002929973630237328
sub-STUCLUK3602,UCL-UK/UCLStrokeData,0.0
sub-STUCLUK3603,UCL-UK/UCLStrokeData,0.0
sub-STUCLUK3604,UCL-UK/UCLStrokeData,0.004136980004596644
sub-STUCLUK3605,UCL-UK/UCLStrokeData,0.0007914523149980214
sub-STUCLUK3606,UCL-UK/UCLStrokeData,0.0
sub-STUCLUK3607,UCL-UK/UCLStrokeData,0.0
sub-STUCLUK3608,UCL-UK/UCLStrokeData,0.0
sub-STUCLUK3609,UCL-UK/UCLStrokeData,0.0
sub-STUCLUK3610,UCL-UK/UCLStrokeData,0.0
sub-STUCLUK3611,UCL-UK/UCLStrokeData,0.0
sub-STUCLUK3612,UCL-UK/UCLStrokeData,0.0
sub-STUCLUK3613,UCL-UK/UCLStrokeData,0.0
sub-STUCLUK3614,UCL-UK/UCLStrokeData,0.0018066847335140017
sub-STUCLUK3615,UCL-UK/UCLStrokeData,0.0
sub-STUCLUK3616,UCL-UK/UCLStrokeData,0.0
sub-STUCLUK3617,UCL-UK/UCLStrokeData,0.0
sub-STUCLUK3618,UCL-UK/UCLStrokeData,0.0
sub-STUCLUK3619,UCL-UK/UCLStrokeData,0.0
sub-STUCLUK3620,UCL-UK/UCLStrokeData,0.0
sub-STUCLUK3621,UCL-UK/UCLStrokeData,0.0
sub-STUCLUK3622,UCL-UK/UCLStrokeData,0.0
sub-STUCLUK3623,UCL-UK/UCLStrokeData,0.0
sub-STUCLUK3624,UCL-UK/UCLStrokeData,0.0
sub-STUCLUK3625,UCL-UK/UCLStrokeData,0.0
sub-STUCLUK3626,UCL-UK/UCLStrokeData,0.0
sub-STUCLUK3627,UCL-UK/UCLStrokeData,0.0
sub-STUCLUK3628,UCL-UK/UCLStrokeData,0.0
sub-STUCLUK3629,UCL-UK/UCLStrokeData,0.0005398110661268556
sub-STUCLUK3630,UCL-UK/UCLStrokeData,5.989099838294304e-05
sub-STUCLUK3631,UCL-UK/UCLStrokeData,0.008988764044943821
sub-STUCLUK3632,UCL-UK/UCLStrokeData,0.0
sub-STUCLUK3633,UCL-UK/UCLStrokeData,0.0
sub-STUCLUK3634,UCL-UK/UCLStrokeData,0.00023696682464454977
sub-STUCLUK3635,UCL-UK/UCLStrokeData,0.0
sub-STUCLUK3636,UCL-UK/UCLStrokeData,0.0031685678073510772
sub-STUCLUK3637,UCL-UK/UCLStrokeData,0.0
sub-STUCLUK3638,UCL-UK/UCLStrokeData,0.0
sub-STUCLUK3639,UCL-UK/UCLStrokeData,0.0
sub-STUCLUK3640,UCL-UK/UCLStrokeData,0.0
sub-STUCLUK3641,UCL-UK/UCLStrokeData,0.0023036419482229046
sub-STUCLUK3642,UCL-UK/UCLStrokeData,0.0
sub-STUCLUK3643,UCL-UK/UCLStrokeData,0.0
sub-STUCLUK3644,UCL-UK/UCLStrokeData,0.0005208875924575477
sub-STUCLUK3645,UCL-UK/UCLStrokeData,0.0
sub-STUCLUK3646,UCL-UK/UCLStrokeData,0.0
sub-STUCLUK3647,UCL-UK/UCLStrokeData,0.0
sub-STUCLUK3648,UCL-UK/UCLStrokeData,0.0
sub-STUCLUK3649,UCL-UK/UCLStrokeData,0.0
sub-STUCLUK3650,UCL-UK/UCLStrokeData,0.0
sub-STUCLUK3651,UCL-UK/UCLStrokeData,0.00027359781121751026
sub-STUCLUK3652,UCL-UK/UCLStrokeData,0.0
sub-STUCLUK3653,UCL-UK/UCLStrokeData,0.0
sub-STUCLUK3654,UCL-UK/UCLStrokeData,0.0
sub-STUCLUK3655,UCL-UK/UCLStrokeData,0.0
sub-STUCLUK3656,UCL-UK/UCLStrokeData,0.0
sub-STUCLUK3657,UCL-UK/UCLStrokeData,0.0
sub-STUCLUK3658,UCL-UK/UCLStrokeData,0.00031075201988812925
sub-STUCLUK3659,UCL-UK/UCLStrokeData,0.0
sub-STUCLUK3660,UCL-UK/UCLStrokeData,0.0
sub-STUCLUK3661,UCL-UK/UCLStrokeData,0.0
sub-STUCLUK3662,UCL-UK/UCLStrokeData,0.0
sub-STUCLUK3663,UCL-UK/UCLStrokeData,0.0
sub-STUCLUK3664,UCL-UK/UCLStrokeData,0.0
sub-STUCLUK3665,UCL-UK/UCLStrokeData,0.0
sub-STUCLUK3666,UCL-UK/UCLStrokeData,0.0
sub-STUCLUK3667,UCL-UK/UCLStrokeData,0.0
sub-STUCLUK3668,UCL-UK/UCLStrokeData,0.0
sub-STUCLUK3669,UCL-UK/UCLStrokeData,0.0
sub-STUCLUK3670,UCL-UK/UCLStrokeData,0.0
sub-STUCLUK3671,UCL-UK/UCLStrokeData,0.0
sub-STUCLUK3672,UCL-UK/UCLStrokeData,0.0
sub-STUCLUK3673,UCL-UK/UCLStrokeData,0.0
sub-STUCLUK3674,UCL-UK/UCLStrokeData,0.0
sub-STUCLUK3675,UCL-UK/UCLStrokeData,0.0
sub-STUCLUK3676,UCL-UK/UCLStrokeData,0.0
sub-STUCLUK3677,UCL-UK/UCLStrokeData,0.0
sub-STUCLUK3678,UCL-UK/UCLStrokeData,0.0
sub-STUCLUK3679,UCL-UK/UCLStrokeData,0.0
sub-STUCLUK3680,UCL-UK/UCLStrokeData,0.0
sub-STUCLUK3681,UCL-UK/UCLStrokeData,0.0
sub-STUCLUK3682,UCL-UK/UCLStrokeData,0.0
sub-STUCLUK3683,UCL-UK/UCLStrokeData,0.0
sub-STUCLUK3684,UCL-UK/UCLStrokeData,0.0
sub-STUCLUK3685,UCL-UK/UCLStrokeData,0.0
sub-STUCLUK3686,UCL-UK/UCLStrokeData,0.0
sub-STUCLUK3687,UCL-UK/UCLStrokeData,0.001088139281828074
sub-STUCLUK3688,UCL-UK/UCLStrokeData,0.0
sub-STUCLUK3689,UCL-UK/UCLStrokeData,0.0016196954972465176
sub-STUCLUK3690,UCL-UK/UCLStrokeData,0.0
sub-STUCLUK3691,UCL-UK/UCLStrokeData,0.0
sub-STUCLUK3692,UCL-UK/UCLStrokeData,0.0
sub-STUCLUK3693,UCL-UK/UCLStrokeData,0.0
sub-STUCLUK3694,UCL-UK/UCLStrokeData,0.0
sub-STUCLUK3695,UCL-UK/UCLStrokeData,0.0
sub-STUCLUK3696,UCL-UK/UCLStrokeData,0.0
sub-STUCLUK3697,UCL-UK/UCLStrokeData,0.0
sub-STUCLUK3698,UCL-UK/UCLStrokeData,0.0
sub-STUCLUK3699,UCL-UK/UCLStrokeData,0.0004645760743321719
sub-STUCLUK3700,UCL-UK/UCLStrokeData,0.0
sub-STUCLUK3701,UCL-UK/UCLStrokeData,0.0
sub-STUCLUK3702,UCL-UK/UCLStrokeData,0.0
sub-STUCLUK3703,UCL-UK/UCLStrokeData,0.0
sub-STUCLUK3704,UCL-UK/UCLStrokeData,0.0
sub-STUCLUK3705,UCL-UK/UCLStrokeData,0.0
sub-STUCLUK3706,UCL-UK/UCLStrokeData,0.0
sub-STUCLUK3707,UCL-UK/UCLStrokeData,0.0
sub-STUCLUK3708,UCL-UK/UCLStrokeData,0.0
sub-STUCLUK3709,UCL-UK/UCLStrokeData,0.0
sub-STUCLUK3710,UCL-UK/UCLStrokeData,0.0
sub-STUCLUK3711,UCL-UK/UCLStrokeData,0.0
sub-STUCLUK3712,UCL-UK/UCLStrokeData,0.0
sub-STUCLUK3713,UCL-UK/UCLStrokeData,0.0
sub-STUCLUK3714,UCL-UK/UCLStrokeData,0.0
sub-STUCLUK3715,UCL-UK/UCLStrokeData,0.0
sub-STUCLUK3716,UCL-UK/UCLStrokeData,0.0
sub-STUCLUK3717,UCL-UK/UCLStrokeData,0.0
sub-STUCLUK3718,UCL-UK/UCLStrokeData,0.0
sub-STUCLUK3719,UCL-UK/UCLStrokeData,0.0
sub-STUCLUK3720,UCL-UK/UCLStrokeData,0.00035790980672870435
sub-STUCLUK3721,UCL-UK/UCLStrokeData,0.003826530612244898
sub-STUCLUK3722,UCL-UK/UCLStrokeData,0.0
sub-STUCLUK3723,UCL-UK/UCLStrokeData,0.0
sub-STUCLUK3724,UCL-UK/UCLStrokeData,0.0
sub-STUCLUK3725,UCL-UK/UCLStrokeData,0.0
sub-STUCLUK3726,UCL-UK/UCLStrokeData,0.0
sub-STUCLUK3727,UCL-UK/UCLStrokeData,0.0
sub-STUCLUK3728,UCL-UK/UCLStrokeData,0.0
sub-STUCLUK3729,UCL-UK/UCLStrokeData,0.0
sub-STUCLUK3730,UCL-UK/UCLStrokeData,0.0
sub-STUCLUK3731,UCL-UK/UCLStrokeData,0.0
sub-STUCLUK3732,UCL-UK/UCLStrokeData,0.0
sub-STUCLUK3733,UCL-UK/UCLStrokeData,0.004172461752433936
sub-STUCLUK3734,UCL-UK/UCLStrokeData,0.0
sub-STUCLUK3735,UCL-UK/UCLStrokeData,0.0
sub-STUCLUK3736,UCL-UK/UCLStrokeData,0.0
sub-STUCLUK3737,UCL-UK/UCLStrokeData,0.0
sub-STUCLUK3738,UCL-UK/UCLStrokeData,0.0
sub-STUCLUK3739,UCL-UK/UCLStrokeData,0.0
sub-STUCLUK3740,UCL-UK/UCLStrokeData,0.0
sub-STUCLUK3741,UCL-UK/UCLStrokeData,0.0
sub-STUCLUK3742,UCL-UK/UCLStrokeData,0.0
sub-STUCLUK3743,UCL-UK/UCLStrokeData,0.0
sub-STUCLUK3744,UCL-UK/UCLStrokeData,0.0
sub-STUCLUK3745,UCL-UK/UCLStrokeData,0.0
sub-STUCLUK3746,UCL-UK/UCLStrokeData,0.0
sub-STUCLUK3747,UCL-UK/UCLStrokeData,0.0
sub-STUCLUK3748,UCL-UK/UCLStrokeData,0.0
sub-STUCLUK3749,UCL-UK/UCLStrokeData,0.003218301667312912
sub-STUCLUK3750,UCL-UK/UCLStrokeData,0.0
sub-STUCLUK3751,UCL-UK/UCLStrokeData,0.0
sub-STUCLUK3752,UCL-UK/UCLStrokeData,0.0
sub-STUCLUK3753,UCL-UK/UCLStrokeData,0.0
sub-STUCLUK3754,UCL-UK/UCLStrokeData,0.005860048259220959
sub-STUCLUK3755,UCL-UK/UCLStrokeData,0.010362694300518135
sub-STUCLUK3756,UCL-UK/UCLStrokeData,0.0
sub-STUCLUK3757,UCL-UK/UCLStrokeData,0.0
sub-STUCLUK3758,UCL-UK/UCLStrokeData,0.0
sub-STUCLUK3759,UCL-UK/UCLStrokeData,0.0017100762957116549
sub-STUCLUK3760,UCL-UK/UCLStrokeData,0.0
sub-STUCLUK3761,UCL-UK/UCLStrokeData,0.0
sub-STUCLUK3762,UCL-UK/UCLStrokeData,0.0
sub-STUCLUK3763,UCL-UK/UCLStrokeData,0.0
sub-STUCLUK3764,UCL-UK/UCLStrokeData,0.0
sub-STUCLUK3765,UCL-UK/UCLStrokeData,0.0
sub-STUCLUK3766,UCL-UK/UCLStrokeData,0.0
sub-STUCLUK3767,UCL-UK/UCLStrokeData,0.0
sub-STUCLUK3768,UCL-UK/UCLStrokeData,0.0
sub-STUCLUK3769,UCL-UK/UCLStrokeData,0.0
sub-STUCLUK3770,UCL-UK/UCLStrokeData,0.0
sub-STUCLUK3771,UCL-UK/UCLStrokeData,0.0
sub-STUCLUK3772,UCL-UK/UCLStrokeData,0.0
sub-STUCLUK3773,UCL-UK/UCLStrokeData,0.0
sub-STUCLUK3774,UCL-UK/UCLStrokeData,0.0
sub-STUCLUK3775,UCL-UK/UCLStrokeData,0.0
sub-STUCLUK3776,UCL-UK/UCLStrokeData,0.0
sub-STUCLUK3777,UCL-UK/UCLStrokeData,0.001749271137026239
sub-STUCLUK3778,UCL-UK/UCLStrokeData,0.0
sub-STUCLUK3779,UCL-UK/UCLStrokeData,0.0
sub-STUCLUK3780,UCL-UK/UCLStrokeData,0.004518872939925572
sub-STUCLUK3781,UCL-UK/UCLStrokeData,0.0
sub-STUCLUK3782,UCL-UK/UCLStrokeData,0.0
sub-STUCLUK3783,UCL-UK/UCLStrokeData,0.0
sub-STUCLUK3784,UCL-UK/UCLStrokeData,0.0
sub-STUCLUK3785,UCL-UK/UCLStrokeData,0.0
sub-STUCLUK3786,UCL-UK/UCLStrokeData,0.0024793388429752068
sub-STUCLUK3787,UCL-UK/UCLStrokeData,0.0
sub-STUCLUK3788,UCL-UK/UCLStrokeData,0.0
sub-STUCLUK3789,UCL-UK/UCLStrokeData,0.0
sub-STUCLUK3790,UCL-UK/UCLStrokeData,0.0
sub-STUCLUK3791,UCL-UK/UCLStrokeData,0.0
sub-STUCLUK3792,UCL-UK/UCLStrokeData,0.0
sub-STUCLUK3793,UCL-UK/UCLStrokeData,0.0
sub-STUCLUK3794,UCL-UK/UCLStrokeData,0.0
sub-STUCLUK3795,UCL-UK/UCLStrokeData,0.0
sub-STUCLUK3796,UCL-UK/UCLStrokeData,0.0
sub-STUCLUK3797,UCL-UK/UCLStrokeData,0.0
sub-STUCLUK3798,UCL-UK/UCLStrokeData,0.0
sub-STUCLUK3799,UCL-UK/UCLStrokeData,0.0
sub-STUCLUK3800,UCL-UK/UCLStrokeData,0.0
sub-STUCLUK3801,UCL-UK/UCLStrokeData,0.0
sub-STUCLUK3802,UCL-UK/UCLStrokeData,0.0
sub-STUCLUK3803,UCL-UK/UCLStrokeData,0.0
sub-STUCLUK3804,UCL-UK/UCLStrokeData,0.0
sub-STUCLUK3805,UCL-UK/UCLStrokeData,0.0
sub-STUCLUK3806,UCL-UK/UCLStrokeData,0.0
sub-STUCLUK3807,UCL-UK/UCLStrokeData,0.0
sub-STUCLUK3808,UCL-UK/UCLStrokeData,0.0
sub-STUCLUK3809,UCL-UK/UCLStrokeData,0.0
sub-STUCLUK3810,UCL-UK/UCLStrokeData,0.0
sub-STUCLUK3811,UCL-UK/UCLStrokeData,0.0
sub-STUCLUK3812,UCL-UK/UCLStrokeData,0.0
sub-STUCLUK3813,UCL-UK/UCLStrokeData,0.0
sub-STUCLUK3814,UCL-UK/UCLStrokeData,0.0
sub-STUCLUK3815,UCL-UK/UCLStrokeData,0.0
sub-STUCLUK3816,UCL-UK/UCLStrokeData,0.0
sub-STUCLUK3817,UCL-UK/UCLStrokeData,0.0
sub-STUCLUK3818,UCL-UK/UCLStrokeData,0.0
sub-STUCLUK3819,UCL-UK/UCLStrokeData,0.0
sub-STUCLUK3820,UCL-UK/UCLStrokeData,0.0
sub-STUCLUK3821,UCL-UK/UCLStrokeData,0.0
sub-STUCLUK3822,UCL-UK/UCLStrokeData,0.0
sub-STUCLUK3823,UCL-UK/UCLStrokeData,0.0
sub-STUCLUK3824,UCL-UK/UCLStrokeData,0.0
sub-STUCLUK3825,UCL-UK/UCLStrokeData,0.0
sub-STUCLUK3826,UCL-UK/UCLStrokeData,0.0
sub-STUCLUK3827,UCL-UK/UCLStrokeData,0.0
sub-STUCLUK3828,UCL-UK/UCLStrokeData,0.0
sub-STUCLUK3829,UCL-UK/UCLStrokeData,0.0
sub-STUCLUK3830,UCL-UK/UCLStrokeData,0.0
sub-STUCLUK3831,UCL-UK/UCLStrokeData,0.011358855700462769
sub-STUCLUK3832,UCL-UK/UCLStrokeData,0.0010905125408942203
sub-STUCLUK3833,UCL-UK/UCLStrokeData,0.0021598272138228943
sub-STUCLUK3834,UCL-UK/UCLStrokeData,0.0
sub-STUCLUK3835,UCL-UK/UCLStrokeData,0.0002449179524859172
sub-STUCLUK3836,UCL-UK/UCLStrokeData,0.0
sub-STUCLUK3837,UCL-UK/UCLStrokeData,0.0
sub-STUCLUK3838,UCL-UK/UCLStrokeData,0.0
sub-STUCLUK3839,UCL-UK/UCLStrokeData,0.0
sub-STUCLUK3840,UCL-UK/UCLStrokeData,0.0
sub-STUCLUK3841,UCL-UK/UCLStrokeData,0.0
sub-STUCLUK3842,UCL-UK/UCLStrokeData,0.0
sub-STUCLUK3843,UCL-UK/UCLStrokeData,0.0
sub-STUCLUK3844,UCL-UK/UCLStrokeData,0.0
sub-STUCLUK3845,UCL-UK/UCLStrokeData,0.0
sub-STUCLUK3846,UCL-UK/UCLStrokeData,0.0004218519299725796
sub-STUCLUK3847,UCL-UK/UCLStrokeData,0.0
sub-STUCLUK3848,UCL-UK/UCLStrokeData,0.0
sub-STUCLUK3849,UCL-UK/UCLStrokeData,0.0
sub-STUCLUK3850,UCL-UK/UCLStrokeData,0.0
sub-STUCLUK3851,UCL-UK/UCLStrokeData,0.0
sub-STUCLUK3852,UCL-UK/UCLStrokeData,0.0
sub-STUCLUK3853,UCL-UK/UCLStrokeData,0.0
sub-STUCLUK3854,UCL-UK/UCLStrokeData,0.0
sub-STUCLUK3855,UCL-UK/UCLStrokeData,0.0
sub-STUCLUK3856,UCL-UK/UCLStrokeData,0.0
sub-STUCLUK3857,UCL-UK/UCLStrokeData,0.0
sub-STUCLUK3858,UCL-UK/UCLStrokeData,0.0038022813688212928
sub-STUCLUK3859,UCL-UK/UCLStrokeData,0.0
sub-STUCLUK3860,UCL-UK/UCLStrokeData,0.0
sub-STUCLUK3861,UCL-UK/UCLStrokeData,0.0
sub-STUCLUK3862,UCL-UK/UCLStrokeData,0.00035248501938667606
sub-STUCLUK3863,UCL-UK/UCLStrokeData,0.0
sub-STUCLUK3864,UCL-UK/UCLStrokeData,0.0
sub-STUCLUK3865,UCL-UK/UCLStrokeData,0.0
sub-STUCLUK3866,UCL-UK/UCLStrokeData,0.0
sub-STUCLUK3867,UCL-UK/UCLStrokeData,0.0
sub-STUCLUK3868,UCL-UK/UCLStrokeData,0.0
sub-STUCLUK3869,UCL-UK/UCLStrokeData,0.0
sub-STUCLUK3870,UCL-UK/UCLStrokeData,0.0
sub-STUCLUK3871,UCL-UK/UCLStrokeData,0.0
sub-STUCLUK3872,UCL-UK/UCLStrokeData,0.0
sub-STUCLUK3873,UCL-UK/UCLStrokeData,0.03773584905660377
sub-STUCLUK3874,UCL-UK/UCLStrokeData,0.0
sub-STUCLUK3875,UCL-UK/UCLStrokeData,0.0
sub-STUCLUK3876,UCL-UK/UCLStrokeData,0.0
sub-STUCLUK3877,UCL-UK/UCLStrokeData,0.0
sub-STUCLUK3878,UCL-UK/UCLStrokeData,0.0
sub-STUCLUK3879,UCL-UK/UCLStrokeData,0.0
sub-STUCLUK3880,UCL-UK/UCLStrokeData,0.0
sub-STUCLUK3881,UCL-UK/UCLStrokeData,0.07708933717579251
sub-STUCLUK3882,UCL-UK/UCLStrokeData,0.0
sub-STUCLUK3883,UCL-UK/UCLStrokeData,0.0
sub-STUCLUK3884,UCL-UK/UCLStrokeData,0.0
sub-STUCLUK3885,UCL-UK/UCLStrokeData,0.0
sub-STUCLUK3886,UCL-UK/UCLStrokeData,0.0
sub-STUCLUK3887,UCL-UK/UCLStrokeData,0.0
sub-STUCLUK3888,UCL-UK/UCLStrokeData,0.0
sub-STUCLUK3889,UCL-UK/UCLStrokeData,0.0
sub-STUCLUK3890,UCL-UK/UCLStrokeData,0.0
sub-STUCLUK3891,UCL-UK/UCLStrokeData,0.0
sub-STUCLUK3892,UCL-UK/UCLStrokeData,0.004132231404958678
sub-STUCLUK3893,UCL-UK/UCLStrokeData,0.0
sub-STUCLUK3894,UCL-UK/UCLStrokeData,0.0
sub-STUCLUK3895,UCL-UK/UCLStrokeData,0.0
sub-STUCLUK3896,UCL-UK/UCLStrokeData,0.0
sub-STUCLUK3897,UCL-UK/UCLStrokeData,0.0
sub-STUCLUK3898,UCL-UK/UCLStrokeData,0.0
sub-STUCLUK3899,UCL-UK/UCLStrokeData,0.0
sub-STUCLUK3900,UCL-UK/UCLStrokeData,0.0
sub-STUCLUK3901,UCL-UK/UCLStrokeData,0.0
sub-STUCLUK3902,UCL-UK/UCLStrokeData,0.0
sub-STUCLUK3903,UCL-UK/UCLStrokeData,0.0
sub-STUCLUK3904,UCL-UK/UCLStrokeData,0.0
sub-STUCLUK3905,UCL-UK/UCLStrokeData,0.0
sub-STUCLUK3906,UCL-UK/UCLStrokeData,0.0
sub-STUCLUK3907,UCL-UK/UCLStrokeData,0.0
sub-STUCLUK3908,UCL-UK/UCLStrokeData,0.0
sub-STUCLUK3909,UCL-UK/UCLStrokeData,0.0
sub-STUCLUK3910,UCL-UK/UCLStrokeData,0.0
sub-STUCLUK3911,UCL-UK/UCLStrokeData,0.00022941041523285156
sub-STUCLUK3912,UCL-UK/UCLStrokeData,0.0
sub-STUCLUK3913,UCL-UK/UCLStrokeData,0.0
sub-STUCLUK3914,UCL-UK/UCLStrokeData,0.0
sub-STUCLUK3915,UCL-UK/UCLStrokeData,0.0
sub-STUCLUK3916,UCL-UK/UCLStrokeData,0.0010817632741368431
sub-STUCLUK3917,UCL-UK/UCLStrokeData,0.0
sub-STUCLUK3918,UCL-UK/UCLStrokeData,0.0
sub-STUCLUK3919,UCL-UK/UCLStrokeData,0.0
sub-STUCLUK3920,UCL-UK/UCLStrokeData,0.002127659574468085
sub-STUCLUK3921,UCL-UK/UCLStrokeData,0.0
sub-STUCLUK3922,UCL-UK/UCLStrokeData,0.0
sub-STUCLUK3923,UCL-UK/UCLStrokeData,0.0
sub-STUCLUK3924,UCL-UK/UCLStrokeData,0.0
sub-STUCLUK3925,UCL-UK/UCLStrokeData,0.0026681645836258952
sub-STUCLUK3926,UCL-UK/UCLStrokeData,0.0
sub-STUCLUK3927,UCL-UK/UCLStrokeData,0.0
sub-STUCLUK3928,UCL-UK/UCLStrokeData,0.02758834469931804
sub-STUCLUK3929,UCL-UK/UCLStrokeData,0.0
sub-STUCLUK3930,UCL-UK/UCLStrokeData,0.0
sub-STUCLUK3931,UCL-UK/UCLStrokeData,0.0
sub-STUCLUK3932,UCL-UK/UCLStrokeData,0.0
sub-STUCLUK3933,UCL-UK/UCLStrokeData,0.0
sub-STUCLUK3934,UCL-UK/UCLStrokeData,0.0
sub-STUCLUK3935,UCL-UK/UCLStrokeData,0.0
sub-STUCLUK3936,UCL-UK/UCLStrokeData,0.0
sub-STUCLUK3937,UCL-UK/UCLStrokeData,0.002944062806673209
sub-STUCLUK3938,UCL-UK/UCLStrokeData,0.0
sub-STUCLUK3939,UCL-UK/UCLStrokeData,0.0
sub-STUCLUK3940,UCL-UK/UCLStrokeData,0.0
sub-STUCLUK3941,UCL-UK/UCLStrokeData,0.0
sub-STUCLUK3942,UCL-UK/UCLStrokeData,0.0
sub-STUCLUK3943,UCL-UK/UCLStrokeData,0.0
sub-STUCLUK3944,UCL-UK/UCLStrokeData,0.0
sub-STUCLUK3945,UCL-UK/UCLStrokeData,0.0
sub-STUCLUK3946,UCL-UK/UCLStrokeData,0.0
sub-STUCLUK3947,UCL-UK/UCLStrokeData,0.0
sub-STUCLUK3948,UCL-UK/UCLStrokeData,0.0
sub-STUCLUK3949,UCL-UK/UCLStrokeData,0.002277904328018223
sub-STUCLUK3950,UCL-UK/UCLStrokeData,0.0
sub-STUCLUK3951,UCL-UK/UCLStrokeData,0.0
sub-STUCLUK3952,UCL-UK/UCLStrokeData,0.0016233766233766235
sub-STUCLUK3953,UCL-UK/UCLStrokeData,0.0
sub-STUCLUK3954,UCL-UK/UCLStrokeData,0.0
sub-STUCLUK3955,UCL-UK/UCLStrokeData,0.0
sub-STUCLUK3956,UCL-UK/UCLStrokeData,0.0
sub-STUCLUK3957,UCL-UK/UCLStrokeData,0.0
sub-STUCLUK3958,UCL-UK/UCLStrokeData,0.0
sub-STUCLUK3959,UCL-UK/UCLStrokeData,0.0
sub-STUCLUK3960,UCL-UK/UCLStrokeData,0.0
sub-STUCLUK3961,UCL-UK/UCLStrokeData,0.0
sub-STUCLUK3962,UCL-UK/UCLStrokeData,0.0
sub-STUCLUK3963,UCL-UK/UCLStrokeData,0.0
sub-STUCLUK3964,UCL-UK/UCLStrokeData,0.0
sub-STUCLUK3965,UCL-UK/UCLStrokeData,0.005855119825708061
sub-STUCLUK3966,UCL-UK/UCLStrokeData,0.0
sub-STUCLUK3967,UCL-UK/UCLStrokeData,0.0
sub-STUCLUK3968,UCL-UK/UCLStrokeData,0.0
sub-STUCLUK3969,UCL-UK/UCLStrokeData,0.0
sub-STUCLUK3970,UCL-UK/UCLStrokeData,0.0
sub-STUCLUK3971,UCL-UK/UCLStrokeData,0.0
sub-STUCLUK3972,UCL-UK/UCLStrokeData,0.009
sub-STUCLUK3973,UCL-UK/UCLStrokeData,0.0
sub-STUCLUK3974,UCL-UK/UCLStrokeData,0.0
sub-STUCLUK3975,UCL-UK/UCLStrokeData,0.0
sub-STUCLUK3976,UCL-UK/UCLStrokeData,0.0
sub-STUCLUK3977,UCL-UK/UCLStrokeData,0.0
sub-STUCLUK3978,UCL-UK/UCLStrokeData,0.0
sub-STUCLUK3979,UCL-UK/UCLStrokeData,0.0
sub-STUCLUK3980,UCL-UK/UCLStrokeData,0.0
sub-STUCLUK3981,UCL-UK/UCLStrokeData,0.0
sub-STUCLUK3982,UCL-UK/UCLStrokeData,0.0
sub-STUCLUK3983,UCL-UK/UCLStrokeData,0.0
sub-STUCLUK3984,UCL-UK/UCLStrokeData,0.0
sub-STUCLUK3985,UCL-UK/UCLStrokeData,0.0
sub-STUCLUK3986,UCL-UK/UCLStrokeData,0.0
sub-STUCLUK3987,UCL-UK/UCLStrokeData,0.0
sub-STUCLUK3988,UCL-UK/UCLStrokeData,0.0
sub-STUCLUK3989,UCL-UK/UCLStrokeData,0.0
sub-STUCLUK3990,UCL-UK/UCLStrokeData,0.0
sub-STUCLUK3991,UCL-UK/UCLStrokeData,0.0
sub-STUCLUK3992,UCL-UK/UCLStrokeData,0.0
sub-STUCLUK3993,UCL-UK/UCLStrokeData,0.0
sub-STUCLUK3994,UCL-UK/UCLStrokeData,0.0
sub-STUCLUK3995,UCL-UK/UCLStrokeData,0.0
sub-STUCLUK3996,UCL-UK/UCLStrokeData,0.0
sub-STUCLUK3997,UCL-UK/UCLStrokeData,0.0
sub-STUCLUK3998,UCL-UK/UCLStrokeData,0.0007591573353577528
sub-STUCLUK3999,UCL-UK/UCLStrokeData,0.0
sub-STUCLUK4000,UCL-UK/UCLStrokeData,0.0
sub-STUCLUK4001,UCL-UK/UCLStrokeData,0.0
sub-STUCLUK4002,UCL-UK/UCLStrokeData,0.0
sub-STUCLUK4003,UCL-UK/UCLStrokeData,0.0
sub-STUCLUK4004,UCL-UK/UCLStrokeData,0.0
sub-STUCLUK4005,UCL-UK/UCLStrokeData,0.0
sub-STUCLUK4006,UCL-UK/UCLStrokeData,0.0
sub-STUCLUK4007,UCL-UK/UCLStrokeData,0.0
sub-STUCLUK4008,UCL-UK/UCLStrokeData,0.0
sub-STUCLUK4009,UCL-UK/UCLStrokeData,0.0
sub-STUCLUK4010,UCL-UK/UCLStrokeData,0.0
sub-STUCLUK4011,UCL-UK/UCLStrokeData,0.0
sub-STUCLUK4012,UCL-UK/UCLStrokeData,0.0
sub-STUCLUK4013,UCL-UK/UCLStrokeData,0.0
sub-STUCLUK4014,UCL-UK/UCLStrokeData,0.0
sub-STUCLUK4015,UCL-UK/UCLStrokeData,0.0
sub-STUCLUK4016,UCL-UK/UCLStrokeData,0.0004979583706802111
sub-STUCLUK4017,UCL-UK/UCLStrokeData,0.0
sub-STUCLUK4018,UCL-UK/UCLStrokeData,0.0
sub-STUCLUK4019,UCL-UK/UCLStrokeData,0.0
sub-STUCLUK4020,UCL-UK/UCLStrokeData,0.0024052916416115455
sub-STUCLUK4021,UCL-UK/UCLStrokeData,0.0
sub-STUCLUK4022,UCL-UK/UCLStrokeData,0.0
sub-STUCLUK4023,UCL-UK/UCLStrokeData,0.0
sub-STUCLUK4024,UCL-UK/UCLStrokeData,0.0
sub-STUCLUK4025,UCL-UK/UCLStrokeData,0.0
sub-STUCLUK4026,UCL-UK/UCLStrokeData,0.0
sub-STUCLUK4027,UCL-UK/UCLStrokeData,0.0
sub-STUCLUK4028,UCL-UK/UCLStrokeData,0.0
sub-STUCLUK4029,UCL-UK/UCLStrokeData,0.0
sub-STUCLUK4030,UCL-UK/UCLStrokeData,0.0
sub-STUCLUK4031,UCL-UK/UCLStrokeData,0.0
sub-STUCLUK4032,UCL-UK/UCLStrokeData,0.0
sub-STUCLUK4033,UCL-UK/UCLStrokeData,0.0
sub-STUCLUK4034,UCL-UK/UCLStrokeData,0.0
sub-STUCLUK4035,UCL-UK/UCLStrokeData,0.0
sub-STUCLUK4036,UCL-UK/UCLStrokeData,0.0
sub-STUCLUK4037,UCL-UK/UCLStrokeData,0.0
sub-STUCLUK4038,UCL-UK/UCLStrokeData,0.0
sub-STUCLUK4039,UCL-UK/UCLStrokeData,0.0
sub-STUCLUK4040,UCL-UK/UCLStrokeData,0.0
sub-STUCLUK4041,UCL-UK/UCLStrokeData,0.0
sub-STUCLUK4042,UCL-UK/UCLStrokeData,0.0
sub-STUCLUK4043,UCL-UK/UCLStrokeData,0.0028929604628736743
sub-STUCLUK4044,UCL-UK/UCLStrokeData,0.0
sub-STUCLUK4045,UCL-UK/UCLStrokeData,0.0029239766081871343
sub-STUCLUK4046,UCL-UK/UCLStrokeData,0.0
sub-STUCLUK4047,UCL-UK/UCLStrokeData,0.0
sub-STUCLUK4048,UCL-UK/UCLStrokeData,0.0
sub-STUCLUK4049,UCL-UK/UCLStrokeData,0.0
sub-STUCLUK4050,UCL-UK/UCLStrokeData,0.0
sub-STUCLUK4051,UCL-UK/UCLStrokeData,0.008880994671403197
sub-STUCLUK4052,UCL-UK/UCLStrokeData,0.0
sub-STUCLUK4053,UCL-UK/UCLStrokeData,0.0
sub-STUCLUK4054,UCL-UK/UCLStrokeData,0.0
sub-STUCLUK4055,UCL-UK/UCLStrokeData,0.0
sub-STUCLUK4056,UCL-UK/UCLStrokeData,0.0
sub-STUCLUK4057,UCL-UK/UCLStrokeData,0.0
sub-STUCLUK4058,UCL-UK/UCLStrokeData,0.0
sub-STUCLUK4059,UCL-UK/UCLStrokeData,0.0
sub-STUCLUK4060,UCL-UK/UCLStrokeData,0.0
sub-STUCLUK4061,UCL-UK/UCLStrokeData,0.0
sub-STUCLUK4062,UCL-UK/UCLStrokeData,0.0
sub-STUCLUK4063,UCL-UK/UCLStrokeData,0.0
sub-STUCLUK4064,UCL-UK/UCLStrokeData,0.0
sub-STUCLUK4065,UCL-UK/UCLStrokeData,0.0
sub-STUCLUK4066,UCL-UK/UCLStrokeData,0.0
sub-STUCLUK4067,UCL-UK/UCLStrokeData,0.0
sub-STUCLUK4068,UCL-UK/UCLStrokeData,0.0
sub-STUCLUK4069,UCL-UK/UCLStrokeData,0.0008302200083022001
sub-STUCLUK4070,UCL-UK/UCLStrokeData,0.0
sub-STUCLUK4071,UCL-UK/UCLStrokeData,0.0
sub-STUCLUK4072,UCL-UK/UCLStrokeData,0.0
sub-STUCLUK4073,UCL-UK/UCLStrokeData,0.0
sub-STUCLUK4074,UCL-UK/UCLStrokeData,0.0
sub-STUCLUK4075,UCL-UK/UCLStrokeData,0.0
sub-STUCLUK4076,UCL-UK/UCLStrokeData,0.0
sub-STUCLUK4077,UCL-UK/UCLStrokeData,0.0
sub-STUCLUK4078,UCL-UK/UCLStrokeData,0.0
sub-STUCLUK4079,UCL-UK/UCLStrokeData,0.0
sub-STUCLUK4080,UCL-UK/UCLStrokeData,0.0
sub-STUCLUK4081,UCL-UK/UCLStrokeData,0.0
sub-STUCLUK4082,UCL-UK/UCLStrokeData,0.0
sub-STUCLUK4083,UCL-UK/UCLStrokeData,0.0
sub-STUCLUK4084,UCL-UK/UCLStrokeData,0.0
sub-STUCLUK4085,UCL-UK/UCLStrokeData,0.0
sub-STUCLUK4086,UCL-UK/UCLStrokeData,0.0
sub-STUCLUK4087,UCL-UK/UCLStrokeData,0.0010857763300760044
sub-STUCLUK4088,UCL-UK/UCLStrokeData,0.0
sub-STUCLUK4089,UCL-UK/UCLStrokeData,0.0010473696738871696
sub-STUCLUK4090,UCL-UK/UCLStrokeData,0.0
sub-STUCLUK4091,UCL-UK/UCLStrokeData,0.0
sub-STUCLUK4092,UCL-UK/UCLStrokeData,0.0
sub-STUCLUK4093,UCL-UK/UCLStrokeData,0.0
sub-STUCLUK4094,UCL-UK/UCLStrokeData,0.0
sub-STUCLUK4095,UCL-UK/UCLStrokeData,0.0
sub-STUCLUK4096,UCL-UK/UCLStrokeData,0.0
sub-STUCLUK4097,UCL-UK/UCLStrokeData,0.0
sub-STUCLUK4098,UCL-UK/UCLStrokeData,0.0
sub-STUCLUK4099,UCL-UK/UCLStrokeData,0.0
sub-STUCLUK4100,UCL-UK/UCLStrokeData,0.0
sub-STUCLUK4101,UCL-UK/UCLStrokeData,0.0
sub-STUCLUK4102,UCL-UK/UCLStrokeData,0.0
sub-STUCLUK4103,UCL-UK/UCLStrokeData,0.0
sub-STUCLUK4104,UCL-UK/UCLStrokeData,0.0
sub-STUCLUK4105,UCL-UK/UCLStrokeData,0.0
sub-STUCLUK4106,UCL-UK/UCLStrokeData,0.0
sub-STUCLUK4107,UCL-UK/UCLStrokeData,0.0
sub-STUCLUK4108,UCL-UK/UCLStrokeData,0.0029542097488921715
sub-STUCLUK4109,UCL-UK/UCLStrokeData,0.0
sub-STUCLUK4110,UCL-UK/UCLStrokeData,0.0
sub-STUCLUK4111,UCL-UK/UCLStrokeData,0.0
sub-STUCLUK4112,UCL-UK/UCLStrokeData,0.0
sub-STUCLUK4113,UCL-UK/UCLStrokeData,0.0
sub-STUCLUK4114,UCL-UK/UCLStrokeData,0.0
sub-STUCLUK4115,UCL-UK/UCLStrokeData,0.0
sub-STUCLUK4116,UCL-UK/UCLStrokeData,0.0
sub-STUCLUK4117,UCL-UK/UCLStrokeData,0.0
sub-STUCLUK4118,UCL-UK/UCLStrokeData,0.0001544043850845364
sub-STUCLUK4119,UCL-UK/UCLStrokeData,0.0
sub-STUKE0058,UKE/WAKEUP_acute,0.0
sub-STUKE0059,UKE/WAKEUP_acute,0.0
sub-STUKE0060,UKE/WAKEUP_acute,0.0
sub-STUKE0061,UKE/WAKEUP_acute,0.0
sub-STUKE0062,UKE/WAKEUP_acute,0.0
sub-STUKE0063,UKE/WAKEUP_acute,0.0013061650992685476
sub-STUKE0064,UKE/WAKEUP_acute,0.015063731170336037
sub-STUKE0065,UKE/WAKEUP_acute,0.0
sub-STUKE0066,UKE/WAKEUP_acute,0.0
sub-STUKE0067,UKE/WAKEUP_acute,0.022183932802067628
sub-STUKE0068,UKE/WAKEUP_acute,0.0
sub-STUKE0069,UKE/WAKEUP_acute,0.0
sub-STUKE0070,UKE/WAKEUP_acute,0.0001325556733828208
sub-STUKE0071,UKE/WAKEUP_acute,0.0
sub-STUKE0072,UKE/WAKEUP_acute,0.0
sub-STUKE0073,UKE/WAKEUP_acute,0.0
sub-STUKE0074,UKE/WAKEUP_acute,0.0
sub-STUKE0075,UKE/WAKEUP_acute,0.0
sub-STUKE0076,UKE/WAKEUP_acute,0.02152574479076976
sub-STUKE0077,UKE/WAKEUP_acute,0.0
sub-STUKE0078,UKE/WAKEUP_acute,0.0
sub-STUKE0080,UKE/WAKEUP_acute,0.00044583147570218456
sub-STUKE0081,UKE/WAKEUP_acute,0.0
sub-STUKE0082,UKE/WAKEUP_acute,0.0
sub-STUKE0083,UKE/WAKEUP_acute,0.0
sub-STUKE0084,UKE/WAKEUP_acute,0.007209805335255948
sub-STUKE0085,UKE/WAKEUP_acute,0.0
sub-STUKE0086,UKE/WAKEUP_acute,0.0036719706242350062
sub-STUKE0087,UKE/WAKEUP_acute,0.0
sub-STUKE0088,UKE/WAKEUP_acute,0.0
sub-STUKE0089,UKE/WAKEUP_acute,0.019736842105263157
sub-STUKE0090,UKE/WAKEUP_acute,0.0
sub-STUKE0091,UKE/WAKEUP_acute,0.016713091922005572
sub-STUKE0092,UKE/WAKEUP_acute,0.0048543689320388345
sub-STUKE0093,UKE/WAKEUP_acute,0.0
sub-STUKE0094,UKE/WAKEUP_acute,0.0
sub-STUKE0095,UKE/WAKEUP_acute,0.0
sub-STUKE0096,UKE/WAKEUP_acute,0.0
sub-STUKE0098,UKE/WAKEUP_acute,0.0
sub-STUKE0099,UKE/WAKEUP_acute,0.0
sub-STUKE0100,UKE/WAKEUP_acute,0.0
sub-STUKE0101,UKE/WAKEUP_acute,0.0
sub-STUKE0102,UKE/WAKEUP_acute,0.0
sub-STUKE0103,UKE/WAKEUP_acute,0.0
sub-STUKE0104,UKE/WAKEUP_acute,0.0
sub-STUKE0105,UKE/WAKEUP_acute,0.0
sub-STUKE0106,UKE/WAKEUP_acute,0.0
sub-STUKE0107,UKE/WAKEUP_acute,0.0029542097488921715
sub-STUKE0108,UKE/WAKEUP_acute,0.0
sub-STUKE0110,UKE/WAKEUP_acute,0.0
sub-STUKE0111,UKE/WAKEUP_acute,0.0
sub-STUKE0112,UKE/WAKEUP_acute,0.00038819875776397513
sub-STUKE0113,UKE/WAKEUP_acute,0.0
sub-STUKE0115,UKE/WAKEUP_acute,0.1111111111111111
sub-STUKE0116,UKE/WAKEUP_acute,0.0015455950540958269
sub-STUKE0117,UKE/WAKEUP_acute,0.0
sub-STUKE0118,UKE/WAKEUP_acute,0.0
sub-STUKE0119,UKE/WAKEUP_acute,0.0
sub-STUKE0121,UKE/WAKEUP_acute,0.0037761757638173706
sub-STUKE0122,UKE/WAKEUP_acute,0.0
sub-STUKE0123,UKE/WAKEUP_acute,0.0
sub-STUKE0124,UKE/WAKEUP_acute,0.0
sub-STUKE0125,UKE/WAKEUP_acute,0.0
sub-STUKE0126,UKE/WAKEUP_acute,0.0
sub-STUKE0127,UKE/WAKEUP_acute,0.0
sub-STUKE0128,UKE/WAKEUP_acute,0.0
sub-STUKE0129,UKE/WAKEUP_acute,0.001984126984126984
sub-STUKE0130,UKE/WAKEUP_acute,0.0
sub-STUKE0132,UKE/WAKEUP_acute,0.0
sub-STUKE0133,UKE/WAKEUP_acute,0.0
sub-STUKE0134,UKE/WAKEUP_acute,0.0
sub-STUKE0135,UKE/WAKEUP_acute,0.0
sub-STUKE0136,UKE/WAKEUP_acute,0.0
sub-STUKE0137,UKE/WAKEUP_acute,0.0
sub-STUKE0139,UKE/WAKEUP_acute,0.0
sub-STUKE0140,UKE/WAKEUP_acute,0.0010438413361169101
sub-STUKE0141,UKE/WAKEUP_acute,0.0
sub-STUKE0142,UKE/WAKEUP_acute,0.0
sub-STUKE0144,UKE/WAKEUP_acute,0.0
sub-STUKE0145,UKE/WAKEUP_acute,0.0020639834881320948
sub-STUKE0146,UKE/WAKEUP_acute,0.0
sub-STUKE0147,UKE/WAKEUP_acute,0.0
sub-STUKE0148,UKE/WAKEUP_acute,0.0
sub-STUKE0149,UKE/WAKEUP_acute,0.0
sub-STUKE0150,UKE/WAKEUP_acute,0.001015916017609211
sub-STUKE0151,UKE/WAKEUP_acute,0.0
sub-STUKE0152,UKE/WAKEUP_acute,0.0
sub-STUKE0154,UKE/WAKEUP_acute,0.0
sub-STUKE0155,UKE/WAKEUP_acute,0.0
sub-STUKE0156,UKE/WAKEUP_acute,0.004893393918210416
sub-STUKE0157,UKE/WAKEUP_acute,0.0
sub-STUKE0158,UKE/WAKEUP_acute,0.0
sub-STUKE0159,UKE/WAKEUP_acute,0.0
sub-STUKE0161,UKE/WAKEUP_acute,0.0
sub-STUKE0162,UKE/WAKEUP_acute,0.004901960784313725
sub-STUKE0164,UKE/WAKEUP_acute,0.0
sub-STUKE0168,UKE/WAKEUP_acute,0.0
sub-STUKE0169,UKE/WAKEUP_acute,0.0
sub-STUKE0175,UKE/WAKEUP_acute,0.0
sub-STUKE0176,UKE/WAKEUP_acute,0.0
sub-STUKE0177,UKE/WAKEUP_acute,0.0
sub-STUKE0178,UKE/WAKEUP_acute,0.0
sub-STUKE0179,UKE/WAKEUP_acute,0.006685236768802228
sub-STUKE0181,UKE/WAKEUP_acute,0.0
sub-STUKE0182,UKE/WAKEUP_acute,0.0
sub-STUKE0183,UKE/WAKEUP_acute,0.0
sub-STUKE0184,UKE/WAKEUP_acute,0.0
sub-STUKE0185,UKE/WAKEUP_acute,0.0
sub-STUKE0186,UKE/WAKEUP_acute,0.0
sub-STUKE0187,UKE/WAKEUP_acute,0.028089887640449437
sub-STUKE0188,UKE/WAKEUP_acute,0.0029239766081871343
sub-STUKE0189,UKE/WAKEUP_acute,0.1984993178717599
sub-STUKE0190,UKE/WAKEUP_acute,0.0
sub-STUKE0191,UKE/WAKEUP_acute,0.0
sub-STUKE0192,UKE/WAKEUP_acute,0.1288888888888889
sub-STUKE0193,UKE/WAKEUP_acute,0.0
sub-STUKE0194,UKE/WAKEUP_acute,0.0
sub-STUKE0195,UKE/WAKEUP_acute,0.0
sub-STUKE0196,UKE/WAKEUP_acute,0.0
sub-STUKE0197,UKE/WAKEUP_acute,0.0
sub-STUKE0198,UKE/WAKEUP_acute,0.0
sub-STUKE0199,UKE/WAKEUP_acute,0.0
sub-STUKE0200,UKE/WAKEUP_acute,0.0
sub-STUKE0201,UKE/WAKEUP_acute,0.0
sub-STUKE0202,UKE/WAKEUP_acute,0.0
sub-STUKE0203,UKE/WAKEUP_acute,0.0
sub-STUKE0204,UKE/WAKEUP_acute,0.08235294117647059
sub-STUKE0205,UKE/WAKEUP_acute,0.0
sub-STUKE0206,UKE/WAKEUP_acute,0.0
sub-STUKE0208,UKE/WAKEUP_acute,0.0
sub-STUKE0209,UKE/WAKEUP_acute,0.0
sub-STUKE0210,UKE/WAKEUP_acute,0.0
sub-STUKE0211,UKE/WAKEUP_acute,0.0058823529411764705
sub-STUKE0212,UKE/WAKEUP_acute,0.02312673450508788
sub-STUKE0214,UKE/WAKEUP_acute,0.0
sub-STUKE0215,UKE/WAKEUP_acute,0.010036241984945637
sub-STUKE0217,UKE/WAKEUP_acute,0.0
sub-STUKE0218,UKE/WAKEUP_acute,0.0
sub-STUKE0219,UKE/WAKEUP_acute,0.003137254901960784
sub-STUKE0220,UKE/WAKEUP_acute,0.06554198177234827
sub-STUKE0222,UKE/WAKEUP_acute,0.0
sub-STUKE0223,UKE/WAKEUP_acute,0.0
sub-STUKE0225,UKE/WAKEUP_acute,0.0
sub-STUKE0226,UKE/WAKEUP_acute,0.0
sub-STUKE0227,UKE/WAKEUP_acute,0.0
sub-STUKE0228,UKE/WAKEUP_acute,0.0
sub-STUKE0229,UKE/WAKEUP_acute,0.0
sub-STUKE0230,UKE/WAKEUP_acute,0.0
sub-STUKE0231,UKE/WAKEUP_acute,0.0
sub-STUKE0232,UKE/WAKEUP_acute,0.002061855670103093
sub-STUKE0233,UKE/WAKEUP_acute,0.012450748620961388
sub-STUKE0234,UKE/WAKEUP_acute,0.0
sub-STUKE0235,UKE/WAKEUP_acute,0.0040114613180515755
sub-STUKE0236,UKE/WAKEUP_acute,0.0
sub-STUKE0237,UKE/WAKEUP_acute,0.0
sub-STUKE0238,UKE/WAKEUP_acute,0.0
sub-STUKE0239,UKE/WAKEUP_acute,0.0
sub-STUKE0240,UKE/WAKEUP_acute,0.0
sub-STUKE0241,UKE/WAKEUP_acute,0.0
sub-STUKE0242,UKE/WAKEUP_acute,0.0
sub-STUKE0243,UKE/WAKEUP_acute,0.0
sub-STUKE0244,UKE/WAKEUP_acute,0.0
sub-STUKE0245,UKE/WAKEUP_acute,0.0
sub-STUKE0246,UKE/WAKEUP_acute,0.0
sub-STUKE0247,UKE/WAKEUP_acute,0.0
sub-STUKE0248,UKE/WAKEUP_acute,0.0
sub-STUKE0249,UKE/WAKEUP_acute,0.030452674897119343
sub-STUKE0250,UKE/WAKEUP_acute,0.0
sub-STUKE0251,UKE/WAKEUP_acute,0.0
sub-STUKE0253,UKE/WAKEUP_acute,0.0
sub-STUKE0254,UKE/WAKEUP_acute,0.0
sub-STUKE0255,UKE/WAKEUP_acute,0.0
sub-STUKE0256,UKE/WAKEUP_acute,0.0
sub-STUKE0257,UKE/WAKEUP_acute,0.0
sub-STUKE0259,UKE/WAKEUP_acute,0.0
sub-STUKE0260,UKE/WAKEUP_acute,0.0
sub-STUKE0261,UKE/WAKEUP_acute,0.0
sub-STUKE0262,UKE/WAKEUP_acute,0.0
sub-STUKE0263,UKE/WAKEUP_acute,0.0
sub-STUKE0264,UKE/WAKEUP_acute,0.0
sub-STUKE0265,UKE/WAKEUP_acute,0.0
sub-STUKE0266,UKE/WAKEUP_acute,0.0
sub-STUKE0267,UKE/WAKEUP_acute,0.0
sub-STUKE0268,UKE/WAKEUP_acute,0.0
sub-STUKE0269,UKE/WAKEUP_acute,0.0
sub-STUKE0270,UKE/WAKEUP_acute,0.0
sub-STUKE0271,UKE/WAKEUP_acute,0.035864978902953586
sub-STUKE0272,UKE/WAKEUP_acute,0.0
sub-STUKE0273,UKE/WAKEUP_acute,0.0
sub-STUKE0274,UKE/WAKEUP_acute,0.0
sub-STUKE0275,UKE/WAKEUP_acute,0.0
sub-STUKE0276,UKE/WAKEUP_acute,0.0
sub-STUKE0277,UKE/WAKEUP_acute,0.0
sub-STUKE0278,UKE/WAKEUP_acute,0.0
sub-STUKE0279,UKE/WAKEUP_acute,0.0
sub-STUKE0280,UKE/WAKEUP_acute,0.0
sub-STUKE0281,UKE/WAKEUP_acute,0.0
sub-STUKE0282,UKE/WAKEUP_acute,0.0
sub-STUKE0283,UKE/WAKEUP_acute,0.0
sub-STUKE0284,UKE/WAKEUP_acute,0.0
sub-STUKE0286,UKE/WAKEUP_acute,0.03431372549019608
sub-STUKE0287,UKE/WAKEUP_acute,0.0
sub-STUKE0288,UKE/WAKEUP_acute,0.0
sub-STUKE0289,UKE/WAKEUP_acute,0.0
sub-STUKE0290,UKE/WAKEUP_acute,0.0041841004184100415
sub-STUKE0291,UKE/WAKEUP_acute,0.0
sub-STUKE0292,UKE/WAKEUP_acute,0.0
sub-STUKE0293,UKE/WAKEUP_acute,0.0
sub-STUKE0294,UKE/WAKEUP_acute,0.0
sub-STUKE0295,UKE/WAKEUP_acute,0.0
sub-STUKE0296,UKE/WAKEUP_acute,0.0
sub-STUKE0297,UKE/WAKEUP_acute,0.0
sub-STUKE0298,UKE/WAKEUP_acute,0.0010758472296933835
sub-STUKE0299,UKE/WAKEUP_acute,0.0
sub-STUKE0300,UKE/WAKEUP_acute,0.0
sub-STUKE0301,UKE/WAKEUP_acute,0.0
sub-STUKE0302,UKE/WAKEUP_acute,0.0
sub-STUKE0303,UKE/WAKEUP_acute,0.009174311926605505
sub-STUKE0304,UKE/WAKEUP_acute,0.0
sub-STUKE0305,UKE/WAKEUP_acute,0.008431703204047217
sub-STUKE0306,UKE/WAKEUP_acute,0.03803131991051454
sub-STUKE0307,UKE/WAKEUP_acute,0.0
sub-STUKE0308,UKE/WAKEUP_acute,0.05645851154833191
sub-STUKE0309,UKE/WAKEUP_acute,0.0
sub-STUKE0310,UKE/WAKEUP_acute,0.017964071856287425
sub-STUKE0311,UKE/WAKEUP_acute,0.0
sub-STUKE0312,UKE/WAKEUP_acute,0.0
sub-STUKE0313,UKE/WAKEUP_acute,0.0
sub-STUKE0314,UKE/WAKEUP_acute,0.0
sub-STUKE0315,UKE/WAKEUP_acute,0.0
sub-STUKE0316,UKE/WAKEUP_acute,0.0
sub-STUKE0317,UKE/WAKEUP_acute,0.0010351966873706005
sub-STUKE0318,UKE/WAKEUP_acute,0.0
sub-STUKE0319,UKE/WAKEUP_acute,0.0
sub-STUKE0320,UKE/WAKEUP_acute,0.0
sub-STUKE0321,UKE/WAKEUP_acute,0.0
sub-STUKE0323,UKE/WAKEUP_acute,0.0
sub-STUKE0324,UKE/WAKEUP_acute,0.0
sub-STUKE0325,UKE/WAKEUP_acute,0.0
sub-STUKE0326,UKE/WAKEUP_acute,0.0
sub-STUKE0327,UKE/WAKEUP_acute,0.0
sub-STUKE0329,UKE/WAKEUP_acute,0.47619047619047616
sub-STUKE0331,UKE/WAKEUP_acute,0.0
sub-STUKE0332,UKE/WAKEUP_acute,0.0
sub-STUKE0333,UKE/WAKEUP_acute,0.02727272727272727
sub-STUKE0334,UKE/WAKEUP_acute,0.0
sub-STUKE0335,UKE/WAKEUP_acute,0.006726457399103139
sub-STUKE0336,UKE/WAKEUP_acute,0.0
sub-STUKE0337,UKE/WAKEUP_acute,0.0
sub-STUKE0338,UKE/WAKEUP_acute,0.0
sub-STUKE0339,UKE/WAKEUP_acute,0.0
sub-STUKE0340,UKE/WAKEUP_acute,0.0
sub-STUKE0341,UKE/WAKEUP_acute,0.0
sub-STUKE0342,UKE/WAKEUP_acute,0.0
sub-STUKE0343,UKE/WAKEUP_acute,0.0
sub-STUKE0345,UKE/WAKEUP_acute,0.0
sub-STUKE0346,UKE/WAKEUP_acute,0.0
sub-STUKE0347,UKE/WAKEUP_acute,0.0
sub-STUKE0348,UKE/WAKEUP_acute,0.0
sub-STUKE0349,UKE/WAKEUP_acute,0.0
sub-STUKE0350,UKE/WAKEUP_acute,0.0
sub-STUKE0351,UKE/WAKEUP_acute,0.0
sub-STUKE0353,UKE/WAKEUP_acute,0.0
sub-STUKE0354,UKE/WAKEUP_acute,0.0
sub-STUKE0355,UKE/WAKEUP_acute,0.0
sub-STUKE0356,UKE/WAKEUP_acute,0.0
sub-STUKE0357,UKE/WAKEUP_acute,0.0
sub-STUKE0358,UKE/WAKEUP_acute,0.0
sub-STUKE0359,UKE/WAKEUP_acute,0.0
sub-STUKE0360,UKE/WAKEUP_acute,0.0017738359201773836
sub-STUKE0361,UKE/WAKEUP_acute,0.0
sub-STUKE0362,UKE/WAKEUP_acute,0.0
sub-STUKE0363,UKE/WAKEUP_acute,0.0
sub-STUKE0364,UKE/WAKEUP_acute,0.0
sub-STUKE0365,UKE/WAKEUP_acute,0.0
sub-STUKE0366,UKE/WAKEUP_acute,0.007704160246533128
sub-STUKE0367,UKE/WAKEUP_acute,0.0
sub-STUKE0368,UKE/WAKEUP_acute,0.0
sub-STUKE0369,UKE/WAKEUP_acute,0.0
sub-STUKE0370,UKE/WAKEUP_acute,0.0011564035848511131
sub-STUKE0371,UKE/WAKEUP_acute,0.0
sub-STUKE0372,UKE/WAKEUP_acute,0.0
sub-STUKE0373,UKE/WAKEUP_acute,0.0007861635220125787
sub-STUKE0374,UKE/WAKEUP_acute,0.0
sub-STUKE0375,UKE/WAKEUP_acute,0.0
sub-STUKE0376,UKE/WAKEUP_acute,0.0
sub-STUKE0377,UKE/WAKEUP_acute,0.0
sub-STUKE0378,UKE/WAKEUP_acute,0.0004851228978007762
sub-STUKE0379,UKE/WAKEUP_acute,0.0
sub-STUKE0380,UKE/WAKEUP_acute,0.0
sub-STUKE0381,UKE/WAKEUP_acute,0.0
sub-STUKE0382,UKE/WAKEUP_acute,0.0
sub-STUKE0383,UKE/WAKEUP_acute,0.0
sub-STUKE0384,UKE/WAKEUP_acute,0.0021935837674801205
sub-STUKE0385,UKE/WAKEUP_acute,0.0
sub-STUKE0386,UKE/WAKEUP_acute,0.0
sub-STUKE0387,UKE/WAKEUP_acute,0.0
sub-STUKE0388,UKE/WAKEUP_acute,0.0035587188612099642
sub-STUKE0389,UKE/WAKEUP_acute,0.0
sub-STUKE0390,UKE/WAKEUP_acute,0.0
sub-STUKE0391,UKE/WAKEUP_acute,0.0
sub-STUKE0392,UKE/WAKEUP_acute,0.0
sub-STUKE0393,UKE/WAKEUP_acute,0.0
sub-STUKE0394,UKE/WAKEUP_acute,0.0
sub-STUKE0395,UKE/WAKEUP_acute,0.0
sub-STUKE0396,UKE/WAKEUP_acute,0.0
sub-STUKE0397,UKE/WAKEUP_acute,0.0
sub-STUKE0398,UKE/WAKEUP_acute,0.0
sub-STUKE0399,UKE/WAKEUP_acute,0.0
sub-STUKE0400,UKE/WAKEUP_acute,0.0
sub-STUKE0401,UKE/WAKEUP_acute,0.0012795905310300703
sub-STUKE0402,UKE/WAKEUP_acute,0.017766497461928935
sub-STUKE0403,UKE/WAKEUP_acute,0.0
sub-STUKE0404,UKE/WAKEUP_acute,0.007722007722007722
sub-STUKE0405,UKE/WAKEUP_acute,0.0
sub-STUKE0406,UKE/WAKEUP_acute,0.0
sub-STUKE0407,UKE/WAKEUP_acute,0.03460837887067395
sub-STUKE0408,UKE/WAKEUP_acute,0.0
sub-STUKE0409,UKE/WAKEUP_acute,0.0
sub-STUKE0410,UKE/WAKEUP_acute,0.0
sub-STUKE0411,UKE/WAKEUP_acute,0.0
sub-STUKE0412,UKE/WAKEUP_acute,0.0
sub-STUKE0413,UKE/WAKEUP_acute,0.016483516483516484
sub-STUKE0414,UKE/WAKEUP_acute,0.0006151953245155337
sub-STUKE0415,UKE/WAKEUP_acute,0.006474396703943496
sub-STUKE0416,UKE/WAKEUP_acute,0.0
sub-STUKE0417,UKE/WAKEUP_acute,0.0
sub-STUKE0418,UKE/WAKEUP_acute,0.0
sub-STUKE0420,UKE/WAKEUP_acute,0.0
sub-STUKE0421,UKE/WAKEUP_acute,0.0
sub-STUKE0422,UKE/WAKEUP_acute,0.0
sub-STUKE0423,UKE/WAKEUP_acute,0.0
sub-STUKE0424,UKE/WAKEUP_acute,0.007057949479940565
sub-STUKE0425,UKE/WAKEUP_acute,0.0035746201966041107
sub-STUKE0426,UKE/WAKEUP_acute,0.0
sub-STUKE0427,UKE/WAKEUP_acute,0.0
sub-STUKE0428,UKE/WAKEUP_acute,0.0
sub-STUKE0429,UKE/WAKEUP_acute,0.0
sub-STUKE0430,UKE/WAKEUP_acute,0.0
sub-STUKE0431,UKE/WAKEUP_acute,0.0
sub-STUKE0432,UKE/WAKEUP_acute,0.0
sub-STUKE0433,UKE/WAKEUP_acute,0.0
sub-STUKE0435,UKE/WAKEUP_acute,0.2222222222222222
sub-STUKE0436,UKE/WAKEUP_acute,0.0
sub-STUKE0437,UKE/WAKEUP_acute,0.0
sub-STUKE0438,UKE/WAKEUP_acute,0.0
sub-STUKE0439,UKE/WAKEUP_acute,0.0
sub-STUKE0440,UKE/WAKEUP_acute,0.0
sub-STUKE0441,UKE/WAKEUP_acute,0.0
sub-STUKE0442,UKE/WAKEUP_acute,0.0
sub-STUKE0443,UKE/WAKEUP_acute,0.0
sub-STUKE0444,UKE/WAKEUP_acute,0.017080745341614908
sub-STUKE0445,UKE/WAKEUP_acute,0.0
sub-STUKE0446,UKE/WAKEUP_acute,0.0
sub-STUKE0448,UKE/WAKEUP_acute,0.0
sub-STUKE0449,UKE/WAKEUP_acute,0.0
sub-STUKE0450,UKE/WAKEUP_acute,0.0
sub-STUKE0451,UKE/WAKEUP_acute,0.0
sub-STUKE0452,UKE/WAKEUP_acute,0.0
sub-STUKE0454,UKE/WAKEUP_acute,0.016979269496544915
sub-STUKE0457,UKE/WAKEUP_acute,0.0
sub-STUKE0458,UKE/WAKEUP_acute,0.0
sub-STUKE0460,UKE/WAKEUP_acute,0.0
sub-STUKE0461,UKE/WAKEUP_acute,0.0
sub-STUKE0462,UKE/WAKEUP_acute,0.0
sub-STUKE0463,UKE/WAKEUP_acute,0.0015751132112620594
sub-STUKE0464,UKE/WAKEUP_acute,0.0
sub-STUKE0465,UKE/WAKEUP_acute,0.0
sub-STUKE0466,UKE/WAKEUP_acute,0.0
sub-STUKE0467,UKE/WAKEUP_acute,0.0
sub-STUKE0468,UKE/WAKEUP_acute,0.0
sub-STUKE0469,UKE/WAKEUP_acute,0.0
sub-STUKE0470,UKE/WAKEUP_acute,0.0
sub-STUKE0471,UKE/WAKEUP_acute,0.0
sub-STUKE0472,UKE/WAKEUP_acute,0.000850099178237461
sub-STUKE0473,UKE/WAKEUP_acute,0.0
sub-STUKE0474,UKE/WAKEUP_acute,0.01827454313642159
sub-STUKE0475,UKE/WAKEUP_acute,0.0
sub-STUKE0476,UKE/WAKEUP_acute,0.011366865586814436
sub-STUKE0477,UKE/WAKEUP_acute,0.008733624454148471
sub-STUKE0478,UKE/WAKEUP_acute,0.0
sub-STUKE0479,UKE/WAKEUP_acute,0.003937007874015748
sub-STUKE0480,UKE/WAKEUP_acute,0.0
sub-STUKE0481,UKE/WAKEUP_acute,0.0
sub-STUKE0482,UKE/WAKEUP_acute,0.0
sub-STUKE0483,UKE/WAKEUP_acute,0.09734513274336283
sub-STUKE0485,UKE/WAKEUP_acute,0.0
sub-STUKE0488,UKE/WAKEUP_acute,0.0
sub-STUKE0489,UKE/WAKEUP_acute,0.0
sub-STUKE0490,UKE/WAKEUP_acute,0.0
sub-STUKE0491,UKE/WAKEUP_acute,0.061773381919139336
sub-STUKE0492,UKE/WAKEUP_acute,0.0
sub-STUKE0493,UKE/WAKEUP_acute,0.005060961582700713
sub-STUKE0494,UKE/WAKEUP_acute,0.0034965034965034965
sub-STUKE0495,UKE/WAKEUP_acute,0.0
sub-STUKE0496,UKE/WAKEUP_acute,0.0
sub-STUKE0497,UKE/WAKEUP_acute,0.0
sub-STUKE0498,UKE/WAKEUP_acute,0.0007723498744931454
sub-STUKE0499,UKE/WAKEUP_acute,0.0
sub-STUKE0500,UKE/WAKEUP_acute,0.0018975332068311196
sub-STUKE0501,UKE/WAKEUP_acute,0.0018922669357890752
sub-STUKE0502,UKE/WAKEUP_acute,0.0
sub-STUKE0503,UKE/WAKEUP_acute,0.0
sub-STUKE0504,UKE/WAKEUP_acute,0.0
sub-STUKE0505,UKE/WAKEUP_acute,0.0
sub-STUKE0506,UKE/WAKEUP_acute,0.00921871398939848
sub-STUKE0507,UKE/WAKEUP_acute,0.0
sub-STUKE0508,UKE/WAKEUP_acute,0.0
sub-STUKE0509,UKE/WAKEUP_acute,0.0
sub-STUKE0510,UKE/WAKEUP_acute,0.0
sub-STUKE0511,UKE/WAKEUP_acute,0.0
sub-STUKE0512,UKE/WAKEUP_acute,0.0
sub-STUKE0513,UKE/WAKEUP_acute,0.011904761904761904
sub-STUKE0514,UKE/WAKEUP_acute,0.057692307692307696
sub-STUKE0515,UKE/WAKEUP_acute,0.0
sub-STUKE0516,UKE/WAKEUP_acute,0.0
sub-STUKE0518,UKE/WAKEUP_acute,0.017082590612002378
sub-STUKE0519,UKE/WAKEUP_acute,0.0
sub-STUKE0521,UKE/WAKEUP_acute,0.0
sub-STUKE0522,UKE/WAKEUP_acute,0.0
sub-STUKE0523,UKE/WAKEUP_acute,0.23155737704918034
sub-STUKE0524,UKE/WAKEUP_acute,0.0
sub-STUKE0525,UKE/WAKEUP_acute,0.0
sub-STUKE0527,UKE/WAKEUP_acute,0.0
sub-STUKE0528,UKE/WAKEUP_acute,0.0
sub-STUKE0529,UKE/WAKEUP_acute,0.0
sub-STUKE0530,UKE/WAKEUP_acute,0.0
sub-STUKE0531,UKE/WAKEUP_acute,0.0
sub-STUKE0532,UKE/WAKEUP_acute,0.0
sub-STUKE0534,UKE/WAKEUP_acute,0.0
sub-STUKE0535,UKE/WAKEUP_acute,0.0
sub-STUKE0537,UKE/WAKEUP_acute,0.0
sub-STUKE0538,UKE/WAKEUP_acute,0.0014184397163120568
sub-STUKE0540,UKE/WAKEUP_acute,0.0
sub-STUKE0541,UKE/WAKEUP_acute,0.0
sub-STUKE0542,UKE/WAKEUP_acute,0.0
sub-STUKE0543,UKE/WAKEUP_acute,0.10223266745005875
sub-STUKE0544,UKE/WAKEUP_acute,0.0
sub-STUKE0545,UKE/WAKEUP_acute,0.0
sub-STUKE0547,UKE/WAKEUP_acute,0.0
sub-STUKE0548,UKE/WAKEUP_acute,0.0
sub-STUKE0549,UKE/WAKEUP_acute,0.0
sub-STUKE0550,UKE/WAKEUP_acute,0.0054005400540054005
sub-STUKE0551,UKE/WAKEUP_acute,0.0
sub-STUKE0552,UKE/WAKEUP_acute,0.0
sub-STUKE0553,UKE/WAKEUP_acute,0.0
sub-STUKE0554,UKE/WAKEUP_acute,0.010626992561105207
sub-STUKE0555,UKE/WAKEUP_acute,0.0
sub-STUKE0556,UKE/WAKEUP_acute,0.030098224745426692
sub-STUKE0558,UKE/WAKEUP_acute,0.11764705882352941
sub-STUKE0559,UKE/WAKEUP_acute,0.04838709677419355
