subject_id,dataset,disconnection_load_voxels_2mm,disconnection_mean_2mm,disconnection_load_voxels_1mm,disconnection_mean_1mm
sub-STUNIPD0001,UNIPD/WashU,37213.14,0.163,297539.478,0.163
sub-STUNIPD0002,UNIPD/WashU,9610.034,0.042,76851.343,0.042
sub-STUNIPD0003,UNIPD/WashU,38019.337,0.166,304049.186,0.166
sub-STUNIPD0005,UNIPD/WashU,7254.427,0.032,57999.714,0.032
sub-STUNIPD0006,UNIPD/WashU,15988.483,0.07,127863.961,0.07
sub-STUNIPD0008,UNIPD/WashU,6451.461,0.028,51647.253,0.028
sub-STUNIPD0009,UNIPD/WashU,14179.91,0.062,113428.539,0.062
sub-STUNIPD0011,UNIPD/WashU,18561.416,0.081,148375.292,0.081
sub-STUNIPD0012,UNIPD/WashU,30777.393,0.135,246015.691,0.135
sub-STUNIPD0013,UNIPD/WashU,9274.938,0.041,74049.523,0.041
sub-STUNIPD0014,UNIPD/WashU,7395.73,0.032,59013.848,0.032
sub-STUNIPD0015,UNIPD/WashU,35006.09,0.153,279854.45,0.153
sub-STUNIPD0016,UNIPD/WashU,24135.876,0.106,192859.562,0.106
sub-STUNIPD0017,UNIPD/WashU,34193.624,0.15,273384.95,0.15
sub-STUNIPD0019,UNIPD/WashU,27616.635,0.121,220679.826,0.121
sub-STUNIPD0020,UNIPD/WashU,13675.91,0.06,109328.039,0.06
sub-STUNIPD0021,UNIPD/WashU,6031.489,0.026,48224.944,0.026
sub-STUNIPD0023,UNIPD/WashU,11830.865,0.052,94569.809,0.052
sub-STUNIPD0024,UNIPD/WashU,27581.927,0.121,220436.618,0.121
sub-STUNIPD0025,UNIPD/WashU,13666.506,0.06,109236.337,0.06
sub-STUNIPD0026,UNIPD/WashU,11388.556,0.05,90998.056,0.05
sub-STUNIPD0027,UNIPD/WashU,3125.017,0.014,24950.927,0.014
sub-STUNIPD0029,UNIPD/WashU,27952.899,0.122,223582.388,0.122
sub-STUNIPD0031,UNIPD/WashU,7395.725,0.032,59174.107,0.032
sub-STUNIPD0032,UNIPD/WashU,24285.949,0.106,194125.562,0.106
sub-STUNIPD0034,UNIPD/WashU,5396.202,0.024,43092.129,0.024
sub-STUNIPD0036,UNIPD/WashU,10631.933,0.047,84993.95,0.047
sub-STUNIPD0038,UNIPD/WashU,18219.337,0.08,145767.893,0.08
sub-STUNIPD0039,UNIPD/WashU,20740.388,0.091,165902.101,0.091
sub-STUNIPD0040,UNIPD/WashU,20143.135,0.088,161024.714,0.088
sub-STUNIPD0041,UNIPD/WashU,9571.86,0.042,76564.006,0.042
sub-STUNIPD0044,UNIPD/WashU,41711.927,0.183,333537.989,0.183
sub-STUNIPD0045,UNIPD/WashU,9203.657,0.04,73499.028,0.04
sub-STUNIPD0047,UNIPD/WashU,3727.281,0.016,29763.691,0.016
sub-STUNIPD0048,UNIPD/WashU,22425.365,0.098,179252.056,0.098
sub-STUNIPD0049,UNIPD/WashU,7644.708,0.033,61152.079,0.033
sub-STUNIPD0050,UNIPD/WashU,2444.388,0.011,19545.506,0.011
sub-STUNIPD0051,UNIPD/WashU,8489.545,0.037,67863.202,0.037
sub-STUNIPD0052,UNIPD/WashU,37368.152,0.164,298743.809,0.163
sub-STUNIPD0053,UNIPD/WashU,11493.843,0.05,91893.107,0.05
sub-STUNIPD0054,UNIPD/WashU,17651.494,0.077,141193.141,0.077
sub-STUNIPD0055,UNIPD/WashU,5857.517,0.026,46832.034,0.026
sub-STUNIPD0056,UNIPD/WashU,6143.27,0.027,49145.337,0.027
sub-STUNIPD0057,UNIPD/WashU,7998.107,0.035,63875.073,0.035
sub-STUNIPD0058,UNIPD/WashU,11954.062,0.052,95604.961,0.052
sub-STUNIPD0059,UNIPD/WashU,3378.146,0.015,27024.096,0.015
sub-STUNIPD0060,UNIPD/WashU,3894.68,0.017,31165.174,0.017
sub-STUNIPD0061,UNIPD/WashU,8025.051,0.035,64133.427,0.035
sub-STUNIPD0063,UNIPD/WashU,24430.837,0.107,195278.287,0.107
sub-STUNIPD0064,UNIPD/WashU,22744.831,0.1,181847.32,0.1
sub-STUNIPD0066,UNIPD/WashU,7818.405,0.034,62435.067,0.034
sub-STUNIPD0068,UNIPD/WashU,15001.82,0.066,119949.174,0.066
sub-STUNIPD0069,UNIPD/WashU,16264.376,0.071,130000.832,0.071
sub-STUNIPD0071,UNIPD/WashU,40826.264,0.179,326415.989,0.179
sub-STUNIPD0073,UNIPD/WashU,9476.433,0.041,75743.27,0.041
sub-STUNIPD0074,UNIPD/WashU,8500.444,0.037,67888.68,0.037
sub-STUNIPD0075,UNIPD/WashU,37017.5,0.162,295990.742,0.162
sub-STUNIPD0076,UNIPD/WashU,23717.893,0.104,189588.056,0.104
sub-STUNIPD0077,UNIPD/WashU,7301.079,0.032,58371.079,0.032
sub-STUNIPD0078,UNIPD/WashU,5422.292,0.024,43367.382,0.024
sub-STUNIPD0079,UNIPD/WashU,40189.202,0.176,321359.731,0.176
sub-STUNIPD0080,UNIPD/WashU,5343.303,0.023,42708.247,0.023
sub-STUNIPD0081,UNIPD/WashU,8806.747,0.039,70454.309,0.039
sub-STUNIPD0082,UNIPD/WashU,14049.449,0.061,112310.685,0.061
sub-STUNIPD0083,UNIPD/WashU,20821.652,0.091,166409.607,0.091
sub-STUNIPD0084,UNIPD/WashU,18191.539,0.08,145449.989,0.08
sub-STUNIPD0085,UNIPD/WashU,25887.264,0.113,206992.73,0.113
sub-STUNIPD0086,UNIPD/WashU,50493.225,0.221,403663.916,0.221
sub-STUNIPD0088,UNIPD/WashU,19329.258,0.085,154549.348,0.085
sub-STUNIPD0090,UNIPD/WashU,23234.062,0.102,185686.573,0.102
sub-STUNIPD0091,UNIPD/WashU,22483.713,0.098,179746.663,0.098
sub-STUNIPD0092,UNIPD/WashU,11257.961,0.049,89914.129,0.049
sub-STUNIPD0093,UNIPD/WashU,37572.146,0.164,300441.804,0.164
sub-STUNIPD0094,UNIPD/WashU,25629.511,0.112,204969.865,0.112
sub-STUNIPD0095,UNIPD/WashU,15242.213,0.067,121852.399,0.067
sub-STUNIPD0096,UNIPD/WashU,13071.067,0.057,104508.73,0.057
sub-STUNIPD0098,UNIPD/WashU,27617.837,0.121,220840.354,0.121
sub-STUNIPD0099,UNIPD/WashU,5821.781,0.025,46459.685,0.025
sub-STUNIPD0100,UNIPD/WashU,1890.635,0.008,15090.815,0.008
sub-STUNIPD0101,UNIPD/WashU,3693.236,0.016,29501.848,0.016
sub-STUNIPD0102,UNIPD/WashU,18797.584,0.082,150161.719,0.082
sub-STUNIPD0104,UNIPD/WashU,44662.5,0.195,357140.646,0.195
sub-STUNIPD0105,UNIPD/WashU,47536.843,0.208,380079.208,0.208
sub-STUNIPD0109,UNIPD/WashU,23422.742,0.103,187250.888,0.102
sub-STUNIPD0111,UNIPD/WashU,33312.129,0.146,266388.247,0.146
sub-STUNIPD0112,UNIPD/WashU,4051.056,0.018,32372.169,0.018
sub-STUNIPD0114,UNIPD/WashU,20773.107,0.091,166043.888,0.091
sub-STUNIPD0116,UNIPD/WashU,36744.882,0.161,293754.978,0.161
sub-STUNIPD0118,UNIPD/WashU,8302.36,0.036,66371.427,0.036
sub-STUNIPD0119,UNIPD/WashU,13654.225,0.06,109117.809,0.06
sub-STUNIPD0120,UNIPD/WashU,20803.449,0.091,166331.725,0.091
sub-STUNIPD0121,UNIPD/WashU,7426.039,0.033,59359.579,0.032
sub-STUNIPD0126,UNIPD/WashU,36150.376,0.158,289062.113,0.158
sub-STUNIPD0127,UNIPD/WashU,26996.163,0.118,215813.877,0.118
sub-STUNIPD0128,UNIPD/WashU,28411.978,0.124,227182.393,0.124
sub-STUNIPD0130,UNIPD/WashU,7086.331,0.031,56593.567,0.031
sub-STUNIPD0131,UNIPD/WashU,7272.708,0.032,58175.107,0.032
sub-STUNIPD0133,UNIPD/WashU,23738.287,0.104,189801.972,0.104
sub-STUNIPD0134,UNIPD/WashU,33632.955,0.147,268802.304,0.147
sub-STUNIPD0136,UNIPD/WashU,33212.612,0.145,265408.455,0.145
sub-STUNIPD0137,UNIPD/WashU,34324.663,0.15,274365.051,0.15
sub-STUNIPD0138,UNIPD/WashU,29747.719,0.13,237746.573,0.13
sub-STUNIPD0139,UNIPD/WashU,8684.067,0.038,69382.112,0.038
sub-STUNIPD0140,UNIPD/WashU,18361.719,0.08,146848.618,0.08
sub-STUNIPD0141,UNIPD/WashU,5491.871,0.024,43918.567,0.024
sub-STUNIPD0142,UNIPD/WashU,12761.449,0.056,102027.084,0.056
sub-STUNIPD0143,UNIPD/WashU,24465.871,0.107,195557.028,0.107
sub-STUNIPD0144,UNIPD/WashU,5726.719,0.025,45759.326,0.025
sub-STUNIPD0145,UNIPD/WashU,9566.938,0.042,76488.73,0.042
sub-STUNIPD0146,UNIPD/WashU,31172.949,0.136,249109.281,0.136
sub-STUNIPD0147,UNIPD/WashU,8435.337,0.037,67398.107,0.037
sub-STUNIPD0148,UNIPD/WashU,31259.433,0.137,249846.837,0.137
sub-STUNIPD0149,UNIPD/WashU,15733.343,0.069,125695.77,0.069
sub-STUNIPD0150,UNIPD/WashU,48870.045,0.214,390610.742,0.214
sub-STUNIPD0151,UNIPD/WashU,3420.174,0.015,27339.787,0.015
sub-STUNIPD0154,UNIPD/WashU,26731.174,0.117,213719.517,0.117
sub-STUNIPD0155,UNIPD/WashU,15606.882,0.068,124632.68,0.068
sub-STUNIPD0156,UNIPD/WashU,32786.972,0.143,262175.624,0.143
sub-STUNIPD0157,UNIPD/WashU,19083.534,0.084,152598.652,0.084
sub-STUNIPD0158,UNIPD/WashU,7179.573,0.031,57424.534,0.031
sub-STUNIPD0159,UNIPD/WashU,12520.084,0.055,100118.433,0.055
sub-STUNIPD0162,UNIPD/WashU,8818.32,0.039,70480.803,0.039
sub-STUNIPD0163,UNIPD/WashU,28076.365,0.123,224414.674,0.123
sub-STUNIPD0164,UNIPD/WashU,26756.326,0.117,213874.146,0.117
sub-STUNIPD0166,UNIPD/WashU,12344.466,0.054,98748.618,0.054
sub-STUNIPD0168,UNIPD/WashU,27220.567,0.119,217709.832,0.119
sub-STUNIPD0169,UNIPD/WashU,9612.674,0.042,76832.511,0.042
sub-STUNIPD0171,UNIPD/WashU,39818.045,0.174,318309.584,0.174
sub-STUNIPD0172,UNIPD/WashU,4142.921,0.018,33095.281,0.018
sub-STUNIPD0173,UNIPD/WashU,6114.169,0.027,48939.747,0.027
sub-STUNIPD0174,UNIPD/WashU,24654.045,0.108,197004.871,0.108
sub-STUNIPD0175,UNIPD/WashU,7757.775,0.034,62028.719,0.034
sub-STUNIPD0176,UNIPD/WashU,9323.185,0.041,74419.511,0.041
sub-STUNIPD0177,UNIPD/WashU,12216.927,0.053,97700.281,0.053
sub-STUNIPD0178,UNIPD/WashU,7698.64,0.034,61461.601,0.034
sub-STUNIPD0179,UNIPD/WashU,53986.348,0.236,431555.304,0.236
sub-STUNIPD0180,UNIPD/WashU,2595.393,0.011,20719.714,0.011
sub-STUNIPD0181,UNIPD/WashU,33500.152,0.147,267834.618,0.147
sub-STUNIPD0182,UNIPD/WashU,11488.107,0.05,91877.225,0.05
sub-STUNIPD0183,UNIPD/WashU,19631.174,0.086,156977.539,0.086
sub-STUNIPD0185,UNIPD/WashU,20790.371,0.091,166231.202,0.091
sub-STUNIPD0187,UNIPD/WashU,8772.669,0.038,70108.141,0.038
sub-STUNIPD0188,UNIPD/WashU,13164.506,0.058,105175.191,0.058
sub-STUNIPD0189,UNIPD/WashU,44514.64,0.195,355831.343,0.195
sub-STUNIPD0191,UNIPD/WashU,1987.596,0.009,15893.18,0.009
sub-STUNIPD0192,UNIPD/WashU,23976.994,0.105,191629.039,0.105
sub-STUNIPD0193,UNIPD/WashU,21807.348,0.095,174337.478,0.095
sub-STUNIPD0194,UNIPD/WashU,15088.618,0.066,120514.657,0.066
sub-STUNIPD0195,UNIPD/WashU,8021.32,0.035,64049.135,0.035
sub-STUNIPD0196,UNIPD/WashU,23598.59,0.103,188604.315,0.103
sub-STUNIPD0197,UNIPD/WashU,25138.399,0.11,200927.854,0.11
sub-STUNIPD0199,UNIPD/WashU,184.275,0.001,1475.601,0.001
sub-STUNIPD0201,UNIPD/WashU,32196.281,0.141,257424.298,0.141
sub-STUNIPD0202,UNIPD/WashU,41475.107,0.182,331567.18,0.181
sub-STUNIPD0203,UNIPD/WashU,38010.888,0.166,303918.68,0.166
sub-STUNIPD0205,UNIPD/WashU,2412.612,0.011,19284.045,0.011
sub-STUNIPD0206,UNIPD/WashU,2102.118,0.009,16789.607,0.009
sub-STUNIPD0207,UNIPD/WashU,20152.225,0.088,161128.062,0.088
sub-STUNIPD0210,UNIPD/WashU,7825.691,0.034,62535.011,0.034
sub-STUNIPD0211,UNIPD/WashU,4769.264,0.021,38104.034,0.021
sub-STUNIPD0212,UNIPD/WashU,4709.382,0.021,37649.966,0.021
sub-STUNIPD0213,UNIPD/WashU,6712.843,0.029,53593.815,0.029
sub-STUNIPD0215,UNIPD/WashU,4332.927,0.019,34588.506,0.019
sub-STUNIPD0216,UNIPD/WashU,16925.466,0.074,135283.511,0.074
sub-STUNIPD0217,UNIPD/WashU,8004.365,0.035,63956.253,0.035
sub-STUNIPD0218,UNIPD/WashU,24170.792,0.106,193248.079,0.106
sub-STUNIPD0219,UNIPD/WashU,31177.905,0.136,249188.354,0.136
sub-STUNIPD0220,UNIPD/WashU,277.517,0.001,2219.135,0.001
sub-STUNIPD0221,UNIPD/WashU,14585.612,0.064,116605.303,0.064
sub-STUNIPD0222,UNIPD/WashU,210.163,0.001,1686.758,0.001
sub-STUNIPD0223,UNIPD/WashU,2456.989,0.011,19651.253,0.011
sub-STUNIPD0224,UNIPD/WashU,6819.848,0.03,54525.933,0.03
sub-STUNIPD0225,UNIPD/WashU,32031.124,0.14,256180.787,0.14
sub-STUNIPD0226,UNIPD/WashU,490.337,0.002,3910.871,0.002
sub-STUNIPD0227,UNIPD/WashU,13792.792,0.06,110241.506,0.06
sub-STUNIPD0228,UNIPD/WashU,6577.64,0.029,52591.91,0.029
sub-STUNIPD0229,UNIPD/WashU,12655.966,0.055,101142.438,0.055
sub-STUNIPD0231,UNIPD/WashU,31864.393,0.139,254669.298,0.139
sub-STUNIPD0232,UNIPD/WashU,15806.466,0.069,126430.18,0.069
sub-STUNIPD0233,UNIPD/WashU,36700.191,0.161,293425.596,0.161
sub-STUNIPD0234,UNIPD/WashU,25644.742,0.112,204974.124,0.112
sub-STUNIPD0235,UNIPD/WashU,6048.73,0.026,48364.596,0.026
sub-STUNIPD0236,UNIPD/WashU,4218.562,0.018,33636.214,0.018
sub-STUNIPD0237,UNIPD/WashU,9981.888,0.044,79824.826,0.044
sub-STUNIPD0238,UNIPD/WashU,2634.831,0.012,21077.174,0.012
sub-STUNIPD0239,UNIPD/WashU,3891.056,0.017,31135.876,0.017
sub-STUNIPD0241,UNIPD/WashU,27612.405,0.121,220847.629,0.121
sub-STUNIPD0242,UNIPD/WashU,34731.028,0.152,277706.59,0.152
sub-STUNIPD0245,UNIPD/WashU,15689.618,0.069,125407.68,0.069
sub-STUNIPD0246,UNIPD/WashU,1994.584,0.009,15889.685,0.009
sub-STUNIPD0247,UNIPD/WashU,12780.635,0.056,102094.309,0.056
sub-STUNIPD0248,UNIPD/WashU,28561.944,0.125,228357.101,0.125
sub-STUNIPD0249,UNIPD/WashU,4234.416,0.019,33797.876,0.018
sub-STUNIPD0250,UNIPD/WashU,41692.775,0.182,333389.455,0.182
sub-STUNIPD0251,UNIPD/WashU,25635.382,0.112,204982.0,0.112
sub-STUNIPD0489,UNIPD/PASPORT,52373.483,0.229,418635.967,0.229
sub-STUNIPD0490,UNIPD/PASPORT,3595.017,0.016,28752.483,0.016
sub-STUNIPD0491,UNIPD/PASPORT,8826.691,0.039,70642.393,0.039
sub-STUNIPD0492,UNIPD/PASPORT,17872.354,0.078,142841.332,0.078
sub-STUNIPD0493,UNIPD/PASPORT,38184.966,0.167,305210.983,0.167
sub-STUNIPD0494,UNIPD/PASPORT,21229.86,0.093,169858.612,0.093
sub-STUNIPD0495,UNIPD/PASPORT,38187.5,0.167,305389.809,0.167
sub-STUNIPD0496,UNIPD/PASPORT,49343.331,0.216,394570.416,0.216
sub-STUNIPD0497,UNIPD/PASPORT,10509.522,0.046,83994.455,0.046
sub-STUNIPD0498,UNIPD/PASPORT,47668.736,0.209,381187.978,0.209
sub-STUNIPD0499,UNIPD/PASPORT,3594.36,0.016,28736.551,0.016
sub-STUNIPD0500,UNIPD/PASPORT,12507.489,0.055,100014.478,0.055
sub-STUNIPD0501,UNIPD/PASPORT,27972.275,0.122,223697.051,0.122
sub-STUNIPD0502,UNIPD/PASPORT,23504.545,0.103,187925.225,0.103
sub-STUNIPD0503,UNIPD/PASPORT,51164.714,0.224,409076.073,0.224
sub-STUNIPD0504,UNIPD/PASPORT,57513.337,0.252,459828.63,0.252
sub-STUNIPD0505,UNIPD/PASPORT,6414.674,0.028,51299.865,0.028
sub-STUNIPD0506,UNIPD/PASPORT,35650.303,0.156,284988.483,0.156
sub-STUNIPD0507,UNIPD/PASPORT,21060.309,0.092,168359.191,0.092
sub-STUNIPD0508,UNIPD/PASPORT,29251.36,0.128,233893.607,0.128
sub-STUNIPD0509,UNIPD/PASPORT,2905.225,0.013,23242.921,0.013
sub-STUNIPD0510,UNIPD/PASPORT,20412.331,0.089,163214.421,0.089
sub-STUNIPD0511,UNIPD/PASPORT,25110.921,0.11,200718.714,0.11
sub-STUNIPD0512,UNIPD/PASPORT,34152.298,0.149,273053.309,0.149
sub-STUNIPD0513,UNIPD/PASPORT,22524.742,0.099,180058.82,0.099
sub-STUNIPD0514,UNIPD/PASPORT,16660.371,0.073,133232.023,0.073
sub-STUNIPD0515,UNIPD/PASPORT,26024.157,0.114,208134.472,0.114
sub-STUNIPD0516,UNIPD/PASPORT,2500.854,0.011,20002.365,0.011
sub-STUNIPD0517,UNIPD/PASPORT,8621.427,0.038,68949.382,0.038
sub-STUNIPD0518,UNIPD/PASPORT,11470.983,0.05,91700.764,0.05
sub-STUNIPD0519,UNIPD/PASPORT,41156.056,0.18,329117.309,0.18
sub-STUNIPD0520,UNIPD/PASPORT,12285.77,0.054,98182.916,0.054
sub-STUNIPD0521,UNIPD/PASPORT,10164.882,0.044,81323.039,0.045
sub-STUNIPD0522,UNIPD/PASPORT,40333.017,0.177,322508.91,0.177
sub-STUNIPD0523,UNIPD/PASPORT,48637.983,0.213,388844.304,0.213
sub-STUNIPD0524,UNIPD/PASPORT,8213.107,0.036,65678.141,0.036
sub-STUNIPD0525,UNIPD/PASPORT,47272.124,0.207,377900.163,0.207
sub-STUNIPD0526,UNIPD/PASPORT,37338.815,0.163,298472.568,0.163
sub-STUNIPD0527,UNIPD/PASPORT,44899.736,0.197,359019.646,0.196
sub-STUNIPD0528,UNIPD/PASPORT,28178.843,0.123,225337.051,0.123
sub-STUNIPD0529,UNIPD/PASPORT,4089.461,0.018,32708.966,0.018
sub-STUNIPD0530,UNIPD/PASPORT,35465.281,0.155,283537.77,0.155
sub-STUNIPD0531,UNIPD/PASPORT,27870.371,0.122,222832.247,0.122
sub-STUNIPD0532,UNIPD/PASPORT,18550.466,0.081,148245.483,0.081
sub-STUNIPD0533,UNIPD/PASPORT,20494.433,0.09,163806.197,0.09
sub-STUNIPD0534,UNIPD/PASPORT,30761.236,0.135,246004.242,0.135
sub-STUNIPD0535,UNIPD/PASPORT,10825.034,0.047,86574.629,0.047
sub-STUNIPD0536,UNIPD/PASPORT,19552.146,0.086,156324.084,0.086
sub-STUNIPD0537,UNIPD/PASPORT,5071.826,0.022,40580.545,0.022
sub-STUNIPD0538,UNIPD/PASPORT,5887.758,0.026,47077.635,0.026
sub-STUNIPD0539,UNIPD/PASPORT,29261.084,0.128,233966.309,0.128
sub-STUNIPD0540,UNIPD/PASPORT,26794.028,0.117,214247.135,0.117
sub-STUNIPD0541,UNIPD/PASPORT,19842.354,0.087,158572.034,0.087
sub-STUNIPD0542,UNIPD/PASPORT,7287.236,0.032,58316.714,0.032
sub-STUNIPD0543,UNIPD/PASPORT,4452.056,0.019,35506.551,0.019
sub-STUNIPD0547,UNIPD/PASPORT,32599.365,0.143,260612.506,0.143
sub-STUNIPD0548,UNIPD/PASPORT,50042.59,0.219,400165.079,0.219
sub-STUNIPD0551,UNIPD/PASPORT,53308.961,0.233,426296.0,0.233
sub-STUNIPD0552,UNIPD/PASPORT,16636.927,0.073,132978.972,0.073
sub-STUNIPD0553,UNIPD/PASPORT,3231.427,0.014,25848.292,0.014
sub-STUNIPD0556,UNIPD/PASPORT,22274.112,0.097,178104.753,0.097
sub-STUNIPD0557,UNIPD/PASPORT,26877.669,0.118,214924.584,0.118
sub-STUNIPD0558,UNIPD/PASPORT,9.298,0.0,74.236,0.0
sub-STUNIPD0559,UNIPD/PASPORT,22483.871,0.098,179776.871,0.098
sub-STUNIPD0560,UNIPD/PASPORT,25855.961,0.113,206780.966,0.113
sub-STUNIPD0561,UNIPD/PASPORT,11072.011,0.048,88551.478,0.048
sub-STUNIPD0562,UNIPD/PASPORT,10444.09,0.046,83470.944,0.046
sub-STUNIPD0563,UNIPD/PASPORT,12104.938,0.053,96756.601,0.053
sub-STUNIPD0564,UNIPD/PASPORT,32731.876,0.143,261743.989,0.143
sub-STUNIPD0565,UNIPD/PASPORT,24989.292,0.109,199801.039,0.109
sub-STUNIPD0567,UNIPD/PASPORT,22105.163,0.097,176782.803,0.097
sub-STUNIPD0568,UNIPD/PASPORT,21093.202,0.092,168688.916,0.092
sub-STUNIPD0571,UNIPD/PASPORT,12421.927,0.054,99331.91,0.054
sub-STUNIPD0573,UNIPD/PASPORT,4314.466,0.019,34420.433,0.019
sub-STUNIPD0574,UNIPD/PASPORT,24276.438,0.106,194145.292,0.106
sub-STUNIPD0575,UNIPD/PASPORT,2606.573,0.011,20845.051,0.011
sub-STUNIPD0576,UNIPD/PASPORT,36466.82,0.16,291544.011,0.16
sub-STUNIPD0577,UNIPD/PASPORT,5799.253,0.025,46349.607,0.025
sub-STUNIPD0578,UNIPD/PASPORT,25217.871,0.11,201635.438,0.11
sub-STUNIPD0580,UNIPD/PASPORT,6126.747,0.027,48990.236,0.027
sub-STUNIPD0583,UNIPD/PASPORT,23061.258,0.101,184264.775,0.101
sub-STUNIPD0584,UNIPD/PASPORT,4660.039,0.02,37295.023,0.02
sub-STUNIPD0585,UNIPD/PASPORT,9064.905,0.04,72399.191,0.04
sub-STUNIPD0252,UNIPD/PSP,19551.629,0.086,156352.399,0.086
sub-STUNIPD0253,UNIPD/PSP,15759.309,0.069,126032.247,0.069
sub-STUNIPD0254,UNIPD/PSP,21522.455,0.094,172102.629,0.094
sub-STUNIPD0255,UNIPD/PSP,13134.798,0.057,105074.304,0.058
sub-STUNIPD0256,UNIPD/PSP,22467.039,0.098,179662.09,0.098
sub-STUNIPD0257,UNIPD/PSP,7169.938,0.031,57325.18,0.031
sub-STUNIPD0258,UNIPD/PSP,41206.944,0.18,329365.938,0.18
sub-STUNIPD0259,UNIPD/PSP,16205.472,0.071,129565.843,0.071
sub-STUNIPD0260,UNIPD/PSP,37413.348,0.164,299242.225,0.164
sub-STUNIPD0261,UNIPD/PSP,895.236,0.004,7167.691,0.004
sub-STUNIPD0262,UNIPD/PSP,7745.343,0.034,61949.539,0.034
sub-STUNIPD0264,UNIPD/PSP,623.073,0.003,4992.596,0.003
sub-STUNIPD0265,UNIPD/PSP,19015.831,0.083,152019.163,0.083
sub-STUNIPD0266,UNIPD/PSP,19827.219,0.087,158616.264,0.087
sub-STUNIPD0267,UNIPD/PSP,16900.36,0.074,135148.242,0.074
sub-STUNIPD0268,UNIPD/PSP,8081.489,0.035,64630.882,0.035
sub-STUNIPD0270,UNIPD/PSP,6873.517,0.03,54843.45,0.03
sub-STUNIPD0271,UNIPD/PSP,2109.601,0.009,16886.579,0.009
sub-STUNIPD0272,UNIPD/PSP,7684.191,0.034,61387.573,0.034
sub-STUNIPD0273,UNIPD/PSP,7900.674,0.035,63211.275,0.035
sub-STUNIPD0274,UNIPD/PSP,9540.039,0.042,76305.95,0.042
sub-STUNIPD0275,UNIPD/PSP,6958.169,0.03,55618.697,0.03
sub-STUNIPD0276,UNIPD/PSP,3683.573,0.016,29448.831,0.016
sub-STUNIPD0277,UNIPD/PSP,20742.472,0.091,165951.573,0.091
sub-STUNIPD0278,UNIPD/PSP,15397.051,0.067,123151.573,0.067
sub-STUNIPD0279,UNIPD/PSP,12138.0,0.053,97065.753,0.053
sub-STUNIPD0280,UNIPD/PSP,4983.028,0.022,39895.758,0.022
sub-STUNIPD0281,UNIPD/PSP,367.039,0.002,2941.837,0.002
sub-STUNIPD0282,UNIPD/PSP,27404.517,0.12,219103.961,0.12
sub-STUNIPD0283,UNIPD/PSP,4891.315,0.021,39101.551,0.021
sub-STUNIPD0284,UNIPD/PSP,28569.888,0.125,228422.562,0.125
sub-STUNIPD0285,UNIPD/PSP,9919.006,0.043,79305.506,0.043
sub-STUNIPD0286,UNIPD/PSP,770.669,0.003,6163.382,0.003
sub-STUNIPD0287,UNIPD/PSP,5710.809,0.025,45702.0,0.025
sub-STUNIPD0288,UNIPD/PSP,4671.225,0.02,37283.275,0.02
sub-STUNIPD0289,UNIPD/PSP,37881.174,0.166,302949.523,0.166
sub-STUNIPD0290,UNIPD/PSP,38983.691,0.171,311678.731,0.171
sub-STUNIPD0291,UNIPD/PSP,27739.562,0.121,221791.225,0.121
sub-STUNIPD0292,UNIPD/PSP,13903.045,0.061,111179.714,0.061
sub-STUNIPD0293,UNIPD/PSP,1538.736,0.007,12270.562,0.007
sub-STUNIPD0295,UNIPD/PSP,14290.815,0.063,114337.742,0.063
sub-STUNIPD0296,UNIPD/PSP,11353.466,0.05,90790.185,0.05
sub-STUNIPD0297,UNIPD/PSP,18622.27,0.082,148802.275,0.081
sub-STUNIPD0299,UNIPD/PSP,1819.174,0.008,14554.18,0.008
sub-STUNIPD0300,UNIPD/PSP,2347.972,0.01,18800.618,0.01
sub-STUNIPD0303,UNIPD/PSP,17200.556,0.075,137588.545,0.075
sub-STUNIPD0304,UNIPD/PSP,16883.405,0.074,135017.584,0.074
sub-STUNIPD0305,UNIPD/PSP,15205.961,0.067,121560.59,0.067
sub-STUNIPD0306,UNIPD/PSP,31169.18,0.136,249222.422,0.136
sub-STUNIPD0308,UNIPD/PSP,14050.399,0.061,112336.348,0.061
sub-STUNIPD0309,UNIPD/PSP,7141.511,0.031,57017.775,0.031
sub-STUNIPD0310,UNIPD/PSP,3482.253,0.015,27825.444,0.015
sub-STUNIPD0311,UNIPD/PSP,15401.309,0.067,123151.983,0.067
sub-STUNIPD0312,UNIPD/PSP,18705.888,0.082,149604.708,0.082
sub-STUNIPD0313,UNIPD/PSP,24426.629,0.107,195233.613,0.107
sub-STUNIPD0314,UNIPD/PSP,10577.371,0.046,84504.523,0.046
sub-STUNIPD0315,UNIPD/PSP,12613.685,0.055,100889.141,0.055
sub-STUNIPD0317,UNIPD/PSP,22055.697,0.097,176336.309,0.097
sub-STUNIPD0318,UNIPD/PSP,3578.978,0.016,28613.371,0.016
sub-STUNIPD0319,UNIPD/PSP,4667.73,0.02,37335.449,0.02
sub-STUNIPD0320,UNIPD/PSP,7810.275,0.034,62381.185,0.034
sub-STUNIPD0322,UNIPD/PSP,11165.899,0.049,89391.933,0.049
sub-STUNIPD0323,UNIPD/PSP,8900.624,0.039,71158.702,0.039
sub-STUNIPD0325,UNIPD/PSP,717.787,0.003,5748.146,0.003
sub-STUNIPD0326,UNIPD/PSP,14059.376,0.062,112407.141,0.062
sub-STUNIPD0327,UNIPD/PSP,11724.478,0.051,93804.399,0.051
sub-STUNIPD0329,UNIPD/PSP,2774.596,0.012,22196.011,0.012
sub-STUNIPD0330,UNIPD/PSP,353.472,0.002,2839.028,0.002
sub-STUNIPD0332,UNIPD/PSP,1156.129,0.005,9250.017,0.005
sub-STUNIPD0333,UNIPD/PSP,7936.669,0.035,63406.433,0.035
sub-STUNIPD0335,UNIPD/PSP,10211.59,0.045,81701.539,0.045
sub-STUNIPD0336,UNIPD/PSP,8968.388,0.039,71698.702,0.039
sub-STUNIPD0338,UNIPD/PSP,1652.989,0.007,13243.843,0.007
sub-STUNIPD0341,UNIPD/PSP,2914.27,0.013,23312.562,0.013
sub-STUNIPD0342,UNIPD/PSP,11266.562,0.049,90199.517,0.049
sub-STUNIPD0343,UNIPD/PSP,2436.573,0.011,19491.652,0.011
sub-STUNIPD0344,UNIPD/PSP,27675.652,0.121,221314.185,0.121
sub-STUNIPD0345,UNIPD/PSP,47139.927,0.206,377027.573,0.206
sub-STUNIPD0346,UNIPD/PSP,4317.624,0.019,34553.337,0.019
sub-STUNIPD0348,UNIPD/PSP,7024.826,0.031,56119.084,0.031
sub-STUNIPD0349,UNIPD/PSP,8666.567,0.038,69302.725,0.038
sub-STUNIPD0350,UNIPD/PSP,15951.337,0.07,127495.725,0.07
sub-STUNIPD0352,UNIPD/PSP,14363.506,0.063,114768.949,0.063
sub-STUNIPD0353,UNIPD/PSP,5146.685,0.023,41179.421,0.023
sub-STUNIPD0355,UNIPD/PSP,1737.691,0.008,13920.079,0.008
sub-STUNIPD0357,UNIPD/PSP,56828.32,0.249,454549.658,0.249
sub-STUNIPD0358,UNIPD/PSP,18459.14,0.081,147568.281,0.081
sub-STUNIPD0359,UNIPD/PSP,68.545,0.0,548.281,0.0
sub-STUNIPD0360,UNIPD/PSP,56853.028,0.249,454661.163,0.249
sub-STUNIPD0361,UNIPD/PSP,1330.59,0.006,10654.371,0.006
sub-STUNIPD0366,UNIPD/PSP,2666.826,0.012,21309.725,0.012
sub-STUNIPD0368,UNIPD/PSP,42874.916,0.188,342807.899,0.188
sub-STUNIPD0369,UNIPD/PSP,8866.152,0.039,70904.382,0.039
sub-STUNIPD0371,UNIPD/PSP,26796.213,0.117,214245.545,0.117
sub-STUNIPD0372,UNIPD/PSP,14100.966,0.062,112813.197,0.062
sub-STUNIPD0373,UNIPD/PSP,13865.034,0.061,110832.978,0.061
sub-STUNIPD0375,UNIPD/PSP,2119.169,0.009,16929.045,0.009
sub-STUNIPD0376,UNIPD/PSP,8418.056,0.037,67271.219,0.037
sub-STUNIPD0377,UNIPD/PSP,6108.646,0.027,48882.539,0.027
sub-STUNIPD0378,UNIPD/PSP,6820.59,0.03,54548.124,0.03
sub-STUNIPD0380,UNIPD/PSP,18333.23,0.08,146552.388,0.08
sub-STUNIPD0381,UNIPD/PSP,14364.427,0.063,114797.657,0.063
sub-STUNIPD0383,UNIPD/PSP,18188.208,0.08,145402.09,0.08
sub-STUNIPD0384,UNIPD/PSP,6739.82,0.029,53925.86,0.03
sub-STUNIPD0386,UNIPD/PSP,51078.714,0.224,408342.332,0.223
sub-STUNIPD0387,UNIPD/PSP,9138.483,0.04,73015.129,0.04
sub-STUNIPD0388,UNIPD/PSP,14708.197,0.064,117597.247,0.064
sub-STUNIPD0389,UNIPD/PSP,2720.494,0.012,21762.899,0.012
sub-STUNIPD0390,UNIPD/PSP,50267.303,0.22,401951.798,0.22
sub-STUNIPD0391,UNIPD/PSP,2368.067,0.01,18921.096,0.01
sub-STUNIPD0392,UNIPD/PSP,9611.382,0.042,76763.528,0.042
sub-STUNIPD0393,UNIPD/PSP,10098.579,0.044,80674.877,0.044
sub-STUNIPD0394,UNIPD/PSP,12136.837,0.053,97112.371,0.053
sub-STUNIPD0395,UNIPD/PSP,7263.528,0.032,58108.539,0.032
sub-STUNIPD0396,UNIPD/PSP,48264.697,0.211,385954.242,0.211
sub-STUNIPD0397,UNIPD/PSP,2827.287,0.012,22532.938,0.012
sub-STUNIPD0399,UNIPD/PSP,4135.646,0.018,32999.674,0.018
sub-STUNIPD0400,UNIPD/PSP,14733.702,0.064,117697.039,0.064
sub-STUNIPD0401,UNIPD/PSP,23065.045,0.101,184433.708,0.101
sub-STUNIPD0402,UNIPD/PSP,7588.579,0.033,60687.039,0.033
sub-STUNIPD0403,UNIPD/PSP,3628.388,0.016,29024.455,0.016
sub-STUNIPD0405,UNIPD/PSP,25653.36,0.112,205132.837,0.112
sub-STUNIPD0407,UNIPD/PSP,2056.174,0.009,16463.483,0.009
sub-STUNIPD0408,UNIPD/PSP,38181.758,0.167,305294.697,0.167
sub-STUNIPD0410,UNIPD/PSP,41330.556,0.181,330547.202,0.181
sub-STUNIPD0412,UNIPD/PSP,6253.303,0.027,50009.461,0.027
sub-STUNIPD0414,UNIPD/PSP,15148.657,0.066,121180.039,0.066
sub-STUNIPD0416,UNIPD/PSP,7164.202,0.031,57182.466,0.031
sub-STUNIPD0417,UNIPD/PSP,7622.034,0.033,60955.225,0.033
sub-STUNIPD0418,UNIPD/PSP,11978.343,0.052,95748.152,0.052
sub-STUNIPD0419,UNIPD/PSP,17425.449,0.076,139297.135,0.076
sub-STUNIPD0420,UNIPD/PSP,7804.084,0.034,62426.343,0.034
sub-STUNIPD0422,UNIPD/PSP,4933.079,0.022,39449.287,0.022
sub-STUNIPD0423,UNIPD/PSP,9591.416,0.042,76629.629,0.042
sub-STUNIPD0424,UNIPD/PSP,52602.163,0.23,420593.686,0.23
sub-STUNIPD0426,UNIPD/PSP,16476.489,0.072,131760.427,0.072
sub-STUNIPD0429,UNIPD/PSP,20282.107,0.089,162111.725,0.089
sub-STUNIPD0432,UNIPD/PSP,10695.775,0.047,85530.208,0.047
sub-STUNIPD0433,UNIPD/PSP,15089.191,0.066,120710.298,0.066
sub-STUNIPD0435,UNIPD/PSP,6769.107,0.03,54181.809,0.03
sub-STUNIPD0436,UNIPD/PSP,7103.77,0.031,56846.657,0.031
sub-STUNIPD0437,UNIPD/PSP,23135.421,0.101,184964.495,0.101
sub-STUNIPD0438,UNIPD/PSP,17852.478,0.078,142731.489,0.078
sub-STUNIPD0439,UNIPD/PSP,17655.062,0.077,141228.674,0.077
sub-STUNIPD0441,UNIPD/PSP,3602.017,0.016,28815.393,0.016
sub-STUNIPD0445,UNIPD/PSP,2171.803,0.01,17365.405,0.01
sub-STUNIPD0446,UNIPD/PSP,650.163,0.003,5203.185,0.003
sub-STUNIPD0447,UNIPD/PSP,50168.725,0.22,401125.95,0.22
sub-STUNIPD0449,UNIPD/PSP,2126.837,0.009,16989.287,0.009
sub-STUNIPD0450,UNIPD/PSP,1829.438,0.008,14649.27,0.008
sub-STUNIPD0451,UNIPD/PSP,2886.236,0.013,23029.522,0.013
sub-STUNIPD0453,UNIPD/PSP,19038.461,0.083,152242.303,0.083
sub-STUNIPD0454,UNIPD/PSP,5711.242,0.025,45728.955,0.025
sub-STUNIPD0456,UNIPD/PSP,10553.331,0.046,84433.174,0.046
sub-STUNIPD0459,UNIPD/PSP,19762.781,0.086,157977.882,0.086
sub-STUNIPD0463,UNIPD/PSP,3285.466,0.014,26326.607,0.014
sub-STUNIPD0466,UNIPD/PSP,13688.618,0.06,109548.994,0.06
sub-STUNIPD0467,UNIPD/PSP,14789.315,0.065,118258.107,0.065
sub-STUNIPD0472,UNIPD/PSP,28969.657,0.127,231632.112,0.127
sub-STUNIPD0473,UNIPD/PSP,12589.713,0.055,100622.989,0.055
sub-STUNIPD0474,UNIPD/PSP,5247.298,0.023,42029.326,0.023
sub-STUNIPD0475,UNIPD/PSP,16851.478,0.074,134705.152,0.074
sub-STUNIPD0476,UNIPD/PSP,5445.225,0.024,43570.056,0.024
sub-STUNIPD0477,UNIPD/PSP,30684.646,0.134,245420.096,0.134
sub-STUNIPD0483,UNIPD/PSP,46414.854,0.203,371196.101,0.203
sub-STUNIPD0485,UNIPD/PSP,29347.466,0.128,234770.354,0.128
sub-STUNIPD0486,UNIPD/PSP,4970.994,0.022,39755.871,0.022
sub-STUNIPD0487,UNIPD/PSP,6985.562,0.031,55889.725,0.031
sub-STUKLFR0001,UKLFR/stroke_UKLFR,25875.337,0.113,206948.646,0.113
sub-STUKLFR0002,UKLFR/stroke_UKLFR,21361.916,0.093,170852.775,0.094
sub-STUKLFR0003,UKLFR/stroke_UKLFR,4676.112,0.02,37391.107,0.02
sub-STUKLFR0004,UKLFR/stroke_UKLFR,2801.798,0.012,22321.096,0.012
sub-STUKLFR0005,UKLFR/stroke_UKLFR,6807.438,0.03,54468.961,0.03
sub-STUKLFR0006,UKLFR/stroke_UKLFR,5643.18,0.025,45129.258,0.025
sub-STUKLFR0007,UKLFR/stroke_UKLFR,6640.669,0.029,53092.079,0.029
sub-STUKLFR0008,UKLFR/stroke_UKLFR,36041.393,0.158,288172.028,0.158
sub-STUKLFR0009,UKLFR/stroke_UKLFR,17875.213,0.078,142942.174,0.078
sub-STUKLFR0010,UKLFR/stroke_UKLFR,7885.528,0.035,63010.792,0.034
sub-STUKLFR0011,UKLFR/stroke_UKLFR,11197.011,0.049,89502.927,0.049
sub-STUKLFR0012,UKLFR/stroke_UKLFR,10473.298,0.046,83656.719,0.046
sub-STUKLFR0013,UKLFR/stroke_UKLFR,8842.427,0.039,70695.573,0.039
sub-STUKLFR0014,UKLFR/stroke_UKLFR,21403.331,0.094,171171.129,0.094
sub-STUKLFR0015,UKLFR/stroke_UKLFR,8341.545,0.037,66753.444,0.037
sub-STUKLFR0016,UKLFR/stroke_UKLFR,12374.792,0.054,98958.096,0.054
sub-STUKLFR0017,UKLFR/stroke_UKLFR,18758.68,0.082,149923.702,0.082
sub-STUKLFR0018,UKLFR/stroke_UKLFR,10460.258,0.046,83615.354,0.046
sub-STUKLFR0019,UKLFR/stroke_UKLFR,6239.59,0.027,49907.101,0.027
sub-STUKLFR0020,UKLFR/stroke_UKLFR,247.725,0.001,1980.708,0.001
sub-STUKLFR0021,UKLFR/stroke_UKLFR,2747.213,0.012,21893.129,0.012
sub-STUKLFR0022,UKLFR/stroke_UKLFR,22022.68,0.096,176018.545,0.096
sub-STUKLFR0023,UKLFR/stroke_UKLFR,12706.298,0.056,101556.792,0.056
sub-STUKLFR0024,UKLFR/stroke_UKLFR,5990.708,0.026,47926.781,0.026
sub-STUKLFR0025,UKLFR/stroke_UKLFR,35151.124,0.154,281041.781,0.154
sub-STUKLFR0026,UKLFR/stroke_UKLFR,28996.972,0.127,231880.186,0.127
sub-STUKLFR0027,UKLFR/stroke_UKLFR,4254.865,0.019,34018.5,0.019
sub-STUKLFR0028,UKLFR/stroke_UKLFR,7060.011,0.031,56511.663,0.031
sub-STUKLFR0029,UKLFR/stroke_UKLFR,1146.854,0.005,9154.478,0.005
sub-STUKLFR0031,UKLFR/stroke_UKLFR,11943.348,0.052,95492.169,0.052
sub-STUKLFR0032,UKLFR/stroke_UKLFR,24752.91,0.108,197900.433,0.108
sub-STUKLFR0033,UKLFR/stroke_UKLFR,5863.91,0.026,46857.792,0.026
sub-STUKLFR0034,UKLFR/stroke_UKLFR,5365.876,0.023,42904.517,0.023
sub-STUKLFR0035,UKLFR/stroke_UKLFR,2521.045,0.011,20158.174,0.011
sub-STUKLFR0036,UKLFR/stroke_UKLFR,6238.011,0.027,49839.135,0.027
sub-STUKLFR0037,UKLFR/stroke_UKLFR,9626.399,0.042,76940.028,0.042
sub-STUKLFR0038,UKLFR/stroke_UKLFR,16825.528,0.074,134517.028,0.074
sub-STUKLFR0039,UKLFR/stroke_UKLFR,3721.23,0.016,29775.405,0.016
sub-STUKLFR0040,UKLFR/stroke_UKLFR,28526.096,0.125,227980.146,0.125
sub-STUKLFR0041,UKLFR/stroke_UKLFR,24897.416,0.109,199027.281,0.109
sub-STUKLFR0042,UKLFR/stroke_UKLFR,6915.522,0.03,55301.562,0.03
sub-STUKLFR0043,UKLFR/stroke_UKLFR,3040.084,0.013,24235.933,0.013
sub-STUKLFR0044,UKLFR/stroke_UKLFR,2124.258,0.009,16948.067,0.009
sub-STUKLFR0045,UKLFR/stroke_UKLFR,3613.803,0.016,28914.725,0.016
sub-STUKLFR0046,UKLFR/stroke_UKLFR,27943.702,0.122,223459.084,0.122
sub-STUKLFR0048,UKLFR/stroke_UKLFR,9200.011,0.04,73526.652,0.04
sub-STUKLFR0049,UKLFR/stroke_UKLFR,2521.545,0.011,20183.41,0.011
sub-STUKLFR0050,UKLFR/stroke_UKLFR,8775.022,0.038,70124.91,0.038
sub-STUKLFR0051,UKLFR/stroke_UKLFR,6031.472,0.026,48219.781,0.026
sub-STUKLFR0052,UKLFR/stroke_UKLFR,12861.36,0.056,102853.994,0.056
sub-STUKLFR0053,UKLFR/stroke_UKLFR,20032.365,0.088,160206.039,0.088
sub-STUKLFR0054,UKLFR/stroke_UKLFR,15313.213,0.067,122464.365,0.067
sub-STUKLFR0055,UKLFR/stroke_UKLFR,17743.371,0.078,141825.747,0.078
sub-STUKLFR0057,UKLFR/stroke_UKLFR,9270.073,0.041,74133.399,0.041
sub-STUKLFR0058,UKLFR/stroke_UKLFR,17498.326,0.077,139731.657,0.076
sub-STUKLFR0059,UKLFR/stroke_UKLFR,8224.32,0.036,65662.573,0.036
sub-STUKLFR0060,UKLFR/stroke_UKLFR,4351.039,0.019,34771.82,0.019
sub-STUKLFR0061,UKLFR/stroke_UKLFR,22271.511,0.097,178113.584,0.097
sub-STUKLFR0063,UKLFR/stroke_UKLFR,10476.944,0.046,83679.292,0.046
sub-STUKLFR0064,UKLFR/stroke_UKLFR,19530.916,0.085,156234.101,0.086
sub-STUKLFR0065,UKLFR/stroke_UKLFR,19209.303,0.084,153638.506,0.084
sub-STUKLFR0066,UKLFR/stroke_UKLFR,10731.466,0.047,85832.219,0.047
sub-STUKLFR0067,UKLFR/stroke_UKLFR,22642.185,0.099,181056.388,0.099
sub-STUKLFR0068,UKLFR/stroke_UKLFR,4297.0,0.019,34302.685,0.019
sub-STUKLFR0070,UKLFR/stroke_UKLFR,6200.438,0.027,49565.478,0.027
sub-STUKLFR0071,UKLFR/stroke_UKLFR,11331.719,0.05,90531.242,0.05
sub-STUKLFR0072,UKLFR/stroke_UKLFR,3837.539,0.017,30680.118,0.017
sub-STUKLFR0073,UKLFR/stroke_UKLFR,16952.826,0.074,135587.905,0.074
sub-STUKLFR0074,UKLFR/stroke_UKLFR,23800.674,0.104,190337.101,0.104
sub-STUKLFR0075,UKLFR/stroke_UKLFR,22774.169,0.1,182068.899,0.1
sub-STUKLFR0076,UKLFR/stroke_UKLFR,18361.455,0.08,146797.219,0.08
sub-STUKLFR0077,UKLFR/stroke_UKLFR,9114.14,0.04,72798.129,0.04
sub-STUKLFR0078,UKLFR/stroke_UKLFR,18996.107,0.083,151939.18,0.083
sub-STUKLFR0080,UKLFR/stroke_UKLFR,3040.343,0.013,24292.281,0.013
sub-STUKLFR0081,UKLFR/stroke_UKLFR,12293.579,0.054,98328.843,0.054
sub-STUKLFR0082,UKLFR/stroke_UKLFR,10401.719,0.046,83086.618,0.045
sub-STUKLFR0083,UKLFR/stroke_UKLFR,2036.764,0.009,16303.472,0.009
sub-STUKLFR0084,UKLFR/stroke_UKLFR,28855.405,0.126,230774.562,0.126
sub-STUKLFR0086,UKLFR/stroke_UKLFR,27589.056,0.121,220571.382,0.121
sub-STUKLFR0087,UKLFR/stroke_UKLFR,41607.629,0.182,332743.955,0.182
sub-STUKLFR0088,UKLFR/stroke_UKLFR,19701.848,0.086,157542.225,0.086
sub-STUKLFR0089,UKLFR/stroke_UKLFR,11229.68,0.049,89717.837,0.049
sub-STUKLFR0090,UKLFR/stroke_UKLFR,4417.438,0.019,35244.899,0.019
sub-STUKLFR0091,UKLFR/stroke_UKLFR,9904.691,0.043,79184.758,0.043
sub-STUKLFR0092,UKLFR/stroke_UKLFR,4110.213,0.018,32888.472,0.018
sub-STUKLFR0093,UKLFR/stroke_UKLFR,33777.747,0.148,270083.607,0.148
sub-STUKLFR0094,UKLFR/stroke_UKLFR,16947.933,0.074,135500.803,0.074
sub-STUKLFR0095,UKLFR/stroke_UKLFR,8526.483,0.037,68150.624,0.037
sub-STUKLFR0096,UKLFR/stroke_UKLFR,6375.315,0.028,50977.73,0.028
sub-STUKLFR0097,UKLFR/stroke_UKLFR,7233.343,0.032,57837.646,0.032
sub-STUKLFR0098,UKLFR/stroke_UKLFR,4675.775,0.02,37380.708,0.02
sub-STUKLFR0099,UKLFR/stroke_UKLFR,21970.657,0.096,175694.433,0.096
sub-STUKLFR0100,UKLFR/stroke_UKLFR,30001.444,0.131,239828.686,0.131
sub-STUKLFR0101,UKLFR/stroke_UKLFR,14599.596,0.064,116668.427,0.064
sub-STUKLFR0102,UKLFR/stroke_UKLFR,4862.14,0.021,38888.815,0.021
sub-STUKLFR0103,UKLFR/stroke_UKLFR,9061.865,0.04,72435.742,0.04
sub-STUKLFR0104,UKLFR/stroke_UKLFR,5045.994,0.022,40356.876,0.022
sub-STUKLFR0105,UKLFR/stroke_UKLFR,22326.579,0.098,178416.45,0.098
sub-STUKLFR0106,UKLFR/stroke_UKLFR,22932.326,0.1,183403.152,0.1
sub-STUKLFR0107,UKLFR/stroke_UKLFR,5508.298,0.024,44073.056,0.024
sub-STUKLFR0108,UKLFR/stroke_UKLFR,579.365,0.003,4627.421,0.003
sub-STUKLFR0109,UKLFR/stroke_UKLFR,1479.449,0.006,11802.034,0.006
sub-STUKLFR0110,UKLFR/stroke_UKLFR,16361.742,0.072,130834.983,0.072
sub-STUKLFR0111,UKLFR/stroke_UKLFR,5816.961,0.025,46522.629,0.025
sub-STUKLFR0112,UKLFR/stroke_UKLFR,7402.253,0.032,59102.303,0.032
sub-STUKLFR0113,UKLFR/stroke_UKLFR,2760.354,0.012,22075.039,0.012
sub-STUKLFR0114,UKLFR/stroke_UKLFR,33839.601,0.148,270459.539,0.148
sub-STUKLFR0115,UKLFR/stroke_UKLFR,22250.107,0.097,177872.832,0.097
sub-STUKLFR0116,UKLFR/stroke_UKLFR,1462.803,0.006,11706.472,0.006
sub-STUKLFR0117,UKLFR/stroke_UKLFR,17965.028,0.079,143619.084,0.079
sub-STUKLFR0118,UKLFR/stroke_UKLFR,9272.798,0.041,74085.86,0.041
sub-STUKLFR0119,UKLFR/stroke_UKLFR,19360.59,0.085,154803.641,0.085
sub-STUKLFR0120,UKLFR/stroke_UKLFR,10119.416,0.044,80915.45,0.044
sub-STUKLFR0121,UKLFR/stroke_UKLFR,24357.955,0.107,194700.242,0.107
sub-STUKLFR0122,UKLFR/stroke_UKLFR,5093.725,0.022,40734.393,0.022
sub-STUKLFR0123,UKLFR/stroke_UKLFR,29206.36,0.128,233540.629,0.128
sub-STUKLFR0124,UKLFR/stroke_UKLFR,17521.522,0.077,140085.315,0.077
sub-STUKLFR0125,UKLFR/stroke_UKLFR,20382.169,0.089,162959.197,0.089
sub-STUKLFR0126,UKLFR/stroke_UKLFR,20967.567,0.092,167719.697,0.092
sub-STUKLFR0127,UKLFR/stroke_UKLFR,7379.747,0.032,59012.539,0.032
sub-STUKLFR0128,UKLFR/stroke_UKLFR,30993.944,0.136,247801.017,0.136
sub-STUKLFR0129,UKLFR/stroke_UKLFR,9659.337,0.042,77102.073,0.042
sub-STUKLFR0130,UKLFR/stroke_UKLFR,11836.09,0.052,94618.938,0.052
sub-STUKLFR0132,UKLFR/stroke_UKLFR,8661.5,0.038,69236.062,0.038
sub-STUKLFR0133,UKLFR/stroke_UKLFR,4751.174,0.021,37965.399,0.021
sub-STUKLFR0134,UKLFR/stroke_UKLFR,1020.669,0.004,8172.253,0.004
sub-STUKLFR0135,UKLFR/stroke_UKLFR,1980.478,0.009,15797.798,0.009
sub-STUKLFR0136,UKLFR/stroke_UKLFR,31486.365,0.138,251750.124,0.138
sub-STUKLFR0137,UKLFR/stroke_UKLFR,13049.955,0.057,104359.18,0.057
sub-STUKLFR0138,UKLFR/stroke_UKLFR,19152.36,0.084,152995.135,0.084
sub-STUKLFR0139,UKLFR/stroke_UKLFR,15526.545,0.068,124137.18,0.068
sub-STUKLFR0140,UKLFR/stroke_UKLFR,2839.534,0.012,22655.938,0.012
sub-STUKLFR0142,UKLFR/stroke_UKLFR,4438.5,0.019,35425.511,0.019
sub-STUKLFR0143,UKLFR/stroke_UKLFR,5981.781,0.026,47804.77,0.026
sub-STUKLFR0144,UKLFR/stroke_UKLFR,10726.034,0.047,85734.36,0.047
sub-STUKLFR0146,UKLFR/stroke_UKLFR,3537.803,0.015,28339.017,0.016
sub-STUKLFR0147,UKLFR/stroke_UKLFR,36337.82,0.159,290468.927,0.159
sub-STUKLFR0148,UKLFR/stroke_UKLFR,21247.219,0.093,169902.281,0.093
sub-STUKLFR0149,UKLFR/stroke_UKLFR,1647.101,0.007,13167.831,0.007
sub-STUKLFR0150,UKLFR/stroke_UKLFR,22571.59,0.099,180462.219,0.099
sub-STUKLFR0151,UKLFR/stroke_UKLFR,21443.101,0.094,171430.882,0.094
sub-STUKLFR0152,UKLFR/stroke_UKLFR,29274.837,0.128,234075.399,0.128
sub-STUKLFR0153,UKLFR/stroke_UKLFR,4839.326,0.021,38695.635,0.021
sub-STUKLFR0154,UKLFR/stroke_UKLFR,5539.927,0.024,44318.803,0.024
sub-STUKLFR0155,UKLFR/stroke_UKLFR,18793.657,0.082,150275.635,0.082
sub-STUKLFR0156,UKLFR/stroke_UKLFR,3258.528,0.014,26016.663,0.014
sub-STUKLFR0157,UKLFR/stroke_UKLFR,21337.191,0.093,170631.888,0.093
sub-STUKLFR0158,UKLFR/stroke_UKLFR,31598.596,0.138,252702.607,0.138
sub-STUKLFR0159,UKLFR/stroke_UKLFR,3096.916,0.014,24690.483,0.014
sub-STUKLFR0160,UKLFR/stroke_UKLFR,10383.787,0.045,83098.562,0.045
sub-STUKLFR0161,UKLFR/stroke_UKLFR,19025.157,0.083,152157.354,0.083
sub-STUKLFR0163,UKLFR/stroke_UKLFR,9963.326,0.044,79713.23,0.044
sub-STUKLFR0164,UKLFR/stroke_UKLFR,17024.376,0.075,136074.551,0.074
sub-STUKLFR0165,UKLFR/stroke_UKLFR,16751.051,0.073,133947.978,0.073
sub-STUKLFR0166,UKLFR/stroke_UKLFR,7453.669,0.033,59616.011,0.033
sub-STUKLFR0167,UKLFR/stroke_UKLFR,4748.534,0.021,37913.478,0.021
sub-STUKLFR0168,UKLFR/stroke_UKLFR,13568.68,0.059,108524.292,0.059
sub-STUKLFR0169,UKLFR/stroke_UKLFR,32549.573,0.142,260260.725,0.142
sub-STUKLFR0170,UKLFR/stroke_UKLFR,6462.157,0.028,51689.489,0.028
sub-STUKLFR0171,UKLFR/stroke_UKLFR,3058.416,0.013,24329.719,0.013
sub-STUKLFR0172,UKLFR/stroke_UKLFR,33721.421,0.148,269563.146,0.148
sub-STUKLFR0173,UKLFR/stroke_UKLFR,32440.118,0.142,259365.545,0.142
sub-STUKLFR0174,UKLFR/stroke_UKLFR,1476.517,0.006,11758.91,0.006
sub-STUKLFR0175,UKLFR/stroke_UKLFR,4403.882,0.019,35226.916,0.019
sub-STUKLFR0176,UKLFR/stroke_UKLFR,12844.034,0.056,102678.612,0.056
sub-STUKLFR0177,UKLFR/stroke_UKLFR,2237.107,0.01,17874.017,0.01
sub-STUKLFR0178,UKLFR/stroke_UKLFR,6728.876,0.029,53815.612,0.029
sub-STUKLFR0179,UKLFR/stroke_UKLFR,9691.084,0.042,77444.18,0.042
sub-STUKLFR0180,UKLFR/stroke_UKLFR,19158.972,0.084,153200.714,0.084
sub-STUKLFR0181,UKLFR/stroke_UKLFR,14021.506,0.061,112096.657,0.061
sub-STUKLFR0182,UKLFR/stroke_UKLFR,5008.118,0.022,40079.191,0.022
sub-STUKLFR0183,UKLFR/stroke_UKLFR,14579.079,0.064,116563.455,0.064
sub-STUKLFR0185,UKLFR/stroke_UKLFR,20593.803,0.09,164636.444,0.09
sub-STUKLFR0186,UKLFR/stroke_UKLFR,31778.517,0.139,254120.674,0.139
sub-STUKLFR0187,UKLFR/stroke_UKLFR,23916.573,0.105,191252.107,0.105
sub-STUKLFR0188,UKLFR/stroke_UKLFR,29489.747,0.129,235828.961,0.129
sub-STUKLFR0189,UKLFR/stroke_UKLFR,4580.09,0.02,36626.579,0.02
sub-STUKLFR0190,UKLFR/stroke_UKLFR,21737.556,0.095,173897.067,0.095
sub-STUKLFR0191,UKLFR/stroke_UKLFR,11815.36,0.052,94447.843,0.052
sub-STUKLFR0192,UKLFR/stroke_UKLFR,20536.337,0.09,164237.657,0.09
sub-STUKLFR0193,UKLFR/stroke_UKLFR,12602.64,0.055,100755.927,0.055
sub-STUKLFR0194,UKLFR/stroke_UKLFR,6914.612,0.03,55182.281,0.03
sub-STUKLFR0195,UKLFR/stroke_UKLFR,17604.225,0.077,140717.978,0.077
sub-STUKLFR0196,UKLFR/stroke_UKLFR,9276.691,0.041,74205.112,0.041
sub-STUKLFR0197,UKLFR/stroke_UKLFR,10411.803,0.046,83244.848,0.046
sub-STUKLFR0198,UKLFR/stroke_UKLFR,5027.905,0.022,40228.832,0.022
sub-STUKLFR0199,UKLFR/stroke_UKLFR,8296.545,0.036,66278.618,0.036
sub-STUKLFR0200,UKLFR/stroke_UKLFR,4686.747,0.021,37478.871,0.021
sub-STUKLFR0201,UKLFR/stroke_UKLFR,48604.376,0.213,388681.405,0.213
sub-STUKLFR0202,UKLFR/stroke_UKLFR,5751.444,0.025,45965.775,0.025
sub-STUKLFR0203,UKLFR/stroke_UKLFR,20813.77,0.091,166410.309,0.091
sub-STUKLFR0204,UKLFR/stroke_UKLFR,20782.584,0.091,166156.528,0.091
sub-STUKLFR0205,UKLFR/stroke_UKLFR,15156.792,0.066,121224.073,0.066
sub-STUKLFR0206,UKLFR/stroke_UKLFR,17627.219,0.077,140848.438,0.077
sub-STUKLFR0207,UKLFR/stroke_UKLFR,11605.933,0.051,92742.045,0.051
sub-STUKLFR0208,UKLFR/stroke_UKLFR,35471.91,0.155,283646.258,0.155
sub-STUKLFR0209,UKLFR/stroke_UKLFR,20673.989,0.09,165300.191,0.09
sub-STUKLFR0210,UKLFR/stroke_UKLFR,20677.208,0.09,165298.579,0.09
sub-STUKLFR0211,UKLFR/stroke_UKLFR,8160.399,0.036,65250.073,0.036
sub-STUKLFR0212,UKLFR/stroke_UKLFR,2371.343,0.01,18990.539,0.01
sub-STUKLFR0213,UKLFR/stroke_UKLFR,23724.062,0.104,189674.877,0.104
sub-STUKLFR0214,UKLFR/stroke_UKLFR,18634.309,0.082,148885.674,0.081
sub-STUKLFR0215,UKLFR/stroke_UKLFR,21306.258,0.093,170318.663,0.093
sub-STUKLFR0216,UKLFR/stroke_UKLFR,1744.14,0.008,13895.466,0.008
sub-STUKLFR0217,UKLFR/stroke_UKLFR,12942.59,0.057,103531.568,0.057
sub-STUKLFR0218,UKLFR/stroke_UKLFR,4024.933,0.018,32242.596,0.018
sub-STUKLFR0219,UKLFR/stroke_UKLFR,8479.989,0.037,67777.466,0.037
sub-STUKLFR0220,UKLFR/stroke_UKLFR,14177.298,0.062,113392.77,0.062
sub-STUKLFR0221,UKLFR/stroke_UKLFR,9590.23,0.042,76722.635,0.042
sub-STUKLFR0222,UKLFR/stroke_UKLFR,3036.736,0.013,24261.657,0.013
sub-STUKLFR0223,UKLFR/stroke_UKLFR,14314.309,0.063,114474.348,0.063
sub-STUKLFR0224,UKLFR/stroke_UKLFR,9320.747,0.041,74443.202,0.041
sub-STUKLFR0225,UKLFR/stroke_UKLFR,8692.056,0.038,69485.601,0.038
sub-STUKLFR0226,UKLFR/stroke_UKLFR,10359.854,0.045,82813.517,0.045
sub-STUKLFR0227,UKLFR/stroke_UKLFR,11088.208,0.049,88684.174,0.049
sub-STUKLFR0228,UKLFR/stroke_UKLFR,8824.0,0.039,70502.916,0.039
sub-STUKLFR0229,UKLFR/stroke_UKLFR,43196.388,0.189,345361.371,0.189
sub-STUKLFR0230,UKLFR/stroke_UKLFR,21435.753,0.094,171367.011,0.094
sub-STUKLFR0231,UKLFR/stroke_UKLFR,12440.59,0.054,99478.618,0.054
sub-STUKLFR0232,UKLFR/stroke_UKLFR,5611.601,0.025,44855.629,0.025
sub-STUKLFR0233,UKLFR/stroke_UKLFR,19119.691,0.084,152919.826,0.084
sub-STUKLFR0234,UKLFR/stroke_UKLFR,6238.405,0.027,49880.045,0.027
sub-STUKLFR0235,UKLFR/stroke_UKLFR,2268.994,0.01,18147.017,0.01
sub-STUKLFR0236,UKLFR/stroke_UKLFR,13112.629,0.057,104864.09,0.057
sub-STUKLFR0237,UKLFR/stroke_UKLFR,19670.433,0.086,157238.433,0.086
sub-STUKLFR0238,UKLFR/stroke_UKLFR,39846.41,0.174,318638.236,0.174
sub-STUKLFR0239,UKLFR/stroke_UKLFR,22091.129,0.097,176561.129,0.097
sub-STUKLFR0240,UKLFR/stroke_UKLFR,23977.298,0.105,191710.809,0.105
sub-STUKLFR0241,UKLFR/stroke_UKLFR,23825.399,0.104,190471.77,0.104
sub-STUKLFR0242,UKLFR/stroke_UKLFR,2124.91,0.009,16966.938,0.009
sub-STUKLFR0243,UKLFR/stroke_UKLFR,6146.652,0.027,49110.528,0.027
sub-STUKLFR0244,UKLFR/stroke_UKLFR,12101.191,0.053,96796.871,0.053
sub-STUKLFR0245,UKLFR/stroke_UKLFR,2343.635,0.01,18724.792,0.01
sub-STUKLFR0246,UKLFR/stroke_UKLFR,1319.107,0.006,10540.202,0.006
sub-STUKLFR0247,UKLFR/stroke_UKLFR,25420.079,0.111,203233.837,0.111
sub-STUKLFR0248,UKLFR/stroke_UKLFR,7054.882,0.031,56374.315,0.031
sub-STUKLFR0249,UKLFR/stroke_UKLFR,3992.337,0.017,31954.129,0.017
sub-STUKLFR0250,UKLFR/stroke_UKLFR,20268.124,0.089,162052.068,0.089
sub-STUKLFR0251,UKLFR/stroke_UKLFR,5805.601,0.025,46373.652,0.025
sub-STUKLFR0252,UKLFR/stroke_UKLFR,23219.556,0.102,185632.528,0.102
sub-STUKLFR0253,UKLFR/stroke_UKLFR,3530.871,0.015,28203.86,0.015
sub-STUKLFR0254,UKLFR/stroke_UKLFR,2060.792,0.009,16496.18,0.009
sub-STUKLFR0255,UKLFR/stroke_UKLFR,15019.848,0.066,119975.017,0.066
sub-STUKLFR0256,UKLFR/stroke_UKLFR,46228.343,0.202,369705.208,0.202
sub-STUKLFR0257,UKLFR/stroke_UKLFR,5101.82,0.022,40715.028,0.022
sub-STUKLFR0258,UKLFR/stroke_UKLFR,43008.534,0.188,343919.416,0.188
sub-STUKLFR0259,UKLFR/stroke_UKLFR,13516.112,0.059,108097.669,0.059
sub-STUKLFR0260,UKLFR/stroke_UKLFR,4661.893,0.02,37343.714,0.02
sub-STUKLFR0261,UKLFR/stroke_UKLFR,27686.281,0.121,221264.809,0.121
sub-STUKLFR0262,UKLFR/stroke_UKLFR,57558.36,0.252,460217.944,0.252
sub-STUKLFR0263,UKLFR/stroke_UKLFR,37709.73,0.165,301539.202,0.165
sub-STUKLFR0264,UKLFR/stroke_UKLFR,2803.382,0.012,22432.253,0.012
sub-STUKLFR0265,UKLFR/stroke_UKLFR,8238.208,0.036,65821.961,0.036
sub-STUKLFR0267,UKLFR/stroke_UKLFR,13162.848,0.058,105155.888,0.058
sub-STUKLFR0268,UKLFR/stroke_UKLFR,3631.404,0.016,29012.961,0.016
sub-STUKLFR0269,UKLFR/stroke_UKLFR,3819.567,0.017,30466.556,0.017
sub-STUKLFR0270,UKLFR/stroke_UKLFR,20047.011,0.088,160277.528,0.088
sub-STUKLFR0271,UKLFR/stroke_UKLFR,17783.405,0.078,142242.77,0.078
sub-STUKLFR0272,UKLFR/stroke_UKLFR,5464.888,0.024,43671.882,0.024
sub-STUKLFR0273,UKLFR/stroke_UKLFR,12629.281,0.055,100949.641,0.055
sub-STUKLFR0274,UKLFR/stroke_UKLFR,2110.534,0.009,16891.41,0.009
sub-STUKLFR0275,UKLFR/stroke_UKLFR,11417.287,0.05,91271.91,0.05
sub-STUKLFR0276,UKLFR/stroke_UKLFR,7146.618,0.031,57095.618,0.031
sub-STUKLFR0277,UKLFR/stroke_UKLFR,1155.978,0.005,9225.067,0.005
sub-STUKLFR0278,UKLFR/stroke_UKLFR,20409.506,0.089,163185.371,0.089
sub-STUKLFR0279,UKLFR/stroke_UKLFR,15759.601,0.069,125984.91,0.069
sub-STUKLFR0280,UKLFR/stroke_UKLFR,4071.135,0.018,32555.551,0.018
sub-STUKLFR0281,UKLFR/stroke_UKLFR,15958.584,0.07,127541.612,0.07
sub-STUKLFR0282,UKLFR/stroke_UKLFR,5670.949,0.025,45339.449,0.025
sub-STUKLFR0283,UKLFR/stroke_UKLFR,14345.798,0.063,114695.292,0.063
sub-STUKLFR0284,UKLFR/stroke_UKLFR,13178.736,0.058,105301.551,0.058
sub-STUKLFR0285,UKLFR/stroke_UKLFR,8356.865,0.037,66805.298,0.037
sub-STUKLFR0286,UKLFR/stroke_UKLFR,24501.225,0.107,195892.034,0.107
sub-STUKLFR0287,UKLFR/stroke_UKLFR,33627.343,0.147,268924.803,0.147
sub-STUKLFR0288,UKLFR/stroke_UKLFR,14680.506,0.064,117326.028,0.064
sub-STUKLFR0289,UKLFR/stroke_UKLFR,3989.888,0.017,31928.466,0.017
sub-STUKLFR0290,UKLFR/stroke_UKLFR,13468.039,0.059,107735.955,0.059
sub-STUKLFR0292,UKLFR/stroke_UKLFR,16305.084,0.071,130327.174,0.071
sub-STUKLFR0293,UKLFR/stroke_UKLFR,7771.421,0.034,62099.421,0.034
sub-STUKLFR0294,UKLFR/stroke_UKLFR,22491.478,0.098,179872.837,0.098
sub-STUKLFR0295,UKLFR/stroke_UKLFR,11643.573,0.051,93080.174,0.051
sub-STUKLFR0296,UKLFR/stroke_UKLFR,9150.14,0.04,73086.787,0.04
sub-STUKLFR0297,UKLFR/stroke_UKLFR,10805.551,0.047,86402.472,0.047
sub-STUKLFR0298,UKLFR/stroke_UKLFR,19383.129,0.085,155052.764,0.085
sub-STUKLFR0299,UKLFR/stroke_UKLFR,13541.433,0.059,108279.77,0.059
sub-STUKLFR0300,UKLFR/stroke_UKLFR,17732.983,0.078,141854.006,0.078
sub-STUKLFR0301,UKLFR/stroke_UKLFR,12757.871,0.056,102027.365,0.056
sub-STUKLFR0302,UKLFR/stroke_UKLFR,17325.596,0.076,138561.815,0.076
sub-STUKLFR0303,UKLFR/stroke_UKLFR,8177.382,0.036,65360.18,0.036
sub-STUKLFR0304,UKLFR/stroke_UKLFR,41892.916,0.183,334918.135,0.183
sub-STUKLFR0305,UKLFR/stroke_UKLFR,4811.388,0.021,38523.831,0.021
sub-STUKLFR0306,UKLFR/stroke_UKLFR,7924.798,0.035,63231.983,0.035
sub-STUKLFR0307,UKLFR/stroke_UKLFR,16096.382,0.07,128668.927,0.07
sub-STUKLFR0308,UKLFR/stroke_UKLFR,23605.848,0.103,188721.495,0.103
sub-STUKLFR0309,UKLFR/stroke_UKLFR,16841.59,0.074,134718.27,0.074
sub-STUKLFR0310,UKLFR/stroke_UKLFR,9433.652,0.041,75394.758,0.041
sub-STUKLFR0311,UKLFR/stroke_UKLFR,4747.011,0.021,37913.59,0.021
sub-STUKLFR0312,UKLFR/stroke_UKLFR,31779.214,0.139,254100.18,0.139
sub-STUKLFR0313,UKLFR/stroke_UKLFR,15604.022,0.068,124779.652,0.068
sub-STUKLFR0314,UKLFR/stroke_UKLFR,10132.545,0.044,81036.803,0.044
sub-STUKLFR0315,UKLFR/stroke_UKLFR,13135.472,0.057,105024.573,0.057
sub-STUKLFR0316,UKLFR/stroke_UKLFR,4730.101,0.021,37787.309,0.021
sub-STUKLFR0317,UKLFR/stroke_UKLFR,7072.528,0.031,56471.0,0.031
sub-STUKLFR0318,UKLFR/stroke_UKLFR,11981.618,0.052,95799.567,0.052
sub-STUKLFR0319,UKLFR/stroke_UKLFR,10688.994,0.047,85439.584,0.047
sub-STUKLFR0320,UKLFR/stroke_UKLFR,12782.702,0.056,102175.927,0.056
sub-STUKLFR0321,UKLFR/stroke_UKLFR,24476.371,0.107,195718.287,0.107
sub-STUKLFR0322,UKLFR/stroke_UKLFR,35416.219,0.155,283214.422,0.155
sub-STUKLFR0323,UKLFR/stroke_UKLFR,2102.264,0.009,16801.73,0.009
sub-STUKLFR0324,UKLFR/stroke_UKLFR,4128.112,0.018,32992.736,0.018
sub-STUKLFR0325,UKLFR/stroke_UKLFR,8302.831,0.036,66375.494,0.036
sub-STUKLFR0326,UKLFR/stroke_UKLFR,17782.472,0.078,142208.017,0.078
sub-STUKLFR0327,UKLFR/stroke_UKLFR,14028.545,0.061,112159.843,0.061
sub-STUKLFR0328,UKLFR/stroke_UKLFR,7282.652,0.032,58199.944,0.032
sub-STUKLFR0329,UKLFR/stroke_UKLFR,48918.983,0.214,391174.051,0.214
sub-STUKLFR0330,UKLFR/stroke_UKLFR,21012.764,0.092,168005.174,0.092
sub-STUKLFR0331,UKLFR/stroke_UKLFR,2756.708,0.012,21958.506,0.012
sub-STUKLFR0332,UKLFR/stroke_UKLFR,18520.135,0.081,148162.483,0.081
sub-STUKLFR0333,UKLFR/stroke_UKLFR,18891.0,0.083,151093.354,0.083
sub-STUKLFR0334,UKLFR/stroke_UKLFR,15751.584,0.069,125938.489,0.069
sub-STUKLFR0335,UKLFR/stroke_UKLFR,19571.787,0.086,156430.674,0.086
sub-STUKLFR0336,UKLFR/stroke_UKLFR,14681.18,0.064,117429.663,0.064
sub-STUKLFR0337,UKLFR/stroke_UKLFR,32177.916,0.141,257262.219,0.141
sub-STUKLFR0338,UKLFR/stroke_UKLFR,32963.084,0.144,263663.978,0.144
sub-STUKLFR0339,UKLFR/stroke_UKLFR,33637.466,0.147,268955.068,0.147
sub-STUKLFR0340,UKLFR/stroke_UKLFR,21981.219,0.096,175752.051,0.096
sub-STUKLFR0341,UKLFR/stroke_UKLFR,6944.584,0.03,55565.051,0.03
sub-STUKLFR0342,UKLFR/stroke_UKLFR,7200.596,0.032,57555.455,0.031
sub-STUKLFR0343,UKLFR/stroke_UKLFR,22531.753,0.099,180153.573,0.099
sub-STUKLFR0344,UKLFR/stroke_UKLFR,17123.219,0.075,136839.899,0.075
sub-STUKLFR0345,UKLFR/stroke_UKLFR,24959.472,0.109,199554.697,0.109
sub-STUKLFR0346,UKLFR/stroke_UKLFR,20208.315,0.088,161601.084,0.088
sub-STUKLFR0347,UKLFR/stroke_UKLFR,25245.247,0.11,201773.141,0.11
sub-STUKLFR0348,UKLFR/stroke_UKLFR,2136.629,0.009,17109.955,0.009
sub-STUKLFR0349,UKLFR/stroke_UKLFR,20333.567,0.089,162495.41,0.089
sub-STUKLFR0350,UKLFR/stroke_UKLFR,28874.41,0.126,230915.978,0.126
sub-STUKLFR0351,UKLFR/stroke_UKLFR,11114.034,0.049,88841.309,0.049
sub-STUKLFR0354,UKLFR/stroke_UKLFR,8027.416,0.035,64146.202,0.035
sub-STUKLFR0355,UKLFR/stroke_UKLFR,16828.466,0.074,134492.708,0.074
sub-STUKLFR0356,UKLFR/stroke_UKLFR,37845.219,0.166,302602.747,0.166
sub-STUKLFR0357,UKLFR/stroke_UKLFR,34112.949,0.149,272732.832,0.149
sub-STUKLFR0358,UKLFR/stroke_UKLFR,6739.022,0.029,53875.427,0.029
sub-STUKLFR0359,UKLFR/stroke_UKLFR,19114.551,0.084,152797.871,0.084
sub-STUKLFR0360,UKLFR/stroke_UKLFR,19103.051,0.084,152827.865,0.084
sub-STUKLFR0361,UKLFR/stroke_UKLFR,42440.399,0.186,339365.354,0.186
sub-STUKLFR0362,UKLFR/stroke_UKLFR,24952.775,0.109,199507.91,0.109
sub-STUKLFR0363,UKLFR/stroke_UKLFR,30343.062,0.133,242550.837,0.133
sub-STUKLFR0364,UKLFR/stroke_UKLFR,19052.073,0.083,152354.124,0.083
sub-STUKLFR0365,UKLFR/stroke_UKLFR,2221.118,0.01,17748.933,0.01
sub-STUKLFR0367,UKLFR/stroke_UKLFR,10527.135,0.046,84170.551,0.046
sub-STUKLFR0368,UKLFR/stroke_UKLFR,19121.989,0.084,152915.758,0.084
sub-STUKLFR0369,UKLFR/stroke_UKLFR,3783.551,0.017,30238.899,0.017
sub-STUKLFR0370,UKLFR/stroke_UKLFR,22144.848,0.097,177073.826,0.097
sub-STUKLFR0371,UKLFR/stroke_UKLFR,26365.539,0.115,210837.759,0.115
sub-STUKLFR0372,UKLFR/stroke_UKLFR,23900.298,0.105,191062.905,0.105
sub-STUKLFR0373,UKLFR/stroke_UKLFR,19170.292,0.084,153206.011,0.084
sub-STUKLFR0374,UKLFR/stroke_UKLFR,3521.208,0.015,28133.978,0.015
sub-STUKLFR0375,UKLFR/stroke_UKLFR,2502.404,0.011,20014.112,0.011
sub-STUKLFR0376,UKLFR/stroke_UKLFR,30514.365,0.134,243982.927,0.134
sub-STUKLFR0377,UKLFR/stroke_UKLFR,21166.028,0.093,169231.826,0.093
sub-STUKLFR0378,UKLFR/stroke_UKLFR,16443.517,0.072,131501.753,0.072
sub-STUKLFR0379,UKLFR/stroke_UKLFR,9004.028,0.039,72000.714,0.039
sub-STUKLFR0380,UKLFR/stroke_UKLFR,13258.022,0.058,106038.938,0.058
sub-STUKLFR0381,UKLFR/stroke_UKLFR,21715.331,0.095,173636.371,0.095
sub-STUKLFR0382,UKLFR/stroke_UKLFR,9805.124,0.043,78459.292,0.043
sub-STUKLFR0383,UKLFR/stroke_UKLFR,6130.399,0.027,49056.208,0.027
sub-STUKLFR0384,UKLFR/stroke_UKLFR,22562.287,0.099,180417.393,0.099
sub-STUKLFR0385,UKLFR/stroke_UKLFR,22216.331,0.097,177627.124,0.097
sub-STUKLFR0386,UKLFR/stroke_UKLFR,18392.539,0.08,147135.725,0.081
sub-STUKLFR0387,UKLFR/stroke_UKLFR,5947.584,0.026,47533.371,0.026
sub-STUKLFR0388,UKLFR/stroke_UKLFR,16141.466,0.071,129108.758,0.071
sub-STUKLFR0389,UKLFR/stroke_UKLFR,17803.073,0.078,142350.669,0.078
sub-STUKLFR0390,UKLFR/stroke_UKLFR,24221.82,0.106,193678.983,0.106
sub-STUKLFR0391,UKLFR/stroke_UKLFR,11901.208,0.052,95105.528,0.052
sub-STUKLFR0392,UKLFR/stroke_UKLFR,39322.146,0.172,314401.641,0.172
sub-STUKLFR0393,UKLFR/stroke_UKLFR,11169.803,0.049,89315.466,0.049
sub-STUKLFR0394,UKLFR/stroke_UKLFR,20715.292,0.091,165636.191,0.091
sub-STUKLFR0395,UKLFR/stroke_UKLFR,11787.77,0.052,94279.292,0.052
sub-STUKLFR0396,UKLFR/stroke_UKLFR,21677.719,0.095,173251.197,0.095
sub-STUKLFR0397,UKLFR/stroke_UKLFR,16251.888,0.071,129979.023,0.071
sub-STUKLFR0398,UKLFR/stroke_UKLFR,11308.169,0.049,90412.607,0.049
sub-STUKLFR0399,UKLFR/stroke_UKLFR,16136.803,0.071,129027.562,0.071
sub-STUKLFR0400,UKLFR/stroke_UKLFR,16858.348,0.074,134800.5,0.074
sub-STUKLFR0401,UKLFR/stroke_UKLFR,26585.14,0.116,212607.725,0.116
sub-STUKLFR0402,UKLFR/stroke_UKLFR,19084.803,0.084,152648.764,0.084
sub-STUKLFR0403,UKLFR/stroke_UKLFR,23776.107,0.104,190043.208,0.104
sub-STUKLFR0404,UKLFR/stroke_UKLFR,15368.174,0.067,122918.809,0.067
sub-STUKLFR0406,UKLFR/stroke_UKLFR,16551.989,0.072,132349.646,0.072
sub-STUKLFR0407,UKLFR/stroke_UKLFR,17454.365,0.076,139521.607,0.076
sub-STUKLFR0408,UKLFR/stroke_UKLFR,4234.444,0.019,33841.871,0.019
sub-STUKLFR0409,UKLFR/stroke_UKLFR,17997.011,0.079,143892.264,0.079
sub-STUKLFR0411,UKLFR/stroke_UKLFR,5984.028,0.026,47817.287,0.026
sub-STUKLFR0412,UKLFR/stroke_UKLFR,22811.287,0.1,182476.758,0.1
sub-STUKLFR0413,UKLFR/stroke_UKLFR,22679.843,0.099,181342.893,0.099
sub-STUKLFR0414,UKLFR/stroke_UKLFR,553.039,0.002,4422.938,0.002
sub-STUKLFR0415,UKLFR/stroke_UKLFR,2769.09,0.012,22146.983,0.012
sub-STUKLFR0416,UKLFR/stroke_UKLFR,9167.972,0.04,73346.888,0.04
sub-STUKLFR0417,UKLFR/stroke_UKLFR,6139.511,0.027,49117.848,0.027
sub-STUKLFR0418,UKLFR/stroke_UKLFR,18570.848,0.081,148552.618,0.081
sub-STUKLFR0419,UKLFR/stroke_UKLFR,28655.876,0.125,229104.753,0.125
sub-STUKLFR0420,UKLFR/stroke_UKLFR,20169.197,0.088,161204.112,0.088
sub-STUKLFR0421,UKLFR/stroke_UKLFR,11075.517,0.048,88527.601,0.048
sub-STUKLFR0422,UKLFR/stroke_UKLFR,40223.461,0.176,321601.669,0.176
sub-STUKLFR0423,UKLFR/stroke_UKLFR,11076.708,0.048,88578.562,0.048
sub-STUKLFR0425,UKLFR/stroke_UKLFR,15091.736,0.066,120637.315,0.066
sub-STUKLFR0426,UKLFR/stroke_UKLFR,17815.427,0.078,142405.303,0.078
sub-STUKLFR0427,UKLFR/stroke_UKLFR,3033.169,0.013,24237.494,0.013
sub-STUKLFR0428,UKLFR/stroke_UKLFR,7515.753,0.033,60040.607,0.033
sub-STUKLFR0430,UKLFR/stroke_UKLFR,20443.562,0.089,163446.961,0.089
sub-STUKLFR0431,UKLFR/stroke_UKLFR,18531.101,0.081,148181.45,0.081
sub-STUKLFR0432,UKLFR/stroke_UKLFR,142.337,0.001,1140.528,0.001
sub-STUKLFR0433,UKLFR/stroke_UKLFR,19207.758,0.084,153540.141,0.084
sub-STUKLFR0434,UKLFR/stroke_UKLFR,18191.242,0.08,145386.775,0.08
sub-STUKLFR0435,UKLFR/stroke_UKLFR,28698.36,0.126,229382.601,0.126
sub-STUKLFR0436,UKLFR/stroke_UKLFR,21372.242,0.094,170910.073,0.094
sub-STUKLFR0437,UKLFR/stroke_UKLFR,10174.011,0.045,81332.427,0.045
sub-STUKLFR0438,UKLFR/stroke_UKLFR,13439.713,0.059,107523.646,0.059
sub-STUKLFR0439,UKLFR/stroke_UKLFR,14505.652,0.063,116014.618,0.063
sub-STUKLFR0440,UKLFR/stroke_UKLFR,40351.781,0.177,322626.798,0.177
sub-STUKLFR0441,UKLFR/stroke_UKLFR,24500.618,0.107,195962.494,0.107
sub-STUKLFR0442,UKLFR/stroke_UKLFR,5723.41,0.025,45800.758,0.025
sub-STUKLFR0443,UKLFR/stroke_UKLFR,19992.848,0.088,159782.135,0.087
sub-STUKLFR0444,UKLFR/stroke_UKLFR,24454.438,0.107,195525.933,0.107
sub-STUKLFR0445,UKLFR/stroke_UKLFR,12338.135,0.054,98639.247,0.054
sub-STUKLFR0446,UKLFR/stroke_UKLFR,6125.326,0.027,48974.781,0.027
sub-STUKLFR0447,UKLFR/stroke_UKLFR,8879.742,0.039,70996.023,0.039
sub-STUKLFR0448,UKLFR/stroke_UKLFR,19445.022,0.085,155556.034,0.085
sub-STUKLFR0449,UKLFR/stroke_UKLFR,19777.202,0.087,158134.809,0.087
sub-STUKLFR0450,UKLFR/stroke_UKLFR,20782.416,0.091,166145.247,0.091
sub-STUKLFR0451,UKLFR/stroke_UKLFR,20906.135,0.091,167088.186,0.091
sub-STUKLFR0452,UKLFR/stroke_UKLFR,2246.028,0.01,17993.472,0.01
sub-STUKLFR0453,UKLFR/stroke_UKLFR,18945.691,0.083,151555.815,0.083
sub-STUKLFR0455,UKLFR/stroke_UKLFR,11206.607,0.049,89647.905,0.049
sub-STUKLFR0456,UKLFR/stroke_UKLFR,26865.022,0.118,214784.663,0.118
sub-STUKLFR0457,UKLFR/stroke_UKLFR,16713.843,0.073,133722.921,0.073
sub-STUKLFR0458,UKLFR/stroke_UKLFR,7454.478,0.033,59561.022,0.033
sub-STUKLFR0459,UKLFR/stroke_UKLFR,9714.843,0.043,77671.174,0.043
sub-STUKLFR0460,UKLFR/stroke_UKLFR,23760.876,0.104,189940.388,0.104
sub-STUKLFR0461,UKLFR/stroke_UKLFR,15710.534,0.069,125607.837,0.069
sub-STUKLFR0462,UKLFR/stroke_UKLFR,26183.506,0.115,209327.315,0.115
sub-STUKLFR0463,UKLFR/stroke_UKLFR,8665.758,0.038,69305.18,0.038
sub-STUKLFR0464,UKLFR/stroke_UKLFR,16131.944,0.071,128973.753,0.071
sub-STUKLFR0465,UKLFR/stroke_UKLFR,27190.983,0.119,217411.584,0.119
sub-STUKLFR0466,UKLFR/stroke_UKLFR,16775.612,0.073,134124.612,0.073
sub-STUKLFR0467,UKLFR/stroke_UKLFR,9070.91,0.04,72521.399,0.04
sub-STUKLFR0468,UKLFR/stroke_UKLFR,3170.921,0.014,25361.635,0.014
sub-STUKLFR0469,UKLFR/stroke_UKLFR,12827.528,0.056,102598.539,0.056
sub-STUKLFR0470,UKLFR/stroke_UKLFR,15481.831,0.068,123849.916,0.068
sub-STUKLFR0471,UKLFR/stroke_UKLFR,11606.646,0.051,92799.697,0.051
sub-STUKLFR0472,UKLFR/stroke_UKLFR,18561.174,0.081,148379.978,0.081
sub-STUKLFR0473,UKLFR/stroke_UKLFR,2290.433,0.01,18315.697,0.01
sub-STUKLFR0474,UKLFR/stroke_UKLFR,20375.258,0.089,162935.27,0.089
sub-STUKLFR0475,UKLFR/stroke_UKLFR,32469.163,0.142,259661.618,0.142
sub-STUKLFR0476,UKLFR/stroke_UKLFR,17025.876,0.075,136086.742,0.074
sub-STUKLFR0477,UKLFR/stroke_UKLFR,13856.281,0.061,110824.315,0.061
sub-STUKLFR0478,UKLFR/stroke_UKLFR,18767.376,0.082,150065.927,0.082
sub-STUKLFR0479,UKLFR/stroke_UKLFR,28624.646,0.125,228911.309,0.125
sub-STUKLFR0480,UKLFR/stroke_UKLFR,20659.247,0.09,165153.129,0.09
sub-STUKLFR0481,UKLFR/stroke_UKLFR,31740.348,0.139,253800.073,0.139
sub-STUKLFR0482,UKLFR/stroke_UKLFR,37393.888,0.164,298926.86,0.164
sub-STUKLFR0484,UKLFR/stroke_UKLFR,2521.461,0.011,20172.747,0.011
sub-STUKLFR0485,UKLFR/stroke_UKLFR,14875.112,0.065,118964.73,0.065
sub-STUKLFR0486,UKLFR/stroke_UKLFR,1626.86,0.007,13010.635,0.007
sub-STUKLFR0487,UKLFR/stroke_UKLFR,3788.298,0.017,30264.528,0.017
sub-STUKLFR0488,UKLFR/stroke_UKLFR,15186.09,0.066,121483.719,0.066
sub-STUKLFR0489,UKLFR/stroke_UKLFR,11862.562,0.052,94974.73,0.052
sub-STUKLFR0490,UKLFR/stroke_UKLFR,3821.921,0.017,30517.242,0.017
sub-STUKLFR0491,UKLFR/stroke_UKLFR,29304.674,0.128,234259.365,0.128
sub-STUKLFR0492,UKLFR/stroke_UKLFR,11834.18,0.052,94560.096,0.052
sub-STUKLFR0493,UKLFR/stroke_UKLFR,11527.348,0.05,92177.455,0.05
sub-STUKLFR0494,UKLFR/stroke_UKLFR,13444.135,0.059,107565.607,0.059
sub-STUKLFR0495,UKLFR/stroke_UKLFR,36195.86,0.158,289424.011,0.158
sub-STUKLFR0496,UKLFR/stroke_UKLFR,9026.933,0.04,72189.421,0.04
sub-STUKLFR0497,UKLFR/stroke_UKLFR,1878.185,0.008,15009.601,0.008
sub-STUKLFR0498,UKLFR/stroke_UKLFR,27653.652,0.121,221130.764,0.121
sub-STUKLFR0499,UKLFR/stroke_UKLFR,14076.601,0.062,112533.348,0.062
sub-STUKLFR0500,UKLFR/stroke_UKLFR,19077.904,0.083,152572.197,0.083
sub-STUKLFR0501,UKLFR/stroke_UKLFR,33178.949,0.145,265252.332,0.145
sub-STUKLFR0502,UKLFR/stroke_UKLFR,23760.888,0.104,189889.399,0.104
sub-STUKLFR0503,UKLFR/stroke_UKLFR,19439.382,0.085,155405.657,0.085
sub-STUKLFR0504,UKLFR/stroke_UKLFR,6518.461,0.029,52134.494,0.029
sub-STUKLFR0505,UKLFR/stroke_UKLFR,28261.534,0.124,225984.511,0.124
sub-STUKLFR0506,UKLFR/stroke_UKLFR,14413.657,0.063,115258.118,0.063
sub-STUKLFR0507,UKLFR/stroke_UKLFR,9861.685,0.043,78869.612,0.043
sub-STUKLFR0508,UKLFR/stroke_UKLFR,9911.927,0.043,79272.191,0.043
sub-STUKLFR0509,UKLFR/stroke_UKLFR,2596.607,0.011,20793.843,0.011
sub-STUKLFR0511,UKLFR/stroke_UKLFR,11181.118,0.049,89448.112,0.049
sub-STUKLFR0512,UKLFR/stroke_UKLFR,3537.567,0.015,28289.478,0.015
sub-STUKLFR0513,UKLFR/stroke_UKLFR,17534.567,0.077,140104.91,0.077
sub-STUKLFR0514,UKLFR/stroke_UKLFR,5075.483,0.022,40556.899,0.022
sub-STUKLFR0515,UKLFR/stroke_UKLFR,1002.399,0.004,8059.59,0.004
sub-STUKLFR0516,UKLFR/stroke_UKLFR,18462.685,0.081,147619.669,0.081
sub-STUKLFR0517,UKLFR/stroke_UKLFR,39515.539,0.173,315913.68,0.173
sub-STUKLFR0518,UKLFR/stroke_UKLFR,19907.955,0.087,159196.466,0.087
sub-STUKLFR0519,UKLFR/stroke_UKLFR,19481.938,0.085,155764.584,0.085
sub-STUKLFR0520,UKLFR/stroke_UKLFR,12971.152,0.057,103694.163,0.057
sub-STUKLFR0521,UKLFR/stroke_UKLFR,2071.382,0.009,16543.225,0.009
sub-STUKLFR0522,UKLFR/stroke_UKLFR,27323.045,0.12,218463.871,0.12
sub-STUKLFR0523,UKLFR/stroke_UKLFR,2576.247,0.011,20540.455,0.011
sub-STUKLFR0524,UKLFR/stroke_UKLFR,11028.949,0.048,88103.258,0.048
sub-STUKLFR0525,UKLFR/stroke_UKLFR,1711.708,0.007,13667.714,0.007
sub-STUKLFR0526,UKLFR/stroke_UKLFR,7166.208,0.031,57332.472,0.031
sub-STUKLFR0527,UKLFR/stroke_UKLFR,33471.73,0.146,267706.562,0.147
sub-STUKLFR0528,UKLFR/stroke_UKLFR,29625.77,0.13,236855.888,0.13
sub-STUKLFR0529,UKLFR/stroke_UKLFR,8994.017,0.039,71980.843,0.039
sub-STUKLFR0530,UKLFR/stroke_UKLFR,4935.831,0.022,39493.185,0.022
sub-STUKLFR0531,UKLFR/stroke_UKLFR,13621.011,0.06,108909.803,0.06
sub-STUKLFR0532,UKLFR/stroke_UKLFR,4389.376,0.019,35085.365,0.019
sub-STUKLFR0533,UKLFR/stroke_UKLFR,29793.382,0.13,238238.663,0.13
sub-STUKLFR0534,UKLFR/stroke_UKLFR,41586.455,0.182,332510.579,0.182
sub-STUKLFR0535,UKLFR/stroke_UKLFR,19300.056,0.084,154279.489,0.084
sub-STUKLFR0536,UKLFR/stroke_UKLFR,8440.163,0.037,67546.601,0.037
sub-STUKLFR0537,UKLFR/stroke_UKLFR,8931.764,0.039,71433.174,0.039
sub-STUKLFR0538,UKLFR/stroke_UKLFR,8211.848,0.036,65652.916,0.036
sub-STUKLFR0539,UKLFR/stroke_UKLFR,13913.933,0.061,111201.523,0.061
sub-STUKLFR0540,UKLFR/stroke_UKLFR,1847.045,0.008,14750.685,0.008
sub-STUKLFR0541,UKLFR/stroke_UKLFR,6338.298,0.028,50629.865,0.028
sub-STUKLFR0542,UKLFR/stroke_UKLFR,22639.528,0.099,180996.275,0.099
sub-STUKLFR0543,UKLFR/stroke_UKLFR,8201.14,0.036,65578.523,0.036
sub-STUKLFR0544,UKLFR/stroke_UKLFR,15299.421,0.067,122390.899,0.067
sub-STUKLFR0545,UKLFR/stroke_UKLFR,13061.826,0.057,104416.843,0.057
sub-STUKLFR0546,UKLFR/stroke_UKLFR,9559.601,0.042,76414.236,0.042
sub-STUKLFR0547,UKLFR/stroke_UKLFR,23687.792,0.104,189388.062,0.104
sub-STUKLFR0548,UKLFR/stroke_UKLFR,31863.118,0.139,254687.163,0.139
sub-STUKLFR0549,UKLFR/stroke_UKLFR,20944.86,0.092,167461.545,0.092
sub-STUKLFR0550,UKLFR/stroke_UKLFR,13693.82,0.06,109534.657,0.06
sub-STUKLFR0551,UKLFR/stroke_UKLFR,9635.86,0.042,77064.36,0.042
sub-STUKLFR0552,UKLFR/stroke_UKLFR,26555.775,0.116,212364.466,0.116
sub-STUKLFR0553,UKLFR/stroke_UKLFR,17533.938,0.077,140262.382,0.077
sub-STUKLFR0554,UKLFR/stroke_UKLFR,7681.292,0.034,61434.399,0.034
sub-STUKLFR0555,UKLFR/stroke_UKLFR,3208.652,0.014,25676.27,0.014
sub-STUKLFR0556,UKLFR/stroke_UKLFR,4710.893,0.021,37626.601,0.021
sub-STUKLFR0557,UKLFR/stroke_UKLFR,31184.736,0.136,249324.051,0.136
sub-STUKLFR0558,UKLFR/stroke_UKLFR,15989.949,0.07,127865.242,0.07
sub-STUKLFR0559,UKLFR/stroke_UKLFR,14382.534,0.063,114951.657,0.063
sub-STUKLFR0560,UKLFR/stroke_UKLFR,15290.096,0.067,122300.899,0.067
sub-STUKLFR0561,UKLFR/stroke_UKLFR,28894.225,0.126,231050.517,0.126
sub-STUKLFR0562,UKLFR/stroke_UKLFR,7677.927,0.034,61413.129,0.034
sub-STUKLFR0563,UKLFR/stroke_UKLFR,47071.607,0.206,376291.129,0.206
sub-STUKLFR0564,UKLFR/stroke_UKLFR,12583.124,0.055,100559.747,0.055
sub-STUKLFR0565,UKLFR/stroke_UKLFR,10824.944,0.047,86550.208,0.047
sub-STUKLFR0566,UKLFR/stroke_UKLFR,26474.365,0.116,211637.309,0.116
sub-STUKLFR0567,UKLFR/stroke_UKLFR,20538.635,0.09,164218.36,0.09
sub-STUKLFR0568,UKLFR/stroke_UKLFR,19108.747,0.084,152819.77,0.084
sub-STUKLFR0569,UKLFR/stroke_UKLFR,16214.472,0.071,129661.146,0.071
sub-STUKLFR0570,UKLFR/stroke_UKLFR,2372.753,0.01,18999.292,0.01
sub-STUKLFR0571,UKLFR/stroke_UKLFR,17569.944,0.077,140475.163,0.077
sub-STUKLFR0572,UKLFR/stroke_UKLFR,17978.567,0.079,143639.348,0.079
sub-STUKLFR0573,UKLFR/stroke_UKLFR,29137.326,0.128,232888.118,0.127
sub-STUKLFR0574,UKLFR/stroke_UKLFR,1033.719,0.005,8283.382,0.005
sub-STUKLFR0575,UKLFR/stroke_UKLFR,18535.388,0.081,148190.781,0.081
sub-STUKLFR0576,UKLFR/stroke_UKLFR,2181.461,0.01,17437.118,0.01
sub-STUKLFR0577,UKLFR/stroke_UKLFR,24359.107,0.107,194763.815,0.107
sub-STUKLFR0578,UKLFR/stroke_UKLFR,22316.073,0.098,178376.315,0.098
sub-STUKLFR0579,UKLFR/stroke_UKLFR,19881.264,0.087,158936.483,0.087
sub-STUKLFR0580,UKLFR/stroke_UKLFR,13423.146,0.059,107374.629,0.059
sub-STUKLFR0581,UKLFR/stroke_UKLFR,4943.135,0.022,39491.32,0.022
sub-STUKLFR0582,UKLFR/stroke_UKLFR,15416.478,0.067,123282.916,0.067
sub-STUKLFR0583,UKLFR/stroke_UKLFR,11986.562,0.052,95781.129,0.052
sub-STUKLFR0584,UKLFR/stroke_UKLFR,37070.68,0.162,296446.287,0.162
sub-STUKLFR0585,UKLFR/stroke_UKLFR,44695.961,0.196,357407.613,0.196
sub-STUKLFR0586,UKLFR/stroke_UKLFR,18881.163,0.083,150950.348,0.083
sub-STUKLFR0587,UKLFR/stroke_UKLFR,16923.713,0.074,135311.034,0.074
sub-STUKLFR0588,UKLFR/stroke_UKLFR,27023.5,0.118,216113.893,0.118
sub-STUKLFR0589,UKLFR/stroke_UKLFR,17758.298,0.078,142023.371,0.078
sub-STUKLFR0590,UKLFR/stroke_UKLFR,29336.815,0.128,234596.534,0.128
sub-STUKLFR0591,UKLFR/stroke_UKLFR,18816.73,0.082,150512.725,0.082
sub-STUKLFR0592,UKLFR/stroke_UKLFR,125.815,0.001,1005.36,0.001
sub-STUKLFR0593,UKLFR/stroke_UKLFR,18163.264,0.079,145171.815,0.079
sub-STUKLFR0594,UKLFR/stroke_UKLFR,16496.298,0.072,131950.101,0.072
sub-STUKLFR0595,UKLFR/stroke_UKLFR,34623.893,0.152,276922.528,0.152
sub-STUKLFR0596,UKLFR/stroke_UKLFR,32487.146,0.142,259774.596,0.142
sub-STUKLFR0597,UKLFR/stroke_UKLFR,21396.489,0.094,171051.584,0.094
sub-STUKLFR0598,UKLFR/stroke_UKLFR,7835.618,0.034,62636.528,0.034
sub-STUKLFR0599,UKLFR/stroke_UKLFR,5512.219,0.024,44050.427,0.024
sub-STUKLFR0600,UKLFR/stroke_UKLFR,17873.253,0.078,142961.916,0.078
sub-STUKLFR0601,UKLFR/stroke_UKLFR,34943.039,0.153,279308.399,0.153
sub-STUKLFR0603,UKLFR/stroke_UKLFR,7325.837,0.032,58570.494,0.032
sub-STUKLFR0604,UKLFR/stroke_UKLFR,19929.871,0.087,159326.607,0.087
sub-STUKLFR0605,UKLFR/stroke_UKLFR,20290.494,0.089,162241.719,0.089
sub-STUKLFR0606,UKLFR/stroke_UKLFR,7821.034,0.034,62620.348,0.034
sub-STUKLFR0607,UKLFR/stroke_UKLFR,20653.506,0.09,165070.135,0.09
sub-STUKLFR0608,UKLFR/stroke_UKLFR,28515.573,0.125,228026.045,0.125
sub-STUKLFR0609,UKLFR/stroke_UKLFR,9575.545,0.042,76569.36,0.042
sub-STUKLFR0610,UKLFR/stroke_UKLFR,32508.146,0.142,259899.534,0.142
sub-STUKLFR0611,UKLFR/stroke_UKLFR,12768.169,0.056,102038.719,0.056
sub-STUKLFR0612,UKLFR/stroke_UKLFR,39230.337,0.172,313712.725,0.172
sub-STUKLFR0613,UKLFR/stroke_UKLFR,12085.101,0.053,96600.523,0.053
sub-STUKLFR0614,UKLFR/stroke_UKLFR,11353.618,0.05,90625.348,0.05
sub-STUKLFR0615,UKLFR/stroke_UKLFR,25984.545,0.114,207758.242,0.114
sub-STUKLFR0616,UKLFR/stroke_UKLFR,22595.247,0.099,180659.292,0.099
sub-STUKLFR0617,UKLFR/stroke_UKLFR,12819.697,0.056,102546.809,0.056
sub-STUKLFR0618,UKLFR/stroke_UKLFR,9786.983,0.043,78247.41,0.043
sub-STUKLFR0619,UKLFR/stroke_UKLFR,21673.893,0.095,173350.466,0.095
sub-STUKLFR0620,UKLFR/stroke_UKLFR,15147.955,0.066,121187.45,0.066
sub-STUKLFR0621,UKLFR/stroke_UKLFR,8948.494,0.039,71556.388,0.039
sub-STUKLFR0622,UKLFR/stroke_UKLFR,34177.938,0.15,273282.865,0.15
sub-STUKLFR0623,UKLFR/stroke_UKLFR,20184.416,0.088,161370.253,0.088
sub-STUKLFR0624,UKLFR/stroke_UKLFR,6043.112,0.026,48288.472,0.026
sub-STUKLFR0625,UKLFR/stroke_UKLFR,11886.006,0.052,95036.59,0.052
sub-STUKLFR0626,UKLFR/stroke_UKLFR,21451.972,0.094,171521.663,0.094
sub-STUKLFR0627,UKLFR/stroke_UKLFR,5130.056,0.022,40921.478,0.022
sub-STUKLFR0628,UKLFR/stroke_UKLFR,7079.444,0.031,56586.5,0.031
sub-STUKLFR0629,UKLFR/stroke_UKLFR,24002.685,0.105,191959.051,0.105
sub-STUKLFR0630,UKLFR/stroke_UKLFR,3832.612,0.017,30650.326,0.017
sub-STUKLFR0631,UKLFR/stroke_UKLFR,6066.022,0.027,48513.14,0.027
sub-STUKLFR0632,UKLFR/stroke_UKLFR,49604.596,0.217,396730.096,0.217
sub-STUKLFR0634,UKLFR/stroke_UKLFR,23094.135,0.101,184666.876,0.101
sub-STUKLFR0635,UKLFR/stroke_UKLFR,20571.685,0.09,164517.994,0.09
sub-STUKLFR0636,UKLFR/stroke_UKLFR,17303.124,0.076,138381.438,0.076
sub-STUKLFR0637,UKLFR/stroke_UKLFR,21695.112,0.095,173421.112,0.095
sub-STUKLFR0638,UKLFR/stroke_UKLFR,4968.107,0.022,39760.073,0.022
sub-STUKLFR0639,UKLFR/stroke_UKLFR,32882.225,0.144,263003.09,0.144
sub-STUKLFR0640,UKLFR/stroke_UKLFR,11764.169,0.051,94011.596,0.051
sub-STUKLFR0641,UKLFR/stroke_UKLFR,12452.573,0.055,99528.281,0.054
sub-STUKLFR0642,UKLFR/stroke_UKLFR,32007.596,0.14,255940.084,0.14
sub-STUKLFR0643,UKLFR/stroke_UKLFR,16838.5,0.074,134624.011,0.074
sub-STUKLFR0644,UKLFR/stroke_UKLFR,9020.624,0.039,72067.893,0.039
sub-STUKLFR0645,UKLFR/stroke_UKLFR,34866.36,0.153,278770.006,0.153
sub-STUKLFR0646,UKLFR/stroke_UKLFR,31124.354,0.136,248877.163,0.136
sub-STUKLFR0647,UKLFR/stroke_UKLFR,31661.792,0.139,253143.208,0.139
sub-STUKLFR0648,UKLFR/stroke_UKLFR,7744.843,0.034,61946.079,0.034
sub-STUKLFR0649,UKLFR/stroke_UKLFR,23055.978,0.101,184349.062,0.101
sub-STUKLFR0650,UKLFR/stroke_UKLFR,30477.854,0.133,243671.832,0.133
sub-STUKLFR0651,UKLFR/stroke_UKLFR,3272.197,0.014,26117.489,0.014
sub-STUKLFR0652,UKLFR/stroke_UKLFR,10777.938,0.047,86175.354,0.047
sub-STUKLFR0653,UKLFR/stroke_UKLFR,12194.298,0.053,97491.45,0.053
sub-STUKLFR0654,UKLFR/stroke_UKLFR,9330.444,0.041,74524.641,0.041
sub-STUKLFR0655,UKLFR/stroke_UKLFR,4365.5,0.019,34932.826,0.019
sub-STUKLFR0656,UKLFR/stroke_UKLFR,13184.652,0.058,105359.006,0.058
sub-STUKLFR0657,UKLFR/stroke_UKLFR,7716.331,0.034,61658.197,0.034
sub-STUKLFR0658,UKLFR/stroke_UKLFR,30444.882,0.133,243454.236,0.133
sub-STUKLFR0659,UKLFR/stroke_UKLFR,38601.551,0.169,308717.635,0.169
sub-STUKLFR0661,UKLFR/stroke_UKLFR,25888.135,0.113,207013.163,0.113
sub-STUKLFR0662,UKLFR/stroke_UKLFR,15173.612,0.066,121311.652,0.066
sub-STUKLFR0663,UKLFR/stroke_UKLFR,17413.466,0.076,139206.82,0.076
sub-STUKLFR0664,UKLFR/stroke_UKLFR,28442.635,0.124,227431.787,0.124
sub-STUKLFR0665,UKLFR/stroke_UKLFR,5014.927,0.022,40044.084,0.022
sub-STUKLFR0666,UKLFR/stroke_UKLFR,24000.107,0.105,191872.933,0.105
sub-STUKLFR0667,UKLFR/stroke_UKLFR,14588.921,0.064,116635.882,0.064
sub-STUKLFR0668,UKLFR/stroke_UKLFR,18031.433,0.079,144151.191,0.079
sub-STUKLFR0669,UKLFR/stroke_UKLFR,23900.399,0.105,191145.584,0.105
sub-STUKLFR0670,UKLFR/stroke_UKLFR,3416.393,0.015,27297.258,0.015
sub-STUKLFR0671,UKLFR/stroke_UKLFR,0.0,0.0,0.0,0.0
sub-STUKLFR0672,UKLFR/stroke_UKLFR,7786.028,0.034,62229.146,0.034
sub-STUKLFR0673,UKLFR/stroke_UKLFR,8114.051,0.036,64858.685,0.035
sub-STUKLFR0674,UKLFR/stroke_UKLFR,16531.399,0.072,132204.91,0.072
sub-STUKLFR0675,UKLFR/stroke_UKLFR,34617.399,0.152,276825.45,0.151
sub-STUKLFR0676,UKLFR/stroke_UKLFR,5662.82,0.025,45282.129,0.025
sub-STUKLFR0677,UKLFR/stroke_UKLFR,20873.792,0.091,166888.641,0.091
sub-STUKLFR0678,UKLFR/stroke_UKLFR,25642.781,0.112,205003.612,0.112
sub-STUKLFR0679,UKLFR/stroke_UKLFR,6630.944,0.029,53040.815,0.029
sub-STUKLFR0680,UKLFR/stroke_UKLFR,18732.039,0.082,149751.753,0.082
sub-STUKLFR0681,UKLFR/stroke_UKLFR,27103.096,0.119,216690.006,0.119
sub-STUKLFR0682,UKLFR/stroke_UKLFR,2217.18,0.01,17730.596,0.01
sub-STUKLFR0683,UKLFR/stroke_UKLFR,17314.483,0.076,138460.826,0.076
sub-STUKLFR0684,UKLFR/stroke_UKLFR,4823.747,0.021,38550.697,0.021
sub-STUKLFR0685,UKLFR/stroke_UKLFR,31902.028,0.14,254990.219,0.14
sub-STUKLFR0686,UKLFR/stroke_UKLFR,19327.747,0.085,154562.612,0.085
sub-STUKLFR0687,UKLFR/stroke_UKLFR,32461.888,0.142,259494.18,0.142
sub-STUKLFR0688,UKLFR/stroke_UKLFR,12732.202,0.056,101833.86,0.056
sub-STUKLFR0689,UKLFR/stroke_UKLFR,23813.949,0.104,190369.506,0.104
sub-STUKLFR0690,UKLFR/stroke_UKLFR,6862.809,0.03,54868.202,0.03
sub-STUKLFR0691,UKLFR/stroke_UKLFR,26819.056,0.117,214407.365,0.117
sub-STUKLFR0693,UKLFR/stroke_UKLFR,12683.163,0.056,101382.641,0.055
sub-STUKLFR0694,UKLFR/stroke_UKLFR,25351.124,0.111,202641.253,0.111
sub-STUKLFR0695,UKLFR/stroke_UKLFR,23069.534,0.101,184488.242,0.101
sub-STUKLFR0696,UKLFR/stroke_UKLFR,13826.18,0.061,110600.253,0.061
sub-STUKLFR0697,UKLFR/stroke_UKLFR,14671.64,0.064,117332.197,0.064
sub-STUKLFR0698,UKLFR/stroke_UKLFR,20371.753,0.089,162910.961,0.089
sub-STUKLFR0700,UKLFR/stroke_UKLFR,11693.017,0.051,93442.669,0.051
sub-STUKLFR0701,UKLFR/stroke_UKLFR,27405.747,0.12,219052.641,0.12
sub-STUKLFR0702,UKLFR/stroke_UKLFR,4569.303,0.02,36532.989,0.02
sub-STUKLFR0703,UKLFR/stroke_UKLFR,20476.101,0.09,163664.275,0.09
sub-STUKLFR0704,UKLFR/stroke_UKLFR,7434.343,0.033,59324.191,0.032
sub-STUKLFR0705,UKLFR/stroke_UKLFR,11414.843,0.05,91273.062,0.05
sub-STUKLFR0706,UKLFR/stroke_UKLFR,22843.309,0.1,182664.354,0.1
sub-STUKLFR0707,UKLFR/stroke_UKLFR,8837.264,0.039,70656.91,0.039
sub-STUKLFR0708,UKLFR/stroke_UKLFR,14240.685,0.062,113842.961,0.062
sub-STUKLFR0709,UKLFR/stroke_UKLFR,17419.354,0.076,139282.511,0.076
sub-STUKLFR0710,UKLFR/stroke_UKLFR,29462.91,0.129,235567.304,0.129
sub-STUKLFR0711,UKLFR/stroke_UKLFR,4731.208,0.021,37829.938,0.021
sub-STUKLFR0712,UKLFR/stroke_UKLFR,13450.652,0.059,107518.764,0.059
sub-STUKLFR0713,UKLFR/stroke_UKLFR,37892.242,0.166,303039.826,0.166
sub-STUKLFR0714,UKLFR/stroke_UKLFR,19024.871,0.083,152031.674,0.083
sub-STUKLFR0715,UKLFR/stroke_UKLFR,18500.393,0.081,147869.163,0.081
sub-STUKLFR0716,UKLFR/stroke_UKLFR,9690.174,0.042,77459.736,0.042
sub-STUKLFR0717,UKLFR/stroke_UKLFR,21291.236,0.093,170233.736,0.093
sub-STUKLFR0718,UKLFR/stroke_UKLFR,7032.062,0.031,56164.101,0.031
sub-STUKLFR0719,UKLFR/stroke_UKLFR,11230.579,0.049,89787.478,0.049
sub-STUKLFR0720,UKLFR/stroke_UKLFR,11612.202,0.051,92858.826,0.051
sub-STUKLFR0721,UKLFR/stroke_UKLFR,17549.809,0.077,140360.006,0.077
sub-STUKLFR0722,UKLFR/stroke_UKLFR,35880.674,0.157,286852.961,0.157
sub-STUKLFR0723,UKLFR/stroke_UKLFR,20987.725,0.092,167712.86,0.092
sub-STUKLFR0724,UKLFR/stroke_UKLFR,8741.309,0.038,69914.427,0.038
sub-STUKLFR0725,UKLFR/stroke_UKLFR,6477.551,0.028,51772.051,0.028
sub-STUKLFR0726,UKLFR/stroke_UKLFR,16572.213,0.073,132534.163,0.073
sub-STUKLFR0727,UKLFR/stroke_UKLFR,21403.787,0.094,171095.0,0.094
sub-STUKLFR0728,UKLFR/stroke_UKLFR,5974.972,0.026,47669.449,0.026
sub-STUKLFR0729,UKLFR/stroke_UKLFR,4053.371,0.018,32394.832,0.018
sub-STUKLFR0730,UKLFR/stroke_UKLFR,42365.045,0.185,338759.815,0.185
sub-STUKLFR0731,UKLFR/stroke_UKLFR,12211.084,0.053,97675.141,0.053
sub-STUKLFR0733,UKLFR/stroke_UKLFR,23963.017,0.105,191650.506,0.105
sub-STUKLFR0734,UKLFR/stroke_UKLFR,13328.483,0.058,106580.921,0.058
sub-STUKLFR0735,UKLFR/stroke_UKLFR,18095.691,0.079,144666.214,0.079
sub-STUCLUK0001,UCL-UK/UCLStrokeData,5927.444,0.026,47366.511,0.026
sub-STUCLUK0002,UCL-UK/UCLStrokeData,9080.691,0.04,72649.478,0.04
sub-STUCLUK0003,UCL-UK/UCLStrokeData,44901.764,0.197,359131.169,0.197
sub-STUCLUK0004,UCL-UK/UCLStrokeData,1862.798,0.008,14835.191,0.008
sub-STUCLUK0005,UCL-UK/UCLStrokeData,6749.618,0.03,53955.91,0.03
sub-STUCLUK0006,UCL-UK/UCLStrokeData,8763.455,0.038,70073.14,0.038
sub-STUCLUK0007,UCL-UK/UCLStrokeData,15837.933,0.069,126677.236,0.069
sub-STUCLUK0008,UCL-UK/UCLStrokeData,3096.219,0.014,24696.416,0.014
sub-STUCLUK0009,UCL-UK/UCLStrokeData,1812.747,0.008,14416.584,0.008
sub-STUCLUK0010,UCL-UK/UCLStrokeData,1527.994,0.007,12164.466,0.007
sub-STUCLUK0011,UCL-UK/UCLStrokeData,2890.758,0.013,23085.427,0.013
sub-STUCLUK0012,UCL-UK/UCLStrokeData,21614.09,0.095,172836.613,0.095
sub-STUCLUK0013,UCL-UK/UCLStrokeData,21337.624,0.093,170581.028,0.093
sub-STUCLUK0014,UCL-UK/UCLStrokeData,11327.399,0.05,90499.096,0.05
sub-STUCLUK0015,UCL-UK/UCLStrokeData,28536.916,0.125,228098.157,0.125
sub-STUCLUK0016,UCL-UK/UCLStrokeData,8607.478,0.038,68806.753,0.038
sub-STUCLUK0017,UCL-UK/UCLStrokeData,11210.674,0.049,89601.489,0.049
sub-STUCLUK0018,UCL-UK/UCLStrokeData,1400.646,0.006,11189.938,0.006
sub-STUCLUK0019,UCL-UK/UCLStrokeData,25078.888,0.11,200488.163,0.11
sub-STUCLUK0020,UCL-UK/UCLStrokeData,37878.511,0.166,302729.792,0.166
sub-STUCLUK0021,UCL-UK/UCLStrokeData,7177.961,0.031,57388.208,0.031
sub-STUCLUK0022,UCL-UK/UCLStrokeData,12082.197,0.053,96517.966,0.053
sub-STUCLUK0023,UCL-UK/UCLStrokeData,2666.938,0.012,21238.18,0.012
sub-STUCLUK0024,UCL-UK/UCLStrokeData,5632.91,0.025,45046.466,0.025
sub-STUCLUK0025,UCL-UK/UCLStrokeData,2095.27,0.009,16720.326,0.009
sub-STUCLUK0026,UCL-UK/UCLStrokeData,4735.343,0.021,37762.141,0.021
sub-STUCLUK0027,UCL-UK/UCLStrokeData,8224.354,0.036,65784.32,0.036
sub-STUCLUK0028,UCL-UK/UCLStrokeData,7282.927,0.032,58183.579,0.032
sub-STUCLUK0029,UCL-UK/UCLStrokeData,5438.753,0.024,43480.59,0.024
sub-STUCLUK0030,UCL-UK/UCLStrokeData,3461.612,0.015,27639.163,0.015
sub-STUCLUK0031,UCL-UK/UCLStrokeData,539.416,0.002,4320.23,0.002
sub-STUCLUK0032,UCL-UK/UCLStrokeData,10063.309,0.044,80389.129,0.044
sub-STUCLUK0033,UCL-UK/UCLStrokeData,19536.455,0.086,156197.107,0.085
sub-STUCLUK0034,UCL-UK/UCLStrokeData,12524.062,0.055,100130.927,0.055
sub-STUCLUK0035,UCL-UK/UCLStrokeData,17285.775,0.076,138127.989,0.076
sub-STUCLUK0036,UCL-UK/UCLStrokeData,8948.674,0.039,71467.09,0.039
sub-STUCLUK0037,UCL-UK/UCLStrokeData,9612.646,0.042,76864.517,0.042
sub-STUCLUK0038,UCL-UK/UCLStrokeData,8275.843,0.036,66191.624,0.036
sub-STUCLUK0039,UCL-UK/UCLStrokeData,8090.719,0.035,64725.011,0.035
sub-STUCLUK0040,UCL-UK/UCLStrokeData,1447.601,0.006,11535.331,0.006
sub-STUCLUK0041,UCL-UK/UCLStrokeData,404.393,0.002,3180.393,0.002
sub-STUCLUK0042,UCL-UK/UCLStrokeData,27542.798,0.121,220151.23,0.12
sub-STUCLUK0043,UCL-UK/UCLStrokeData,5213.079,0.023,41745.478,0.023
sub-STUCLUK0044,UCL-UK/UCLStrokeData,8939.152,0.039,71492.315,0.039
sub-STUCLUK0045,UCL-UK/UCLStrokeData,8517.955,0.037,68145.472,0.037
sub-STUCLUK0046,UCL-UK/UCLStrokeData,7233.135,0.032,57761.983,0.032
sub-STUCLUK0047,UCL-UK/UCLStrokeData,35171.713,0.154,281279.618,0.154
sub-STUCLUK0048,UCL-UK/UCLStrokeData,2156.213,0.009,17235.742,0.009
sub-STUCLUK0049,UCL-UK/UCLStrokeData,6665.831,0.029,53252.393,0.029
sub-STUCLUK0050,UCL-UK/UCLStrokeData,25452.202,0.111,203460.972,0.111
sub-STUCLUK0051,UCL-UK/UCLStrokeData,15405.438,0.067,123116.124,0.067
sub-STUCLUK0052,UCL-UK/UCLStrokeData,18643.208,0.082,149071.545,0.082
sub-STUCLUK0053,UCL-UK/UCLStrokeData,9165.079,0.04,73201.36,0.04
sub-STUCLUK0054,UCL-UK/UCLStrokeData,4300.955,0.019,34353.607,0.019
sub-STUCLUK0055,UCL-UK/UCLStrokeData,10572.135,0.046,84536.388,0.046
sub-STUCLUK0056,UCL-UK/UCLStrokeData,24892.848,0.109,199087.062,0.109
sub-STUCLUK0057,UCL-UK/UCLStrokeData,7391.983,0.032,59125.826,0.032
sub-STUCLUK0058,UCL-UK/UCLStrokeData,9173.101,0.04,73343.112,0.04
sub-STUCLUK0059,UCL-UK/UCLStrokeData,5477.09,0.024,43777.815,0.024
sub-STUCLUK0060,UCL-UK/UCLStrokeData,4865.831,0.021,38885.258,0.021
sub-STUCLUK0061,UCL-UK/UCLStrokeData,1888.584,0.008,15098.174,0.008
sub-STUCLUK0062,UCL-UK/UCLStrokeData,5392.933,0.024,43037.753,0.024
sub-STUCLUK0063,UCL-UK/UCLStrokeData,14172.421,0.062,113393.444,0.062
sub-STUCLUK0064,UCL-UK/UCLStrokeData,16885.685,0.074,135031.983,0.074
sub-STUCLUK0065,UCL-UK/UCLStrokeData,2064.022,0.009,16490.511,0.009
sub-STUCLUK0066,UCL-UK/UCLStrokeData,347.14,0.002,2755.174,0.002
sub-STUCLUK0067,UCL-UK/UCLStrokeData,10314.624,0.045,82433.573,0.045
sub-STUCLUK0068,UCL-UK/UCLStrokeData,28473.247,0.125,227677.528,0.125
sub-STUCLUK0069,UCL-UK/UCLStrokeData,31822.258,0.139,254442.905,0.139
sub-STUCLUK0070,UCL-UK/UCLStrokeData,2163.236,0.009,17292.101,0.009
sub-STUCLUK0071,UCL-UK/UCLStrokeData,21405.927,0.094,171146.141,0.094
sub-STUCLUK0072,UCL-UK/UCLStrokeData,5275.489,0.023,42102.983,0.023
sub-STUCLUK0073,UCL-UK/UCLStrokeData,3035.831,0.013,24210.961,0.013
sub-STUCLUK0074,UCL-UK/UCLStrokeData,8562.09,0.037,68423.798,0.037
sub-STUCLUK0075,UCL-UK/UCLStrokeData,1485.787,0.007,11846.77,0.006
sub-STUCLUK0076,UCL-UK/UCLStrokeData,1565.107,0.007,12499.629,0.007
sub-STUCLUK0077,UCL-UK/UCLStrokeData,4758.461,0.021,37954.045,0.021
sub-STUCLUK0078,UCL-UK/UCLStrokeData,1332.708,0.006,10643.388,0.006
sub-STUCLUK0079,UCL-UK/UCLStrokeData,18132.831,0.079,145010.865,0.079
sub-STUCLUK0080,UCL-UK/UCLStrokeData,25197.135,0.11,201495.129,0.11
sub-STUCLUK0081,UCL-UK/UCLStrokeData,12951.157,0.057,103582.022,0.057
sub-STUCLUK0082,UCL-UK/UCLStrokeData,10743.051,0.047,85883.972,0.047
sub-STUCLUK0083,UCL-UK/UCLStrokeData,1216.253,0.005,9712.343,0.005
sub-STUCLUK0084,UCL-UK/UCLStrokeData,3701.208,0.016,29536.871,0.016
sub-STUCLUK0085,UCL-UK/UCLStrokeData,7327.455,0.032,58570.118,0.032
sub-STUCLUK0086,UCL-UK/UCLStrokeData,9417.758,0.041,75327.056,0.041
sub-STUCLUK0087,UCL-UK/UCLStrokeData,3459.713,0.015,27603.331,0.015
sub-STUCLUK0088,UCL-UK/UCLStrokeData,18533.18,0.081,148119.023,0.081
sub-STUCLUK0089,UCL-UK/UCLStrokeData,153.163,0.001,1216.562,0.001
sub-STUCLUK0090,UCL-UK/UCLStrokeData,19477.382,0.085,155697.461,0.085
sub-STUCLUK0091,UCL-UK/UCLStrokeData,15201.905,0.067,121508.006,0.066
sub-STUCLUK0092,UCL-UK/UCLStrokeData,7560.511,0.033,60446.197,0.033
sub-STUCLUK0093,UCL-UK/UCLStrokeData,23939.067,0.105,191359.517,0.105
sub-STUCLUK0094,UCL-UK/UCLStrokeData,2066.618,0.009,16503.169,0.009
sub-STUCLUK0095,UCL-UK/UCLStrokeData,231.337,0.001,1845.978,0.001
sub-STUCLUK0096,UCL-UK/UCLStrokeData,10576.264,0.046,84553.112,0.046
sub-STUCLUK0097,UCL-UK/UCLStrokeData,6893.584,0.03,55125.736,0.03
sub-STUCLUK0098,UCL-UK/UCLStrokeData,2831.079,0.012,22641.714,0.012
sub-STUCLUK0099,UCL-UK/UCLStrokeData,1761.219,0.008,14072.764,0.008
sub-STUCLUK0100,UCL-UK/UCLStrokeData,11481.888,0.05,91784.298,0.05
sub-STUCLUK0101,UCL-UK/UCLStrokeData,10001.989,0.044,80000.697,0.044
sub-STUCLUK0102,UCL-UK/UCLStrokeData,7884.438,0.035,63077.961,0.035
sub-STUCLUK0103,UCL-UK/UCLStrokeData,866.584,0.004,6935.933,0.004
sub-STUCLUK0104,UCL-UK/UCLStrokeData,27100.146,0.119,216596.753,0.119
sub-STUCLUK0105,UCL-UK/UCLStrokeData,15601.427,0.068,124748.326,0.068
sub-STUCLUK0106,UCL-UK/UCLStrokeData,47288.36,0.207,378109.287,0.207
sub-STUCLUK0107,UCL-UK/UCLStrokeData,23896.438,0.105,191043.478,0.105
sub-STUCLUK0108,UCL-UK/UCLStrokeData,6091.955,0.027,48717.084,0.027
sub-STUCLUK0109,UCL-UK/UCLStrokeData,14277.736,0.062,114026.197,0.062
sub-STUCLUK0110,UCL-UK/UCLStrokeData,4646.208,0.02,37061.579,0.02
sub-STUCLUK0111,UCL-UK/UCLStrokeData,7700.713,0.034,61581.646,0.034
sub-STUCLUK0112,UCL-UK/UCLStrokeData,24974.062,0.109,199664.517,0.109
sub-STUCLUK0113,UCL-UK/UCLStrokeData,10964.758,0.048,87630.843,0.048
sub-STUCLUK0114,UCL-UK/UCLStrokeData,1758.303,0.008,14005.719,0.008
sub-STUCLUK0115,UCL-UK/UCLStrokeData,20729.405,0.091,165778.596,0.091
sub-STUCLUK0116,UCL-UK/UCLStrokeData,12501.18,0.055,99929.455,0.055
sub-STUCLUK0117,UCL-UK/UCLStrokeData,6084.017,0.027,48627.596,0.027
sub-STUCLUK0118,UCL-UK/UCLStrokeData,4707.534,0.021,37617.567,0.021
sub-STUCLUK0119,UCL-UK/UCLStrokeData,1818.753,0.008,14535.708,0.008
sub-STUCLUK0120,UCL-UK/UCLStrokeData,18403.73,0.081,147175.539,0.081
sub-STUCLUK0121,UCL-UK/UCLStrokeData,1609.157,0.007,12837.657,0.007
sub-STUCLUK0122,UCL-UK/UCLStrokeData,22877.23,0.1,182933.264,0.1
sub-STUCLUK0123,UCL-UK/UCLStrokeData,4799.787,0.021,38344.663,0.021
sub-STUCLUK0124,UCL-UK/UCLStrokeData,2088.433,0.009,16716.826,0.009
sub-STUCLUK0125,UCL-UK/UCLStrokeData,31309.371,0.137,250350.725,0.137
sub-STUCLUK0126,UCL-UK/UCLStrokeData,11685.185,0.051,93410.551,0.051
sub-STUCLUK0127,UCL-UK/UCLStrokeData,4000.551,0.018,31950.551,0.017
sub-STUCLUK0128,UCL-UK/UCLStrokeData,1884.225,0.008,15010.449,0.008
sub-STUCLUK0129,UCL-UK/UCLStrokeData,29664.326,0.13,237106.32,0.13
sub-STUCLUK0130,UCL-UK/UCLStrokeData,3320.674,0.015,26542.472,0.015
sub-STUCLUK0131,UCL-UK/UCLStrokeData,6912.084,0.03,55266.905,0.03
sub-STUCLUK0132,UCL-UK/UCLStrokeData,3890.86,0.017,31122.949,0.017
sub-STUCLUK0133,UCL-UK/UCLStrokeData,10760.596,0.047,86071.101,0.047
sub-STUCLUK0134,UCL-UK/UCLStrokeData,4681.427,0.02,37420.938,0.02
sub-STUCLUK0135,UCL-UK/UCLStrokeData,4474.871,0.02,35695.534,0.02
sub-STUCLUK0136,UCL-UK/UCLStrokeData,4376.517,0.019,34999.281,0.019
sub-STUCLUK0137,UCL-UK/UCLStrokeData,2344.719,0.01,18749.803,0.01
sub-STUCLUK0138,UCL-UK/UCLStrokeData,3069.989,0.013,24565.062,0.013
sub-STUCLUK0139,UCL-UK/UCLStrokeData,1997.303,0.009,15968.079,0.009
sub-STUCLUK0140,UCL-UK/UCLStrokeData,3704.522,0.016,29527.691,0.016
sub-STUCLUK0141,UCL-UK/UCLStrokeData,4746.893,0.021,37884.927,0.021
sub-STUCLUK0142,UCL-UK/UCLStrokeData,3551.326,0.016,28374.247,0.016
sub-STUCLUK0143,UCL-UK/UCLStrokeData,3487.517,0.015,27907.292,0.015
sub-STUCLUK0144,UCL-UK/UCLStrokeData,15873.466,0.069,126929.736,0.069
sub-STUCLUK0145,UCL-UK/UCLStrokeData,6689.573,0.029,53475.567,0.029
sub-STUCLUK0146,UCL-UK/UCLStrokeData,36389.792,0.159,290987.551,0.159
sub-STUCLUK0147,UCL-UK/UCLStrokeData,13041.169,0.057,104168.82,0.057
sub-STUCLUK0148,UCL-UK/UCLStrokeData,25838.758,0.113,206575.135,0.113
sub-STUCLUK0149,UCL-UK/UCLStrokeData,16998.989,0.074,135902.101,0.074
sub-STUCLUK0150,UCL-UK/UCLStrokeData,4632.337,0.02,36961.837,0.02
sub-STUCLUK0151,UCL-UK/UCLStrokeData,17762.399,0.078,141940.084,0.078
sub-STUCLUK0152,UCL-UK/UCLStrokeData,4307.882,0.019,34351.169,0.019
sub-STUCLUK0153,UCL-UK/UCLStrokeData,4503.596,0.02,35940.382,0.02
sub-STUCLUK0154,UCL-UK/UCLStrokeData,7340.933,0.032,58638.298,0.032
sub-STUCLUK0155,UCL-UK/UCLStrokeData,8423.489,0.037,67406.539,0.037
sub-STUCLUK0156,UCL-UK/UCLStrokeData,4618.961,0.02,36933.854,0.02
sub-STUCLUK0157,UCL-UK/UCLStrokeData,4587.41,0.02,36689.747,0.02
sub-STUCLUK0158,UCL-UK/UCLStrokeData,28261.573,0.124,225978.961,0.124
sub-STUCLUK0159,UCL-UK/UCLStrokeData,18145.455,0.079,145085.966,0.079
sub-STUCLUK0160,UCL-UK/UCLStrokeData,14607.208,0.064,116823.326,0.064
sub-STUCLUK0161,UCL-UK/UCLStrokeData,6412.32,0.028,51269.685,0.028
sub-STUCLUK0162,UCL-UK/UCLStrokeData,4228.258,0.019,33806.865,0.019
sub-STUCLUK0163,UCL-UK/UCLStrokeData,23137.214,0.101,185067.225,0.101
sub-STUCLUK0164,UCL-UK/UCLStrokeData,2266.815,0.01,18124.219,0.01
sub-STUCLUK0165,UCL-UK/UCLStrokeData,8768.73,0.038,70109.831,0.038
sub-STUCLUK0166,UCL-UK/UCLStrokeData,20830.354,0.091,166588.933,0.091
sub-STUCLUK0167,UCL-UK/UCLStrokeData,360.742,0.002,2877.556,0.002
sub-STUCLUK0168,UCL-UK/UCLStrokeData,624.803,0.003,4942.831,0.003
sub-STUCLUK0169,UCL-UK/UCLStrokeData,6506.596,0.028,51957.534,0.028
sub-STUCLUK0170,UCL-UK/UCLStrokeData,13538.14,0.059,108256.41,0.059
sub-STUCLUK0171,UCL-UK/UCLStrokeData,3116.393,0.014,24930.73,0.014
sub-STUCLUK0172,UCL-UK/UCLStrokeData,2795.798,0.012,22384.343,0.012
sub-STUCLUK0173,UCL-UK/UCLStrokeData,2386.82,0.01,19067.522,0.01
sub-STUCLUK0174,UCL-UK/UCLStrokeData,8246.169,0.036,65873.163,0.036
sub-STUCLUK0175,UCL-UK/UCLStrokeData,8194.135,0.036,65486.73,0.036
sub-STUCLUK0176,UCL-UK/UCLStrokeData,3363.343,0.015,26866.399,0.015
sub-STUCLUK0177,UCL-UK/UCLStrokeData,20084.331,0.088,160516.517,0.088
sub-STUCLUK0178,UCL-UK/UCLStrokeData,894.14,0.004,7090.506,0.004
sub-STUCLUK0179,UCL-UK/UCLStrokeData,244.983,0.001,1963.354,0.001
sub-STUCLUK0180,UCL-UK/UCLStrokeData,32100.478,0.14,256685.197,0.14
sub-STUCLUK0181,UCL-UK/UCLStrokeData,3459.921,0.015,27635.045,0.015
sub-STUCLUK0182,UCL-UK/UCLStrokeData,32425.331,0.142,259266.264,0.142
sub-STUCLUK0183,UCL-UK/UCLStrokeData,5220.281,0.023,41716.843,0.023
sub-STUCLUK0184,UCL-UK/UCLStrokeData,7326.938,0.032,58556.652,0.032
sub-STUCLUK0185,UCL-UK/UCLStrokeData,4193.376,0.018,33565.674,0.018
sub-STUCLUK0186,UCL-UK/UCLStrokeData,3298.146,0.014,26360.0,0.014
sub-STUCLUK0187,UCL-UK/UCLStrokeData,18527.449,0.081,148084.348,0.081
sub-STUCLUK0188,UCL-UK/UCLStrokeData,4089.253,0.018,32696.23,0.018
sub-STUCLUK0189,UCL-UK/UCLStrokeData,20358.41,0.089,162796.545,0.089
sub-STUCLUK0190,UCL-UK/UCLStrokeData,14406.253,0.063,115168.0,0.063
sub-STUCLUK0191,UCL-UK/UCLStrokeData,2310.753,0.01,18472.607,0.01
sub-STUCLUK0192,UCL-UK/UCLStrokeData,6637.556,0.029,53145.73,0.029
sub-STUCLUK0193,UCL-UK/UCLStrokeData,6245.348,0.027,49951.562,0.027
sub-STUCLUK0194,UCL-UK/UCLStrokeData,8947.331,0.039,71570.129,0.039
sub-STUCLUK0195,UCL-UK/UCLStrokeData,16569.674,0.073,132532.702,0.073
sub-STUCLUK0196,UCL-UK/UCLStrokeData,13344.185,0.058,106686.483,0.058
sub-STUCLUK0197,UCL-UK/UCLStrokeData,1082.371,0.005,8664.466,0.005
sub-STUCLUK0198,UCL-UK/UCLStrokeData,11273.899,0.049,90113.652,0.049
sub-STUCLUK0199,UCL-UK/UCLStrokeData,19427.663,0.085,155381.944,0.085
sub-STUCLUK0200,UCL-UK/UCLStrokeData,8115.438,0.036,64909.034,0.036
sub-STUCLUK0201,UCL-UK/UCLStrokeData,1877.213,0.008,15008.657,0.008
sub-STUCLUK0202,UCL-UK/UCLStrokeData,681.348,0.003,5445.978,0.003
sub-STUCLUK0203,UCL-UK/UCLStrokeData,5821.0,0.025,46563.466,0.025
sub-STUCLUK0204,UCL-UK/UCLStrokeData,759.596,0.003,6072.517,0.003
sub-STUCLUK0205,UCL-UK/UCLStrokeData,784.236,0.003,6250.843,0.003
sub-STUCLUK0206,UCL-UK/UCLStrokeData,18030.562,0.079,144175.888,0.079
sub-STUCLUK0207,UCL-UK/UCLStrokeData,37228.916,0.163,297671.208,0.163
sub-STUCLUK0208,UCL-UK/UCLStrokeData,12810.713,0.056,102329.141,0.056
sub-STUCLUK0209,UCL-UK/UCLStrokeData,1259.669,0.006,10038.225,0.005
sub-STUCLUK0210,UCL-UK/UCLStrokeData,3910.989,0.017,31333.86,0.017
sub-STUCLUK0211,UCL-UK/UCLStrokeData,4359.27,0.019,34884.91,0.019
sub-STUCLUK0212,UCL-UK/UCLStrokeData,2568.68,0.011,20543.944,0.011
sub-STUCLUK0213,UCL-UK/UCLStrokeData,1951.556,0.009,15621.298,0.009
sub-STUCLUK0214,UCL-UK/UCLStrokeData,898.629,0.004,7181.573,0.004
sub-STUCLUK0215,UCL-UK/UCLStrokeData,5313.494,0.023,42469.624,0.023
sub-STUCLUK0216,UCL-UK/UCLStrokeData,12763.472,0.056,102006.32,0.056
sub-STUCLUK0217,UCL-UK/UCLStrokeData,17866.933,0.078,142785.68,0.078
sub-STUCLUK0218,UCL-UK/UCLStrokeData,10821.596,0.047,86515.41,0.047
sub-STUCLUK0219,UCL-UK/UCLStrokeData,6400.624,0.028,51100.112,0.028
sub-STUCLUK0220,UCL-UK/UCLStrokeData,6030.736,0.026,48220.725,0.026
sub-STUCLUK0221,UCL-UK/UCLStrokeData,2630.444,0.012,21028.157,0.012
sub-STUCLUK0222,UCL-UK/UCLStrokeData,14396.191,0.063,115138.759,0.063
sub-STUCLUK0223,UCL-UK/UCLStrokeData,11199.618,0.049,89552.146,0.049
sub-STUCLUK0224,UCL-UK/UCLStrokeData,6513.871,0.029,52085.101,0.029
sub-STUCLUK0225,UCL-UK/UCLStrokeData,4341.612,0.019,34619.129,0.019
sub-STUCLUK0226,UCL-UK/UCLStrokeData,3299.579,0.014,26375.096,0.014
sub-STUCLUK0227,UCL-UK/UCLStrokeData,3232.848,0.014,25760.163,0.014
sub-STUCLUK0228,UCL-UK/UCLStrokeData,14142.247,0.062,113119.011,0.062
sub-STUCLUK0229,UCL-UK/UCLStrokeData,23838.208,0.104,190598.124,0.104
sub-STUCLUK0230,UCL-UK/UCLStrokeData,27334.017,0.12,218560.888,0.12
sub-STUCLUK0231,UCL-UK/UCLStrokeData,4579.174,0.02,36601.826,0.02
sub-STUCLUK0232,UCL-UK/UCLStrokeData,17465.865,0.076,139599.73,0.076
sub-STUCLUK0233,UCL-UK/UCLStrokeData,4693.213,0.021,37522.725,0.021
sub-STUCLUK0234,UCL-UK/UCLStrokeData,2995.528,0.013,23975.596,0.013
sub-STUCLUK0235,UCL-UK/UCLStrokeData,2285.871,0.01,18235.365,0.01
sub-STUCLUK0236,UCL-UK/UCLStrokeData,682.326,0.003,5451.646,0.003
sub-STUCLUK0237,UCL-UK/UCLStrokeData,5530.64,0.024,44118.096,0.024
sub-STUCLUK0238,UCL-UK/UCLStrokeData,43652.736,0.191,348967.59,0.191
sub-STUCLUK0239,UCL-UK/UCLStrokeData,27865.601,0.122,222871.169,0.122
sub-STUCLUK0240,UCL-UK/UCLStrokeData,6536.303,0.029,52259.669,0.029
sub-STUCLUK0241,UCL-UK/UCLStrokeData,12677.601,0.055,101424.41,0.056
sub-STUCLUK0242,UCL-UK/UCLStrokeData,549.051,0.002,4387.219,0.002
sub-STUCLUK0243,UCL-UK/UCLStrokeData,4209.899,0.018,33569.781,0.018
sub-STUCLUK0244,UCL-UK/UCLStrokeData,1686.298,0.007,13478.854,0.007
sub-STUCLUK0245,UCL-UK/UCLStrokeData,5628.433,0.025,45022.624,0.025
sub-STUCLUK0246,UCL-UK/UCLStrokeData,2499.68,0.011,19975.961,0.011
sub-STUCLUK0247,UCL-UK/UCLStrokeData,6822.843,0.03,54426.792,0.03
sub-STUCLUK0248,UCL-UK/UCLStrokeData,14647.287,0.064,117149.657,0.064
sub-STUCLUK0249,UCL-UK/UCLStrokeData,15263.528,0.067,122013.792,0.067
sub-STUCLUK0250,UCL-UK/UCLStrokeData,9640.393,0.042,77096.309,0.042
sub-STUCLUK0251,UCL-UK/UCLStrokeData,37635.567,0.165,301007.877,0.165
sub-STUCLUK0252,UCL-UK/UCLStrokeData,20040.455,0.088,160302.708,0.088
sub-STUCLUK0253,UCL-UK/UCLStrokeData,6170.809,0.027,49325.719,0.027
sub-STUCLUK0254,UCL-UK/UCLStrokeData,16309.472,0.071,130395.506,0.071
sub-STUCLUK0255,UCL-UK/UCLStrokeData,30924.275,0.135,247250.736,0.135
sub-STUCLUK0256,UCL-UK/UCLStrokeData,7008.09,0.031,56050.129,0.031
sub-STUCLUK0257,UCL-UK/UCLStrokeData,14035.478,0.061,112105.584,0.061
sub-STUCLUK0258,UCL-UK/UCLStrokeData,37526.579,0.164,299942.697,0.164
sub-STUCLUK0259,UCL-UK/UCLStrokeData,5474.871,0.024,43765.714,0.024
sub-STUCLUK0260,UCL-UK/UCLStrokeData,32741.022,0.143,261748.843,0.143
sub-STUCLUK0261,UCL-UK/UCLStrokeData,20092.646,0.088,160637.556,0.088
sub-STUCLUK0262,UCL-UK/UCLStrokeData,4355.843,0.019,34820.899,0.019
sub-STUCLUK0263,UCL-UK/UCLStrokeData,5770.618,0.025,46126.843,0.025
sub-STUCLUK0264,UCL-UK/UCLStrokeData,36017.275,0.158,287932.989,0.158
sub-STUCLUK0265,UCL-UK/UCLStrokeData,27025.096,0.118,216110.129,0.118
sub-STUCLUK0266,UCL-UK/UCLStrokeData,24658.309,0.108,197124.663,0.108
sub-STUCLUK0267,UCL-UK/UCLStrokeData,19631.556,0.086,156972.096,0.086
sub-STUCLUK0268,UCL-UK/UCLStrokeData,4030.781,0.018,32133.124,0.018
sub-STUCLUK0269,UCL-UK/UCLStrokeData,6374.657,0.028,50922.146,0.028
sub-STUCLUK0270,UCL-UK/UCLStrokeData,1595.843,0.007,12757.326,0.007
sub-STUCLUK0271,UCL-UK/UCLStrokeData,28620.601,0.125,228867.916,0.125
sub-STUCLUK0272,UCL-UK/UCLStrokeData,2486.27,0.011,19879.466,0.011
sub-STUCLUK0273,UCL-UK/UCLStrokeData,6805.758,0.03,54385.579,0.03
sub-STUCLUK0274,UCL-UK/UCLStrokeData,12172.096,0.053,97302.068,0.053
sub-STUCLUK0275,UCL-UK/UCLStrokeData,7548.966,0.033,60332.067,0.033
sub-STUCLUK0276,UCL-UK/UCLStrokeData,3560.899,0.016,28484.792,0.016
sub-STUCLUK0277,UCL-UK/UCLStrokeData,3950.152,0.017,31525.275,0.017
sub-STUCLUK0278,UCL-UK/UCLStrokeData,2738.652,0.012,21881.455,0.012
sub-STUCLUK0279,UCL-UK/UCLStrokeData,19379.702,0.085,154843.472,0.085
sub-STUCLUK0280,UCL-UK/UCLStrokeData,861.596,0.004,6907.292,0.004
sub-STUCLUK0281,UCL-UK/UCLStrokeData,20017.893,0.088,160044.455,0.088
sub-STUCLUK0282,UCL-UK/UCLStrokeData,15317.483,0.067,122386.736,0.067
sub-STUCLUK0283,UCL-UK/UCLStrokeData,16239.848,0.071,129884.938,0.071
sub-STUCLUK0284,UCL-UK/UCLStrokeData,11539.528,0.051,92174.073,0.05
sub-STUCLUK0285,UCL-UK/UCLStrokeData,13969.388,0.061,111590.719,0.061
sub-STUCLUK0286,UCL-UK/UCLStrokeData,13419.534,0.059,107358.685,0.059
sub-STUCLUK0287,UCL-UK/UCLStrokeData,37651.91,0.165,301021.59,0.165
sub-STUCLUK0288,UCL-UK/UCLStrokeData,25307.326,0.111,202303.365,0.111
sub-STUCLUK0289,UCL-UK/UCLStrokeData,14859.466,0.065,118816.612,0.065
sub-STUCLUK0290,UCL-UK/UCLStrokeData,2234.635,0.01,17869.292,0.01
sub-STUCLUK0291,UCL-UK/UCLStrokeData,17169.511,0.075,137264.259,0.075
sub-STUCLUK0292,UCL-UK/UCLStrokeData,8558.972,0.037,68418.461,0.037
sub-STUCLUK0293,UCL-UK/UCLStrokeData,4256.489,0.019,34023.82,0.019
sub-STUCLUK0294,UCL-UK/UCLStrokeData,2553.798,0.011,20385.978,0.011
sub-STUCLUK0295,UCL-UK/UCLStrokeData,3666.169,0.016,29242.084,0.016
sub-STUCLUK0296,UCL-UK/UCLStrokeData,11606.899,0.051,92837.433,0.051
sub-STUCLUK0297,UCL-UK/UCLStrokeData,4299.697,0.019,34409.59,0.019
sub-STUCLUK0298,UCL-UK/UCLStrokeData,576.697,0.003,4622.567,0.003
sub-STUCLUK0299,UCL-UK/UCLStrokeData,27966.028,0.122,223627.882,0.122
sub-STUCLUK0300,UCL-UK/UCLStrokeData,3484.298,0.015,27830.253,0.015
sub-STUCLUK0301,UCL-UK/UCLStrokeData,981.258,0.004,7852.753,0.004
sub-STUCLUK0302,UCL-UK/UCLStrokeData,4765.669,0.021,38088.921,0.021
sub-STUCLUK0303,UCL-UK/UCLStrokeData,17794.096,0.078,142358.315,0.078
sub-STUCLUK0304,UCL-UK/UCLStrokeData,7684.624,0.034,61477.062,0.034
sub-STUCLUK0305,UCL-UK/UCLStrokeData,8636.354,0.038,68998.663,0.038
sub-STUCLUK0306,UCL-UK/UCLStrokeData,2987.287,0.013,23802.067,0.013
sub-STUCLUK0307,UCL-UK/UCLStrokeData,35755.831,0.156,285868.68,0.156
sub-STUCLUK0308,UCL-UK/UCLStrokeData,12427.949,0.054,99294.994,0.054
sub-STUCLUK0309,UCL-UK/UCLStrokeData,2258.697,0.01,18027.281,0.01
sub-STUCLUK0310,UCL-UK/UCLStrokeData,22679.657,0.099,181247.062,0.099
sub-STUCLUK0311,UCL-UK/UCLStrokeData,2264.517,0.01,18118.253,0.01
sub-STUCLUK0312,UCL-UK/UCLStrokeData,17286.045,0.076,138238.163,0.076
sub-STUCLUK0313,UCL-UK/UCLStrokeData,29014.742,0.127,232002.135,0.127
sub-STUCLUK0314,UCL-UK/UCLStrokeData,9212.039,0.04,73619.674,0.04
sub-STUCLUK0315,UCL-UK/UCLStrokeData,594.0,0.003,4725.191,0.003
sub-STUCLUK0316,UCL-UK/UCLStrokeData,1271.399,0.006,10143.124,0.006
sub-STUCLUK0317,UCL-UK/UCLStrokeData,249.079,0.001,2005.989,0.001
sub-STUCLUK0318,UCL-UK/UCLStrokeData,1741.983,0.008,13927.798,0.008
sub-STUCLUK0319,UCL-UK/UCLStrokeData,17352.843,0.076,138750.584,0.076
sub-STUCLUK0320,UCL-UK/UCLStrokeData,7967.657,0.035,63659.365,0.035
sub-STUCLUK0321,UCL-UK/UCLStrokeData,2737.331,0.012,21852.051,0.012
sub-STUCLUK0322,UCL-UK/UCLStrokeData,15538.764,0.068,124284.118,0.068
sub-STUCLUK0323,UCL-UK/UCLStrokeData,8200.449,0.036,65569.135,0.036
sub-STUCLUK0324,UCL-UK/UCLStrokeData,10812.045,0.047,86442.702,0.047
sub-STUCLUK0325,UCL-UK/UCLStrokeData,4661.579,0.02,37184.18,0.02
sub-STUCLUK0326,UCL-UK/UCLStrokeData,4647.809,0.02,37145.719,0.02
sub-STUCLUK0327,UCL-UK/UCLStrokeData,16856.343,0.074,134638.669,0.074
sub-STUCLUK0328,UCL-UK/UCLStrokeData,11325.663,0.05,90573.337,0.05
sub-STUCLUK0329,UCL-UK/UCLStrokeData,7803.77,0.034,62376.438,0.034
sub-STUCLUK0330,UCL-UK/UCLStrokeData,11623.208,0.051,92928.298,0.051
sub-STUCLUK0331,UCL-UK/UCLStrokeData,3701.416,0.016,29604.107,0.016
sub-STUCLUK0332,UCL-UK/UCLStrokeData,28885.253,0.126,231037.562,0.126
sub-STUCLUK0333,UCL-UK/UCLStrokeData,19403.051,0.085,155136.972,0.085
sub-STUCLUK0334,UCL-UK/UCLStrokeData,2225.927,0.01,17721.888,0.01
sub-STUCLUK0335,UCL-UK/UCLStrokeData,8799.489,0.039,70325.64,0.038
sub-STUCLUK0336,UCL-UK/UCLStrokeData,3525.146,0.015,28179.388,0.015
sub-STUCLUK0337,UCL-UK/UCLStrokeData,3841.567,0.017,30703.096,0.017
sub-STUCLUK0338,UCL-UK/UCLStrokeData,42490.337,0.186,339706.641,0.186
sub-STUCLUK0339,UCL-UK/UCLStrokeData,37082.326,0.162,296505.989,0.162
sub-STUCLUK0340,UCL-UK/UCLStrokeData,3620.348,0.016,28928.466,0.016
sub-STUCLUK0341,UCL-UK/UCLStrokeData,14392.315,0.063,115028.056,0.063
sub-STUCLUK0342,UCL-UK/UCLStrokeData,22857.084,0.1,182778.607,0.1
sub-STUCLUK0343,UCL-UK/UCLStrokeData,5306.219,0.023,42355.14,0.023
sub-STUCLUK0344,UCL-UK/UCLStrokeData,4501.152,0.02,35931.028,0.02
sub-STUCLUK0345,UCL-UK/UCLStrokeData,7854.674,0.034,62810.826,0.034
sub-STUCLUK0346,UCL-UK/UCLStrokeData,36113.652,0.158,288885.101,0.158
sub-STUCLUK0347,UCL-UK/UCLStrokeData,6636.511,0.029,53078.961,0.029
sub-STUCLUK0348,UCL-UK/UCLStrokeData,16581.185,0.073,132588.843,0.073
sub-STUCLUK0349,UCL-UK/UCLStrokeData,33758.253,0.148,269931.112,0.148
sub-STUCLUK0350,UCL-UK/UCLStrokeData,9228.635,0.04,73725.298,0.04
sub-STUCLUK0351,UCL-UK/UCLStrokeData,2497.938,0.011,19987.534,0.011
sub-STUCLUK0352,UCL-UK/UCLStrokeData,30657.775,0.134,245086.011,0.134
sub-STUCLUK0353,UCL-UK/UCLStrokeData,1656.848,0.007,13273.039,0.007
sub-STUCLUK0354,UCL-UK/UCLStrokeData,15606.118,0.068,124847.624,0.068
sub-STUCLUK0355,UCL-UK/UCLStrokeData,29964.281,0.131,239532.562,0.131
sub-STUCLUK0356,UCL-UK/UCLStrokeData,4818.36,0.021,38526.303,0.021
sub-STUCLUK0357,UCL-UK/UCLStrokeData,28055.017,0.123,224342.388,0.123
sub-STUCLUK0358,UCL-UK/UCLStrokeData,12007.039,0.053,96038.371,0.053
sub-STUCLUK0359,UCL-UK/UCLStrokeData,1539.539,0.007,12249.86,0.007
sub-STUCLUK0360,UCL-UK/UCLStrokeData,4335.708,0.019,34696.365,0.019
sub-STUCLUK0361,UCL-UK/UCLStrokeData,15629.303,0.068,124925.433,0.068
sub-STUCLUK0362,UCL-UK/UCLStrokeData,396.174,0.002,3138.854,0.002
sub-STUCLUK0363,UCL-UK/UCLStrokeData,20358.798,0.089,162748.882,0.089
sub-STUCLUK0364,UCL-UK/UCLStrokeData,12222.427,0.053,97666.264,0.053
sub-STUCLUK0365,UCL-UK/UCLStrokeData,17889.185,0.078,143058.377,0.078
sub-STUCLUK0366,UCL-UK/UCLStrokeData,20299.315,0.089,162278.253,0.089
sub-STUCLUK0367,UCL-UK/UCLStrokeData,11083.742,0.049,88608.955,0.048
sub-STUCLUK0368,UCL-UK/UCLStrokeData,4233.59,0.019,33869.882,0.019
sub-STUCLUK0369,UCL-UK/UCLStrokeData,3541.904,0.016,28274.051,0.015
sub-STUCLUK0370,UCL-UK/UCLStrokeData,3612.803,0.016,28849.921,0.016
sub-STUCLUK0371,UCL-UK/UCLStrokeData,24108.584,0.106,192696.494,0.105
sub-STUCLUK0372,UCL-UK/UCLStrokeData,31830.5,0.139,254499.921,0.139
sub-STUCLUK0373,UCL-UK/UCLStrokeData,4615.949,0.02,36907.697,0.02
sub-STUCLUK0374,UCL-UK/UCLStrokeData,2421.539,0.011,19350.219,0.011
sub-STUCLUK0375,UCL-UK/UCLStrokeData,4471.337,0.02,35717.506,0.02
sub-STUCLUK0376,UCL-UK/UCLStrokeData,26784.326,0.117,214191.893,0.117
sub-STUCLUK0377,UCL-UK/UCLStrokeData,10407.185,0.046,83192.006,0.046
sub-STUCLUK0378,UCL-UK/UCLStrokeData,27818.022,0.122,222506.444,0.122
sub-STUCLUK0379,UCL-UK/UCLStrokeData,23702.809,0.104,189551.809,0.104
sub-STUCLUK0380,UCL-UK/UCLStrokeData,7563.551,0.033,60422.36,0.033
sub-STUCLUK0381,UCL-UK/UCLStrokeData,28476.084,0.125,227692.376,0.125
sub-STUCLUK0382,UCL-UK/UCLStrokeData,6716.792,0.029,53738.742,0.029
sub-STUCLUK0383,UCL-UK/UCLStrokeData,155.972,0.001,1229.59,0.001
sub-STUCLUK0384,UCL-UK/UCLStrokeData,9219.803,0.04,73734.798,0.04
sub-STUCLUK0385,UCL-UK/UCLStrokeData,42470.742,0.186,339597.826,0.186
sub-STUCLUK0386,UCL-UK/UCLStrokeData,1753.236,0.008,13948.888,0.008
sub-STUCLUK0387,UCL-UK/UCLStrokeData,1303.792,0.006,10411.927,0.006
sub-STUCLUK0388,UCL-UK/UCLStrokeData,25952.365,0.114,207433.157,0.114
sub-STUCLUK0389,UCL-UK/UCLStrokeData,6508.298,0.028,52002.927,0.028
sub-STUCLUK0390,UCL-UK/UCLStrokeData,5732.494,0.025,45835.815,0.025
sub-STUCLUK0391,UCL-UK/UCLStrokeData,8178.5,0.036,65311.972,0.036
sub-STUCLUK0392,UCL-UK/UCLStrokeData,9636.494,0.042,76960.371,0.042
sub-STUCLUK0393,UCL-UK/UCLStrokeData,49315.747,0.216,394299.399,0.216
sub-STUCLUK0394,UCL-UK/UCLStrokeData,10833.275,0.047,86570.624,0.047
sub-STUCLUK0395,UCL-UK/UCLStrokeData,23598.708,0.103,188601.056,0.103
sub-STUCLUK0396,UCL-UK/UCLStrokeData,9707.781,0.042,77710.354,0.043
sub-STUCLUK0397,UCL-UK/UCLStrokeData,19132.697,0.084,153064.399,0.084
sub-STUCLUK0398,UCL-UK/UCLStrokeData,4789.618,0.021,38286.697,0.021
sub-STUCLUK0399,UCL-UK/UCLStrokeData,14072.691,0.062,112478.332,0.062
sub-STUCLUK0400,UCL-UK/UCLStrokeData,5555.27,0.024,44372.112,0.024
sub-STUCLUK0401,UCL-UK/UCLStrokeData,99.303,0.0,792.197,0.0
sub-STUCLUK0402,UCL-UK/UCLStrokeData,21691.893,0.095,173480.669,0.095
sub-STUCLUK0403,UCL-UK/UCLStrokeData,14541.022,0.064,116318.815,0.064
sub-STUCLUK0404,UCL-UK/UCLStrokeData,10304.405,0.045,82326.405,0.045
sub-STUCLUK0405,UCL-UK/UCLStrokeData,51306.219,0.225,410193.129,0.224
sub-STUCLUK0406,UCL-UK/UCLStrokeData,3793.421,0.017,30344.343,0.017
sub-STUCLUK0407,UCL-UK/UCLStrokeData,4929.376,0.022,39432.483,0.022
sub-STUCLUK0408,UCL-UK/UCLStrokeData,3755.893,0.016,29931.792,0.016
sub-STUCLUK0409,UCL-UK/UCLStrokeData,22213.011,0.097,177632.332,0.097
sub-STUCLUK0410,UCL-UK/UCLStrokeData,177.011,0.001,1420.354,0.001
sub-STUCLUK0411,UCL-UK/UCLStrokeData,352.556,0.002,2817.933,0.002
sub-STUCLUK0412,UCL-UK/UCLStrokeData,8874.933,0.039,70981.736,0.039
sub-STUCLUK0413,UCL-UK/UCLStrokeData,2999.511,0.013,23990.663,0.013
sub-STUCLUK0414,UCL-UK/UCLStrokeData,10392.253,0.045,83129.433,0.045
sub-STUCLUK0415,UCL-UK/UCLStrokeData,6131.646,0.027,48949.191,0.027
sub-STUCLUK0416,UCL-UK/UCLStrokeData,1775.781,0.008,14150.32,0.008
sub-STUCLUK0417,UCL-UK/UCLStrokeData,1725.629,0.008,13812.657,0.008
sub-STUCLUK0418,UCL-UK/UCLStrokeData,8873.747,0.039,70924.067,0.039
sub-STUCLUK0419,UCL-UK/UCLStrokeData,4524.219,0.02,36145.466,0.02
sub-STUCLUK0420,UCL-UK/UCLStrokeData,1879.618,0.008,15012.0,0.008
sub-STUCLUK0421,UCL-UK/UCLStrokeData,13597.421,0.06,108687.039,0.059
sub-STUCLUK0422,UCL-UK/UCLStrokeData,10368.556,0.045,82863.511,0.045
sub-STUCLUK0423,UCL-UK/UCLStrokeData,15797.927,0.069,126318.865,0.069
sub-STUCLUK0424,UCL-UK/UCLStrokeData,6793.146,0.03,54309.298,0.03
sub-STUCLUK0425,UCL-UK/UCLStrokeData,1930.646,0.008,15428.466,0.008
sub-STUCLUK0426,UCL-UK/UCLStrokeData,1676.803,0.007,13366.23,0.007
sub-STUCLUK0427,UCL-UK/UCLStrokeData,10069.809,0.044,80482.674,0.044
sub-STUCLUK0428,UCL-UK/UCLStrokeData,3458.337,0.015,27617.028,0.015
sub-STUCLUK0429,UCL-UK/UCLStrokeData,46387.146,0.203,370914.511,0.203
sub-STUCLUK0430,UCL-UK/UCLStrokeData,3754.955,0.016,30036.691,0.016
sub-STUCLUK0431,UCL-UK/UCLStrokeData,2571.41,0.011,20494.59,0.011
sub-STUCLUK0432,UCL-UK/UCLStrokeData,1478.933,0.006,11823.933,0.006
sub-STUCLUK0433,UCL-UK/UCLStrokeData,8669.371,0.038,69339.803,0.038
sub-STUCLUK0434,UCL-UK/UCLStrokeData,310.472,0.001,2479.966,0.001
sub-STUCLUK0435,UCL-UK/UCLStrokeData,23157.354,0.101,185247.64,0.101
sub-STUCLUK0436,UCL-UK/UCLStrokeData,12472.062,0.055,99752.101,0.055
sub-STUCLUK0437,UCL-UK/UCLStrokeData,2009.517,0.009,16066.517,0.009
sub-STUCLUK0438,UCL-UK/UCLStrokeData,16112.933,0.071,128855.191,0.071
sub-STUCLUK0439,UCL-UK/UCLStrokeData,966.337,0.004,7713.405,0.004
sub-STUCLUK0440,UCL-UK/UCLStrokeData,6852.152,0.03,54772.388,0.03
sub-STUCLUK0441,UCL-UK/UCLStrokeData,12089.017,0.053,96672.567,0.053
sub-STUCLUK0442,UCL-UK/UCLStrokeData,3757.331,0.016,30062.371,0.016
sub-STUCLUK0443,UCL-UK/UCLStrokeData,5179.624,0.023,41330.994,0.023
sub-STUCLUK0444,UCL-UK/UCLStrokeData,12730.382,0.056,101778.854,0.056
sub-STUCLUK0445,UCL-UK/UCLStrokeData,468.494,0.002,3746.59,0.002
sub-STUCLUK0446,UCL-UK/UCLStrokeData,16421.713,0.072,131316.612,0.072
sub-STUCLUK0447,UCL-UK/UCLStrokeData,15391.966,0.067,123099.921,0.067
sub-STUCLUK0448,UCL-UK/UCLStrokeData,12557.034,0.055,100520.848,0.055
sub-STUCLUK0449,UCL-UK/UCLStrokeData,18699.596,0.082,149551.506,0.082
sub-STUCLUK0450,UCL-UK/UCLStrokeData,14031.079,0.061,112138.596,0.061
sub-STUCLUK0451,UCL-UK/UCLStrokeData,38567.59,0.169,308342.399,0.169
sub-STUCLUK0452,UCL-UK/UCLStrokeData,1861.916,0.008,14895.86,0.008
sub-STUCLUK0453,UCL-UK/UCLStrokeData,15929.275,0.07,127343.983,0.07
sub-STUCLUK0454,UCL-UK/UCLStrokeData,4348.006,0.019,34752.225,0.019
sub-STUCLUK0455,UCL-UK/UCLStrokeData,7269.725,0.032,58078.36,0.032
sub-STUCLUK0456,UCL-UK/UCLStrokeData,6959.865,0.03,55694.764,0.03
sub-STUCLUK0457,UCL-UK/UCLStrokeData,20970.562,0.092,167600.163,0.092
sub-STUCLUK0458,UCL-UK/UCLStrokeData,4589.399,0.02,36688.281,0.02
sub-STUCLUK0459,UCL-UK/UCLStrokeData,33757.022,0.148,269864.146,0.148
sub-STUCLUK0460,UCL-UK/UCLStrokeData,12611.978,0.055,100828.882,0.055
sub-STUCLUK0461,UCL-UK/UCLStrokeData,3554.607,0.016,28408.815,0.016
sub-STUCLUK0462,UCL-UK/UCLStrokeData,2313.848,0.01,18497.331,0.01
sub-STUCLUK0463,UCL-UK/UCLStrokeData,6002.258,0.026,47952.826,0.026
sub-STUCLUK0464,UCL-UK/UCLStrokeData,17642.067,0.077,141044.573,0.077
sub-STUCLUK0465,UCL-UK/UCLStrokeData,10244.247,0.045,81931.624,0.045
sub-STUCLUK0466,UCL-UK/UCLStrokeData,11909.062,0.052,95236.309,0.052
sub-STUCLUK0467,UCL-UK/UCLStrokeData,44100.41,0.193,352724.084,0.193
sub-STUCLUK0468,UCL-UK/UCLStrokeData,7448.27,0.033,59520.27,0.033
sub-STUCLUK0469,UCL-UK/UCLStrokeData,1213.36,0.005,9702.455,0.005
sub-STUCLUK0470,UCL-UK/UCLStrokeData,8746.905,0.038,69980.388,0.038
sub-STUCLUK0471,UCL-UK/UCLStrokeData,394.674,0.002,3141.073,0.002
sub-STUCLUK0472,UCL-UK/UCLStrokeData,5851.41,0.026,46787.624,0.026
sub-STUCLUK0473,UCL-UK/UCLStrokeData,8077.371,0.035,64584.18,0.035
sub-STUCLUK0474,UCL-UK/UCLStrokeData,6647.708,0.029,53117.983,0.029
sub-STUCLUK0475,UCL-UK/UCLStrokeData,874.219,0.004,6993.056,0.004
sub-STUCLUK0476,UCL-UK/UCLStrokeData,1138.596,0.005,9105.472,0.005
sub-STUCLUK0477,UCL-UK/UCLStrokeData,13161.551,0.058,105195.461,0.058
sub-STUCLUK0478,UCL-UK/UCLStrokeData,6225.051,0.027,49685.899,0.027
sub-STUCLUK0479,UCL-UK/UCLStrokeData,5117.854,0.022,40850.528,0.022
sub-STUCLUK0480,UCL-UK/UCLStrokeData,8701.528,0.038,69552.534,0.038
sub-STUCLUK0481,UCL-UK/UCLStrokeData,15351.006,0.067,122755.601,0.067
sub-STUCLUK0482,UCL-UK/UCLStrokeData,20686.865,0.091,165403.641,0.091
sub-STUCLUK0483,UCL-UK/UCLStrokeData,22215.489,0.097,177564.045,0.097
sub-STUCLUK0484,UCL-UK/UCLStrokeData,26162.657,0.115,209159.618,0.114
sub-STUCLUK0485,UCL-UK/UCLStrokeData,10007.011,0.044,80073.343,0.044
sub-STUCLUK0486,UCL-UK/UCLStrokeData,24213.854,0.106,193598.865,0.106
sub-STUCLUK0487,UCL-UK/UCLStrokeData,9038.949,0.04,72234.927,0.04
sub-STUCLUK0488,UCL-UK/UCLStrokeData,19556.371,0.086,156398.736,0.086
sub-STUCLUK0489,UCL-UK/UCLStrokeData,1748.506,0.008,13967.157,0.008
sub-STUCLUK0490,UCL-UK/UCLStrokeData,16747.831,0.073,133966.27,0.073
sub-STUCLUK0491,UCL-UK/UCLStrokeData,12578.056,0.055,100490.826,0.055
sub-STUCLUK0492,UCL-UK/UCLStrokeData,1190.343,0.005,9512.449,0.005
sub-STUCLUK0493,UCL-UK/UCLStrokeData,7987.197,0.035,63872.747,0.035
sub-STUCLUK0494,UCL-UK/UCLStrokeData,31475.421,0.138,251617.551,0.138
sub-STUCLUK0495,UCL-UK/UCLStrokeData,1179.86,0.005,9437.197,0.005
sub-STUCLUK0496,UCL-UK/UCLStrokeData,6668.006,0.029,53296.107,0.029
sub-STUCLUK0497,UCL-UK/UCLStrokeData,4832.882,0.021,38563.747,0.021
sub-STUCLUK0498,UCL-UK/UCLStrokeData,18907.91,0.083,151213.056,0.083
sub-STUCLUK0499,UCL-UK/UCLStrokeData,14391.994,0.063,114935.208,0.063
sub-STUCLUK0500,UCL-UK/UCLStrokeData,1865.719,0.008,14818.899,0.008
sub-STUCLUK0501,UCL-UK/UCLStrokeData,1963.331,0.009,15681.315,0.009
sub-STUCLUK0502,UCL-UK/UCLStrokeData,4004.657,0.018,31942.236,0.017
sub-STUCLUK0503,UCL-UK/UCLStrokeData,4498.972,0.02,35951.112,0.02
sub-STUCLUK0504,UCL-UK/UCLStrokeData,16655.494,0.073,133238.483,0.073
sub-STUCLUK0505,UCL-UK/UCLStrokeData,5226.972,0.023,41843.303,0.023
sub-STUCLUK0506,UCL-UK/UCLStrokeData,22062.517,0.097,176359.669,0.097
sub-STUCLUK0507,UCL-UK/UCLStrokeData,30010.028,0.131,239957.191,0.131
sub-STUCLUK0508,UCL-UK/UCLStrokeData,4643.68,0.02,37159.332,0.02
sub-STUCLUK0509,UCL-UK/UCLStrokeData,2302.41,0.01,18340.354,0.01
sub-STUCLUK0510,UCL-UK/UCLStrokeData,41486.584,0.182,331688.157,0.182
sub-STUCLUK0511,UCL-UK/UCLStrokeData,10990.444,0.048,87851.41,0.048
sub-STUCLUK0512,UCL-UK/UCLStrokeData,1984.758,0.009,15835.888,0.009
sub-STUCLUK0513,UCL-UK/UCLStrokeData,12981.815,0.057,103784.584,0.057
sub-STUCLUK0514,UCL-UK/UCLStrokeData,299.775,0.001,2390.315,0.001
sub-STUCLUK0515,UCL-UK/UCLStrokeData,8402.961,0.037,67151.214,0.037
sub-STUCLUK0516,UCL-UK/UCLStrokeData,7942.522,0.035,63479.551,0.035
sub-STUCLUK0517,UCL-UK/UCLStrokeData,11145.601,0.049,89124.82,0.049
sub-STUCLUK0518,UCL-UK/UCLStrokeData,6076.646,0.027,48665.264,0.027
sub-STUCLUK0519,UCL-UK/UCLStrokeData,9260.028,0.041,73960.281,0.04
sub-STUCLUK0520,UCL-UK/UCLStrokeData,5451.522,0.024,43584.32,0.024
sub-STUCLUK0521,UCL-UK/UCLStrokeData,2155.191,0.009,17259.848,0.009
sub-STUCLUK0522,UCL-UK/UCLStrokeData,4891.427,0.021,39085.764,0.021
sub-STUCLUK0523,UCL-UK/UCLStrokeData,5351.247,0.023,42735.955,0.023
sub-STUCLUK0524,UCL-UK/UCLStrokeData,5657.556,0.025,45231.045,0.025
sub-STUCLUK0525,UCL-UK/UCLStrokeData,19441.292,0.085,155476.966,0.085
sub-STUCLUK0526,UCL-UK/UCLStrokeData,13304.478,0.058,106297.309,0.058
sub-STUCLUK0527,UCL-UK/UCLStrokeData,904.27,0.004,7232.028,0.004
sub-STUCLUK0528,UCL-UK/UCLStrokeData,4030.028,0.018,32230.607,0.018
sub-STUCLUK0529,UCL-UK/UCLStrokeData,1370.427,0.006,10890.27,0.006
sub-STUCLUK0530,UCL-UK/UCLStrokeData,1368.157,0.006,10939.247,0.006
sub-STUCLUK0531,UCL-UK/UCLStrokeData,443.382,0.002,3539.5,0.002
sub-STUCLUK0532,UCL-UK/UCLStrokeData,1457.275,0.006,11632.831,0.006
sub-STUCLUK0533,UCL-UK/UCLStrokeData,7455.062,0.033,59593.59,0.033
sub-STUCLUK0534,UCL-UK/UCLStrokeData,6253.674,0.027,50026.427,0.027
sub-STUCLUK0535,UCL-UK/UCLStrokeData,13663.337,0.06,109286.674,0.06
sub-STUCLUK0536,UCL-UK/UCLStrokeData,5131.708,0.022,41038.449,0.022
sub-STUCLUK0537,UCL-UK/UCLStrokeData,4290.483,0.019,34322.758,0.019
sub-STUCLUK0538,UCL-UK/UCLStrokeData,878.197,0.004,7014.112,0.004
sub-STUCLUK0539,UCL-UK/UCLStrokeData,10861.837,0.048,86800.815,0.048
sub-STUCLUK0540,UCL-UK/UCLStrokeData,5319.787,0.023,42537.034,0.023
sub-STUCLUK0541,UCL-UK/UCLStrokeData,1206.388,0.005,9648.697,0.005
sub-STUCLUK0542,UCL-UK/UCLStrokeData,8767.994,0.038,70029.5,0.038
sub-STUCLUK0543,UCL-UK/UCLStrokeData,5991.0,0.026,47889.393,0.026
sub-STUCLUK0544,UCL-UK/UCLStrokeData,2554.809,0.011,20346.343,0.011
sub-STUCLUK0545,UCL-UK/UCLStrokeData,1445.185,0.006,11542.348,0.006
sub-STUCLUK0546,UCL-UK/UCLStrokeData,10503.506,0.046,83967.579,0.046
sub-STUCLUK0547,UCL-UK/UCLStrokeData,9603.904,0.042,76713.27,0.042
sub-STUCLUK0548,UCL-UK/UCLStrokeData,23363.556,0.102,186817.843,0.102
sub-STUCLUK0549,UCL-UK/UCLStrokeData,39273.242,0.172,314031.568,0.172
sub-STUCLUK0550,UCL-UK/UCLStrokeData,3443.056,0.015,27508.14,0.015
sub-STUCLUK0551,UCL-UK/UCLStrokeData,10508.736,0.046,84001.118,0.046
sub-STUCLUK0552,UCL-UK/UCLStrokeData,1023.264,0.004,8126.444,0.004
sub-STUCLUK0553,UCL-UK/UCLStrokeData,13178.713,0.058,105399.354,0.058
sub-STUCLUK0554,UCL-UK/UCLStrokeData,6620.41,0.029,52882.326,0.029
sub-STUCLUK0555,UCL-UK/UCLStrokeData,5097.112,0.022,40663.612,0.022
sub-STUCLUK0556,UCL-UK/UCLStrokeData,19189.253,0.084,153457.433,0.084
sub-STUCLUK0557,UCL-UK/UCLStrokeData,20116.213,0.088,160754.882,0.088
sub-STUCLUK0558,UCL-UK/UCLStrokeData,12014.758,0.053,96112.287,0.053
sub-STUCLUK0559,UCL-UK/UCLStrokeData,13416.225,0.059,107161.45,0.059
sub-STUCLUK0560,UCL-UK/UCLStrokeData,20889.77,0.091,167092.809,0.091
sub-STUCLUK0561,UCL-UK/UCLStrokeData,8565.753,0.037,68477.371,0.037
sub-STUCLUK0562,UCL-UK/UCLStrokeData,3160.893,0.014,25234.096,0.014
sub-STUCLUK0563,UCL-UK/UCLStrokeData,2595.983,0.011,20675.899,0.011
sub-STUCLUK0564,UCL-UK/UCLStrokeData,16982.343,0.074,135800.978,0.074
sub-STUCLUK0565,UCL-UK/UCLStrokeData,2560.096,0.011,20407.511,0.011
sub-STUCLUK0566,UCL-UK/UCLStrokeData,4115.27,0.018,32875.624,0.018
sub-STUCLUK0567,UCL-UK/UCLStrokeData,22072.618,0.097,176522.152,0.097
sub-STUCLUK0568,UCL-UK/UCLStrokeData,18068.91,0.079,144591.607,0.079
sub-STUCLUK0569,UCL-UK/UCLStrokeData,5399.831,0.024,43190.275,0.024
sub-STUCLUK0570,UCL-UK/UCLStrokeData,4520.152,0.02,36063.011,0.02
sub-STUCLUK0571,UCL-UK/UCLStrokeData,4055.781,0.018,32406.77,0.018
sub-STUCLUK0572,UCL-UK/UCLStrokeData,3724.742,0.016,29724.494,0.016
sub-STUCLUK0573,UCL-UK/UCLStrokeData,4455.461,0.02,35604.416,0.019
sub-STUCLUK0574,UCL-UK/UCLStrokeData,3278.478,0.014,26174.14,0.014
sub-STUCLUK0575,UCL-UK/UCLStrokeData,13719.163,0.06,109732.73,0.06
sub-STUCLUK0576,UCL-UK/UCLStrokeData,7975.343,0.035,63736.107,0.035
sub-STUCLUK0577,UCL-UK/UCLStrokeData,34546.006,0.151,276230.612,0.151
sub-STUCLUK0578,UCL-UK/UCLStrokeData,19714.646,0.086,157605.354,0.086
sub-STUCLUK0579,UCL-UK/UCLStrokeData,8848.022,0.039,70753.624,0.039
sub-STUCLUK0580,UCL-UK/UCLStrokeData,19640.146,0.086,156993.0,0.086
sub-STUCLUK0581,UCL-UK/UCLStrokeData,2434.303,0.011,19435.702,0.011
sub-STUCLUK0582,UCL-UK/UCLStrokeData,24477.961,0.107,195678.725,0.107
sub-STUCLUK0583,UCL-UK/UCLStrokeData,900.399,0.004,7186.438,0.004
sub-STUCLUK0584,UCL-UK/UCLStrokeData,4255.618,0.019,34001.567,0.019
sub-STUCLUK0585,UCL-UK/UCLStrokeData,1689.551,0.007,13512.101,0.007
sub-STUCLUK0586,UCL-UK/UCLStrokeData,17554.062,0.077,140392.242,0.077
sub-STUCLUK0587,UCL-UK/UCLStrokeData,18256.826,0.08,146025.124,0.08
sub-STUCLUK0588,UCL-UK/UCLStrokeData,3685.112,0.016,29430.472,0.016
sub-STUCLUK0589,UCL-UK/UCLStrokeData,8724.787,0.038,69692.208,0.038
sub-STUCLUK0590,UCL-UK/UCLStrokeData,4629.478,0.02,36946.916,0.02
sub-STUCLUK0591,UCL-UK/UCLStrokeData,3040.135,0.013,24299.393,0.013
sub-STUCLUK0592,UCL-UK/UCLStrokeData,23376.382,0.102,186869.034,0.102
sub-STUCLUK0593,UCL-UK/UCLStrokeData,16447.0,0.072,131468.657,0.072
sub-STUCLUK0594,UCL-UK/UCLStrokeData,1815.944,0.008,14530.742,0.008
sub-STUCLUK0595,UCL-UK/UCLStrokeData,29083.213,0.127,232645.955,0.127
sub-STUCLUK0596,UCL-UK/UCLStrokeData,8886.421,0.039,71094.978,0.039
sub-STUCLUK0597,UCL-UK/UCLStrokeData,29004.556,0.127,231979.663,0.127
sub-STUCLUK0598,UCL-UK/UCLStrokeData,5424.343,0.024,43368.511,0.024
sub-STUCLUK0599,UCL-UK/UCLStrokeData,4139.298,0.018,33076.64,0.018
sub-STUCLUK0600,UCL-UK/UCLStrokeData,13997.213,0.061,111939.073,0.061
sub-STUCLUK0601,UCL-UK/UCLStrokeData,9752.82,0.043,77931.854,0.043
sub-STUCLUK0602,UCL-UK/UCLStrokeData,3454.253,0.015,27568.365,0.015
sub-STUCLUK0603,UCL-UK/UCLStrokeData,9642.916,0.042,77069.096,0.042
sub-STUCLUK0604,UCL-UK/UCLStrokeData,17726.612,0.078,141787.455,0.078
sub-STUCLUK0605,UCL-UK/UCLStrokeData,47526.837,0.208,379943.927,0.208
sub-STUCLUK0606,UCL-UK/UCLStrokeData,10820.781,0.047,86561.079,0.047
sub-STUCLUK0607,UCL-UK/UCLStrokeData,2593.596,0.011,20699.483,0.011
sub-STUCLUK0608,UCL-UK/UCLStrokeData,2234.944,0.01,17792.573,0.01
sub-STUCLUK0609,UCL-UK/UCLStrokeData,9046.163,0.04,72319.416,0.04
sub-STUCLUK0610,UCL-UK/UCLStrokeData,9700.517,0.042,77569.517,0.042
sub-STUCLUK0611,UCL-UK/UCLStrokeData,1749.247,0.008,13931.461,0.008
sub-STUCLUK0612,UCL-UK/UCLStrokeData,9355.691,0.041,74775.309,0.041
sub-STUCLUK0613,UCL-UK/UCLStrokeData,3551.365,0.016,28353.365,0.016
sub-STUCLUK0614,UCL-UK/UCLStrokeData,5610.287,0.025,44805.534,0.025
sub-STUCLUK0615,UCL-UK/UCLStrokeData,39979.326,0.175,319616.641,0.175
sub-STUCLUK0616,UCL-UK/UCLStrokeData,1624.371,0.007,12978.27,0.007
sub-STUCLUK0617,UCL-UK/UCLStrokeData,8540.955,0.037,68245.523,0.037
sub-STUCLUK0618,UCL-UK/UCLStrokeData,33616.646,0.147,268872.27,0.147
sub-STUCLUK0619,UCL-UK/UCLStrokeData,1604.489,0.007,12866.86,0.007
sub-STUCLUK0620,UCL-UK/UCLStrokeData,9170.382,0.04,73270.714,0.04
sub-STUCLUK0621,UCL-UK/UCLStrokeData,4985.534,0.022,39881.034,0.022
sub-STUCLUK0622,UCL-UK/UCLStrokeData,15983.331,0.07,127786.186,0.07
sub-STUCLUK0623,UCL-UK/UCLStrokeData,13854.837,0.061,110791.124,0.061
sub-STUCLUK0624,UCL-UK/UCLStrokeData,19758.961,0.086,157849.539,0.086
sub-STUCLUK0625,UCL-UK/UCLStrokeData,12595.618,0.055,100700.365,0.055
sub-STUCLUK0626,UCL-UK/UCLStrokeData,19384.421,0.085,154943.197,0.085
sub-STUCLUK0627,UCL-UK/UCLStrokeData,9743.067,0.043,77934.815,0.043
sub-STUCLUK0628,UCL-UK/UCLStrokeData,28076.14,0.123,224500.966,0.123
sub-STUCLUK0629,UCL-UK/UCLStrokeData,3367.494,0.015,26883.927,0.015
sub-STUCLUK0630,UCL-UK/UCLStrokeData,5629.646,0.025,45002.545,0.025
sub-STUCLUK0631,UCL-UK/UCLStrokeData,706.348,0.003,5636.983,0.003
sub-STUCLUK0632,UCL-UK/UCLStrokeData,4676.079,0.02,37342.612,0.02
sub-STUCLUK0633,UCL-UK/UCLStrokeData,10068.624,0.044,80520.803,0.044
sub-STUCLUK0634,UCL-UK/UCLStrokeData,7272.758,0.032,58101.298,0.032
sub-STUCLUK0635,UCL-UK/UCLStrokeData,4159.871,0.018,33256.214,0.018
sub-STUCLUK0636,UCL-UK/UCLStrokeData,856.545,0.004,6852.685,0.004
sub-STUCLUK0637,UCL-UK/UCLStrokeData,43380.725,0.19,346805.405,0.19
sub-STUCLUK0638,UCL-UK/UCLStrokeData,8949.14,0.039,71544.77,0.039
sub-STUCLUK0639,UCL-UK/UCLStrokeData,20045.657,0.088,160235.579,0.088
sub-STUCLUK0640,UCL-UK/UCLStrokeData,8624.669,0.038,69010.68,0.038
sub-STUCLUK0641,UCL-UK/UCLStrokeData,2039.652,0.009,16281.056,0.009
sub-STUCLUK0642,UCL-UK/UCLStrokeData,3508.14,0.015,28078.0,0.015
sub-STUCLUK0643,UCL-UK/UCLStrokeData,8873.258,0.039,70971.118,0.039
sub-STUCLUK0644,UCL-UK/UCLStrokeData,15491.517,0.068,123859.292,0.068
sub-STUCLUK0645,UCL-UK/UCLStrokeData,9514.584,0.042,76000.41,0.042
sub-STUCLUK0646,UCL-UK/UCLStrokeData,2807.871,0.012,22392.455,0.012
sub-STUCLUK0647,UCL-UK/UCLStrokeData,3635.837,0.016,29017.197,0.016
sub-STUCLUK0648,UCL-UK/UCLStrokeData,4137.556,0.018,33030.803,0.018
sub-STUCLUK0649,UCL-UK/UCLStrokeData,4251.562,0.019,34000.466,0.019
sub-STUCLUK0650,UCL-UK/UCLStrokeData,971.416,0.004,7782.607,0.004
sub-STUCLUK0651,UCL-UK/UCLStrokeData,2423.197,0.011,19366.124,0.011
sub-STUCLUK0652,UCL-UK/UCLStrokeData,38200.41,0.167,305571.41,0.167
sub-STUCLUK0653,UCL-UK/UCLStrokeData,6835.157,0.03,54576.214,0.03
sub-STUCLUK0654,UCL-UK/UCLStrokeData,9647.669,0.042,77101.118,0.042
sub-STUCLUK0655,UCL-UK/UCLStrokeData,4859.68,0.021,38861.017,0.021
sub-STUCLUK0656,UCL-UK/UCLStrokeData,8613.809,0.038,68799.674,0.038
sub-STUCLUK0657,UCL-UK/UCLStrokeData,31138.343,0.136,249041.893,0.136
sub-STUCLUK0658,UCL-UK/UCLStrokeData,850.742,0.004,6807.135,0.004
sub-STUCLUK0659,UCL-UK/UCLStrokeData,5156.242,0.023,41147.197,0.023
sub-STUCLUK0660,UCL-UK/UCLStrokeData,954.157,0.004,7624.382,0.004
sub-STUCLUK0661,UCL-UK/UCLStrokeData,101.258,0.0,803.421,0.0
sub-STUCLUK0662,UCL-UK/UCLStrokeData,3702.983,0.016,29582.882,0.016
sub-STUCLUK0663,UCL-UK/UCLStrokeData,12237.792,0.054,97831.719,0.054
sub-STUCLUK0664,UCL-UK/UCLStrokeData,6723.702,0.029,53762.427,0.029
sub-STUCLUK0665,UCL-UK/UCLStrokeData,5364.36,0.023,42797.781,0.023
sub-STUCLUK0666,UCL-UK/UCLStrokeData,4883.697,0.021,39070.528,0.021
sub-STUCLUK0667,UCL-UK/UCLStrokeData,20793.438,0.091,166242.832,0.091
sub-STUCLUK0668,UCL-UK/UCLStrokeData,17208.388,0.075,137558.933,0.075
sub-STUCLUK0669,UCL-UK/UCLStrokeData,15043.478,0.066,120158.039,0.066
sub-STUCLUK0670,UCL-UK/UCLStrokeData,4064.528,0.018,32489.354,0.018
sub-STUCLUK0671,UCL-UK/UCLStrokeData,11524.163,0.05,92162.247,0.05
sub-STUCLUK0672,UCL-UK/UCLStrokeData,9140.551,0.04,73057.944,0.04
sub-STUCLUK0673,UCL-UK/UCLStrokeData,9152.989,0.04,73167.067,0.04
sub-STUCLUK0674,UCL-UK/UCLStrokeData,8766.82,0.038,70077.764,0.038
sub-STUCLUK0675,UCL-UK/UCLStrokeData,6247.461,0.027,49911.056,0.027
sub-STUCLUK0676,UCL-UK/UCLStrokeData,19713.787,0.086,157631.759,0.086
sub-STUCLUK0677,UCL-UK/UCLStrokeData,1577.618,0.007,12637.32,0.007
sub-STUCLUK0678,UCL-UK/UCLStrokeData,7470.91,0.033,59764.843,0.033
sub-STUCLUK0679,UCL-UK/UCLStrokeData,13469.944,0.059,107704.101,0.059
sub-STUCLUK0680,UCL-UK/UCLStrokeData,5523.067,0.024,44161.388,0.024
sub-STUCLUK0681,UCL-UK/UCLStrokeData,27329.528,0.12,218509.702,0.12
sub-STUCLUK0682,UCL-UK/UCLStrokeData,7517.871,0.033,60104.882,0.033
sub-STUCLUK0683,UCL-UK/UCLStrokeData,42713.674,0.187,341552.523,0.187
sub-STUCLUK0684,UCL-UK/UCLStrokeData,21055.247,0.092,168392.781,0.092
sub-STUCLUK0685,UCL-UK/UCLStrokeData,4992.567,0.022,39920.371,0.022
sub-STUCLUK0686,UCL-UK/UCLStrokeData,3624.444,0.016,28976.612,0.016
sub-STUCLUK0687,UCL-UK/UCLStrokeData,1824.388,0.008,14531.955,0.008
sub-STUCLUK0688,UCL-UK/UCLStrokeData,19448.399,0.085,155527.326,0.085
sub-STUCLUK0689,UCL-UK/UCLStrokeData,7598.618,0.033,60688.989,0.033
sub-STUCLUK0690,UCL-UK/UCLStrokeData,27283.916,0.119,218120.455,0.119
sub-STUCLUK0691,UCL-UK/UCLStrokeData,10016.77,0.044,80063.663,0.044
sub-STUCLUK0692,UCL-UK/UCLStrokeData,42168.433,0.185,337170.405,0.185
sub-STUCLUK0693,UCL-UK/UCLStrokeData,26977.68,0.118,215651.747,0.118
sub-STUCLUK0694,UCL-UK/UCLStrokeData,33809.77,0.148,270193.191,0.148
sub-STUCLUK0695,UCL-UK/UCLStrokeData,17715.36,0.078,141727.067,0.078
sub-STUCLUK0696,UCL-UK/UCLStrokeData,1040.247,0.005,8293.545,0.005
sub-STUCLUK0697,UCL-UK/UCLStrokeData,15915.848,0.07,127282.742,0.07
sub-STUCLUK0698,UCL-UK/UCLStrokeData,30101.966,0.132,240698.523,0.132
sub-STUCLUK0699,UCL-UK/UCLStrokeData,16431.702,0.072,131379.927,0.072
sub-STUCLUK0700,UCL-UK/UCLStrokeData,9269.68,0.041,74183.219,0.041
sub-STUCLUK0701,UCL-UK/UCLStrokeData,7216.792,0.032,57720.489,0.032
sub-STUCLUK0702,UCL-UK/UCLStrokeData,3041.067,0.013,24227.146,0.013
sub-STUCLUK0703,UCL-UK/UCLStrokeData,20558.697,0.09,164392.264,0.09
sub-STUCLUK0704,UCL-UK/UCLStrokeData,17837.371,0.078,142607.905,0.078
sub-STUCLUK0705,UCL-UK/UCLStrokeData,20788.798,0.091,166116.326,0.091
sub-STUCLUK0706,UCL-UK/UCLStrokeData,9392.388,0.041,75105.551,0.041
sub-STUCLUK0707,UCL-UK/UCLStrokeData,702.64,0.003,5629.983,0.003
sub-STUCLUK0708,UCL-UK/UCLStrokeData,29850.438,0.131,238687.68,0.131
sub-STUCLUK0709,UCL-UK/UCLStrokeData,9278.742,0.041,74163.449,0.041
sub-STUCLUK0710,UCL-UK/UCLStrokeData,28301.871,0.124,226307.804,0.124
sub-STUCLUK0711,UCL-UK/UCLStrokeData,4041.77,0.018,32290.281,0.018
sub-STUCLUK0712,UCL-UK/UCLStrokeData,2224.494,0.01,17787.022,0.01
sub-STUCLUK0713,UCL-UK/UCLStrokeData,8821.545,0.039,70551.708,0.039
sub-STUCLUK0714,UCL-UK/UCLStrokeData,5050.253,0.022,40375.966,0.022
sub-STUCLUK0715,UCL-UK/UCLStrokeData,6066.888,0.027,48494.281,0.027
sub-STUCLUK0716,UCL-UK/UCLStrokeData,3916.758,0.017,31315.438,0.017
sub-STUCLUK0717,UCL-UK/UCLStrokeData,32160.556,0.141,257119.129,0.141
sub-STUCLUK0718,UCL-UK/UCLStrokeData,28738.292,0.126,229852.09,0.126
sub-STUCLUK0719,UCL-UK/UCLStrokeData,8462.91,0.037,67716.775,0.037
sub-STUCLUK0720,UCL-UK/UCLStrokeData,12504.449,0.055,100023.163,0.055
sub-STUCLUK0721,UCL-UK/UCLStrokeData,4803.59,0.021,38435.888,0.021
sub-STUCLUK0722,UCL-UK/UCLStrokeData,3791.343,0.017,30300.517,0.017
sub-STUCLUK0723,UCL-UK/UCLStrokeData,27322.612,0.12,218492.309,0.12
sub-STUCLUK0724,UCL-UK/UCLStrokeData,8489.315,0.037,67941.612,0.037
sub-STUCLUK0725,UCL-UK/UCLStrokeData,6648.118,0.029,53111.511,0.029
sub-STUCLUK0726,UCL-UK/UCLStrokeData,3235.989,0.014,25888.084,0.014
sub-STUCLUK0727,UCL-UK/UCLStrokeData,6857.494,0.03,54824.275,0.03
sub-STUCLUK0728,UCL-UK/UCLStrokeData,17975.174,0.079,143765.208,0.079
sub-STUCLUK0729,UCL-UK/UCLStrokeData,20510.242,0.09,163959.865,0.09
sub-STUCLUK0730,UCL-UK/UCLStrokeData,5479.646,0.024,43767.281,0.024
sub-STUCLUK0731,UCL-UK/UCLStrokeData,45661.64,0.2,365198.91,0.2
sub-STUCLUK0732,UCL-UK/UCLStrokeData,2968.916,0.013,23751.865,0.013
sub-STUCLUK0733,UCL-UK/UCLStrokeData,985.455,0.004,7894.017,0.004
sub-STUCLUK0734,UCL-UK/UCLStrokeData,5173.624,0.023,41332.601,0.023
sub-STUCLUK0735,UCL-UK/UCLStrokeData,7180.202,0.031,57424.601,0.031
sub-STUCLUK0736,UCL-UK/UCLStrokeData,520.916,0.002,4156.494,0.002
sub-STUCLUK0737,UCL-UK/UCLStrokeData,4339.466,0.019,34631.09,0.019
sub-STUCLUK0738,UCL-UK/UCLStrokeData,1484.899,0.006,11885.764,0.007
sub-STUCLUK0739,UCL-UK/UCLStrokeData,9598.236,0.042,76719.073,0.042
sub-STUCLUK0740,UCL-UK/UCLStrokeData,3484.843,0.015,27863.725,0.015
sub-STUCLUK0741,UCL-UK/UCLStrokeData,3202.669,0.014,25588.674,0.014
sub-STUCLUK0742,UCL-UK/UCLStrokeData,1326.624,0.006,10562.287,0.006
sub-STUCLUK0743,UCL-UK/UCLStrokeData,34543.618,0.151,276172.079,0.151
sub-STUCLUK0744,UCL-UK/UCLStrokeData,19168.107,0.084,153323.944,0.084
sub-STUCLUK0745,UCL-UK/UCLStrokeData,18493.096,0.081,147826.876,0.081
sub-STUCLUK0746,UCL-UK/UCLStrokeData,18563.562,0.081,148414.697,0.081
sub-STUCLUK0747,UCL-UK/UCLStrokeData,17570.601,0.077,140432.051,0.077
sub-STUCLUK0748,UCL-UK/UCLStrokeData,20550.18,0.09,164315.674,0.09
sub-STUCLUK0749,UCL-UK/UCLStrokeData,4127.337,0.018,32975.966,0.018
sub-STUCLUK0750,UCL-UK/UCLStrokeData,7179.978,0.031,57452.955,0.031
sub-STUCLUK0751,UCL-UK/UCLStrokeData,2448.174,0.011,19534.781,0.011
sub-STUCLUK0752,UCL-UK/UCLStrokeData,4935.494,0.022,39496.601,0.022
sub-STUCLUK0753,UCL-UK/UCLStrokeData,16936.978,0.074,135427.315,0.074
sub-STUCLUK0754,UCL-UK/UCLStrokeData,33259.966,0.146,265976.365,0.146
sub-STUCLUK0755,UCL-UK/UCLStrokeData,652.618,0.003,5208.382,0.003
sub-STUCLUK0756,UCL-UK/UCLStrokeData,4894.539,0.021,39122.714,0.021
sub-STUCLUK0757,UCL-UK/UCLStrokeData,11636.933,0.051,92979.017,0.051
sub-STUCLUK0758,UCL-UK/UCLStrokeData,44621.837,0.195,356673.141,0.195
sub-STUCLUK0759,UCL-UK/UCLStrokeData,1235.275,0.005,9836.315,0.005
sub-STUCLUK0760,UCL-UK/UCLStrokeData,2153.882,0.009,17216.646,0.009
sub-STUCLUK0761,UCL-UK/UCLStrokeData,13966.197,0.061,111673.803,0.061
sub-STUCLUK0762,UCL-UK/UCLStrokeData,5673.758,0.025,45342.062,0.025
sub-STUCLUK0763,UCL-UK/UCLStrokeData,2764.848,0.012,22112.882,0.012
sub-STUCLUK0764,UCL-UK/UCLStrokeData,2814.242,0.012,22453.904,0.012
sub-STUCLUK0765,UCL-UK/UCLStrokeData,21121.635,0.092,168926.438,0.092
sub-STUCLUK0766,UCL-UK/UCLStrokeData,12581.691,0.055,100626.809,0.055
sub-STUCLUK0767,UCL-UK/UCLStrokeData,6220.287,0.027,49739.865,0.027
sub-STUCLUK0768,UCL-UK/UCLStrokeData,25379.697,0.111,202964.084,0.111
sub-STUCLUK0769,UCL-UK/UCLStrokeData,6171.14,0.027,49263.101,0.027
sub-STUCLUK0770,UCL-UK/UCLStrokeData,5217.157,0.023,41693.815,0.023
sub-STUCLUK0771,UCL-UK/UCLStrokeData,13092.006,0.057,104709.522,0.057
sub-STUCLUK0772,UCL-UK/UCLStrokeData,5974.466,0.026,47723.596,0.026
sub-STUCLUK0773,UCL-UK/UCLStrokeData,10429.039,0.046,83402.253,0.046
sub-STUCLUK0774,UCL-UK/UCLStrokeData,11210.545,0.049,89704.663,0.049
sub-STUCLUK0775,UCL-UK/UCLStrokeData,6635.528,0.029,53059.635,0.029
sub-STUCLUK0776,UCL-UK/UCLStrokeData,1341.253,0.006,10735.287,0.006
sub-STUCLUK0777,UCL-UK/UCLStrokeData,3393.68,0.015,27038.354,0.015
sub-STUCLUK0778,UCL-UK/UCLStrokeData,15206.848,0.067,121597.191,0.067
sub-STUCLUK0779,UCL-UK/UCLStrokeData,6729.522,0.029,53794.59,0.029
sub-STUCLUK0780,UCL-UK/UCLStrokeData,5514.483,0.024,44056.034,0.024
sub-STUCLUK0781,UCL-UK/UCLStrokeData,15559.618,0.068,124416.107,0.068
sub-STUCLUK0782,UCL-UK/UCLStrokeData,24720.107,0.108,197609.393,0.108
sub-STUCLUK0783,UCL-UK/UCLStrokeData,5315.236,0.023,42468.197,0.023
sub-STUCLUK0784,UCL-UK/UCLStrokeData,6416.433,0.028,51250.09,0.028
sub-STUCLUK0785,UCL-UK/UCLStrokeData,5706.253,0.025,45619.039,0.025
sub-STUCLUK0786,UCL-UK/UCLStrokeData,2255.652,0.01,18050.567,0.01
sub-STUCLUK0787,UCL-UK/UCLStrokeData,7001.247,0.031,55980.865,0.031
sub-STUCLUK0788,UCL-UK/UCLStrokeData,7481.584,0.033,59819.242,0.033
sub-STUCLUK0789,UCL-UK/UCLStrokeData,3125.444,0.014,24993.449,0.014
sub-STUCLUK0790,UCL-UK/UCLStrokeData,6517.59,0.029,52117.174,0.029
sub-STUCLUK0791,UCL-UK/UCLStrokeData,9857.382,0.043,78747.888,0.043
sub-STUCLUK0792,UCL-UK/UCLStrokeData,169.815,0.001,1360.472,0.001
sub-STUCLUK0793,UCL-UK/UCLStrokeData,4668.584,0.02,37275.028,0.02
sub-STUCLUK0794,UCL-UK/UCLStrokeData,3071.455,0.013,24589.41,0.013
sub-STUCLUK0795,UCL-UK/UCLStrokeData,25936.247,0.114,207357.214,0.113
sub-STUCLUK0796,UCL-UK/UCLStrokeData,36874.601,0.161,294888.41,0.161
sub-STUCLUK0797,UCL-UK/UCLStrokeData,195.236,0.001,1560.163,0.001
sub-STUCLUK0798,UCL-UK/UCLStrokeData,3695.253,0.016,29517.326,0.016
sub-STUCLUK0799,UCL-UK/UCLStrokeData,2002.798,0.009,15932.303,0.009
sub-STUCLUK0800,UCL-UK/UCLStrokeData,9549.567,0.042,76320.848,0.042
sub-STUCLUK0801,UCL-UK/UCLStrokeData,3748.472,0.016,29886.972,0.016
sub-STUCLUK0802,UCL-UK/UCLStrokeData,1334.101,0.006,10662.348,0.006
sub-STUCLUK0803,UCL-UK/UCLStrokeData,818.006,0.004,6538.405,0.004
sub-STUCLUK0804,UCL-UK/UCLStrokeData,6470.865,0.028,51664.708,0.028
sub-STUCLUK0805,UCL-UK/UCLStrokeData,673.461,0.003,5374.129,0.003
sub-STUCLUK0806,UCL-UK/UCLStrokeData,2411.135,0.011,19274.618,0.011
sub-STUCLUK0807,UCL-UK/UCLStrokeData,7310.989,0.032,58438.764,0.032
sub-STUCLUK0808,UCL-UK/UCLStrokeData,4280.573,0.019,34197.989,0.019
sub-STUCLUK0809,UCL-UK/UCLStrokeData,8365.382,0.037,66913.303,0.037
sub-STUCLUK0810,UCL-UK/UCLStrokeData,1302.281,0.006,10409.596,0.006
sub-STUCLUK0811,UCL-UK/UCLStrokeData,1068.792,0.005,8547.534,0.005
sub-STUCLUK0812,UCL-UK/UCLStrokeData,8328.961,0.036,66526.253,0.036
sub-STUCLUK0813,UCL-UK/UCLStrokeData,22538.567,0.099,180248.455,0.099
sub-STUCLUK0814,UCL-UK/UCLStrokeData,1205.522,0.005,9653.421,0.005
sub-STUCLUK0815,UCL-UK/UCLStrokeData,4722.899,0.021,37734.618,0.021
sub-STUCLUK0816,UCL-UK/UCLStrokeData,14548.534,0.064,116328.972,0.064
sub-STUCLUK0817,UCL-UK/UCLStrokeData,10304.393,0.045,82348.792,0.045
sub-STUCLUK0818,UCL-UK/UCLStrokeData,10508.916,0.046,83948.758,0.046
sub-STUCLUK0819,UCL-UK/UCLStrokeData,2902.258,0.013,23145.815,0.013
sub-STUCLUK0820,UCL-UK/UCLStrokeData,21221.466,0.093,169643.781,0.093
sub-STUCLUK0821,UCL-UK/UCLStrokeData,14559.298,0.064,116474.494,0.064
sub-STUCLUK0822,UCL-UK/UCLStrokeData,8601.264,0.038,68832.135,0.038
sub-STUCLUK0823,UCL-UK/UCLStrokeData,23613.843,0.103,188865.36,0.103
sub-STUCLUK0824,UCL-UK/UCLStrokeData,19279.388,0.084,154147.011,0.084
sub-STUCLUK0825,UCL-UK/UCLStrokeData,1878.944,0.008,15038.657,0.008
sub-STUCLUK0826,UCL-UK/UCLStrokeData,2199.14,0.01,17525.197,0.01
sub-STUCLUK0827,UCL-UK/UCLStrokeData,6115.629,0.027,48842.41,0.027
sub-STUCLUK0828,UCL-UK/UCLStrokeData,11778.096,0.052,94202.624,0.052
sub-STUCLUK0829,UCL-UK/UCLStrokeData,3730.034,0.016,29816.517,0.016
sub-STUCLUK0830,UCL-UK/UCLStrokeData,23420.59,0.103,187233.568,0.102
sub-STUCLUK0831,UCL-UK/UCLStrokeData,26217.258,0.115,209472.225,0.115
sub-STUCLUK0832,UCL-UK/UCLStrokeData,30542.112,0.134,244171.197,0.134
sub-STUCLUK0833,UCL-UK/UCLStrokeData,6069.006,0.027,48498.584,0.027
sub-STUCLUK0834,UCL-UK/UCLStrokeData,2465.787,0.011,19650.938,0.011
sub-STUCLUK0835,UCL-UK/UCLStrokeData,19041.382,0.083,152098.169,0.083
sub-STUCLUK0836,UCL-UK/UCLStrokeData,5929.483,0.026,47382.702,0.026
sub-STUCLUK0837,UCL-UK/UCLStrokeData,3790.573,0.017,30334.028,0.017
sub-STUCLUK0838,UCL-UK/UCLStrokeData,4036.674,0.018,32285.006,0.018
sub-STUCLUK0839,UCL-UK/UCLStrokeData,15604.219,0.068,124674.303,0.068
sub-STUCLUK0840,UCL-UK/UCLStrokeData,5098.871,0.022,40742.382,0.022
sub-STUCLUK0841,UCL-UK/UCLStrokeData,5734.022,0.025,45803.938,0.025
sub-STUCLUK0842,UCL-UK/UCLStrokeData,3219.983,0.014,25765.23,0.014
sub-STUCLUK0843,UCL-UK/UCLStrokeData,10117.545,0.044,80875.225,0.044
sub-STUCLUK0844,UCL-UK/UCLStrokeData,25895.365,0.113,207025.438,0.113
sub-STUCLUK0845,UCL-UK/UCLStrokeData,835.343,0.004,6667.742,0.004
sub-STUCLUK0846,UCL-UK/UCLStrokeData,5335.904,0.023,42591.332,0.023
sub-STUCLUK0847,UCL-UK/UCLStrokeData,17577.393,0.077,140584.152,0.077
sub-STUCLUK0848,UCL-UK/UCLStrokeData,17087.787,0.075,136587.657,0.075
sub-STUCLUK0849,UCL-UK/UCLStrokeData,46621.034,0.204,372696.894,0.204
sub-STUCLUK0850,UCL-UK/UCLStrokeData,11209.798,0.049,89542.646,0.049
sub-STUCLUK0851,UCL-UK/UCLStrokeData,4843.635,0.021,38710.747,0.021
sub-STUCLUK0852,UCL-UK/UCLStrokeData,16781.511,0.073,134086.348,0.073
sub-STUCLUK0853,UCL-UK/UCLStrokeData,7131.831,0.031,57058.141,0.031
sub-STUCLUK0854,UCL-UK/UCLStrokeData,7431.573,0.033,59322.719,0.032
sub-STUCLUK0855,UCL-UK/UCLStrokeData,3345.438,0.015,26717.163,0.015
sub-STUCLUK0856,UCL-UK/UCLStrokeData,8643.084,0.038,69190.287,0.038
sub-STUCLUK0857,UCL-UK/UCLStrokeData,4996.815,0.022,39925.494,0.022
sub-STUCLUK0858,UCL-UK/UCLStrokeData,5137.798,0.022,41058.826,0.022
sub-STUCLUK0859,UCL-UK/UCLStrokeData,3689.421,0.016,29471.764,0.016
sub-STUCLUK0860,UCL-UK/UCLStrokeData,2975.82,0.013,23773.601,0.013
sub-STUCLUK0861,UCL-UK/UCLStrokeData,7733.82,0.034,61835.09,0.034
sub-STUCLUK0862,UCL-UK/UCLStrokeData,11790.343,0.052,94193.399,0.052
sub-STUCLUK0863,UCL-UK/UCLStrokeData,6318.635,0.028,50510.775,0.028
sub-STUCLUK0864,UCL-UK/UCLStrokeData,12630.444,0.055,101054.832,0.055
sub-STUCLUK0865,UCL-UK/UCLStrokeData,914.629,0.004,7312.545,0.004
sub-STUCLUK0866,UCL-UK/UCLStrokeData,10185.315,0.045,81406.107,0.045
sub-STUCLUK0867,UCL-UK/UCLStrokeData,2985.489,0.013,23831.303,0.013
sub-STUCLUK0868,UCL-UK/UCLStrokeData,2100.157,0.009,16773.287,0.009
sub-STUCLUK0869,UCL-UK/UCLStrokeData,40387.539,0.177,322975.927,0.177
sub-STUCLUK0870,UCL-UK/UCLStrokeData,18576.326,0.081,148618.045,0.081
sub-STUCLUK0871,UCL-UK/UCLStrokeData,88.489,0.0,707.478,0.0
sub-STUCLUK0872,UCL-UK/UCLStrokeData,25744.86,0.113,205797.916,0.113
sub-STUCLUK0873,UCL-UK/UCLStrokeData,6123.753,0.027,48967.348,0.027
sub-STUCLUK0874,UCL-UK/UCLStrokeData,9832.135,0.043,78632.534,0.043
sub-STUCLUK0875,UCL-UK/UCLStrokeData,2091.067,0.009,16712.674,0.009
sub-STUCLUK0876,UCL-UK/UCLStrokeData,18754.955,0.082,149948.135,0.082
sub-STUCLUK0877,UCL-UK/UCLStrokeData,2740.815,0.012,21921.045,0.012
sub-STUCLUK0878,UCL-UK/UCLStrokeData,5169.624,0.023,41315.888,0.023
sub-STUCLUK0879,UCL-UK/UCLStrokeData,9847.416,0.043,78711.067,0.043
sub-STUCLUK0880,UCL-UK/UCLStrokeData,2990.36,0.013,23921.011,0.013
sub-STUCLUK0881,UCL-UK/UCLStrokeData,11086.045,0.049,88685.91,0.049
sub-STUCLUK0882,UCL-UK/UCLStrokeData,17224.427,0.075,137597.107,0.075
sub-STUCLUK0883,UCL-UK/UCLStrokeData,16162.64,0.071,129138.803,0.071
sub-STUCLUK0884,UCL-UK/UCLStrokeData,26278.635,0.115,210112.174,0.115
sub-STUCLUK0885,UCL-UK/UCLStrokeData,15612.045,0.068,124837.034,0.068
sub-STUCLUK0886,UCL-UK/UCLStrokeData,1296.292,0.006,10336.421,0.006
sub-STUCLUK0887,UCL-UK/UCLStrokeData,26042.837,0.114,208194.039,0.114
sub-STUCLUK0888,UCL-UK/UCLStrokeData,2492.826,0.011,19969.084,0.011
sub-STUCLUK0889,UCL-UK/UCLStrokeData,3839.298,0.017,30652.045,0.017
sub-STUCLUK0890,UCL-UK/UCLStrokeData,30470.787,0.133,243646.45,0.133
sub-STUCLUK0891,UCL-UK/UCLStrokeData,3439.483,0.015,27476.421,0.015
sub-STUCLUK0892,UCL-UK/UCLStrokeData,714.039,0.003,5708.652,0.003
sub-STUCLUK0893,UCL-UK/UCLStrokeData,4034.146,0.018,32257.635,0.018
sub-STUCLUK0894,UCL-UK/UCLStrokeData,19790.388,0.087,158309.787,0.087
sub-STUCLUK0895,UCL-UK/UCLStrokeData,6265.169,0.027,50077.77,0.027
sub-STUCLUK0896,UCL-UK/UCLStrokeData,208.837,0.001,1669.421,0.001
sub-STUCLUK0897,UCL-UK/UCLStrokeData,11850.865,0.052,94707.747,0.052
sub-STUCLUK0898,UCL-UK/UCLStrokeData,21040.185,0.092,168284.955,0.092
sub-STUCLUK0899,UCL-UK/UCLStrokeData,16820.421,0.074,134536.725,0.074
sub-STUCLUK0900,UCL-UK/UCLStrokeData,8964.225,0.039,71730.949,0.039
sub-STUCLUK0901,UCL-UK/UCLStrokeData,5356.455,0.023,42851.039,0.023
sub-STUCLUK0902,UCL-UK/UCLStrokeData,21347.152,0.093,170599.068,0.093
sub-STUCLUK0903,UCL-UK/UCLStrokeData,10572.584,0.046,84537.253,0.046
sub-STUCLUK0904,UCL-UK/UCLStrokeData,11527.618,0.05,92151.652,0.05
sub-STUCLUK0905,UCL-UK/UCLStrokeData,3562.438,0.016,28527.601,0.016
sub-STUCLUK0906,UCL-UK/UCLStrokeData,23863.011,0.104,190721.309,0.104
sub-STUCLUK0907,UCL-UK/UCLStrokeData,380.904,0.002,3049.404,0.002
sub-STUCLUK0908,UCL-UK/UCLStrokeData,4504.376,0.02,35895.405,0.02
sub-STUCLUK0909,UCL-UK/UCLStrokeData,2012.264,0.009,16101.708,0.009
sub-STUCLUK0910,UCL-UK/UCLStrokeData,6914.197,0.03,55271.197,0.03
sub-STUCLUK0911,UCL-UK/UCLStrokeData,8068.888,0.035,64475.051,0.035
sub-STUCLUK0912,UCL-UK/UCLStrokeData,10198.91,0.045,81512.067,0.045
sub-STUCLUK0913,UCL-UK/UCLStrokeData,2630.281,0.012,20980.022,0.011
sub-STUCLUK0914,UCL-UK/UCLStrokeData,15895.118,0.07,127151.618,0.07
sub-STUCLUK0915,UCL-UK/UCLStrokeData,49423.77,0.216,395257.0,0.216
sub-STUCLUK0916,UCL-UK/UCLStrokeData,19352.77,0.085,154780.332,0.085
sub-STUCLUK0917,UCL-UK/UCLStrokeData,10864.607,0.048,86838.579,0.048
sub-STUCLUK0918,UCL-UK/UCLStrokeData,15774.618,0.069,126148.983,0.069
sub-STUCLUK0919,UCL-UK/UCLStrokeData,30768.101,0.135,245980.86,0.135
sub-STUCLUK0920,UCL-UK/UCLStrokeData,5457.326,0.024,43632.169,0.024
sub-STUCLUK0921,UCL-UK/UCLStrokeData,6801.68,0.03,54336.073,0.03
sub-STUCLUK0922,UCL-UK/UCLStrokeData,6419.348,0.028,51335.758,0.028
sub-STUCLUK0923,UCL-UK/UCLStrokeData,11512.292,0.05,92018.916,0.05
sub-STUCLUK0924,UCL-UK/UCLStrokeData,4002.517,0.018,32001.669,0.018
sub-STUCLUK0925,UCL-UK/UCLStrokeData,3112.073,0.014,24870.59,0.014
sub-STUCLUK0926,UCL-UK/UCLStrokeData,2780.635,0.012,22227.77,0.012
sub-STUCLUK0927,UCL-UK/UCLStrokeData,8834.011,0.039,70728.135,0.039
sub-STUCLUK0928,UCL-UK/UCLStrokeData,11600.506,0.051,92743.455,0.051
sub-STUCLUK0929,UCL-UK/UCLStrokeData,9328.528,0.041,74560.112,0.041
sub-STUCLUK0930,UCL-UK/UCLStrokeData,24217.494,0.106,193670.927,0.106
sub-STUCLUK0931,UCL-UK/UCLStrokeData,4185.978,0.018,33359.309,0.018
sub-STUCLUK0932,UCL-UK/UCLStrokeData,8850.787,0.039,70765.888,0.039
sub-STUCLUK0933,UCL-UK/UCLStrokeData,8269.483,0.036,66134.579,0.036
sub-STUCLUK0934,UCL-UK/UCLStrokeData,2177.904,0.01,17323.848,0.009
sub-STUCLUK0935,UCL-UK/UCLStrokeData,6432.966,0.028,51310.955,0.028
sub-STUCLUK0936,UCL-UK/UCLStrokeData,8695.022,0.038,69547.202,0.038
sub-STUCLUK0937,UCL-UK/UCLStrokeData,21168.961,0.093,169380.562,0.093
sub-STUCLUK0938,UCL-UK/UCLStrokeData,1643.011,0.007,13110.433,0.007
sub-STUCLUK0939,UCL-UK/UCLStrokeData,5492.27,0.024,43893.225,0.024
sub-STUCLUK0940,UCL-UK/UCLStrokeData,26271.758,0.115,210127.888,0.115
sub-STUCLUK0941,UCL-UK/UCLStrokeData,7062.736,0.031,56397.045,0.031
sub-STUCLUK0942,UCL-UK/UCLStrokeData,4161.118,0.018,33276.494,0.018
sub-STUCLUK0943,UCL-UK/UCLStrokeData,1348.669,0.006,10805.888,0.006
sub-STUCLUK0944,UCL-UK/UCLStrokeData,8753.006,0.038,70043.326,0.038
sub-STUCLUK0945,UCL-UK/UCLStrokeData,3267.949,0.014,26056.478,0.014
sub-STUCLUK0946,UCL-UK/UCLStrokeData,12506.944,0.055,100039.388,0.055
sub-STUCLUK0947,UCL-UK/UCLStrokeData,19317.017,0.085,154326.669,0.084
sub-STUCLUK0948,UCL-UK/UCLStrokeData,3227.787,0.014,25745.68,0.014
sub-STUCLUK0949,UCL-UK/UCLStrokeData,5919.393,0.026,47229.629,0.026
sub-STUCLUK0950,UCL-UK/UCLStrokeData,23443.461,0.103,187437.989,0.103
sub-STUCLUK0951,UCL-UK/UCLStrokeData,2464.978,0.011,19660.994,0.011
sub-STUCLUK0952,UCL-UK/UCLStrokeData,2494.865,0.011,19953.5,0.011
sub-STUCLUK0953,UCL-UK/UCLStrokeData,553.624,0.002,4409.405,0.002
sub-STUCLUK0954,UCL-UK/UCLStrokeData,19650.854,0.086,157111.753,0.086
sub-STUCLUK0955,UCL-UK/UCLStrokeData,14086.927,0.062,112616.832,0.062
sub-STUCLUK0956,UCL-UK/UCLStrokeData,37383.837,0.164,298829.107,0.164
sub-STUCLUK0957,UCL-UK/UCLStrokeData,3921.618,0.017,31345.247,0.017
sub-STUCLUK0958,UCL-UK/UCLStrokeData,602.287,0.003,4805.82,0.003
sub-STUCLUK0959,UCL-UK/UCLStrokeData,23073.742,0.101,184480.303,0.101
sub-STUCLUK0960,UCL-UK/UCLStrokeData,12788.989,0.056,102275.084,0.056
sub-STUCLUK0961,UCL-UK/UCLStrokeData,25778.371,0.113,206208.023,0.113
sub-STUCLUK0962,UCL-UK/UCLStrokeData,27224.174,0.119,217758.888,0.119
sub-STUCLUK0963,UCL-UK/UCLStrokeData,37402.152,0.164,299041.264,0.164
sub-STUCLUK0964,UCL-UK/UCLStrokeData,11877.562,0.052,94969.045,0.052
sub-STUCLUK0965,UCL-UK/UCLStrokeData,36117.281,0.158,288786.281,0.158
sub-STUCLUK0966,UCL-UK/UCLStrokeData,9315.281,0.041,74450.039,0.041
sub-STUCLUK0967,UCL-UK/UCLStrokeData,3067.416,0.013,24513.669,0.013
sub-STUCLUK0968,UCL-UK/UCLStrokeData,3518.427,0.015,28137.742,0.015
sub-STUCLUK0969,UCL-UK/UCLStrokeData,12461.056,0.055,99542.337,0.054
sub-STUCLUK0970,UCL-UK/UCLStrokeData,4705.455,0.021,37611.73,0.021
sub-STUCLUK0971,UCL-UK/UCLStrokeData,2503.579,0.011,19914.489,0.011
sub-STUCLUK0972,UCL-UK/UCLStrokeData,371.517,0.002,2969.354,0.002
sub-STUCLUK0973,UCL-UK/UCLStrokeData,5143.562,0.023,41114.528,0.023
sub-STUCLUK0974,UCL-UK/UCLStrokeData,2635.601,0.012,21014.983,0.012
sub-STUCLUK0975,UCL-UK/UCLStrokeData,8464.27,0.037,67705.792,0.037
sub-STUCLUK0976,UCL-UK/UCLStrokeData,9978.455,0.044,79737.169,0.044
sub-STUCLUK0977,UCL-UK/UCLStrokeData,20918.82,0.092,167291.95,0.092
sub-STUCLUK0978,UCL-UK/UCLStrokeData,1420.685,0.006,11347.107,0.006
sub-STUCLUK0979,UCL-UK/UCLStrokeData,16563.022,0.072,132393.298,0.072
sub-STUCLUK0980,UCL-UK/UCLStrokeData,5195.764,0.023,41526.315,0.023
sub-STUCLUK0981,UCL-UK/UCLStrokeData,2969.494,0.013,23735.669,0.013
sub-STUCLUK0982,UCL-UK/UCLStrokeData,868.657,0.004,6930.14,0.004
sub-STUCLUK0983,UCL-UK/UCLStrokeData,32842.562,0.144,262680.759,0.144
sub-STUCLUK0984,UCL-UK/UCLStrokeData,4307.753,0.019,34448.0,0.019
sub-STUCLUK0985,UCL-UK/UCLStrokeData,8671.815,0.038,69271.77,0.038
sub-STUCLUK0986,UCL-UK/UCLStrokeData,4560.163,0.02,36455.039,0.02
sub-STUCLUK0987,UCL-UK/UCLStrokeData,20452.489,0.09,163489.163,0.089
sub-STUCLUK0988,UCL-UK/UCLStrokeData,3002.444,0.013,24012.129,0.013
sub-STUCLUK0989,UCL-UK/UCLStrokeData,13410.096,0.059,107219.764,0.059
sub-STUCLUK0990,UCL-UK/UCLStrokeData,17405.691,0.076,139162.545,0.076
sub-STUCLUK0991,UCL-UK/UCLStrokeData,6358.882,0.028,50754.882,0.028
sub-STUCLUK0992,UCL-UK/UCLStrokeData,4074.966,0.018,32515.837,0.018
sub-STUCLUK0993,UCL-UK/UCLStrokeData,2131.006,0.009,17076.747,0.009
sub-STUCLUK0994,UCL-UK/UCLStrokeData,2293.792,0.01,18344.309,0.01
sub-STUCLUK0995,UCL-UK/UCLStrokeData,7193.669,0.031,57535.045,0.031
sub-STUCLUK0996,UCL-UK/UCLStrokeData,4612.815,0.02,36915.444,0.02
sub-STUCLUK0997,UCL-UK/UCLStrokeData,5251.826,0.023,41936.32,0.023
sub-STUCLUK0998,UCL-UK/UCLStrokeData,11437.292,0.05,91374.972,0.05
sub-STUCLUK0999,UCL-UK/UCLStrokeData,6834.343,0.03,54664.641,0.03
sub-STUCLUK1000,UCL-UK/UCLStrokeData,14789.0,0.065,118208.489,0.065
sub-STUCLUK1001,UCL-UK/UCLStrokeData,11029.466,0.048,88174.697,0.048
sub-STUCLUK1002,UCL-UK/UCLStrokeData,6420.416,0.028,51367.82,0.028
sub-STUCLUK1003,UCL-UK/UCLStrokeData,12132.725,0.053,97042.803,0.053
sub-STUCLUK1004,UCL-UK/UCLStrokeData,6681.629,0.029,53435.815,0.029
sub-STUCLUK1005,UCL-UK/UCLStrokeData,1499.747,0.007,11993.393,0.007
sub-STUCLUK1006,UCL-UK/UCLStrokeData,1199.73,0.005,9575.185,0.005
sub-STUCLUK1007,UCL-UK/UCLStrokeData,4190.989,0.018,33497.736,0.018
sub-STUCLUK1008,UCL-UK/UCLStrokeData,6599.871,0.029,52736.191,0.029
sub-STUCLUK1009,UCL-UK/UCLStrokeData,4669.781,0.02,37285.421,0.02
sub-STUCLUK1010,UCL-UK/UCLStrokeData,9755.376,0.043,78003.112,0.043
sub-STUCLUK1011,UCL-UK/UCLStrokeData,4504.966,0.02,36025.506,0.02
sub-STUCLUK1012,UCL-UK/UCLStrokeData,4796.298,0.021,38343.921,0.021
sub-STUCLUK1013,UCL-UK/UCLStrokeData,4693.247,0.021,37551.539,0.021
sub-STUCLUK1014,UCL-UK/UCLStrokeData,566.691,0.002,4526.567,0.002
sub-STUCLUK1015,UCL-UK/UCLStrokeData,1503.174,0.007,11995.247,0.007
sub-STUCLUK1016,UCL-UK/UCLStrokeData,3924.152,0.017,31365.421,0.017
sub-STUCLUK1017,UCL-UK/UCLStrokeData,1232.444,0.005,9848.888,0.005
sub-STUCLUK1018,UCL-UK/UCLStrokeData,6935.343,0.03,55440.888,0.03
sub-STUCLUK1019,UCL-UK/UCLStrokeData,29471.826,0.129,235675.759,0.129
sub-STUCLUK1020,UCL-UK/UCLStrokeData,1809.017,0.008,14470.483,0.008
sub-STUCLUK1021,UCL-UK/UCLStrokeData,24325.14,0.106,194558.124,0.106
sub-STUCLUK1022,UCL-UK/UCLStrokeData,7848.36,0.034,62689.719,0.034
sub-STUCLUK1023,UCL-UK/UCLStrokeData,5466.567,0.024,43749.826,0.024
sub-STUCLUK1024,UCL-UK/UCLStrokeData,5840.612,0.026,46727.68,0.026
sub-STUCLUK1025,UCL-UK/UCLStrokeData,27914.865,0.122,223127.534,0.122
sub-STUCLUK1026,UCL-UK/UCLStrokeData,16478.573,0.072,131674.298,0.072
sub-STUCLUK1027,UCL-UK/UCLStrokeData,4205.197,0.018,33579.287,0.018
sub-STUCLUK1028,UCL-UK/UCLStrokeData,4073.416,0.018,32571.584,0.018
sub-STUCLUK1029,UCL-UK/UCLStrokeData,547.461,0.002,4387.691,0.002
sub-STUCLUK1030,UCL-UK/UCLStrokeData,3966.416,0.017,31750.938,0.017
sub-STUCLUK1031,UCL-UK/UCLStrokeData,7575.309,0.033,60473.006,0.033
sub-STUCLUK1032,UCL-UK/UCLStrokeData,14503.23,0.063,115902.59,0.063
sub-STUCLUK1033,UCL-UK/UCLStrokeData,1569.708,0.007,12541.725,0.007
sub-STUCLUK1034,UCL-UK/UCLStrokeData,3603.978,0.016,28786.287,0.016
sub-STUCLUK1035,UCL-UK/UCLStrokeData,4829.955,0.021,38557.079,0.021
sub-STUCLUK1036,UCL-UK/UCLStrokeData,5614.534,0.025,44890.399,0.025
sub-STUCLUK1037,UCL-UK/UCLStrokeData,2425.82,0.011,19407.714,0.011
sub-STUCLUK1038,UCL-UK/UCLStrokeData,15284.601,0.067,122232.051,0.067
sub-STUCLUK1039,UCL-UK/UCLStrokeData,7740.056,0.034,61825.09,0.034
sub-STUCLUK1040,UCL-UK/UCLStrokeData,6292.848,0.028,50277.809,0.028
sub-STUCLUK1041,UCL-UK/UCLStrokeData,16550.955,0.072,132312.472,0.072
sub-STUCLUK1042,UCL-UK/UCLStrokeData,6691.955,0.029,53486.371,0.029
sub-STUCLUK1043,UCL-UK/UCLStrokeData,4859.826,0.021,38890.972,0.021
sub-STUCLUK1044,UCL-UK/UCLStrokeData,7537.949,0.033,60279.315,0.033
sub-STUCLUK1045,UCL-UK/UCLStrokeData,20979.388,0.092,167707.438,0.092
sub-STUCLUK1046,UCL-UK/UCLStrokeData,8538.242,0.037,68273.708,0.037
sub-STUCLUK1047,UCL-UK/UCLStrokeData,8015.77,0.035,63999.292,0.035
sub-STUCLUK1048,UCL-UK/UCLStrokeData,28587.191,0.125,228549.905,0.125
sub-STUCLUK1049,UCL-UK/UCLStrokeData,6751.242,0.03,53993.096,0.03
sub-STUCLUK1050,UCL-UK/UCLStrokeData,645.478,0.003,5157.466,0.003
sub-STUCLUK1051,UCL-UK/UCLStrokeData,3110.472,0.014,24900.831,0.014
sub-STUCLUK1052,UCL-UK/UCLStrokeData,8976.893,0.039,71789.039,0.039
sub-STUCLUK1053,UCL-UK/UCLStrokeData,1823.455,0.008,14581.629,0.008
sub-STUCLUK1054,UCL-UK/UCLStrokeData,17430.444,0.076,139369.5,0.076
sub-STUCLUK1055,UCL-UK/UCLStrokeData,1190.725,0.005,9460.933,0.005
sub-STUCLUK1056,UCL-UK/UCLStrokeData,3276.208,0.014,26056.77,0.014
sub-STUCLUK1057,UCL-UK/UCLStrokeData,6844.067,0.03,54649.77,0.03
sub-STUCLUK1058,UCL-UK/UCLStrokeData,3791.955,0.017,30309.949,0.017
sub-STUCLUK1059,UCL-UK/UCLStrokeData,27324.135,0.12,218344.669,0.119
sub-STUCLUK1060,UCL-UK/UCLStrokeData,1701.972,0.007,13612.438,0.007
sub-STUCLUK1061,UCL-UK/UCLStrokeData,32339.983,0.142,258560.613,0.142
sub-STUCLUK1062,UCL-UK/UCLStrokeData,9664.685,0.042,77267.494,0.042
sub-STUCLUK1063,UCL-UK/UCLStrokeData,11409.466,0.05,91274.382,0.05
sub-STUCLUK1064,UCL-UK/UCLStrokeData,2420.365,0.011,19332.208,0.011
sub-STUCLUK1065,UCL-UK/UCLStrokeData,36610.843,0.16,292768.197,0.16
sub-STUCLUK1066,UCL-UK/UCLStrokeData,5817.573,0.025,46533.461,0.025
sub-STUCLUK1067,UCL-UK/UCLStrokeData,6380.056,0.028,50991.641,0.028
sub-STUCLUK1068,UCL-UK/UCLStrokeData,1287.045,0.006,10232.663,0.006
sub-STUCLUK1069,UCL-UK/UCLStrokeData,6925.77,0.03,55330.697,0.03
sub-STUCLUK1070,UCL-UK/UCLStrokeData,28424.258,0.124,227151.77,0.124
sub-STUCLUK1071,UCL-UK/UCLStrokeData,3521.624,0.015,28167.64,0.015
sub-STUCLUK1072,UCL-UK/UCLStrokeData,10716.91,0.047,85640.073,0.047
sub-STUCLUK1073,UCL-UK/UCLStrokeData,3133.904,0.014,25038.871,0.014
sub-STUCLUK1074,UCL-UK/UCLStrokeData,20361.994,0.089,162686.472,0.089
sub-STUCLUK1075,UCL-UK/UCLStrokeData,33538.854,0.147,268214.219,0.147
sub-STUCLUK1076,UCL-UK/UCLStrokeData,1682.242,0.007,13436.067,0.007
sub-STUCLUK1077,UCL-UK/UCLStrokeData,4111.315,0.018,32868.084,0.018
sub-STUCLUK1078,UCL-UK/UCLStrokeData,13388.096,0.059,107017.096,0.059
sub-STUCLUK1079,UCL-UK/UCLStrokeData,20546.247,0.09,164383.775,0.09
sub-STUCLUK1080,UCL-UK/UCLStrokeData,1634.753,0.007,13074.18,0.007
sub-STUCLUK1081,UCL-UK/UCLStrokeData,1409.045,0.006,11222.955,0.006
sub-STUCLUK1082,UCL-UK/UCLStrokeData,5866.584,0.026,46931.073,0.026
sub-STUCLUK1083,UCL-UK/UCLStrokeData,2725.191,0.012,21790.708,0.012
sub-STUCLUK1084,UCL-UK/UCLStrokeData,4861.815,0.021,38868.848,0.021
sub-STUCLUK1085,UCL-UK/UCLStrokeData,12788.82,0.056,102281.607,0.056
sub-STUCLUK1086,UCL-UK/UCLStrokeData,2537.388,0.011,20239.315,0.011
sub-STUCLUK1087,UCL-UK/UCLStrokeData,13776.854,0.06,110154.95,0.06
sub-STUCLUK1088,UCL-UK/UCLStrokeData,13648.961,0.06,109079.551,0.06
sub-STUCLUK1089,UCL-UK/UCLStrokeData,29939.573,0.131,239447.831,0.131
sub-STUCLUK1090,UCL-UK/UCLStrokeData,23754.045,0.104,189959.629,0.104
sub-STUCLUK1091,UCL-UK/UCLStrokeData,31495.534,0.138,251916.163,0.138
sub-STUCLUK1092,UCL-UK/UCLStrokeData,6947.837,0.03,55534.253,0.03
sub-STUCLUK1093,UCL-UK/UCLStrokeData,21966.135,0.096,175613.938,0.096
sub-STUCLUK1094,UCL-UK/UCLStrokeData,46387.006,0.203,370893.225,0.203
sub-STUCLUK1095,UCL-UK/UCLStrokeData,31012.882,0.136,247954.59,0.136
sub-STUCLUK1096,UCL-UK/UCLStrokeData,7380.343,0.032,58922.674,0.032
sub-STUCLUK1097,UCL-UK/UCLStrokeData,14203.983,0.062,113549.303,0.062
sub-STUCLUK1098,UCL-UK/UCLStrokeData,4568.809,0.02,36452.371,0.02
sub-STUCLUK1099,UCL-UK/UCLStrokeData,4293.5,0.019,34321.843,0.019
sub-STUCLUK1100,UCL-UK/UCLStrokeData,5544.371,0.024,44236.461,0.024
sub-STUCLUK1101,UCL-UK/UCLStrokeData,1753.23,0.008,13986.86,0.008
sub-STUCLUK1102,UCL-UK/UCLStrokeData,4095.382,0.018,32709.562,0.018
sub-STUCLUK1103,UCL-UK/UCLStrokeData,2360.371,0.01,18798.376,0.01
sub-STUCLUK1104,UCL-UK/UCLStrokeData,24567.747,0.108,196497.865,0.108
sub-STUCLUK1105,UCL-UK/UCLStrokeData,5241.382,0.023,41936.157,0.023
sub-STUCLUK1106,UCL-UK/UCLStrokeData,15986.461,0.07,127851.601,0.07
sub-STUCLUK1107,UCL-UK/UCLStrokeData,5707.921,0.025,45662.079,0.025
sub-STUCLUK1108,UCL-UK/UCLStrokeData,9062.23,0.04,72494.596,0.04
sub-STUCLUK1109,UCL-UK/UCLStrokeData,23163.264,0.101,185199.124,0.101
sub-STUCLUK1110,UCL-UK/UCLStrokeData,5673.921,0.025,45419.298,0.025
sub-STUCLUK1111,UCL-UK/UCLStrokeData,9513.517,0.042,76077.815,0.042
sub-STUCLUK1112,UCL-UK/UCLStrokeData,4322.579,0.019,34595.096,0.019
sub-STUCLUK1113,UCL-UK/UCLStrokeData,5811.871,0.025,46503.292,0.025
sub-STUCLUK1114,UCL-UK/UCLStrokeData,16848.247,0.074,134704.309,0.074
sub-STUCLUK1115,UCL-UK/UCLStrokeData,12516.539,0.055,100114.702,0.055
sub-STUCLUK1116,UCL-UK/UCLStrokeData,1818.287,0.008,14538.062,0.008
sub-STUCLUK1117,UCL-UK/UCLStrokeData,13208.028,0.058,105573.079,0.058
sub-STUCLUK1118,UCL-UK/UCLStrokeData,3619.865,0.016,28873.674,0.016
sub-STUCLUK1119,UCL-UK/UCLStrokeData,2506.573,0.011,20037.831,0.011
sub-STUCLUK1120,UCL-UK/UCLStrokeData,37846.506,0.166,302612.011,0.166
sub-STUCLUK1121,UCL-UK/UCLStrokeData,27852.247,0.122,222787.607,0.122
sub-STUCLUK1122,UCL-UK/UCLStrokeData,6075.506,0.027,48602.0,0.027
sub-STUCLUK1123,UCL-UK/UCLStrokeData,630.056,0.003,5038.708,0.003
sub-STUCLUK1124,UCL-UK/UCLStrokeData,10799.073,0.047,86368.023,0.047
sub-STUCLUK1125,UCL-UK/UCLStrokeData,9076.787,0.04,72598.511,0.04
sub-STUCLUK1126,UCL-UK/UCLStrokeData,42949.022,0.188,343373.461,0.188
sub-STUCLUK1127,UCL-UK/UCLStrokeData,48413.73,0.212,387067.225,0.212
sub-STUCLUK1128,UCL-UK/UCLStrokeData,11716.034,0.051,93656.376,0.051
sub-STUCLUK1129,UCL-UK/UCLStrokeData,13669.528,0.06,109293.646,0.06
sub-STUCLUK1130,UCL-UK/UCLStrokeData,10894.135,0.048,87117.556,0.048
sub-STUCLUK1131,UCL-UK/UCLStrokeData,10203.978,0.045,81556.371,0.045
sub-STUCLUK1132,UCL-UK/UCLStrokeData,24765.646,0.108,198019.91,0.108
sub-STUCLUK1133,UCL-UK/UCLStrokeData,4314.899,0.019,34399.146,0.019
sub-STUCLUK1134,UCL-UK/UCLStrokeData,5135.517,0.022,41008.742,0.022
sub-STUCLUK1135,UCL-UK/UCLStrokeData,9864.747,0.043,78948.966,0.043
sub-STUCLUK1136,UCL-UK/UCLStrokeData,2475.888,0.011,19732.051,0.011
sub-STUCLUK1137,UCL-UK/UCLStrokeData,4146.281,0.018,33115.978,0.018
sub-STUCLUK1138,UCL-UK/UCLStrokeData,34330.073,0.15,274437.601,0.15
sub-STUCLUK1139,UCL-UK/UCLStrokeData,4164.343,0.018,33295.14,0.018
sub-STUCLUK1140,UCL-UK/UCLStrokeData,2208.124,0.01,17545.629,0.01
sub-STUCLUK1141,UCL-UK/UCLStrokeData,2654.646,0.012,21240.483,0.012
sub-STUCLUK1142,UCL-UK/UCLStrokeData,2317.096,0.01,18476.545,0.01
sub-STUCLUK1143,UCL-UK/UCLStrokeData,7848.14,0.034,62792.522,0.034
sub-STUCLUK1144,UCL-UK/UCLStrokeData,3629.831,0.016,29007.247,0.016
sub-STUCLUK1145,UCL-UK/UCLStrokeData,3391.028,0.015,27110.522,0.015
sub-STUCLUK1146,UCL-UK/UCLStrokeData,2439.022,0.011,19495.854,0.011
sub-STUCLUK1147,UCL-UK/UCLStrokeData,4478.101,0.02,35790.882,0.02
sub-STUCLUK1148,UCL-UK/UCLStrokeData,1126.927,0.005,8966.146,0.005
sub-STUCLUK1149,UCL-UK/UCLStrokeData,11309.938,0.05,90399.966,0.049
sub-STUCLUK1150,UCL-UK/UCLStrokeData,3577.197,0.016,28584.843,0.016
sub-STUCLUK1151,UCL-UK/UCLStrokeData,9409.758,0.041,75211.444,0.041
sub-STUCLUK1152,UCL-UK/UCLStrokeData,1305.028,0.006,10428.966,0.006
sub-STUCLUK1153,UCL-UK/UCLStrokeData,14229.865,0.062,113697.062,0.062
sub-STUCLUK1154,UCL-UK/UCLStrokeData,8552.421,0.037,68347.652,0.037
sub-STUCLUK1155,UCL-UK/UCLStrokeData,40681.82,0.178,325351.158,0.178
sub-STUCLUK1156,UCL-UK/UCLStrokeData,29204.365,0.128,233536.141,0.128
sub-STUCLUK1157,UCL-UK/UCLStrokeData,1201.494,0.005,9587.635,0.005
sub-STUCLUK1158,UCL-UK/UCLStrokeData,5947.494,0.026,47511.837,0.026
sub-STUCLUK1159,UCL-UK/UCLStrokeData,10255.185,0.045,81972.028,0.045
sub-STUCLUK1160,UCL-UK/UCLStrokeData,8586.079,0.038,68657.275,0.038
sub-STUCLUK1161,UCL-UK/UCLStrokeData,14910.798,0.065,119167.23,0.065
sub-STUCLUK1162,UCL-UK/UCLStrokeData,36224.022,0.159,289647.124,0.159
sub-STUCLUK1163,UCL-UK/UCLStrokeData,26068.017,0.114,208438.399,0.114
sub-STUCLUK1164,UCL-UK/UCLStrokeData,5954.124,0.026,47574.927,0.026
sub-STUCLUK1165,UCL-UK/UCLStrokeData,6782.331,0.03,54195.41,0.03
sub-STUCLUK1166,UCL-UK/UCLStrokeData,17922.174,0.078,143289.309,0.078
sub-STUCLUK1167,UCL-UK/UCLStrokeData,21304.697,0.093,170256.933,0.093
sub-STUCLUK1168,UCL-UK/UCLStrokeData,86.264,0.0,695.011,0.0
sub-STUCLUK1169,UCL-UK/UCLStrokeData,11374.921,0.05,90942.202,0.05
sub-STUCLUK1170,UCL-UK/UCLStrokeData,14500.315,0.063,115933.792,0.063
sub-STUCLUK1171,UCL-UK/UCLStrokeData,657.343,0.003,5244.506,0.003
sub-STUCLUK1172,UCL-UK/UCLStrokeData,2286.86,0.01,18305.483,0.01
sub-STUCLUK1173,UCL-UK/UCLStrokeData,2037.112,0.009,16287.169,0.009
sub-STUCLUK1174,UCL-UK/UCLStrokeData,8902.702,0.039,71256.91,0.039
sub-STUCLUK1175,UCL-UK/UCLStrokeData,7069.365,0.031,56559.09,0.031
sub-STUCLUK1176,UCL-UK/UCLStrokeData,1517.36,0.007,12100.567,0.007
sub-STUCLUK1177,UCL-UK/UCLStrokeData,7887.528,0.035,63085.483,0.035
sub-STUCLUK1178,UCL-UK/UCLStrokeData,5018.253,0.022,40166.208,0.022
sub-STUCLUK1179,UCL-UK/UCLStrokeData,121.14,0.001,974.096,0.001
sub-STUCLUK1180,UCL-UK/UCLStrokeData,5693.809,0.025,45516.691,0.025
sub-STUCLUK1181,UCL-UK/UCLStrokeData,3431.888,0.015,27421.472,0.015
sub-STUCLUK1182,UCL-UK/UCLStrokeData,13130.405,0.057,104932.169,0.057
sub-STUCLUK1183,UCL-UK/UCLStrokeData,661.753,0.003,5289.169,0.003
sub-STUCLUK1184,UCL-UK/UCLStrokeData,2217.933,0.01,17721.022,0.01
sub-STUCLUK1185,UCL-UK/UCLStrokeData,16976.882,0.074,135723.275,0.074
sub-STUCLUK1186,UCL-UK/UCLStrokeData,1493.348,0.007,11942.848,0.007
sub-STUCLUK1187,UCL-UK/UCLStrokeData,6450.691,0.028,51598.843,0.028
sub-STUCLUK1188,UCL-UK/UCLStrokeData,4508.708,0.02,35967.994,0.02
sub-STUCLUK1189,UCL-UK/UCLStrokeData,4192.146,0.018,33478.539,0.018
sub-STUCLUK1190,UCL-UK/UCLStrokeData,15862.376,0.069,126848.556,0.069
sub-STUCLUK1191,UCL-UK/UCLStrokeData,14635.444,0.064,117039.781,0.064
sub-STUCLUK1192,UCL-UK/UCLStrokeData,21427.494,0.094,171272.034,0.094
sub-STUCLUK1193,UCL-UK/UCLStrokeData,7094.079,0.031,56728.983,0.031
sub-STUCLUK1194,UCL-UK/UCLStrokeData,756.742,0.003,6024.011,0.003
sub-STUCLUK1195,UCL-UK/UCLStrokeData,2152.489,0.009,17207.753,0.009
sub-STUCLUK1196,UCL-UK/UCLStrokeData,14297.983,0.063,114392.77,0.063
sub-STUCLUK1197,UCL-UK/UCLStrokeData,7409.084,0.032,59235.792,0.032
sub-STUCLUK1198,UCL-UK/UCLStrokeData,14751.264,0.065,117914.281,0.065
sub-STUCLUK1199,UCL-UK/UCLStrokeData,7357.955,0.032,58827.034,0.032
sub-STUCLUK1200,UCL-UK/UCLStrokeData,1034.91,0.005,8242.736,0.005
sub-STUCLUK1201,UCL-UK/UCLStrokeData,7889.697,0.035,63103.09,0.035
sub-STUCLUK1202,UCL-UK/UCLStrokeData,10991.792,0.048,87903.208,0.048
sub-STUCLUK1203,UCL-UK/UCLStrokeData,1269.163,0.006,10150.034,0.006
sub-STUCLUK1204,UCL-UK/UCLStrokeData,14144.522,0.062,113138.489,0.062
sub-STUCLUK1205,UCL-UK/UCLStrokeData,17331.056,0.076,138580.579,0.076
sub-STUCLUK1206,UCL-UK/UCLStrokeData,62.792,0.0,506.292,0.0
sub-STUCLUK1207,UCL-UK/UCLStrokeData,5301.618,0.023,42406.236,0.023
sub-STUCLUK1208,UCL-UK/UCLStrokeData,13831.697,0.061,110572.528,0.061
sub-STUCLUK1209,UCL-UK/UCLStrokeData,6206.365,0.027,49648.32,0.027
sub-STUCLUK1210,UCL-UK/UCLStrokeData,5172.393,0.023,41367.551,0.023
sub-STUCLUK1211,UCL-UK/UCLStrokeData,3719.242,0.016,29713.427,0.016
sub-STUCLUK1212,UCL-UK/UCLStrokeData,8926.747,0.039,71321.955,0.039
sub-STUCLUK1213,UCL-UK/UCLStrokeData,1375.039,0.006,10988.275,0.006
sub-STUCLUK1214,UCL-UK/UCLStrokeData,1482.758,0.006,11853.663,0.006
sub-STUCLUK1215,UCL-UK/UCLStrokeData,15256.725,0.067,122020.601,0.067
sub-STUCLUK1216,UCL-UK/UCLStrokeData,3275.933,0.014,26161.86,0.014
sub-STUCLUK1217,UCL-UK/UCLStrokeData,3994.264,0.017,31931.36,0.017
sub-STUCLUK1218,UCL-UK/UCLStrokeData,1533.41,0.007,12250.522,0.007
sub-STUCLUK1219,UCL-UK/UCLStrokeData,741.511,0.003,5918.146,0.003
sub-STUCLUK1220,UCL-UK/UCLStrokeData,42313.034,0.185,338423.461,0.185
sub-STUCLUK1221,UCL-UK/UCLStrokeData,1492.152,0.007,11941.949,0.007
sub-STUCLUK1222,UCL-UK/UCLStrokeData,32281.551,0.141,258103.657,0.141
sub-STUCLUK1223,UCL-UK/UCLStrokeData,12276.506,0.054,98146.275,0.054
sub-STUCLUK1224,UCL-UK/UCLStrokeData,10311.18,0.045,82411.511,0.045
sub-STUCLUK1225,UCL-UK/UCLStrokeData,3307.461,0.014,26435.079,0.014
sub-STUCLUK1226,UCL-UK/UCLStrokeData,8666.882,0.038,69167.843,0.038
sub-STUCLUK1227,UCL-UK/UCLStrokeData,3179.747,0.014,25407.494,0.014
sub-STUCLUK1228,UCL-UK/UCLStrokeData,628.242,0.003,4996.208,0.003
sub-STUCLUK1229,UCL-UK/UCLStrokeData,13525.129,0.059,108029.708,0.059
sub-STUCLUK1230,UCL-UK/UCLStrokeData,3303.657,0.014,26335.989,0.014
sub-STUCLUK1231,UCL-UK/UCLStrokeData,3988.185,0.017,31911.663,0.017
sub-STUCLUK1232,UCL-UK/UCLStrokeData,7902.736,0.035,63215.427,0.035
sub-STUCLUK1233,UCL-UK/UCLStrokeData,3068.079,0.013,24443.528,0.013
sub-STUCLUK1234,UCL-UK/UCLStrokeData,17876.303,0.078,142963.551,0.078
sub-STUCLUK1235,UCL-UK/UCLStrokeData,4037.101,0.018,32271.478,0.018
sub-STUCLUK1236,UCL-UK/UCLStrokeData,5994.921,0.026,47892.961,0.026
sub-STUCLUK1237,UCL-UK/UCLStrokeData,5256.0,0.023,41890.612,0.023
sub-STUCLUK1238,UCL-UK/UCLStrokeData,7522.646,0.033,60221.213,0.033
sub-STUCLUK1239,UCL-UK/UCLStrokeData,12119.185,0.053,96868.792,0.053
sub-STUCLUK1240,UCL-UK/UCLStrokeData,1327.556,0.006,10642.09,0.006
sub-STUCLUK1241,UCL-UK/UCLStrokeData,14168.461,0.062,113273.438,0.062
sub-STUCLUK1242,UCL-UK/UCLStrokeData,4348.191,0.019,34714.405,0.019
sub-STUCLUK1243,UCL-UK/UCLStrokeData,1569.635,0.007,12505.438,0.007
sub-STUCLUK1244,UCL-UK/UCLStrokeData,25834.848,0.113,206463.438,0.113
sub-STUCLUK1245,UCL-UK/UCLStrokeData,1057.86,0.005,8441.736,0.005
sub-STUCLUK1246,UCL-UK/UCLStrokeData,3787.994,0.017,30248.596,0.017
sub-STUCLUK1247,UCL-UK/UCLStrokeData,18926.494,0.083,151296.225,0.083
sub-STUCLUK1248,UCL-UK/UCLStrokeData,2737.556,0.012,21896.388,0.012
sub-STUCLUK1249,UCL-UK/UCLStrokeData,5746.955,0.025,45882.135,0.025
sub-STUCLUK1250,UCL-UK/UCLStrokeData,10729.938,0.047,85759.77,0.047
sub-STUCLUK1251,UCL-UK/UCLStrokeData,4256.899,0.019,34027.292,0.019
sub-STUCLUK1252,UCL-UK/UCLStrokeData,3247.972,0.014,25995.506,0.014
sub-STUCLUK1253,UCL-UK/UCLStrokeData,15704.191,0.069,125567.91,0.069
sub-STUCLUK1254,UCL-UK/UCLStrokeData,2393.006,0.01,19124.899,0.01
sub-STUCLUK1255,UCL-UK/UCLStrokeData,12561.742,0.055,100462.18,0.055
sub-STUCLUK1256,UCL-UK/UCLStrokeData,2227.792,0.01,17806.264,0.01
sub-STUCLUK1257,UCL-UK/UCLStrokeData,12192.826,0.053,97435.0,0.053
sub-STUCLUK1258,UCL-UK/UCLStrokeData,1610.961,0.007,12844.18,0.007
sub-STUCLUK1259,UCL-UK/UCLStrokeData,5531.028,0.024,44152.275,0.024
sub-STUCLUK1260,UCL-UK/UCLStrokeData,4528.528,0.02,36202.287,0.02
sub-STUCLUK1261,UCL-UK/UCLStrokeData,647.758,0.003,5182.652,0.003
sub-STUCLUK1262,UCL-UK/UCLStrokeData,1506.871,0.007,12056.579,0.007
sub-STUCLUK1263,UCL-UK/UCLStrokeData,2894.011,0.013,23106.955,0.013
sub-STUCLUK1264,UCL-UK/UCLStrokeData,16837.742,0.074,134640.264,0.074
sub-STUCLUK1265,UCL-UK/UCLStrokeData,39007.337,0.171,311975.865,0.171
sub-STUCLUK1266,UCL-UK/UCLStrokeData,8668.449,0.038,69339.079,0.038
sub-STUCLUK1267,UCL-UK/UCLStrokeData,40046.685,0.175,320271.056,0.175
sub-STUCLUK1268,UCL-UK/UCLStrokeData,3101.652,0.014,24809.551,0.014
sub-STUCLUK1269,UCL-UK/UCLStrokeData,4994.23,0.022,39941.848,0.022
sub-STUCLUK1270,UCL-UK/UCLStrokeData,6973.489,0.031,55703.933,0.03
sub-STUCLUK1271,UCL-UK/UCLStrokeData,17548.421,0.077,140270.899,0.077
sub-STUCLUK1272,UCL-UK/UCLStrokeData,8438.837,0.037,67332.697,0.037
sub-STUCLUK1273,UCL-UK/UCLStrokeData,8011.36,0.035,64034.949,0.035
sub-STUCLUK1274,UCL-UK/UCLStrokeData,22994.36,0.101,183799.461,0.101
sub-STUCLUK1275,UCL-UK/UCLStrokeData,8129.663,0.036,64992.837,0.036
sub-STUCLUK1276,UCL-UK/UCLStrokeData,729.067,0.003,5829.657,0.003
sub-STUCLUK1277,UCL-UK/UCLStrokeData,478.792,0.002,3798.91,0.002
sub-STUCLUK1278,UCL-UK/UCLStrokeData,7181.579,0.031,57336.0,0.031
sub-STUCLUK1279,UCL-UK/UCLStrokeData,12036.129,0.053,96197.253,0.053
sub-STUCLUK1280,UCL-UK/UCLStrokeData,1873.152,0.008,14884.652,0.008
sub-STUCLUK1281,UCL-UK/UCLStrokeData,24422.899,0.107,195347.388,0.107
sub-STUCLUK1282,UCL-UK/UCLStrokeData,25585.747,0.112,204602.702,0.112
sub-STUCLUK1283,UCL-UK/UCLStrokeData,4757.174,0.021,38019.854,0.021
sub-STUCLUK1284,UCL-UK/UCLStrokeData,967.798,0.004,7688.893,0.004
sub-STUCLUK1285,UCL-UK/UCLStrokeData,6922.393,0.03,55356.691,0.03
sub-STUCLUK1286,UCL-UK/UCLStrokeData,3542.056,0.016,28245.573,0.015
sub-STUCLUK1287,UCL-UK/UCLStrokeData,2765.893,0.012,22119.5,0.012
sub-STUCLUK1288,UCL-UK/UCLStrokeData,319.747,0.001,2553.101,0.001
sub-STUCLUK1289,UCL-UK/UCLStrokeData,146.775,0.001,1166.584,0.001
sub-STUCLUK1290,UCL-UK/UCLStrokeData,1303.292,0.006,10415.281,0.006
sub-STUCLUK1291,UCL-UK/UCLStrokeData,3286.14,0.014,26269.646,0.014
sub-STUCLUK1292,UCL-UK/UCLStrokeData,9811.888,0.043,78360.326,0.043
sub-STUCLUK1293,UCL-UK/UCLStrokeData,21545.933,0.094,172308.236,0.094
sub-STUCLUK1294,UCL-UK/UCLStrokeData,10122.669,0.044,80891.921,0.044
sub-STUCLUK1295,UCL-UK/UCLStrokeData,2640.466,0.012,21077.702,0.012
sub-STUCLUK1296,UCL-UK/UCLStrokeData,3208.736,0.014,25630.466,0.014
sub-STUCLUK1297,UCL-UK/UCLStrokeData,5365.27,0.023,42886.854,0.023
sub-STUCLUK1298,UCL-UK/UCLStrokeData,10694.045,0.047,85466.039,0.047
sub-STUCLUK1299,UCL-UK/UCLStrokeData,18641.775,0.082,149112.096,0.082
sub-STUCLUK1300,UCL-UK/UCLStrokeData,2136.399,0.009,17059.191,0.009
sub-STUCLUK1301,UCL-UK/UCLStrokeData,2764.899,0.012,22110.315,0.012
sub-STUCLUK1302,UCL-UK/UCLStrokeData,4811.815,0.021,38483.253,0.021
sub-STUCLUK1303,UCL-UK/UCLStrokeData,4075.921,0.018,32548.365,0.018
sub-STUCLUK1304,UCL-UK/UCLStrokeData,2878.135,0.013,22986.685,0.013
sub-STUCLUK1305,UCL-UK/UCLStrokeData,3753.292,0.016,29977.978,0.016
sub-STUCLUK1306,UCL-UK/UCLStrokeData,2861.697,0.013,22715.236,0.012
sub-STUCLUK1307,UCL-UK/UCLStrokeData,4183.798,0.018,33329.994,0.018
sub-STUCLUK1308,UCL-UK/UCLStrokeData,15994.354,0.07,127864.399,0.07
sub-STUCLUK1309,UCL-UK/UCLStrokeData,90.23,0.0,725.876,0.0
sub-STUCLUK1310,UCL-UK/UCLStrokeData,10304.163,0.045,82362.343,0.045
sub-STUCLUK1311,UCL-UK/UCLStrokeData,3810.596,0.017,30478.427,0.017
sub-STUCLUK1312,UCL-UK/UCLStrokeData,10051.427,0.044,80450.354,0.044
sub-STUCLUK1313,UCL-UK/UCLStrokeData,24110.522,0.106,192784.399,0.106
sub-STUCLUK1314,UCL-UK/UCLStrokeData,157.64,0.001,1261.067,0.001
sub-STUCLUK1315,UCL-UK/UCLStrokeData,29526.938,0.129,236119.264,0.129
sub-STUCLUK1316,UCL-UK/UCLStrokeData,14065.742,0.062,112490.292,0.062
sub-STUCLUK1317,UCL-UK/UCLStrokeData,3078.758,0.013,24536.562,0.013
sub-STUCLUK1318,UCL-UK/UCLStrokeData,21189.938,0.093,169324.753,0.093
sub-STUCLUK1319,UCL-UK/UCLStrokeData,5556.596,0.024,44450.91,0.024
sub-STUCLUK1320,UCL-UK/UCLStrokeData,994.955,0.004,7961.702,0.004
sub-STUCLUK1321,UCL-UK/UCLStrokeData,1708.893,0.007,13654.556,0.007
sub-STUCLUK1322,UCL-UK/UCLStrokeData,4906.202,0.021,39231.36,0.021
sub-STUCLUK1323,UCL-UK/UCLStrokeData,9443.809,0.041,75494.59,0.041
sub-STUCLUK1324,UCL-UK/UCLStrokeData,28648.921,0.125,229176.494,0.125
sub-STUCLUK1325,UCL-UK/UCLStrokeData,7010.685,0.031,55936.281,0.031
sub-STUCLUK1326,UCL-UK/UCLStrokeData,7832.466,0.034,62657.758,0.034
sub-STUCLUK1327,UCL-UK/UCLStrokeData,6000.331,0.026,47990.5,0.026
sub-STUCLUK1328,UCL-UK/UCLStrokeData,2738.073,0.012,21788.292,0.012
sub-STUCLUK1329,UCL-UK/UCLStrokeData,7815.854,0.034,62485.747,0.034
sub-STUCLUK1330,UCL-UK/UCLStrokeData,8854.112,0.039,70769.388,0.039
sub-STUCLUK1331,UCL-UK/UCLStrokeData,23464.545,0.103,187558.23,0.103
sub-STUCLUK1332,UCL-UK/UCLStrokeData,15238.837,0.067,121828.888,0.067
sub-STUCLUK1333,UCL-UK/UCLStrokeData,869.803,0.004,6947.427,0.004
sub-STUCLUK1334,UCL-UK/UCLStrokeData,13567.983,0.059,108508.202,0.059
sub-STUCLUK1335,UCL-UK/UCLStrokeData,7798.073,0.034,62352.91,0.034
sub-STUCLUK1336,UCL-UK/UCLStrokeData,27324.09,0.12,218455.191,0.12
sub-STUCLUK1337,UCL-UK/UCLStrokeData,6317.006,0.028,50425.837,0.028
sub-STUCLUK1338,UCL-UK/UCLStrokeData,30007.624,0.131,239881.27,0.131
sub-STUCLUK1339,UCL-UK/UCLStrokeData,5523.534,0.024,44104.663,0.024
sub-STUCLUK1340,UCL-UK/UCLStrokeData,19985.382,0.087,159766.747,0.087
sub-STUCLUK1341,UCL-UK/UCLStrokeData,6071.938,0.027,48533.669,0.027
sub-STUCLUK1342,UCL-UK/UCLStrokeData,7246.36,0.032,57956.933,0.032
sub-STUCLUK1343,UCL-UK/UCLStrokeData,17064.596,0.075,136410.152,0.075
sub-STUCLUK1344,UCL-UK/UCLStrokeData,2833.034,0.012,22617.848,0.012
sub-STUCLUK1345,UCL-UK/UCLStrokeData,929.331,0.004,7414.983,0.004
sub-STUCLUK1346,UCL-UK/UCLStrokeData,18174.084,0.08,145378.877,0.08
sub-STUCLUK1347,UCL-UK/UCLStrokeData,3834.045,0.017,30648.59,0.017
sub-STUCLUK1348,UCL-UK/UCLStrokeData,2792.118,0.012,22348.438,0.012
sub-STUCLUK1349,UCL-UK/UCLStrokeData,10667.14,0.047,85311.612,0.047
sub-STUCLUK1350,UCL-UK/UCLStrokeData,12621.966,0.055,100940.242,0.055
sub-STUCLUK1351,UCL-UK/UCLStrokeData,2281.275,0.01,18230.674,0.01
sub-STUCLUK1352,UCL-UK/UCLStrokeData,1676.545,0.007,13407.376,0.007
sub-STUCLUK1353,UCL-UK/UCLStrokeData,555.5,0.002,4437.287,0.002
sub-STUCLUK1354,UCL-UK/UCLStrokeData,5956.854,0.026,47604.506,0.026
sub-STUCLUK1355,UCL-UK/UCLStrokeData,2425.135,0.011,19390.506,0.011
sub-STUCLUK1356,UCL-UK/UCLStrokeData,13746.27,0.06,109916.719,0.06
sub-STUCLUK1357,UCL-UK/UCLStrokeData,42385.815,0.186,338967.298,0.186
sub-STUCLUK1358,UCL-UK/UCLStrokeData,9580.843,0.042,76556.006,0.042
sub-STUCLUK1359,UCL-UK/UCLStrokeData,7498.416,0.033,59980.719,0.033
sub-STUCLUK1360,UCL-UK/UCLStrokeData,6873.174,0.03,54994.68,0.03
sub-STUCLUK1361,UCL-UK/UCLStrokeData,11057.213,0.048,88462.545,0.048
sub-STUCLUK1362,UCL-UK/UCLStrokeData,3514.331,0.015,28096.405,0.015
sub-STUCLUK1363,UCL-UK/UCLStrokeData,14374.955,0.063,114886.691,0.063
sub-STUCLUK1364,UCL-UK/UCLStrokeData,4859.848,0.021,38883.371,0.021
sub-STUCLUK1365,UCL-UK/UCLStrokeData,2869.258,0.013,22913.09,0.013
sub-STUCLUK1366,UCL-UK/UCLStrokeData,10277.624,0.045,82121.652,0.045
sub-STUCLUK1367,UCL-UK/UCLStrokeData,7726.742,0.034,61775.921,0.034
sub-STUCLUK1368,UCL-UK/UCLStrokeData,4776.916,0.021,38154.843,0.021
sub-STUCLUK1369,UCL-UK/UCLStrokeData,23361.652,0.102,186819.708,0.102
sub-STUCLUK1370,UCL-UK/UCLStrokeData,11238.163,0.049,89829.315,0.049
sub-STUCLUK1371,UCL-UK/UCLStrokeData,21423.41,0.094,171337.674,0.094
sub-STUCLUK1372,UCL-UK/UCLStrokeData,4498.331,0.02,35895.433,0.02
sub-STUCLUK1373,UCL-UK/UCLStrokeData,616.775,0.003,4923.539,0.003
sub-STUCLUK1374,UCL-UK/UCLStrokeData,2347.404,0.01,18745.685,0.01
sub-STUCLUK1375,UCL-UK/UCLStrokeData,713.691,0.003,5684.208,0.003
sub-STUCLUK1376,UCL-UK/UCLStrokeData,9563.809,0.042,76470.169,0.042
sub-STUCLUK1377,UCL-UK/UCLStrokeData,17428.444,0.076,139396.966,0.076
sub-STUCLUK1378,UCL-UK/UCLStrokeData,1396.107,0.006,11166.028,0.006
sub-STUCLUK1379,UCL-UK/UCLStrokeData,10427.607,0.046,83360.798,0.046
sub-STUCLUK1380,UCL-UK/UCLStrokeData,180.36,0.001,1445.888,0.001
sub-STUCLUK1381,UCL-UK/UCLStrokeData,7422.017,0.032,59246.185,0.032
sub-STUCLUK1382,UCL-UK/UCLStrokeData,688.663,0.003,5500.893,0.003
sub-STUCLUK1383,UCL-UK/UCLStrokeData,11352.112,0.05,90809.972,0.05
sub-STUCLUK1384,UCL-UK/UCLStrokeData,3721.843,0.016,29781.135,0.016
sub-STUCLUK1385,UCL-UK/UCLStrokeData,3689.045,0.016,29508.449,0.016
sub-STUCLUK1386,UCL-UK/UCLStrokeData,8776.697,0.038,70220.927,0.038
sub-STUCLUK1387,UCL-UK/UCLStrokeData,9973.365,0.044,79695.742,0.044
sub-STUCLUK1388,UCL-UK/UCLStrokeData,5101.871,0.022,40743.691,0.022
sub-STUCLUK1389,UCL-UK/UCLStrokeData,7456.713,0.033,59570.36,0.033
sub-STUCLUK1390,UCL-UK/UCLStrokeData,3716.876,0.016,29677.899,0.016
sub-STUCLUK1391,UCL-UK/UCLStrokeData,8097.264,0.035,64774.461,0.035
sub-STUCLUK1392,UCL-UK/UCLStrokeData,44110.522,0.193,352696.208,0.193
sub-STUCLUK1393,UCL-UK/UCLStrokeData,8587.062,0.038,68561.663,0.038
sub-STUCLUK1394,UCL-UK/UCLStrokeData,1161.028,0.005,9281.966,0.005
sub-STUCLUK1395,UCL-UK/UCLStrokeData,33403.056,0.146,267139.399,0.146
sub-STUCLUK1396,UCL-UK/UCLStrokeData,9406.135,0.041,75175.567,0.041
sub-STUCLUK1397,UCL-UK/UCLStrokeData,1945.747,0.009,15570.006,0.009
sub-STUCLUK1398,UCL-UK/UCLStrokeData,2212.242,0.01,17625.573,0.01
sub-STUCLUK1399,UCL-UK/UCLStrokeData,5367.073,0.023,42894.888,0.023
sub-STUCLUK1400,UCL-UK/UCLStrokeData,22903.522,0.1,183161.994,0.1
sub-STUCLUK1401,UCL-UK/UCLStrokeData,1650.843,0.007,13193.157,0.007
sub-STUCLUK1402,UCL-UK/UCLStrokeData,7230.59,0.032,57866.792,0.032
sub-STUCLUK1403,UCL-UK/UCLStrokeData,24583.416,0.108,196492.899,0.108
sub-STUCLUK1404,UCL-UK/UCLStrokeData,4595.393,0.02,36729.331,0.02
sub-STUCLUK1405,UCL-UK/UCLStrokeData,3467.528,0.015,27733.315,0.015
sub-STUCLUK1406,UCL-UK/UCLStrokeData,15978.331,0.07,127718.247,0.07
sub-STUCLUK1407,UCL-UK/UCLStrokeData,7161.635,0.031,57313.517,0.031
sub-STUCLUK1408,UCL-UK/UCLStrokeData,1587.281,0.007,12686.236,0.007
sub-STUCLUK1409,UCL-UK/UCLStrokeData,8605.742,0.038,68697.736,0.038
sub-STUCLUK1410,UCL-UK/UCLStrokeData,15256.236,0.067,121992.899,0.067
sub-STUCLUK1411,UCL-UK/UCLStrokeData,3877.152,0.017,31005.275,0.017
sub-STUCLUK1412,UCL-UK/UCLStrokeData,14912.573,0.065,119242.933,0.065
sub-STUCLUK1413,UCL-UK/UCLStrokeData,12590.719,0.055,100677.91,0.055
sub-STUCLUK1414,UCL-UK/UCLStrokeData,3316.657,0.015,26491.933,0.014
sub-STUCLUK1415,UCL-UK/UCLStrokeData,385.702,0.002,3083.916,0.002
sub-STUCLUK1416,UCL-UK/UCLStrokeData,12124.596,0.053,96911.747,0.053
sub-STUCLUK1417,UCL-UK/UCLStrokeData,5786.455,0.025,46281.579,0.025
sub-STUCLUK1418,UCL-UK/UCLStrokeData,4029.191,0.018,32203.281,0.018
sub-STUCLUK1419,UCL-UK/UCLStrokeData,23789.708,0.104,190185.871,0.104
sub-STUCLUK1420,UCL-UK/UCLStrokeData,8434.275,0.037,67423.803,0.037
sub-STUCLUK1421,UCL-UK/UCLStrokeData,7604.983,0.033,60789.483,0.033
sub-STUCLUK1422,UCL-UK/UCLStrokeData,6059.624,0.027,48422.708,0.027
sub-STUCLUK1423,UCL-UK/UCLStrokeData,5516.348,0.024,44107.652,0.024
sub-STUCLUK1424,UCL-UK/UCLStrokeData,35258.444,0.154,282013.517,0.154
sub-STUCLUK1425,UCL-UK/UCLStrokeData,15486.455,0.068,123903.141,0.068
sub-STUCLUK1426,UCL-UK/UCLStrokeData,6082.809,0.027,48629.416,0.027
sub-STUCLUK1427,UCL-UK/UCLStrokeData,17796.09,0.078,142355.348,0.078
sub-STUCLUK1428,UCL-UK/UCLStrokeData,20861.82,0.091,166778.275,0.091
sub-STUCLUK1429,UCL-UK/UCLStrokeData,47863.483,0.209,382723.781,0.209
sub-STUCLUK1430,UCL-UK/UCLStrokeData,2953.747,0.013,23591.714,0.013
sub-STUCLUK1431,UCL-UK/UCLStrokeData,3920.517,0.017,31299.264,0.017
sub-STUCLUK1432,UCL-UK/UCLStrokeData,10300.635,0.045,82344.045,0.045
sub-STUCLUK1433,UCL-UK/UCLStrokeData,9904.494,0.043,79132.433,0.043
sub-STUCLUK1434,UCL-UK/UCLStrokeData,22524.376,0.099,180117.421,0.099
sub-STUCLUK1435,UCL-UK/UCLStrokeData,9142.124,0.04,73125.303,0.04
sub-STUCLUK1436,UCL-UK/UCLStrokeData,3003.18,0.013,24033.461,0.013
sub-STUCLUK1437,UCL-UK/UCLStrokeData,8654.719,0.038,69214.809,0.038
sub-STUCLUK1438,UCL-UK/UCLStrokeData,14593.764,0.064,116697.612,0.064
sub-STUCLUK1439,UCL-UK/UCLStrokeData,2038.253,0.009,16305.657,0.009
sub-STUCLUK1440,UCL-UK/UCLStrokeData,1272.652,0.006,10193.517,0.006
sub-STUCLUK1441,UCL-UK/UCLStrokeData,15213.084,0.067,121596.157,0.067
sub-STUCLUK1442,UCL-UK/UCLStrokeData,1226.208,0.005,9786.152,0.005
sub-STUCLUK1443,UCL-UK/UCLStrokeData,18489.292,0.081,147825.607,0.081
sub-STUCLUK1444,UCL-UK/UCLStrokeData,1875.118,0.008,15011.517,0.008
sub-STUCLUK1445,UCL-UK/UCLStrokeData,2990.022,0.013,23798.118,0.013
sub-STUCLUK1446,UCL-UK/UCLStrokeData,996.579,0.004,7961.601,0.004
sub-STUCLUK1447,UCL-UK/UCLStrokeData,5723.32,0.025,45785.629,0.025
sub-STUCLUK1448,UCL-UK/UCLStrokeData,6976.315,0.031,55757.191,0.031
sub-STUCLUK1449,UCL-UK/UCLStrokeData,8083.169,0.035,64678.635,0.035
sub-STUCLUK1450,UCL-UK/UCLStrokeData,2604.596,0.011,20830.129,0.011
sub-STUCLUK1451,UCL-UK/UCLStrokeData,4675.438,0.02,37319.64,0.02
sub-STUCLUK1452,UCL-UK/UCLStrokeData,5705.522,0.025,45580.708,0.025
sub-STUCLUK1453,UCL-UK/UCLStrokeData,2546.258,0.011,20314.5,0.011
sub-STUCLUK1454,UCL-UK/UCLStrokeData,24967.331,0.109,199582.135,0.109
sub-STUCLUK1455,UCL-UK/UCLStrokeData,3907.955,0.017,31258.309,0.017
sub-STUCLUK1456,UCL-UK/UCLStrokeData,7998.421,0.035,63975.989,0.035
sub-STUCLUK1457,UCL-UK/UCLStrokeData,6269.197,0.027,50012.084,0.027
sub-STUCLUK1458,UCL-UK/UCLStrokeData,15545.787,0.068,124259.427,0.068
sub-STUCLUK1459,UCL-UK/UCLStrokeData,3407.287,0.015,27154.579,0.015
sub-STUCLUK1460,UCL-UK/UCLStrokeData,1647.848,0.007,13165.59,0.007
sub-STUCLUK1461,UCL-UK/UCLStrokeData,27585.208,0.121,220545.725,0.121
sub-STUCLUK1462,UCL-UK/UCLStrokeData,3046.062,0.013,24256.803,0.013
sub-STUCLUK1463,UCL-UK/UCLStrokeData,20773.545,0.091,166083.483,0.091
sub-STUCLUK1464,UCL-UK/UCLStrokeData,13731.157,0.06,109748.832,0.06
sub-STUCLUK1465,UCL-UK/UCLStrokeData,4922.303,0.022,39385.405,0.022
sub-STUCLUK1466,UCL-UK/UCLStrokeData,6278.067,0.027,50242.601,0.027
sub-STUCLUK1467,UCL-UK/UCLStrokeData,8006.157,0.035,64002.966,0.035
sub-STUCLUK1468,UCL-UK/UCLStrokeData,351.483,0.002,2800.135,0.002
sub-STUCLUK1469,UCL-UK/UCLStrokeData,4495.236,0.02,36003.556,0.02
sub-STUCLUK1470,UCL-UK/UCLStrokeData,1423.809,0.006,11384.702,0.006
sub-STUCLUK1471,UCL-UK/UCLStrokeData,26730.787,0.117,213818.084,0.117
sub-STUCLUK1472,UCL-UK/UCLStrokeData,1857.5,0.008,14868.787,0.008
sub-STUCLUK1473,UCL-UK/UCLStrokeData,1271.253,0.006,10114.994,0.006
sub-STUCLUK1474,UCL-UK/UCLStrokeData,4394.697,0.019,35086.764,0.019
sub-STUCLUK1475,UCL-UK/UCLStrokeData,779.989,0.003,6238.843,0.003
sub-STUCLUK1476,UCL-UK/UCLStrokeData,7697.831,0.034,61496.618,0.034
sub-STUCLUK1477,UCL-UK/UCLStrokeData,9995.5,0.044,79882.584,0.044
sub-STUCLUK1478,UCL-UK/UCLStrokeData,1046.843,0.005,8348.028,0.005
sub-STUCLUK1479,UCL-UK/UCLStrokeData,9124.264,0.04,72953.961,0.04
sub-STUCLUK1480,UCL-UK/UCLStrokeData,30308.303,0.133,242265.888,0.133
sub-STUCLUK1481,UCL-UK/UCLStrokeData,5087.837,0.022,40631.107,0.022
sub-STUCLUK1482,UCL-UK/UCLStrokeData,1875.556,0.008,15000.517,0.008
sub-STUCLUK1483,UCL-UK/UCLStrokeData,734.989,0.003,5896.753,0.003
sub-STUCLUK1484,UCL-UK/UCLStrokeData,2214.669,0.01,17719.18,0.01
sub-STUCLUK1485,UCL-UK/UCLStrokeData,1269.208,0.006,10151.219,0.006
sub-STUCLUK1486,UCL-UK/UCLStrokeData,3717.747,0.016,29616.023,0.016
sub-STUCLUK1487,UCL-UK/UCLStrokeData,33753.545,0.148,269956.641,0.148
sub-STUCLUK1488,UCL-UK/UCLStrokeData,6598.73,0.029,52806.624,0.029
sub-STUCLUK1489,UCL-UK/UCLStrokeData,8372.68,0.037,66952.461,0.037
sub-STUCLUK1490,UCL-UK/UCLStrokeData,7433.747,0.033,59428.152,0.033
sub-STUCLUK1491,UCL-UK/UCLStrokeData,7204.219,0.032,57614.5,0.032
sub-STUCLUK1492,UCL-UK/UCLStrokeData,13151.702,0.058,105192.191,0.058
sub-STUCLUK1493,UCL-UK/UCLStrokeData,4662.669,0.02,37311.292,0.02
sub-STUCLUK1494,UCL-UK/UCLStrokeData,4013.612,0.018,32043.466,0.018
sub-STUCLUK1495,UCL-UK/UCLStrokeData,15200.247,0.067,121543.865,0.067
sub-STUCLUK1496,UCL-UK/UCLStrokeData,5918.27,0.026,47328.511,0.026
sub-STUCLUK1497,UCL-UK/UCLStrokeData,11386.303,0.05,90992.809,0.05
sub-STUCLUK1498,UCL-UK/UCLStrokeData,5827.079,0.026,46516.803,0.025
sub-STUCLUK1499,UCL-UK/UCLStrokeData,1632.73,0.007,13019.652,0.007
sub-STUCLUK1500,UCL-UK/UCLStrokeData,486.365,0.002,3881.927,0.002
sub-STUCLUK1501,UCL-UK/UCLStrokeData,11461.185,0.05,91712.23,0.05
sub-STUCLUK1502,UCL-UK/UCLStrokeData,7496.017,0.033,59918.5,0.033
sub-STUCLUK1503,UCL-UK/UCLStrokeData,1453.489,0.006,11610.14,0.006
sub-STUCLUK1504,UCL-UK/UCLStrokeData,4923.056,0.022,39391.478,0.022
sub-STUCLUK1505,UCL-UK/UCLStrokeData,10923.815,0.048,87252.865,0.048
sub-STUCLUK1506,UCL-UK/UCLStrokeData,4651.719,0.02,37174.933,0.02
sub-STUCLUK1507,UCL-UK/UCLStrokeData,12993.949,0.057,103869.68,0.057
sub-STUCLUK1508,UCL-UK/UCLStrokeData,639.843,0.003,5119.084,0.003
sub-STUCLUK1509,UCL-UK/UCLStrokeData,16179.331,0.071,129388.208,0.071
sub-STUCLUK1510,UCL-UK/UCLStrokeData,1088.298,0.005,8671.163,0.005
sub-STUCLUK1511,UCL-UK/UCLStrokeData,6651.573,0.029,53172.478,0.029
sub-STUCLUK1512,UCL-UK/UCLStrokeData,5142.837,0.023,41139.916,0.023
sub-STUCLUK1513,UCL-UK/UCLStrokeData,2017.461,0.009,16056.169,0.009
sub-STUCLUK1514,UCL-UK/UCLStrokeData,5323.596,0.023,42554.197,0.023
sub-STUCLUK1515,UCL-UK/UCLStrokeData,4603.938,0.02,36841.124,0.02
sub-STUCLUK1516,UCL-UK/UCLStrokeData,2564.376,0.011,20401.551,0.011
sub-STUCLUK1517,UCL-UK/UCLStrokeData,6340.792,0.028,50635.652,0.028
sub-STUCLUK1518,UCL-UK/UCLStrokeData,29351.758,0.128,234647.753,0.128
sub-STUCLUK1519,UCL-UK/UCLStrokeData,5411.489,0.024,43221.539,0.024
sub-STUCLUK1520,UCL-UK/UCLStrokeData,1975.449,0.009,15790.506,0.009
sub-STUCLUK1521,UCL-UK/UCLStrokeData,584.876,0.003,4663.478,0.003
sub-STUCLUK1522,UCL-UK/UCLStrokeData,16050.112,0.07,128357.725,0.07
sub-STUCLUK1523,UCL-UK/UCLStrokeData,12367.528,0.054,98840.59,0.054
sub-STUCLUK1524,UCL-UK/UCLStrokeData,5207.073,0.023,41613.073,0.023
sub-STUCLUK1525,UCL-UK/UCLStrokeData,8368.517,0.037,66838.292,0.037
sub-STUCLUK1526,UCL-UK/UCLStrokeData,14785.933,0.065,118195.685,0.065
sub-STUCLUK1527,UCL-UK/UCLStrokeData,5063.494,0.022,40463.129,0.022
sub-STUCLUK1528,UCL-UK/UCLStrokeData,187.876,0.001,1509.045,0.001
sub-STUCLUK1529,UCL-UK/UCLStrokeData,34137.455,0.149,272874.079,0.149
sub-STUCLUK1530,UCL-UK/UCLStrokeData,2199.18,0.01,17545.511,0.01
sub-STUCLUK1531,UCL-UK/UCLStrokeData,10058.444,0.044,80426.848,0.044
sub-STUCLUK1532,UCL-UK/UCLStrokeData,5224.567,0.023,41750.09,0.023
sub-STUCLUK1533,UCL-UK/UCLStrokeData,5125.0,0.022,40945.506,0.022
sub-STUCLUK1534,UCL-UK/UCLStrokeData,2040.612,0.009,16281.112,0.009
sub-STUCLUK1535,UCL-UK/UCLStrokeData,12855.287,0.056,102732.011,0.056
sub-STUCLUK1536,UCL-UK/UCLStrokeData,6899.191,0.03,55164.876,0.03
sub-STUCLUK1537,UCL-UK/UCLStrokeData,14939.483,0.065,119479.281,0.065
sub-STUCLUK1538,UCL-UK/UCLStrokeData,3967.539,0.017,31725.905,0.017
sub-STUCLUK1539,UCL-UK/UCLStrokeData,1985.157,0.009,15836.135,0.009
sub-STUCLUK1540,UCL-UK/UCLStrokeData,3615.006,0.016,28888.865,0.016
sub-STUCLUK1541,UCL-UK/UCLStrokeData,4820.444,0.021,38573.287,0.021
sub-STUCLUK1542,UCL-UK/UCLStrokeData,10519.27,0.046,84107.028,0.046
sub-STUCLUK1543,UCL-UK/UCLStrokeData,8905.011,0.039,71227.208,0.039
sub-STUCLUK1544,UCL-UK/UCLStrokeData,4142.213,0.018,33116.197,0.018
sub-STUCLUK1545,UCL-UK/UCLStrokeData,1283.921,0.006,10260.36,0.006
sub-STUCLUK1546,UCL-UK/UCLStrokeData,4778.483,0.021,38153.011,0.021
sub-STUCLUK1547,UCL-UK/UCLStrokeData,23752.775,0.104,189880.079,0.104
sub-STUCLUK1548,UCL-UK/UCLStrokeData,6487.017,0.028,51897.832,0.028
sub-STUCLUK1549,UCL-UK/UCLStrokeData,15881.303,0.07,126992.781,0.069
sub-STUCLUK1550,UCL-UK/UCLStrokeData,5982.556,0.026,47757.854,0.026
sub-STUCLUK1551,UCL-UK/UCLStrokeData,10900.129,0.048,87220.876,0.048
sub-STUCLUK1552,UCL-UK/UCLStrokeData,13719.551,0.06,109785.017,0.06
sub-STUCLUK1553,UCL-UK/UCLStrokeData,366.725,0.002,2937.624,0.002
sub-STUCLUK1554,UCL-UK/UCLStrokeData,3513.837,0.015,28072.258,0.015
sub-STUCLUK1555,UCL-UK/UCLStrokeData,5210.253,0.023,41627.112,0.023
sub-STUCLUK1556,UCL-UK/UCLStrokeData,5356.938,0.023,42824.579,0.023
sub-STUCLUK1557,UCL-UK/UCLStrokeData,16535.882,0.072,132251.742,0.072
sub-STUCLUK1558,UCL-UK/UCLStrokeData,1219.91,0.005,9754.573,0.005
sub-STUCLUK1559,UCL-UK/UCLStrokeData,4389.466,0.019,35096.006,0.019
sub-STUCLUK1560,UCL-UK/UCLStrokeData,40516.86,0.177,324049.202,0.177
sub-STUCLUK1561,UCL-UK/UCLStrokeData,14996.871,0.066,119908.376,0.066
sub-STUCLUK1562,UCL-UK/UCLStrokeData,2839.893,0.012,22685.09,0.012
sub-STUCLUK1563,UCL-UK/UCLStrokeData,6880.618,0.03,54940.641,0.03
sub-STUCLUK1564,UCL-UK/UCLStrokeData,2970.202,0.013,23747.921,0.013
sub-STUCLUK1565,UCL-UK/UCLStrokeData,17588.152,0.077,140603.466,0.077
sub-STUCLUK1566,UCL-UK/UCLStrokeData,17099.809,0.075,136779.523,0.075
sub-STUCLUK1567,UCL-UK/UCLStrokeData,5407.551,0.024,43209.326,0.024
sub-STUCLUK1568,UCL-UK/UCLStrokeData,6147.826,0.027,49136.034,0.027
sub-STUCLUK1569,UCL-UK/UCLStrokeData,26801.489,0.117,214302.287,0.117
sub-STUCLUK1570,UCL-UK/UCLStrokeData,14913.258,0.065,119246.163,0.065
sub-STUCLUK1571,UCL-UK/UCLStrokeData,18849.309,0.082,150695.062,0.082
sub-STUCLUK1572,UCL-UK/UCLStrokeData,10079.865,0.044,80673.927,0.044
sub-STUCLUK1573,UCL-UK/UCLStrokeData,252.079,0.001,2013.365,0.001
sub-STUCLUK1574,UCL-UK/UCLStrokeData,10398.713,0.046,83152.405,0.046
sub-STUCLUK1575,UCL-UK/UCLStrokeData,1132.112,0.005,9057.596,0.005
sub-STUCLUK1576,UCL-UK/UCLStrokeData,12624.146,0.055,100953.062,0.055
sub-STUCLUK1577,UCL-UK/UCLStrokeData,5703.331,0.025,45656.983,0.025
sub-STUCLUK1578,UCL-UK/UCLStrokeData,6132.174,0.027,49062.618,0.027
sub-STUCLUK1579,UCL-UK/UCLStrokeData,1468.573,0.006,11660.258,0.006
sub-STUCLUK1580,UCL-UK/UCLStrokeData,5060.045,0.022,40414.073,0.022
sub-STUCLUK1581,UCL-UK/UCLStrokeData,4297.607,0.019,34320.663,0.019
sub-STUCLUK1582,UCL-UK/UCLStrokeData,7061.725,0.031,56432.112,0.031
sub-STUCLUK1583,UCL-UK/UCLStrokeData,1861.86,0.008,14872.927,0.008
sub-STUCLUK1584,UCL-UK/UCLStrokeData,9051.893,0.04,72396.494,0.04
sub-STUCLUK1585,UCL-UK/UCLStrokeData,7177.348,0.031,57376.264,0.031
sub-STUCLUK1586,UCL-UK/UCLStrokeData,4474.287,0.02,35765.966,0.02
sub-STUCLUK1587,UCL-UK/UCLStrokeData,2441.719,0.011,19532.961,0.011
sub-STUCLUK1588,UCL-UK/UCLStrokeData,17431.933,0.076,139361.95,0.076
sub-STUCLUK1589,UCL-UK/UCLStrokeData,8728.466,0.038,69794.017,0.038
sub-STUCLUK1590,UCL-UK/UCLStrokeData,18813.404,0.082,150418.23,0.082
sub-STUCLUK1591,UCL-UK/UCLStrokeData,36905.478,0.162,295116.281,0.162
sub-STUCLUK1592,UCL-UK/UCLStrokeData,4022.978,0.018,32136.905,0.018
sub-STUCLUK1593,UCL-UK/UCLStrokeData,306.91,0.001,2448.242,0.001
sub-STUCLUK1594,UCL-UK/UCLStrokeData,28541.944,0.125,228194.669,0.125
sub-STUCLUK1595,UCL-UK/UCLStrokeData,1350.82,0.006,10817.494,0.006
sub-STUCLUK1596,UCL-UK/UCLStrokeData,34084.624,0.149,272494.174,0.149
sub-STUCLUK1597,UCL-UK/UCLStrokeData,26045.343,0.114,208221.719,0.114
sub-STUCLUK1598,UCL-UK/UCLStrokeData,17174.792,0.075,137314.68,0.075
sub-STUCLUK1599,UCL-UK/UCLStrokeData,105.584,0.0,843.837,0.0
sub-STUCLUK1600,UCL-UK/UCLStrokeData,5078.567,0.022,40557.517,0.022
sub-STUCLUK1601,UCL-UK/UCLStrokeData,5367.455,0.023,42921.32,0.023
sub-STUCLUK1602,UCL-UK/UCLStrokeData,12746.388,0.056,101866.444,0.056
sub-STUCLUK1603,UCL-UK/UCLStrokeData,4494.202,0.02,35943.86,0.02
sub-STUCLUK1604,UCL-UK/UCLStrokeData,3210.803,0.014,25658.685,0.014
sub-STUCLUK1605,UCL-UK/UCLStrokeData,25805.978,0.113,206403.966,0.113
sub-STUCLUK1606,UCL-UK/UCLStrokeData,13574.506,0.059,108454.584,0.059
sub-STUCLUK1607,UCL-UK/UCLStrokeData,3365.343,0.015,26847.124,0.015
sub-STUCLUK1608,UCL-UK/UCLStrokeData,9800.753,0.043,78338.112,0.043
sub-STUCLUK1609,UCL-UK/UCLStrokeData,5103.011,0.022,40840.371,0.022
sub-STUCLUK1610,UCL-UK/UCLStrokeData,1492.084,0.007,11888.343,0.007
sub-STUCLUK1611,UCL-UK/UCLStrokeData,8109.006,0.035,64751.421,0.035
sub-STUCLUK1612,UCL-UK/UCLStrokeData,32266.764,0.141,257931.214,0.141
sub-STUCLUK1613,UCL-UK/UCLStrokeData,12022.59,0.053,96112.994,0.053
sub-STUCLUK1614,UCL-UK/UCLStrokeData,11206.612,0.049,89546.472,0.049
sub-STUCLUK1615,UCL-UK/UCLStrokeData,7248.405,0.032,57935.073,0.032
sub-STUCLUK1616,UCL-UK/UCLStrokeData,3854.596,0.017,30852.455,0.017
sub-STUCLUK1617,UCL-UK/UCLStrokeData,2536.758,0.011,20262.427,0.011
sub-STUCLUK1618,UCL-UK/UCLStrokeData,5013.494,0.022,40045.489,0.022
sub-STUCLUK1619,UCL-UK/UCLStrokeData,43431.438,0.19,347368.494,0.19
sub-STUCLUK1620,UCL-UK/UCLStrokeData,39117.876,0.171,312776.129,0.171
sub-STUCLUK1621,UCL-UK/UCLStrokeData,4646.747,0.02,37126.264,0.02
sub-STUCLUK1622,UCL-UK/UCLStrokeData,13618.68,0.06,108874.792,0.06
sub-STUCLUK1623,UCL-UK/UCLStrokeData,3079.506,0.013,24582.652,0.013
sub-STUCLUK1624,UCL-UK/UCLStrokeData,16248.803,0.071,129896.972,0.071
sub-STUCLUK1625,UCL-UK/UCLStrokeData,7911.837,0.035,63242.483,0.035
sub-STUCLUK1626,UCL-UK/UCLStrokeData,10395.169,0.045,83075.202,0.045
sub-STUCLUK1627,UCL-UK/UCLStrokeData,16771.545,0.073,134108.472,0.073
sub-STUCLUK1628,UCL-UK/UCLStrokeData,1275.045,0.006,10209.534,0.006
sub-STUCLUK1629,UCL-UK/UCLStrokeData,14309.938,0.063,114392.23,0.063
sub-STUCLUK1630,UCL-UK/UCLStrokeData,6377.545,0.028,51021.214,0.028
sub-STUCLUK1631,UCL-UK/UCLStrokeData,10418.006,0.046,83354.23,0.046
sub-STUCLUK1632,UCL-UK/UCLStrokeData,51193.034,0.224,409402.264,0.224
sub-STUCLUK1633,UCL-UK/UCLStrokeData,14461.972,0.063,115666.079,0.063
sub-STUCLUK1634,UCL-UK/UCLStrokeData,12394.449,0.054,99113.646,0.054
sub-STUCLUK1635,UCL-UK/UCLStrokeData,11067.096,0.048,88521.809,0.048
sub-STUCLUK1636,UCL-UK/UCLStrokeData,5158.809,0.023,41186.006,0.023
sub-STUCLUK1637,UCL-UK/UCLStrokeData,4128.607,0.018,32992.118,0.018
sub-STUCLUK1638,UCL-UK/UCLStrokeData,1851.079,0.008,14768.101,0.008
sub-STUCLUK1639,UCL-UK/UCLStrokeData,6769.708,0.03,54091.708,0.03
sub-STUCLUK1640,UCL-UK/UCLStrokeData,4648.073,0.02,37133.247,0.02
sub-STUCLUK1641,UCL-UK/UCLStrokeData,12673.14,0.055,101322.719,0.055
sub-STUCLUK1642,UCL-UK/UCLStrokeData,51006.882,0.223,407822.141,0.223
sub-STUCLUK1643,UCL-UK/UCLStrokeData,14307.921,0.063,114417.714,0.063
sub-STUCLUK1644,UCL-UK/UCLStrokeData,27458.489,0.12,219568.916,0.12
sub-STUCLUK1645,UCL-UK/UCLStrokeData,13265.764,0.058,106011.573,0.058
sub-STUCLUK1646,UCL-UK/UCLStrokeData,3486.236,0.015,27875.393,0.015
sub-STUCLUK1647,UCL-UK/UCLStrokeData,6556.624,0.029,52337.91,0.029
sub-STUCLUK1648,UCL-UK/UCLStrokeData,15054.607,0.066,120436.803,0.066
sub-STUCLUK1649,UCL-UK/UCLStrokeData,24471.596,0.107,195649.388,0.107
sub-STUCLUK1650,UCL-UK/UCLStrokeData,3164.281,0.014,25301.303,0.014
sub-STUCLUK1651,UCL-UK/UCLStrokeData,5221.618,0.023,41709.191,0.023
sub-STUCLUK1652,UCL-UK/UCLStrokeData,4053.539,0.018,32418.371,0.018
sub-STUCLUK1653,UCL-UK/UCLStrokeData,9665.556,0.042,77288.798,0.042
sub-STUCLUK1654,UCL-UK/UCLStrokeData,3530.006,0.015,28229.376,0.015
sub-STUCLUK1655,UCL-UK/UCLStrokeData,10853.624,0.048,86824.624,0.048
sub-STUCLUK1656,UCL-UK/UCLStrokeData,20118.758,0.088,160861.624,0.088
sub-STUCLUK1657,UCL-UK/UCLStrokeData,12278.669,0.054,98154.961,0.054
sub-STUCLUK1658,UCL-UK/UCLStrokeData,11916.775,0.052,95219.736,0.052
sub-STUCLUK1659,UCL-UK/UCLStrokeData,6932.792,0.03,55393.247,0.03
sub-STUCLUK1660,UCL-UK/UCLStrokeData,16757.315,0.073,134003.129,0.073
sub-STUCLUK1661,UCL-UK/UCLStrokeData,44504.489,0.195,355805.669,0.195
sub-STUCLUK1662,UCL-UK/UCLStrokeData,7811.281,0.034,62409.101,0.034
sub-STUCLUK1663,UCL-UK/UCLStrokeData,5568.326,0.024,44462.798,0.024
sub-STUCLUK1664,UCL-UK/UCLStrokeData,14929.736,0.065,119364.73,0.065
sub-STUCLUK1665,UCL-UK/UCLStrokeData,50497.618,0.221,403845.208,0.221
sub-STUCLUK1666,UCL-UK/UCLStrokeData,10085.854,0.044,80616.77,0.044
sub-STUCLUK1667,UCL-UK/UCLStrokeData,6460.843,0.028,51572.416,0.028
sub-STUCLUK1668,UCL-UK/UCLStrokeData,7955.657,0.035,63586.079,0.035
sub-STUCLUK1669,UCL-UK/UCLStrokeData,3623.629,0.016,28960.399,0.016
sub-STUCLUK1670,UCL-UK/UCLStrokeData,4737.326,0.021,37838.562,0.021
sub-STUCLUK1671,UCL-UK/UCLStrokeData,13427.157,0.059,107380.629,0.059
sub-STUCLUK1672,UCL-UK/UCLStrokeData,283.955,0.001,2269.489,0.001
sub-STUCLUK1673,UCL-UK/UCLStrokeData,15352.635,0.067,122827.506,0.067
sub-STUCLUK1674,UCL-UK/UCLStrokeData,19675.663,0.086,157338.865,0.086
sub-STUCLUK1675,UCL-UK/UCLStrokeData,2074.399,0.009,16587.775,0.009
sub-STUCLUK1676,UCL-UK/UCLStrokeData,2284.404,0.01,18293.539,0.01
sub-STUCLUK1677,UCL-UK/UCLStrokeData,14308.82,0.063,114409.141,0.063
sub-STUCLUK1678,UCL-UK/UCLStrokeData,484.438,0.002,3865.742,0.002
sub-STUCLUK1679,UCL-UK/UCLStrokeData,1322.86,0.006,10555.258,0.006
sub-STUCLUK1680,UCL-UK/UCLStrokeData,10174.899,0.045,81352.573,0.045
sub-STUCLUK1681,UCL-UK/UCLStrokeData,5093.287,0.022,40683.174,0.022
sub-STUCLUK1682,UCL-UK/UCLStrokeData,24017.562,0.105,192051.303,0.105
sub-STUCLUK1683,UCL-UK/UCLStrokeData,1513.522,0.007,12089.399,0.007
sub-STUCLUK1684,UCL-UK/UCLStrokeData,2964.253,0.013,23727.888,0.013
sub-STUCLUK1685,UCL-UK/UCLStrokeData,2192.191,0.01,17543.264,0.01
sub-STUCLUK1686,UCL-UK/UCLStrokeData,2483.118,0.011,19768.82,0.011
sub-STUCLUK1687,UCL-UK/UCLStrokeData,16165.371,0.071,129254.955,0.071
sub-STUCLUK1688,UCL-UK/UCLStrokeData,8796.185,0.038,70290.983,0.038
sub-STUCLUK1689,UCL-UK/UCLStrokeData,48623.685,0.213,388832.169,0.213
sub-STUCLUK1690,UCL-UK/UCLStrokeData,3312.522,0.014,26512.129,0.015
sub-STUCLUK1691,UCL-UK/UCLStrokeData,3694.399,0.016,29461.23,0.016
sub-STUCLUK1692,UCL-UK/UCLStrokeData,1141.685,0.005,9139.921,0.005
sub-STUCLUK1693,UCL-UK/UCLStrokeData,2366.522,0.01,18811.674,0.01
sub-STUCLUK1694,UCL-UK/UCLStrokeData,3349.225,0.015,26702.562,0.015
sub-STUCLUK1695,UCL-UK/UCLStrokeData,6447.506,0.028,51560.264,0.028
sub-STUCLUK1696,UCL-UK/UCLStrokeData,8132.281,0.036,65024.551,0.036
sub-STUCLUK1697,UCL-UK/UCLStrokeData,1876.809,0.008,14984.118,0.008
sub-STUCLUK1698,UCL-UK/UCLStrokeData,12127.725,0.053,96973.556,0.053
sub-STUCLUK1699,UCL-UK/UCLStrokeData,21289.888,0.093,170284.691,0.093
sub-STUCLUK1700,UCL-UK/UCLStrokeData,26488.101,0.116,211827.028,0.116
sub-STUCLUK1701,UCL-UK/UCLStrokeData,13472.0,0.059,107673.141,0.059
sub-STUCLUK1702,UCL-UK/UCLStrokeData,23664.219,0.104,189184.045,0.104
sub-STUCLUK1703,UCL-UK/UCLStrokeData,1741.753,0.008,13870.511,0.008
sub-STUCLUK1704,UCL-UK/UCLStrokeData,1990.331,0.009,15894.438,0.009
sub-STUCLUK1705,UCL-UK/UCLStrokeData,3727.287,0.016,29823.376,0.016
sub-STUCLUK1706,UCL-UK/UCLStrokeData,1512.27,0.007,12073.371,0.007
sub-STUCLUK1707,UCL-UK/UCLStrokeData,6120.011,0.027,48926.607,0.027
sub-STUCLUK1708,UCL-UK/UCLStrokeData,4299.511,0.019,34371.281,0.019
sub-STUCLUK1709,UCL-UK/UCLStrokeData,5777.961,0.025,46178.882,0.025
sub-STUCLUK1710,UCL-UK/UCLStrokeData,3538.826,0.015,28272.691,0.015
sub-STUCLUK1711,UCL-UK/UCLStrokeData,1370.601,0.006,10937.483,0.006
sub-STUCLUK1712,UCL-UK/UCLStrokeData,1047.292,0.005,8372.185,0.005
sub-STUCLUK1713,UCL-UK/UCLStrokeData,20628.596,0.09,164916.753,0.09
sub-STUCLUK1714,UCL-UK/UCLStrokeData,3166.09,0.014,25249.775,0.014
sub-STUCLUK1715,UCL-UK/UCLStrokeData,1914.298,0.008,15271.82,0.008
sub-STUCLUK1716,UCL-UK/UCLStrokeData,9598.584,0.042,76661.725,0.042
sub-STUCLUK1717,UCL-UK/UCLStrokeData,3448.247,0.015,27481.331,0.015
sub-STUCLUK1718,UCL-UK/UCLStrokeData,9155.242,0.04,73221.994,0.04
sub-STUCLUK1719,UCL-UK/UCLStrokeData,698.399,0.003,5569.809,0.003
sub-STUCLUK1720,UCL-UK/UCLStrokeData,14000.792,0.061,111923.601,0.061
sub-STUCLUK1721,UCL-UK/UCLStrokeData,7014.933,0.031,56040.652,0.031
sub-STUCLUK1722,UCL-UK/UCLStrokeData,2774.938,0.012,22161.59,0.012
sub-STUCLUK1723,UCL-UK/UCLStrokeData,601.567,0.003,4815.635,0.003
sub-STUCLUK1724,UCL-UK/UCLStrokeData,5603.045,0.025,44837.112,0.025
sub-STUCLUK1725,UCL-UK/UCLStrokeData,3812.556,0.017,30509.292,0.017
sub-STUCLUK1726,UCL-UK/UCLStrokeData,4478.59,0.02,35743.624,0.02
sub-STUCLUK1727,UCL-UK/UCLStrokeData,21979.073,0.096,175717.388,0.096
sub-STUCLUK1728,UCL-UK/UCLStrokeData,2547.191,0.011,20333.989,0.011
sub-STUCLUK1729,UCL-UK/UCLStrokeData,13128.236,0.057,104967.157,0.057
sub-STUCLUK1730,UCL-UK/UCLStrokeData,7100.781,0.031,56784.865,0.031
sub-STUCLUK1731,UCL-UK/UCLStrokeData,6536.669,0.029,52251.045,0.029
sub-STUCLUK1732,UCL-UK/UCLStrokeData,8902.399,0.039,71161.483,0.039
sub-STUCLUK1733,UCL-UK/UCLStrokeData,9430.399,0.041,75439.73,0.041
sub-STUCLUK1734,UCL-UK/UCLStrokeData,5805.539,0.025,46448.523,0.025
sub-STUCLUK1735,UCL-UK/UCLStrokeData,1023.371,0.004,8176.522,0.004
sub-STUCLUK1736,UCL-UK/UCLStrokeData,3121.972,0.014,24952.489,0.014
sub-STUCLUK1737,UCL-UK/UCLStrokeData,6497.809,0.028,51910.792,0.028
sub-STUCLUK1738,UCL-UK/UCLStrokeData,34167.219,0.15,273214.371,0.15
sub-STUCLUK1739,UCL-UK/UCLStrokeData,1853.747,0.008,14789.927,0.008
sub-STUCLUK1740,UCL-UK/UCLStrokeData,48043.298,0.21,384060.5,0.21
sub-STUCLUK1741,UCL-UK/UCLStrokeData,5255.343,0.023,42001.242,0.023
sub-STUCLUK1742,UCL-UK/UCLStrokeData,5668.343,0.025,45364.028,0.025
sub-STUCLUK1743,UCL-UK/UCLStrokeData,3202.163,0.014,25587.663,0.014
sub-STUCLUK1744,UCL-UK/UCLStrokeData,27394.612,0.12,219028.112,0.12
sub-STUCLUK1745,UCL-UK/UCLStrokeData,5029.972,0.022,40113.36,0.022
sub-STUCLUK1746,UCL-UK/UCLStrokeData,11386.006,0.05,91011.275,0.05
sub-STUCLUK1747,UCL-UK/UCLStrokeData,1295.0,0.006,10384.039,0.006
sub-STUCLUK1748,UCL-UK/UCLStrokeData,10978.994,0.048,87822.652,0.048
sub-STUCLUK1749,UCL-UK/UCLStrokeData,2756.618,0.012,21987.461,0.012
sub-STUCLUK1750,UCL-UK/UCLStrokeData,5179.702,0.023,41436.978,0.023
sub-STUCLUK1751,UCL-UK/UCLStrokeData,5457.736,0.024,43595.376,0.024
sub-STUCLUK1752,UCL-UK/UCLStrokeData,2714.045,0.012,21701.927,0.012
sub-STUCLUK1753,UCL-UK/UCLStrokeData,1342.837,0.006,10735.14,0.006
sub-STUCLUK1754,UCL-UK/UCLStrokeData,6844.674,0.03,54629.629,0.03
sub-STUCLUK1755,UCL-UK/UCLStrokeData,1725.157,0.008,13818.0,0.008
sub-STUCLUK1756,UCL-UK/UCLStrokeData,16595.084,0.073,132607.332,0.073
sub-STUCLUK1757,UCL-UK/UCLStrokeData,1676.792,0.007,13355.365,0.007
sub-STUCLUK1758,UCL-UK/UCLStrokeData,22748.011,0.1,181919.315,0.1
sub-STUCLUK1759,UCL-UK/UCLStrokeData,7187.68,0.031,57430.416,0.031
sub-STUCLUK1760,UCL-UK/UCLStrokeData,4839.972,0.021,38683.652,0.021
sub-STUCLUK1761,UCL-UK/UCLStrokeData,34404.107,0.151,275132.618,0.151
sub-STUCLUK1762,UCL-UK/UCLStrokeData,1387.242,0.006,11058.556,0.006
sub-STUCLUK1763,UCL-UK/UCLStrokeData,18017.062,0.079,144008.944,0.079
sub-STUCLUK1764,UCL-UK/UCLStrokeData,1096.652,0.005,8777.624,0.005
sub-STUCLUK1765,UCL-UK/UCLStrokeData,4850.388,0.021,38753.107,0.021
sub-STUCLUK1766,UCL-UK/UCLStrokeData,14962.253,0.065,119656.506,0.065
sub-STUCLUK1767,UCL-UK/UCLStrokeData,8317.101,0.036,66484.27,0.036
sub-STUCLUK1768,UCL-UK/UCLStrokeData,12175.994,0.053,97370.736,0.053
sub-STUCLUK1769,UCL-UK/UCLStrokeData,3239.629,0.014,25852.831,0.014
sub-STUCLUK1770,UCL-UK/UCLStrokeData,3656.691,0.016,29271.376,0.016
sub-STUCLUK1771,UCL-UK/UCLStrokeData,16889.461,0.074,134963.478,0.074
sub-STUCLUK1772,UCL-UK/UCLStrokeData,7356.326,0.032,58876.843,0.032
sub-STUCLUK1773,UCL-UK/UCLStrokeData,4170.219,0.018,33287.214,0.018
sub-STUCLUK1774,UCL-UK/UCLStrokeData,1922.388,0.008,15377.006,0.008
sub-STUCLUK1775,UCL-UK/UCLStrokeData,10724.478,0.047,85781.354,0.047
sub-STUCLUK1776,UCL-UK/UCLStrokeData,22828.742,0.1,182478.219,0.1
sub-STUCLUK1777,UCL-UK/UCLStrokeData,17678.719,0.077,141358.685,0.077
sub-STUCLUK1778,UCL-UK/UCLStrokeData,22203.433,0.097,177530.635,0.097
sub-STUCLUK1779,UCL-UK/UCLStrokeData,13905.933,0.061,111115.191,0.061
sub-STUCLUK1780,UCL-UK/UCLStrokeData,26658.719,0.117,213070.719,0.117
sub-STUCLUK1781,UCL-UK/UCLStrokeData,471.343,0.002,3770.051,0.002
sub-STUCLUK1782,UCL-UK/UCLStrokeData,6767.601,0.03,54162.736,0.03
sub-STUCLUK1783,UCL-UK/UCLStrokeData,7722.596,0.034,61628.253,0.034
sub-STUCLUK1784,UCL-UK/UCLStrokeData,11025.152,0.048,88143.27,0.048
sub-STUCLUK1785,UCL-UK/UCLStrokeData,4272.657,0.019,34173.022,0.019
sub-STUCLUK1786,UCL-UK/UCLStrokeData,1636.264,0.007,13094.652,0.007
sub-STUCLUK1787,UCL-UK/UCLStrokeData,5315.185,0.023,42468.281,0.023
sub-STUCLUK1788,UCL-UK/UCLStrokeData,4690.157,0.021,37447.949,0.02
sub-STUCLUK1789,UCL-UK/UCLStrokeData,1909.444,0.008,15281.461,0.008
sub-STUCLUK1790,UCL-UK/UCLStrokeData,4440.747,0.019,35500.006,0.019
sub-STUCLUK1791,UCL-UK/UCLStrokeData,10858.624,0.048,86827.202,0.048
sub-STUCLUK1792,UCL-UK/UCLStrokeData,865.708,0.004,6906.652,0.004
sub-STUCLUK1793,UCL-UK/UCLStrokeData,16357.82,0.072,130736.719,0.072
sub-STUCLUK1794,UCL-UK/UCLStrokeData,29685.185,0.13,237300.028,0.13
sub-STUCLUK1795,UCL-UK/UCLStrokeData,7645.5,0.033,61027.528,0.033
sub-STUCLUK1796,UCL-UK/UCLStrokeData,38499.472,0.169,307862.377,0.168
sub-STUCLUK1797,UCL-UK/UCLStrokeData,1852.713,0.008,14783.753,0.008
sub-STUCLUK1798,UCL-UK/UCLStrokeData,15993.865,0.07,127912.955,0.07
sub-STUCLUK1799,UCL-UK/UCLStrokeData,8007.32,0.035,64050.034,0.035
sub-STUCLUK1800,UCL-UK/UCLStrokeData,1233.978,0.005,9798.843,0.005
sub-STUCLUK1801,UCL-UK/UCLStrokeData,4764.691,0.021,38061.275,0.021
sub-STUCLUK1802,UCL-UK/UCLStrokeData,26721.073,0.117,213646.202,0.117
sub-STUCLUK1803,UCL-UK/UCLStrokeData,7023.022,0.031,56097.259,0.031
sub-STUCLUK1804,UCL-UK/UCLStrokeData,7515.68,0.033,60101.708,0.033
sub-STUCLUK1805,UCL-UK/UCLStrokeData,4986.736,0.022,39859.848,0.022
sub-STUCLUK1806,UCL-UK/UCLStrokeData,18501.376,0.081,147909.107,0.081
sub-STUCLUK1807,UCL-UK/UCLStrokeData,683.0,0.003,5463.006,0.003
sub-STUCLUK1808,UCL-UK/UCLStrokeData,1410.365,0.006,11252.511,0.006
sub-STUCLUK1809,UCL-UK/UCLStrokeData,741.169,0.003,5924.017,0.003
sub-STUCLUK1810,UCL-UK/UCLStrokeData,12823.039,0.056,102506.562,0.056
sub-STUCLUK1811,UCL-UK/UCLStrokeData,2217.292,0.01,17699.803,0.01
sub-STUCLUK1812,UCL-UK/UCLStrokeData,2423.371,0.011,19286.039,0.011
sub-STUCLUK1813,UCL-UK/UCLStrokeData,5326.86,0.023,42546.871,0.023
sub-STUCLUK1814,UCL-UK/UCLStrokeData,29242.764,0.128,233808.596,0.128
sub-STUCLUK1815,UCL-UK/UCLStrokeData,14909.213,0.065,119166.461,0.065
sub-STUCLUK1816,UCL-UK/UCLStrokeData,14017.702,0.061,112004.961,0.061
sub-STUCLUK1817,UCL-UK/UCLStrokeData,20501.382,0.09,164050.152,0.09
sub-STUCLUK1818,UCL-UK/UCLStrokeData,9755.893,0.043,78099.556,0.043
sub-STUCLUK1819,UCL-UK/UCLStrokeData,22805.77,0.1,182343.966,0.1
sub-STUCLUK1820,UCL-UK/UCLStrokeData,20404.635,0.089,163159.899,0.089
sub-STUCLUK1821,UCL-UK/UCLStrokeData,22194.124,0.097,177487.0,0.097
sub-STUCLUK1822,UCL-UK/UCLStrokeData,7782.376,0.034,62176.438,0.034
sub-STUCLUK1823,UCL-UK/UCLStrokeData,2319.826,0.01,18470.494,0.01
sub-STUCLUK1824,UCL-UK/UCLStrokeData,3067.14,0.013,24545.511,0.013
sub-STUCLUK1825,UCL-UK/UCLStrokeData,75.416,0.0,609.376,0.0
sub-STUCLUK1826,UCL-UK/UCLStrokeData,1196.944,0.005,9571.961,0.005
sub-STUCLUK1827,UCL-UK/UCLStrokeData,6130.994,0.027,48987.652,0.027
sub-STUCLUK1828,UCL-UK/UCLStrokeData,14540.27,0.064,116272.978,0.064
sub-STUCLUK1829,UCL-UK/UCLStrokeData,9757.927,0.043,77988.792,0.043
sub-STUCLUK1830,UCL-UK/UCLStrokeData,2738.798,0.012,21879.905,0.012
sub-STUCLUK1831,UCL-UK/UCLStrokeData,2256.354,0.01,18034.489,0.01
sub-STUCLUK1832,UCL-UK/UCLStrokeData,7568.978,0.033,60513.416,0.033
sub-STUCLUK1833,UCL-UK/UCLStrokeData,1975.258,0.009,15772.343,0.009
sub-STUCLUK1834,UCL-UK/UCLStrokeData,8103.781,0.035,64820.079,0.035
sub-STUCLUK1835,UCL-UK/UCLStrokeData,4068.455,0.018,32556.742,0.018
sub-STUCLUK1836,UCL-UK/UCLStrokeData,3535.427,0.015,28232.573,0.015
sub-STUCLUK1837,UCL-UK/UCLStrokeData,21334.562,0.093,170482.652,0.093
sub-STUCLUK1838,UCL-UK/UCLStrokeData,7805.522,0.034,62372.64,0.034
sub-STUCLUK1839,UCL-UK/UCLStrokeData,9727.225,0.043,77720.641,0.043
sub-STUCLUK1840,UCL-UK/UCLStrokeData,22523.601,0.099,180085.888,0.099
sub-STUCLUK1841,UCL-UK/UCLStrokeData,2517.983,0.011,20130.624,0.011
sub-STUCLUK1842,UCL-UK/UCLStrokeData,5836.629,0.026,46696.59,0.026
sub-STUCLUK1843,UCL-UK/UCLStrokeData,17311.152,0.076,138417.191,0.076
sub-STUCLUK1844,UCL-UK/UCLStrokeData,24227.961,0.106,193713.584,0.106
sub-STUCLUK1845,UCL-UK/UCLStrokeData,4047.455,0.018,32340.511,0.018
sub-STUCLUK1846,UCL-UK/UCLStrokeData,42285.315,0.185,338180.888,0.185
sub-STUCLUK1847,UCL-UK/UCLStrokeData,12389.584,0.054,99094.961,0.054
sub-STUCLUK1848,UCL-UK/UCLStrokeData,15248.067,0.067,121908.264,0.067
sub-STUCLUK1849,UCL-UK/UCLStrokeData,18020.438,0.079,144056.382,0.079
sub-STUCLUK1850,UCL-UK/UCLStrokeData,2712.354,0.012,21638.736,0.012
sub-STUCLUK1851,UCL-UK/UCLStrokeData,6245.185,0.027,49896.888,0.027
sub-STUCLUK1852,UCL-UK/UCLStrokeData,245.961,0.001,1968.112,0.001
sub-STUCLUK1853,UCL-UK/UCLStrokeData,12030.331,0.053,96298.343,0.053
sub-STUCLUK1854,UCL-UK/UCLStrokeData,4541.028,0.02,36341.253,0.02
sub-STUCLUK1855,UCL-UK/UCLStrokeData,31420.247,0.138,251273.921,0.138
sub-STUCLUK1856,UCL-UK/UCLStrokeData,8095.163,0.035,64740.315,0.035
sub-STUCLUK1857,UCL-UK/UCLStrokeData,8879.399,0.039,71032.006,0.039
sub-STUCLUK1858,UCL-UK/UCLStrokeData,12514.534,0.055,100054.938,0.055
sub-STUCLUK1859,UCL-UK/UCLStrokeData,1417.09,0.006,11319.781,0.006
sub-STUCLUK1860,UCL-UK/UCLStrokeData,29500.202,0.129,235902.82,0.129
sub-STUCLUK1861,UCL-UK/UCLStrokeData,5147.163,0.023,41045.41,0.022
sub-STUCLUK1862,UCL-UK/UCLStrokeData,1347.275,0.006,10774.517,0.006
sub-STUCLUK1863,UCL-UK/UCLStrokeData,14687.596,0.064,117315.994,0.064
sub-STUCLUK1864,UCL-UK/UCLStrokeData,8871.483,0.039,70915.287,0.039
sub-STUCLUK1865,UCL-UK/UCLStrokeData,4722.826,0.021,37673.174,0.021
sub-STUCLUK1866,UCL-UK/UCLStrokeData,17042.258,0.075,136244.73,0.075
sub-STUCLUK1867,UCL-UK/UCLStrokeData,6046.0,0.026,48322.848,0.026
sub-STUCLUK1868,UCL-UK/UCLStrokeData,4628.404,0.02,36963.77,0.02
sub-STUCLUK1869,UCL-UK/UCLStrokeData,1455.691,0.006,11602.612,0.006
sub-STUCLUK1870,UCL-UK/UCLStrokeData,634.309,0.003,5081.449,0.003
sub-STUCLUK1871,UCL-UK/UCLStrokeData,12211.685,0.053,97587.545,0.053
sub-STUCLUK1872,UCL-UK/UCLStrokeData,10527.511,0.046,84151.826,0.046
sub-STUCLUK1873,UCL-UK/UCLStrokeData,11354.669,0.05,90813.972,0.05
sub-STUCLUK1874,UCL-UK/UCLStrokeData,674.871,0.003,5429.337,0.003
sub-STUCLUK1875,UCL-UK/UCLStrokeData,3811.36,0.017,30431.067,0.017
sub-STUCLUK1876,UCL-UK/UCLStrokeData,4816.152,0.021,38498.596,0.021
sub-STUCLUK1877,UCL-UK/UCLStrokeData,10919.073,0.048,87350.899,0.048
sub-STUCLUK1878,UCL-UK/UCLStrokeData,3358.708,0.015,26751.112,0.015
sub-STUCLUK1879,UCL-UK/UCLStrokeData,5884.747,0.026,47027.129,0.026
sub-STUCLUK1880,UCL-UK/UCLStrokeData,2143.86,0.009,17098.118,0.009
sub-STUCLUK1881,UCL-UK/UCLStrokeData,6249.82,0.027,49928.539,0.027
sub-STUCLUK1882,UCL-UK/UCLStrokeData,28743.225,0.126,229850.781,0.126
sub-STUCLUK1883,UCL-UK/UCLStrokeData,15355.455,0.067,122762.494,0.067
sub-STUCLUK1884,UCL-UK/UCLStrokeData,4925.893,0.022,39354.837,0.022
sub-STUCLUK1885,UCL-UK/UCLStrokeData,2888.736,0.013,23087.348,0.013
sub-STUCLUK1886,UCL-UK/UCLStrokeData,1623.994,0.007,12981.309,0.007
sub-STUCLUK1887,UCL-UK/UCLStrokeData,892.697,0.004,7146.854,0.004
sub-STUCLUK1888,UCL-UK/UCLStrokeData,2443.601,0.011,19533.309,0.011
sub-STUCLUK1889,UCL-UK/UCLStrokeData,8106.331,0.035,64798.41,0.035
sub-STUCLUK1890,UCL-UK/UCLStrokeData,16273.472,0.071,130106.09,0.071
sub-STUCLUK1891,UCL-UK/UCLStrokeData,4476.354,0.02,35787.567,0.02
sub-STUCLUK1892,UCL-UK/UCLStrokeData,2133.264,0.009,17082.421,0.009
sub-STUCLUK1893,UCL-UK/UCLStrokeData,13942.034,0.061,111421.27,0.061
sub-STUCLUK1894,UCL-UK/UCLStrokeData,2096.494,0.009,16766.017,0.009
sub-STUCLUK1895,UCL-UK/UCLStrokeData,6251.978,0.027,49997.736,0.027
sub-STUCLUK1896,UCL-UK/UCLStrokeData,13319.163,0.058,106502.551,0.058
sub-STUCLUK1897,UCL-UK/UCLStrokeData,3765.112,0.016,30093.511,0.016
sub-STUCLUK1898,UCL-UK/UCLStrokeData,5877.258,0.026,46934.556,0.026
sub-STUCLUK1899,UCL-UK/UCLStrokeData,13358.045,0.058,106762.399,0.058
sub-STUCLUK1900,UCL-UK/UCLStrokeData,29355.584,0.128,234723.657,0.128
sub-STUCLUK1901,UCL-UK/UCLStrokeData,5433.0,0.024,43456.871,0.024
sub-STUCLUK1902,UCL-UK/UCLStrokeData,6571.348,0.029,52448.876,0.029
sub-STUCLUK1903,UCL-UK/UCLStrokeData,17853.91,0.078,142739.966,0.078
sub-STUCLUK1904,UCL-UK/UCLStrokeData,4278.567,0.019,34155.483,0.019
sub-STUCLUK1905,UCL-UK/UCLStrokeData,13499.938,0.059,107960.803,0.059
sub-STUCLUK1906,UCL-UK/UCLStrokeData,5598.073,0.025,44786.978,0.025
sub-STUCLUK1907,UCL-UK/UCLStrokeData,476.966,0.002,3815.281,0.002
sub-STUCLUK1908,UCL-UK/UCLStrokeData,18430.444,0.081,147465.685,0.081
sub-STUCLUK1909,UCL-UK/UCLStrokeData,1629.657,0.007,12991.994,0.007
sub-STUCLUK1910,UCL-UK/UCLStrokeData,5337.438,0.023,42669.955,0.023
sub-STUCLUK1911,UCL-UK/UCLStrokeData,771.691,0.003,6161.028,0.003
sub-STUCLUK1912,UCL-UK/UCLStrokeData,4490.107,0.02,35817.697,0.02
sub-STUCLUK1913,UCL-UK/UCLStrokeData,3181.725,0.014,25463.803,0.014
sub-STUCLUK1914,UCL-UK/UCLStrokeData,5128.562,0.022,40915.882,0.022
sub-STUCLUK1915,UCL-UK/UCLStrokeData,5609.253,0.025,44835.028,0.025
sub-STUCLUK1916,UCL-UK/UCLStrokeData,16526.865,0.072,132052.236,0.072
sub-STUCLUK1917,UCL-UK/UCLStrokeData,9485.067,0.042,75875.82,0.042
sub-STUCLUK1918,UCL-UK/UCLStrokeData,6962.848,0.03,55550.91,0.03
sub-STUCLUK1919,UCL-UK/UCLStrokeData,5850.051,0.026,46788.725,0.026
sub-STUCLUK1920,UCL-UK/UCLStrokeData,29565.938,0.129,236312.607,0.129
sub-STUCLUK1921,UCL-UK/UCLStrokeData,11882.742,0.052,95015.68,0.052
sub-STUCLUK1922,UCL-UK/UCLStrokeData,4327.045,0.019,34577.624,0.019
sub-STUCLUK1923,UCL-UK/UCLStrokeData,28477.994,0.125,227805.528,0.125
sub-STUCLUK1924,UCL-UK/UCLStrokeData,722.989,0.003,5795.365,0.003
sub-STUCLUK1925,UCL-UK/UCLStrokeData,20494.152,0.09,163920.303,0.09
sub-STUCLUK1926,UCL-UK/UCLStrokeData,28443.831,0.124,227449.0,0.124
sub-STUCLUK1927,UCL-UK/UCLStrokeData,20986.18,0.092,167746.584,0.092
sub-STUCLUK1928,UCL-UK/UCLStrokeData,7758.27,0.034,62052.275,0.034
sub-STUCLUK1929,UCL-UK/UCLStrokeData,5035.006,0.022,40241.506,0.022
sub-STUCLUK1930,UCL-UK/UCLStrokeData,2345.978,0.01,18757.753,0.01
sub-STUCLUK1931,UCL-UK/UCLStrokeData,2388.258,0.01,19089.034,0.01
sub-STUCLUK1932,UCL-UK/UCLStrokeData,2230.0,0.01,17845.236,0.01
sub-STUCLUK1933,UCL-UK/UCLStrokeData,7988.736,0.035,63908.865,0.035
sub-STUCLUK1934,UCL-UK/UCLStrokeData,3707.084,0.016,29643.433,0.016
sub-STUCLUK1935,UCL-UK/UCLStrokeData,595.489,0.003,4757.871,0.003
sub-STUCLUK1936,UCL-UK/UCLStrokeData,16565.545,0.073,132522.124,0.073
sub-STUCLUK1937,UCL-UK/UCLStrokeData,21523.197,0.094,172064.337,0.094
sub-STUCLUK1938,UCL-UK/UCLStrokeData,3258.612,0.014,26005.787,0.014
sub-STUCLUK1939,UCL-UK/UCLStrokeData,15014.764,0.066,120012.242,0.066
sub-STUCLUK1940,UCL-UK/UCLStrokeData,941.483,0.004,7518.528,0.004
sub-STUCLUK1941,UCL-UK/UCLStrokeData,1017.775,0.004,8108.865,0.004
sub-STUCLUK1942,UCL-UK/UCLStrokeData,1476.697,0.006,11775.798,0.006
sub-STUCLUK1943,UCL-UK/UCLStrokeData,9464.73,0.041,75662.736,0.041
sub-STUCLUK1944,UCL-UK/UCLStrokeData,1974.315,0.009,15750.68,0.009
sub-STUCLUK1945,UCL-UK/UCLStrokeData,12269.899,0.054,98099.921,0.054
sub-STUCLUK1946,UCL-UK/UCLStrokeData,11513.742,0.05,92017.18,0.05
sub-STUCLUK1947,UCL-UK/UCLStrokeData,229.101,0.001,1829.803,0.001
sub-STUCLUK1948,UCL-UK/UCLStrokeData,5423.904,0.024,43368.169,0.024
sub-STUCLUK1949,UCL-UK/UCLStrokeData,201.657,0.001,1615.77,0.001
sub-STUCLUK1950,UCL-UK/UCLStrokeData,83.382,0.0,671.584,0.0
sub-STUCLUK1951,UCL-UK/UCLStrokeData,3632.983,0.016,29048.202,0.016
sub-STUCLUK1952,UCL-UK/UCLStrokeData,10579.483,0.046,84628.236,0.046
sub-STUCLUK1953,UCL-UK/UCLStrokeData,2655.191,0.012,21207.337,0.012
sub-STUCLUK1954,UCL-UK/UCLStrokeData,1642.41,0.007,13129.64,0.007
sub-STUCLUK1955,UCL-UK/UCLStrokeData,4138.191,0.018,33062.079,0.018
sub-STUCLUK1956,UCL-UK/UCLStrokeData,6606.213,0.029,52799.64,0.029
sub-STUCLUK1957,UCL-UK/UCLStrokeData,8674.972,0.038,69293.017,0.038
sub-STUCLUK1958,UCL-UK/UCLStrokeData,5372.006,0.024,42952.461,0.024
sub-STUCLUK1959,UCL-UK/UCLStrokeData,2104.579,0.009,16840.612,0.009
sub-STUCLUK1960,UCL-UK/UCLStrokeData,12859.904,0.056,102875.455,0.056
sub-STUCLUK1961,UCL-UK/UCLStrokeData,269.483,0.001,2167.348,0.001
sub-STUCLUK1962,UCL-UK/UCLStrokeData,4380.427,0.019,35007.028,0.019
sub-STUCLUK1963,UCL-UK/UCLStrokeData,415.545,0.002,3317.399,0.002
sub-STUCLUK1964,UCL-UK/UCLStrokeData,23979.59,0.105,191814.382,0.105
sub-STUCLUK1965,UCL-UK/UCLStrokeData,9287.264,0.041,74274.91,0.041
sub-STUCLUK1966,UCL-UK/UCLStrokeData,19076.236,0.083,152549.607,0.083
sub-STUCLUK1967,UCL-UK/UCLStrokeData,2298.697,0.01,18331.742,0.01
sub-STUCLUK1968,UCL-UK/UCLStrokeData,2937.601,0.013,23454.815,0.013
sub-STUCLUK1969,UCL-UK/UCLStrokeData,12815.213,0.056,102504.927,0.056
sub-STUCLUK1970,UCL-UK/UCLStrokeData,5400.365,0.024,43164.674,0.024
sub-STUCLUK1971,UCL-UK/UCLStrokeData,5590.826,0.024,44697.888,0.024
sub-STUCLUK1972,UCL-UK/UCLStrokeData,2751.253,0.012,22003.663,0.012
sub-STUCLUK1973,UCL-UK/UCLStrokeData,3379.157,0.015,26924.73,0.015
sub-STUCLUK1974,UCL-UK/UCLStrokeData,20240.708,0.089,161920.674,0.089
sub-STUCLUK1975,UCL-UK/UCLStrokeData,993.264,0.004,7931.326,0.004
sub-STUCLUK1976,UCL-UK/UCLStrokeData,5030.539,0.022,40236.326,0.022
sub-STUCLUK1977,UCL-UK/UCLStrokeData,12179.68,0.053,97321.848,0.053
sub-STUCLUK1978,UCL-UK/UCLStrokeData,3502.191,0.015,27980.197,0.015
sub-STUCLUK1979,UCL-UK/UCLStrokeData,9192.781,0.04,73535.393,0.04
sub-STUCLUK1980,UCL-UK/UCLStrokeData,2105.506,0.009,16825.242,0.009
sub-STUCLUK1981,UCL-UK/UCLStrokeData,48055.331,0.21,384215.635,0.21
sub-STUCLUK1982,UCL-UK/UCLStrokeData,17305.652,0.076,138392.921,0.076
sub-STUCLUK1983,UCL-UK/UCLStrokeData,314.404,0.001,2511.584,0.001
sub-STUCLUK1984,UCL-UK/UCLStrokeData,4917.287,0.022,39291.882,0.022
sub-STUCLUK1985,UCL-UK/UCLStrokeData,9721.882,0.043,77709.281,0.043
sub-STUCLUK1986,UCL-UK/UCLStrokeData,5420.478,0.024,43307.219,0.024
sub-STUCLUK1987,UCL-UK/UCLStrokeData,3501.062,0.015,27963.77,0.015
sub-STUCLUK1988,UCL-UK/UCLStrokeData,1487.551,0.007,11876.73,0.006
sub-STUCLUK1989,UCL-UK/UCLStrokeData,2599.006,0.011,20685.056,0.011
sub-STUCLUK1990,UCL-UK/UCLStrokeData,4340.14,0.019,34678.618,0.019
sub-STUCLUK1991,UCL-UK/UCLStrokeData,2967.612,0.013,23700.157,0.013
sub-STUCLUK1992,UCL-UK/UCLStrokeData,35196.225,0.154,281399.163,0.154
sub-STUCLUK1993,UCL-UK/UCLStrokeData,9767.983,0.043,78109.742,0.043
sub-STUCLUK1994,UCL-UK/UCLStrokeData,2866.393,0.013,22966.258,0.013
sub-STUCLUK1995,UCL-UK/UCLStrokeData,8249.983,0.036,66005.045,0.036
sub-STUCLUK1996,UCL-UK/UCLStrokeData,41978.691,0.184,335704.0,0.184
sub-STUCLUK1997,UCL-UK/UCLStrokeData,1389.292,0.006,11118.916,0.006
sub-STUCLUK1998,UCL-UK/UCLStrokeData,1799.803,0.008,14364.466,0.008
sub-STUCLUK1999,UCL-UK/UCLStrokeData,6638.82,0.029,53106.562,0.029
sub-STUCLUK2000,UCL-UK/UCLStrokeData,7250.933,0.032,57933.365,0.032
sub-STUCLUK2001,UCL-UK/UCLStrokeData,1932.202,0.008,15395.921,0.008
sub-STUCLUK2002,UCL-UK/UCLStrokeData,8897.753,0.039,71084.916,0.039
sub-STUCLUK2003,UCL-UK/UCLStrokeData,19831.742,0.087,158509.45,0.087
sub-STUCLUK2004,UCL-UK/UCLStrokeData,2758.904,0.012,22047.225,0.012
sub-STUCLUK2005,UCL-UK/UCLStrokeData,2674.287,0.012,21351.933,0.012
sub-STUCLUK2006,UCL-UK/UCLStrokeData,1532.034,0.007,12183.921,0.007
sub-STUCLUK2007,UCL-UK/UCLStrokeData,6059.674,0.027,48459.303,0.027
sub-STUCLUK2008,UCL-UK/UCLStrokeData,4610.225,0.02,36862.551,0.02
sub-STUCLUK2009,UCL-UK/UCLStrokeData,7010.528,0.031,56059.68,0.031
sub-STUCLUK2010,UCL-UK/UCLStrokeData,4727.416,0.021,37784.781,0.021
sub-STUCLUK2011,UCL-UK/UCLStrokeData,11773.489,0.052,94111.994,0.052
sub-STUCLUK2012,UCL-UK/UCLStrokeData,907.972,0.004,7274.646,0.004
sub-STUCLUK2013,UCL-UK/UCLStrokeData,3577.697,0.016,28571.657,0.016
sub-STUCLUK2014,UCL-UK/UCLStrokeData,2325.006,0.01,18574.955,0.01
sub-STUCLUK2015,UCL-UK/UCLStrokeData,473.039,0.002,3784.264,0.002
sub-STUCLUK2016,UCL-UK/UCLStrokeData,25799.601,0.113,206313.938,0.113
sub-STUCLUK2017,UCL-UK/UCLStrokeData,13984.837,0.061,111835.073,0.061
sub-STUCLUK2018,UCL-UK/UCLStrokeData,8905.107,0.039,71208.444,0.039
sub-STUCLUK2019,UCL-UK/UCLStrokeData,3270.899,0.014,26154.989,0.014
sub-STUCLUK2020,UCL-UK/UCLStrokeData,5522.388,0.024,44153.0,0.024
sub-STUCLUK2021,UCL-UK/UCLStrokeData,4053.494,0.018,32430.719,0.018
sub-STUCLUK2022,UCL-UK/UCLStrokeData,20907.888,0.092,167202.86,0.092
sub-STUCLUK2023,UCL-UK/UCLStrokeData,1057.618,0.005,8439.64,0.005
sub-STUCLUK2024,UCL-UK/UCLStrokeData,29469.579,0.129,235570.556,0.129
sub-STUCLUK2025,UCL-UK/UCLStrokeData,1793.596,0.008,14356.27,0.008
sub-STUCLUK2026,UCL-UK/UCLStrokeData,7552.68,0.033,60309.657,0.033
sub-STUCLUK2027,UCL-UK/UCLStrokeData,14938.882,0.065,119476.236,0.065
sub-STUCLUK2028,UCL-UK/UCLStrokeData,2857.174,0.013,22804.247,0.012
sub-STUCLUK2029,UCL-UK/UCLStrokeData,2660.927,0.012,21279.287,0.012
sub-STUCLUK2030,UCL-UK/UCLStrokeData,4850.472,0.021,38727.124,0.021
sub-STUCLUK2031,UCL-UK/UCLStrokeData,2711.522,0.012,21662.972,0.012
sub-STUCLUK2032,UCL-UK/UCLStrokeData,1965.556,0.009,15709.876,0.009
sub-STUCLUK2033,UCL-UK/UCLStrokeData,16301.624,0.071,130292.826,0.071
sub-STUCLUK2034,UCL-UK/UCLStrokeData,2394.466,0.01,19084.747,0.01
sub-STUCLUK2035,UCL-UK/UCLStrokeData,12393.006,0.054,99071.157,0.054
sub-STUCLUK2036,UCL-UK/UCLStrokeData,7790.371,0.034,62236.837,0.034
sub-STUCLUK2037,UCL-UK/UCLStrokeData,1007.298,0.004,8068.775,0.004
sub-STUCLUK2038,UCL-UK/UCLStrokeData,22500.787,0.098,179892.483,0.098
sub-STUCLUK2039,UCL-UK/UCLStrokeData,8158.478,0.036,65143.854,0.036
sub-STUCLUK2040,UCL-UK/UCLStrokeData,10791.713,0.047,86328.247,0.047
sub-STUCLUK2041,UCL-UK/UCLStrokeData,20821.64,0.091,166532.708,0.091
sub-STUCLUK2042,UCL-UK/UCLStrokeData,561.567,0.002,4482.91,0.002
sub-STUCLUK2043,UCL-UK/UCLStrokeData,1600.388,0.007,12799.635,0.007
sub-STUCLUK2044,UCL-UK/UCLStrokeData,2207.208,0.01,17652.202,0.01
sub-STUCLUK2045,UCL-UK/UCLStrokeData,12787.803,0.056,102281.961,0.056
sub-STUCLUK2046,UCL-UK/UCLStrokeData,2207.006,0.01,17682.719,0.01
sub-STUCLUK2047,UCL-UK/UCLStrokeData,2496.348,0.011,19916.809,0.011
sub-STUCLUK2048,UCL-UK/UCLStrokeData,446.764,0.002,3545.77,0.002
sub-STUCLUK2049,UCL-UK/UCLStrokeData,1364.562,0.006,10870.652,0.006
sub-STUCLUK2050,UCL-UK/UCLStrokeData,5664.157,0.025,45223.034,0.025
sub-STUCLUK2051,UCL-UK/UCLStrokeData,8865.287,0.039,70890.68,0.039
sub-STUCLUK2052,UCL-UK/UCLStrokeData,7793.197,0.034,62326.989,0.034
sub-STUCLUK2053,UCL-UK/UCLStrokeData,9844.191,0.043,78737.242,0.043
sub-STUCLUK2054,UCL-UK/UCLStrokeData,7587.854,0.033,60707.556,0.033
sub-STUCLUK2055,UCL-UK/UCLStrokeData,8717.303,0.038,69650.298,0.038
sub-STUCLUK2056,UCL-UK/UCLStrokeData,10966.573,0.048,87785.73,0.048
sub-STUCLUK2057,UCL-UK/UCLStrokeData,1349.764,0.006,10796.775,0.006
sub-STUCLUK2058,UCL-UK/UCLStrokeData,204.23,0.001,1636.624,0.001
sub-STUCLUK2059,UCL-UK/UCLStrokeData,12855.185,0.056,102727.315,0.056
sub-STUCLUK2060,UCL-UK/UCLStrokeData,15103.421,0.066,120697.41,0.066
sub-STUCLUK2061,UCL-UK/UCLStrokeData,1897.388,0.008,15141.315,0.008
sub-STUCLUK2062,UCL-UK/UCLStrokeData,2542.871,0.011,20327.635,0.011
sub-STUCLUK2063,UCL-UK/UCLStrokeData,15155.051,0.066,121195.275,0.066
sub-STUCLUK2064,UCL-UK/UCLStrokeData,974.438,0.004,7785.376,0.004
sub-STUCLUK2065,UCL-UK/UCLStrokeData,3639.539,0.016,29130.455,0.016
sub-STUCLUK2066,UCL-UK/UCLStrokeData,1709.376,0.007,13639.365,0.007
sub-STUCLUK2067,UCL-UK/UCLStrokeData,1480.725,0.006,11858.646,0.006
sub-STUCLUK2068,UCL-UK/UCLStrokeData,1102.163,0.005,8810.775,0.005
sub-STUCLUK2069,UCL-UK/UCLStrokeData,5631.596,0.025,44959.101,0.025
sub-STUCLUK2070,UCL-UK/UCLStrokeData,7056.124,0.031,56405.68,0.031
sub-STUCLUK2071,UCL-UK/UCLStrokeData,11685.848,0.051,93453.787,0.051
sub-STUCLUK2072,UCL-UK/UCLStrokeData,2024.0,0.009,16137.197,0.009
sub-STUCLUK2073,UCL-UK/UCLStrokeData,12994.607,0.057,103930.27,0.057
sub-STUCLUK2074,UCL-UK/UCLStrokeData,1090.961,0.005,8725.753,0.005
sub-STUCLUK2075,UCL-UK/UCLStrokeData,12522.725,0.055,100120.545,0.055
sub-STUCLUK2076,UCL-UK/UCLStrokeData,11400.264,0.05,91152.23,0.05
sub-STUCLUK2077,UCL-UK/UCLStrokeData,12733.579,0.056,101791.247,0.056
sub-STUCLUK2078,UCL-UK/UCLStrokeData,45818.0,0.201,366411.826,0.201
sub-STUCLUK2079,UCL-UK/UCLStrokeData,3684.994,0.016,29421.792,0.016
sub-STUCLUK2080,UCL-UK/UCLStrokeData,828.82,0.004,6594.073,0.004
sub-STUCLUK2081,UCL-UK/UCLStrokeData,1126.899,0.005,8999.028,0.005
sub-STUCLUK2082,UCL-UK/UCLStrokeData,10468.303,0.046,83690.247,0.046
sub-STUCLUK2083,UCL-UK/UCLStrokeData,29008.107,0.127,231902.084,0.127
sub-STUCLUK2084,UCL-UK/UCLStrokeData,2420.972,0.011,19327.399,0.011
sub-STUCLUK2085,UCL-UK/UCLStrokeData,3039.612,0.013,24267.056,0.013
sub-STUCLUK2086,UCL-UK/UCLStrokeData,13489.343,0.059,107908.382,0.059
sub-STUCLUK2087,UCL-UK/UCLStrokeData,18267.096,0.08,146037.573,0.08
sub-STUCLUK2088,UCL-UK/UCLStrokeData,8790.096,0.038,70276.214,0.038
sub-STUCLUK2089,UCL-UK/UCLStrokeData,9841.275,0.043,78617.725,0.043
sub-STUCLUK2090,UCL-UK/UCLStrokeData,12431.522,0.054,99392.551,0.054
sub-STUCLUK2091,UCL-UK/UCLStrokeData,3645.331,0.016,29156.157,0.016
sub-STUCLUK2092,UCL-UK/UCLStrokeData,4975.062,0.022,39780.826,0.022
sub-STUCLUK2093,UCL-UK/UCLStrokeData,3248.517,0.014,25942.107,0.014
sub-STUCLUK2094,UCL-UK/UCLStrokeData,2233.376,0.01,17809.253,0.01
sub-STUCLUK2095,UCL-UK/UCLStrokeData,666.051,0.003,5312.764,0.003
sub-STUCLUK2096,UCL-UK/UCLStrokeData,5783.084,0.025,46235.129,0.025
sub-STUCLUK2097,UCL-UK/UCLStrokeData,2057.404,0.009,16451.32,0.009
sub-STUCLUK2098,UCL-UK/UCLStrokeData,10864.056,0.048,86849.815,0.048
sub-STUCLUK2099,UCL-UK/UCLStrokeData,379.904,0.002,3022.719,0.002
sub-STUCLUK2100,UCL-UK/UCLStrokeData,5945.472,0.026,47522.466,0.026
sub-STUCLUK2101,UCL-UK/UCLStrokeData,28493.596,0.125,227776.455,0.125
sub-STUCLUK2102,UCL-UK/UCLStrokeData,4649.702,0.02,37071.725,0.02
sub-STUCLUK2103,UCL-UK/UCLStrokeData,4510.545,0.02,36093.146,0.02
sub-STUCLUK2104,UCL-UK/UCLStrokeData,796.022,0.003,6359.011,0.003
sub-STUCLUK2105,UCL-UK/UCLStrokeData,2315.579,0.01,18467.652,0.01
sub-STUCLUK2106,UCL-UK/UCLStrokeData,4514.028,0.02,36018.051,0.02
sub-STUCLUK2107,UCL-UK/UCLStrokeData,6274.281,0.027,50208.792,0.027
sub-STUCLUK2108,UCL-UK/UCLStrokeData,2487.388,0.011,19878.129,0.011
sub-STUCLUK2109,UCL-UK/UCLStrokeData,8681.449,0.038,69400.624,0.038
sub-STUCLUK2110,UCL-UK/UCLStrokeData,24074.354,0.105,192452.5,0.105
sub-STUCLUK2111,UCL-UK/UCLStrokeData,19410.865,0.085,155244.983,0.085
sub-STUCLUK2112,UCL-UK/UCLStrokeData,6367.287,0.028,50889.64,0.028
sub-STUCLUK2113,UCL-UK/UCLStrokeData,17105.691,0.075,136853.146,0.075
sub-STUCLUK2114,UCL-UK/UCLStrokeData,40511.399,0.177,323935.202,0.177
sub-STUCLUK2115,UCL-UK/UCLStrokeData,4825.708,0.021,38505.337,0.021
sub-STUCLUK2116,UCL-UK/UCLStrokeData,9081.27,0.04,72590.798,0.04
sub-STUCLUK2117,UCL-UK/UCLStrokeData,4179.045,0.018,33309.331,0.018
sub-STUCLUK2118,UCL-UK/UCLStrokeData,2881.371,0.013,23042.556,0.013
sub-STUCLUK2119,UCL-UK/UCLStrokeData,23035.449,0.101,184136.253,0.101
sub-STUCLUK2120,UCL-UK/UCLStrokeData,10473.326,0.046,83700.86,0.046
sub-STUCLUK2121,UCL-UK/UCLStrokeData,6192.449,0.027,49516.747,0.027
sub-STUCLUK2122,UCL-UK/UCLStrokeData,20374.573,0.089,162893.719,0.089
sub-STUCLUK2123,UCL-UK/UCLStrokeData,12225.522,0.054,97756.0,0.053
sub-STUCLUK2124,UCL-UK/UCLStrokeData,1381.006,0.006,11015.202,0.006
sub-STUCLUK2125,UCL-UK/UCLStrokeData,8086.511,0.035,64643.343,0.035
sub-STUCLUK2126,UCL-UK/UCLStrokeData,4069.528,0.018,32486.753,0.018
sub-STUCLUK2127,UCL-UK/UCLStrokeData,4564.601,0.02,36458.511,0.02
sub-STUCLUK2128,UCL-UK/UCLStrokeData,30951.393,0.135,247573.646,0.135
sub-STUCLUK2129,UCL-UK/UCLStrokeData,4462.112,0.02,35681.551,0.02
sub-STUCLUK2130,UCL-UK/UCLStrokeData,2683.213,0.012,21419.618,0.012
sub-STUCLUK2131,UCL-UK/UCLStrokeData,3734.775,0.016,29832.421,0.016
sub-STUCLUK2132,UCL-UK/UCLStrokeData,40792.579,0.179,326176.135,0.179
sub-STUCLUK2133,UCL-UK/UCLStrokeData,7116.079,0.031,56886.056,0.031
sub-STUCLUK2134,UCL-UK/UCLStrokeData,983.264,0.004,7863.225,0.004
sub-STUCLUK2135,UCL-UK/UCLStrokeData,2805.876,0.012,22379.511,0.012
sub-STUCLUK2136,UCL-UK/UCLStrokeData,11941.893,0.052,95484.393,0.052
sub-STUCLUK2137,UCL-UK/UCLStrokeData,588.68,0.003,4700.624,0.003
sub-STUCLUK2138,UCL-UK/UCLStrokeData,3206.551,0.014,25650.73,0.014
sub-STUCLUK2139,UCL-UK/UCLStrokeData,5530.483,0.024,44246.461,0.024
sub-STUCLUK2140,UCL-UK/UCLStrokeData,2908.989,0.013,23273.427,0.013
sub-STUCLUK2141,UCL-UK/UCLStrokeData,9294.949,0.041,74256.337,0.041
sub-STUCLUK2142,UCL-UK/UCLStrokeData,11140.899,0.049,89118.635,0.049
sub-STUCLUK2143,UCL-UK/UCLStrokeData,280.365,0.001,2246.629,0.001
sub-STUCLUK2144,UCL-UK/UCLStrokeData,5000.073,0.022,40002.669,0.022
sub-STUCLUK2145,UCL-UK/UCLStrokeData,1067.079,0.005,8524.472,0.005
sub-STUCLUK2146,UCL-UK/UCLStrokeData,2912.371,0.013,23257.792,0.013
sub-STUCLUK2147,UCL-UK/UCLStrokeData,7213.09,0.032,57661.41,0.032
sub-STUCLUK2148,UCL-UK/UCLStrokeData,2932.18,0.013,23467.826,0.013
sub-STUCLUK2149,UCL-UK/UCLStrokeData,1706.331,0.007,13637.067,0.007
sub-STUCLUK2150,UCL-UK/UCLStrokeData,8205.966,0.036,65615.461,0.036
sub-STUCLUK2151,UCL-UK/UCLStrokeData,513.831,0.002,4123.444,0.002
sub-STUCLUK2152,UCL-UK/UCLStrokeData,1683.461,0.007,13460.073,0.007
sub-STUCLUK2153,UCL-UK/UCLStrokeData,11968.972,0.052,95728.562,0.052
sub-STUCLUK2154,UCL-UK/UCLStrokeData,2183.691,0.01,17440.287,0.01
sub-STUCLUK2155,UCL-UK/UCLStrokeData,5716.0,0.025,45710.978,0.025
sub-STUCLUK2156,UCL-UK/UCLStrokeData,1468.337,0.006,11708.646,0.006
sub-STUCLUK2157,UCL-UK/UCLStrokeData,6666.309,0.029,53253.225,0.029
sub-STUCLUK2158,UCL-UK/UCLStrokeData,13350.551,0.058,106712.326,0.058
sub-STUCLUK2159,UCL-UK/UCLStrokeData,2937.826,0.013,23490.938,0.013
sub-STUCLUK2160,UCL-UK/UCLStrokeData,1392.64,0.006,11144.32,0.006
sub-STUCLUK2161,UCL-UK/UCLStrokeData,8442.09,0.037,67472.635,0.037
sub-STUCLUK2162,UCL-UK/UCLStrokeData,28115.545,0.123,224769.82,0.123
sub-STUCLUK2163,UCL-UK/UCLStrokeData,6357.022,0.028,50762.978,0.028
sub-STUCLUK2164,UCL-UK/UCLStrokeData,2401.893,0.011,19164.073,0.01
sub-STUCLUK2165,UCL-UK/UCLStrokeData,1337.225,0.006,10680.522,0.006
sub-STUCLUK2166,UCL-UK/UCLStrokeData,4731.449,0.021,37795.135,0.021
sub-STUCLUK2167,UCL-UK/UCLStrokeData,9959.343,0.044,79654.287,0.044
sub-STUCLUK2168,UCL-UK/UCLStrokeData,5754.742,0.025,46042.343,0.025
sub-STUCLUK2169,UCL-UK/UCLStrokeData,4388.601,0.019,35010.169,0.019
sub-STUCLUK2170,UCL-UK/UCLStrokeData,5816.09,0.025,46463.5,0.025
sub-STUCLUK2171,UCL-UK/UCLStrokeData,7212.888,0.032,57603.275,0.032
sub-STUCLUK2172,UCL-UK/UCLStrokeData,963.787,0.004,7702.983,0.004
sub-STUCLUK2173,UCL-UK/UCLStrokeData,4950.258,0.022,39583.82,0.022
sub-STUCLUK2174,UCL-UK/UCLStrokeData,233.163,0.001,1862.871,0.001
sub-STUCLUK2175,UCL-UK/UCLStrokeData,6773.382,0.03,54100.056,0.03
sub-STUCLUK2176,UCL-UK/UCLStrokeData,1705.112,0.007,13641.466,0.007
sub-STUCLUK2177,UCL-UK/UCLStrokeData,3910.461,0.017,31257.354,0.017
sub-STUCLUK2178,UCL-UK/UCLStrokeData,7533.18,0.033,60164.416,0.033
sub-STUCLUK2179,UCL-UK/UCLStrokeData,4992.202,0.022,39952.376,0.022
sub-STUCLUK2180,UCL-UK/UCLStrokeData,4500.337,0.02,35987.629,0.02
sub-STUCLUK2181,UCL-UK/UCLStrokeData,34807.056,0.152,278347.073,0.152
sub-STUCLUK2182,UCL-UK/UCLStrokeData,14504.798,0.063,115945.77,0.063
sub-STUCLUK2183,UCL-UK/UCLStrokeData,701.64,0.003,5613.674,0.003
sub-STUCLUK2184,UCL-UK/UCLStrokeData,517.865,0.002,4136.174,0.002
sub-STUCLUK2185,UCL-UK/UCLStrokeData,2565.298,0.011,20492.742,0.011
sub-STUCLUK2186,UCL-UK/UCLStrokeData,18824.933,0.082,150510.056,0.082
sub-STUCLUK2187,UCL-UK/UCLStrokeData,14073.298,0.062,112577.141,0.062
sub-STUCLUK2188,UCL-UK/UCLStrokeData,4234.326,0.019,33869.927,0.019
sub-STUCLUK2189,UCL-UK/UCLStrokeData,5732.551,0.025,45826.506,0.025
sub-STUCLUK2190,UCL-UK/UCLStrokeData,5131.23,0.022,41034.618,0.022
sub-STUCLUK2191,UCL-UK/UCLStrokeData,8126.489,0.036,64949.758,0.036
sub-STUCLUK2192,UCL-UK/UCLStrokeData,11656.713,0.051,93162.343,0.051
sub-STUCLUK2193,UCL-UK/UCLStrokeData,1370.876,0.006,10952.18,0.006
sub-STUCLUK2194,UCL-UK/UCLStrokeData,5314.618,0.023,42471.303,0.023
sub-STUCLUK2195,UCL-UK/UCLStrokeData,28901.916,0.126,231000.332,0.126
sub-STUCLUK2196,UCL-UK/UCLStrokeData,19257.472,0.084,153969.893,0.084
sub-STUCLUK2197,UCL-UK/UCLStrokeData,12911.039,0.057,103207.618,0.056
sub-STUCLUK2198,UCL-UK/UCLStrokeData,10278.657,0.045,82167.101,0.045
sub-STUCLUK2199,UCL-UK/UCLStrokeData,2855.022,0.012,22843.337,0.013
sub-STUCLUK2200,UCL-UK/UCLStrokeData,4502.331,0.02,35955.14,0.02
sub-STUCLUK2201,UCL-UK/UCLStrokeData,6543.68,0.029,52270.028,0.029
sub-STUCLUK2202,UCL-UK/UCLStrokeData,4273.742,0.019,34194.242,0.019
sub-STUCLUK2203,UCL-UK/UCLStrokeData,5828.747,0.026,46541.652,0.025
sub-STUCLUK2204,UCL-UK/UCLStrokeData,9404.742,0.041,75167.455,0.041
sub-STUCLUK2205,UCL-UK/UCLStrokeData,2155.539,0.009,17205.309,0.009
sub-STUCLUK2206,UCL-UK/UCLStrokeData,3102.573,0.014,24817.584,0.014
sub-STUCLUK2207,UCL-UK/UCLStrokeData,4905.247,0.021,39192.214,0.021
sub-STUCLUK2208,UCL-UK/UCLStrokeData,2388.247,0.01,19086.326,0.01
sub-STUCLUK2209,UCL-UK/UCLStrokeData,5424.629,0.024,43398.792,0.024
sub-STUCLUK2210,UCL-UK/UCLStrokeData,19017.32,0.083,152007.376,0.083
sub-STUCLUK2211,UCL-UK/UCLStrokeData,8063.607,0.035,64286.573,0.035
sub-STUCLUK2212,UCL-UK/UCLStrokeData,6286.528,0.028,50256.702,0.028
sub-STUCLUK2213,UCL-UK/UCLStrokeData,2215.438,0.01,17668.702,0.01
sub-STUCLUK2214,UCL-UK/UCLStrokeData,29436.146,0.129,235366.854,0.129
sub-STUCLUK2215,UCL-UK/UCLStrokeData,4637.539,0.02,37067.152,0.02
sub-STUCLUK2216,UCL-UK/UCLStrokeData,10336.933,0.045,82672.006,0.045
sub-STUCLUK2217,UCL-UK/UCLStrokeData,16605.787,0.073,132777.775,0.073
sub-STUCLUK2218,UCL-UK/UCLStrokeData,12855.427,0.056,102814.612,0.056
sub-STUCLUK2219,UCL-UK/UCLStrokeData,8977.449,0.039,71745.399,0.039
sub-STUCLUK2220,UCL-UK/UCLStrokeData,9228.663,0.04,73739.034,0.04
sub-STUCLUK2221,UCL-UK/UCLStrokeData,43947.815,0.192,351376.388,0.192
sub-STUCLUK2222,UCL-UK/UCLStrokeData,1848.292,0.008,14764.163,0.008
sub-STUCLUK2223,UCL-UK/UCLStrokeData,4465.242,0.02,35571.163,0.019
sub-STUCLUK2224,UCL-UK/UCLStrokeData,20751.343,0.091,165934.41,0.091
sub-STUCLUK2225,UCL-UK/UCLStrokeData,22455.64,0.098,179556.214,0.098
sub-STUCLUK2226,UCL-UK/UCLStrokeData,1014.949,0.004,8071.669,0.004
sub-STUCLUK2227,UCL-UK/UCLStrokeData,4278.281,0.019,34216.275,0.019
sub-STUCLUK2228,UCL-UK/UCLStrokeData,5169.14,0.023,41263.084,0.023
sub-STUCLUK2229,UCL-UK/UCLStrokeData,4255.646,0.019,33984.18,0.019
sub-STUCLUK2230,UCL-UK/UCLStrokeData,704.438,0.003,5621.545,0.003
sub-STUCLUK2231,UCL-UK/UCLStrokeData,5294.691,0.023,42334.781,0.023
sub-STUCLUK2232,UCL-UK/UCLStrokeData,2777.213,0.012,22172.843,0.012
sub-STUCLUK2233,UCL-UK/UCLStrokeData,18699.742,0.082,149489.225,0.082
sub-STUCLUK2234,UCL-UK/UCLStrokeData,8790.135,0.038,70191.809,0.038
sub-STUCLUK2235,UCL-UK/UCLStrokeData,3385.129,0.015,27024.949,0.015
sub-STUCLUK2236,UCL-UK/UCLStrokeData,8810.781,0.039,70351.191,0.039
sub-STUCLUK2237,UCL-UK/UCLStrokeData,2582.753,0.011,20653.163,0.011
sub-STUCLUK2238,UCL-UK/UCLStrokeData,13126.815,0.057,104897.646,0.057
sub-STUCLUK2239,UCL-UK/UCLStrokeData,29738.989,0.13,237869.674,0.13
sub-STUCLUK2240,UCL-UK/UCLStrokeData,15600.803,0.068,124737.174,0.068
sub-STUCLUK2241,UCL-UK/UCLStrokeData,15475.59,0.068,123748.068,0.068
sub-STUCLUK2242,UCL-UK/UCLStrokeData,839.337,0.004,6643.096,0.004
sub-STUCLUK2243,UCL-UK/UCLStrokeData,2678.208,0.012,21432.753,0.012
sub-STUCLUK2244,UCL-UK/UCLStrokeData,2438.41,0.011,19510.736,0.011
sub-STUCLUK2245,UCL-UK/UCLStrokeData,1737.303,0.008,13890.607,0.008
sub-STUCLUK2246,UCL-UK/UCLStrokeData,2030.421,0.009,16222.056,0.009
sub-STUCLUK2247,UCL-UK/UCLStrokeData,20449.725,0.09,163510.877,0.089
sub-STUCLUK2248,UCL-UK/UCLStrokeData,17273.697,0.076,138083.258,0.076
sub-STUCLUK2249,UCL-UK/UCLStrokeData,8758.758,0.038,70019.489,0.038
sub-STUCLUK2250,UCL-UK/UCLStrokeData,200.579,0.001,1599.961,0.001
sub-STUCLUK2251,UCL-UK/UCLStrokeData,12659.68,0.055,101226.551,0.055
sub-STUCLUK2252,UCL-UK/UCLStrokeData,4139.596,0.018,33136.916,0.018
sub-STUCLUK2253,UCL-UK/UCLStrokeData,1443.702,0.006,11531.011,0.006
sub-STUCLUK2254,UCL-UK/UCLStrokeData,3576.18,0.016,28518.124,0.016
sub-STUCLUK2255,UCL-UK/UCLStrokeData,7005.713,0.031,56048.725,0.031
sub-STUCLUK2256,UCL-UK/UCLStrokeData,8003.135,0.035,63977.444,0.035
sub-STUCLUK2257,UCL-UK/UCLStrokeData,2414.635,0.011,19273.427,0.011
sub-STUCLUK2258,UCL-UK/UCLStrokeData,3647.163,0.016,29168.899,0.016
sub-STUCLUK2259,UCL-UK/UCLStrokeData,5954.697,0.026,47626.41,0.026
sub-STUCLUK2260,UCL-UK/UCLStrokeData,5503.949,0.024,44001.792,0.024
sub-STUCLUK2261,UCL-UK/UCLStrokeData,23482.809,0.103,187797.393,0.103
sub-STUCLUK2262,UCL-UK/UCLStrokeData,15492.051,0.068,123898.011,0.068
sub-STUCLUK2263,UCL-UK/UCLStrokeData,807.292,0.004,6423.747,0.004
sub-STUCLUK2264,UCL-UK/UCLStrokeData,16718.899,0.073,133646.539,0.073
sub-STUCLUK2265,UCL-UK/UCLStrokeData,169.348,0.001,1360.596,0.001
sub-STUCLUK2266,UCL-UK/UCLStrokeData,660.371,0.003,5294.157,0.003
sub-STUCLUK2267,UCL-UK/UCLStrokeData,4519.331,0.02,36146.742,0.02
sub-STUCLUK2268,UCL-UK/UCLStrokeData,2738.315,0.012,21897.427,0.012
sub-STUCLUK2269,UCL-UK/UCLStrokeData,2496.197,0.011,19971.214,0.011
sub-STUCLUK2270,UCL-UK/UCLStrokeData,6439.388,0.028,51443.157,0.028
sub-STUCLUK2271,UCL-UK/UCLStrokeData,2520.747,0.011,20132.056,0.011
sub-STUCLUK2272,UCL-UK/UCLStrokeData,5796.236,0.025,46295.214,0.025
sub-STUCLUK2273,UCL-UK/UCLStrokeData,4740.725,0.021,37804.663,0.021
sub-STUCLUK2274,UCL-UK/UCLStrokeData,11072.051,0.048,88508.034,0.048
sub-STUCLUK2275,UCL-UK/UCLStrokeData,10240.118,0.045,81838.163,0.045
sub-STUCLUK2276,UCL-UK/UCLStrokeData,4356.612,0.019,34865.247,0.019
sub-STUCLUK2277,UCL-UK/UCLStrokeData,7123.292,0.031,56946.421,0.031
sub-STUCLUK2278,UCL-UK/UCLStrokeData,11812.831,0.052,94487.972,0.052
sub-STUCLUK2279,UCL-UK/UCLStrokeData,6329.022,0.028,50608.236,0.028
sub-STUCLUK2280,UCL-UK/UCLStrokeData,2947.455,0.013,23575.27,0.013
sub-STUCLUK2281,UCL-UK/UCLStrokeData,14358.876,0.063,114802.146,0.063
sub-STUCLUK2282,UCL-UK/UCLStrokeData,508.994,0.002,4070.315,0.002
sub-STUCLUK2283,UCL-UK/UCLStrokeData,2060.18,0.009,16471.713,0.009
sub-STUCLUK2284,UCL-UK/UCLStrokeData,3127.955,0.014,24937.062,0.014
sub-STUCLUK2285,UCL-UK/UCLStrokeData,4808.23,0.021,38411.275,0.021
sub-STUCLUK2286,UCL-UK/UCLStrokeData,279.421,0.001,2235.534,0.001
sub-STUCLUK2287,UCL-UK/UCLStrokeData,1339.944,0.006,10724.242,0.006
sub-STUCLUK2288,UCL-UK/UCLStrokeData,21334.522,0.093,170626.017,0.093
sub-STUCLUK2289,UCL-UK/UCLStrokeData,12379.905,0.054,99037.989,0.054
sub-STUCLUK2290,UCL-UK/UCLStrokeData,1496.775,0.007,11941.056,0.007
sub-STUCLUK2291,UCL-UK/UCLStrokeData,22340.281,0.098,178690.781,0.098
sub-STUCLUK2292,UCL-UK/UCLStrokeData,4829.725,0.021,38644.573,0.021
sub-STUCLUK2293,UCL-UK/UCLStrokeData,2878.775,0.013,23022.09,0.013
sub-STUCLUK2294,UCL-UK/UCLStrokeData,9058.107,0.04,72397.641,0.04
sub-STUCLUK2295,UCL-UK/UCLStrokeData,18727.084,0.082,149728.764,0.082
sub-STUCLUK2296,UCL-UK/UCLStrokeData,7465.169,0.033,59680.348,0.033
sub-STUCLUK2297,UCL-UK/UCLStrokeData,8806.18,0.039,70409.899,0.039
sub-STUCLUK2298,UCL-UK/UCLStrokeData,2476.393,0.011,19782.376,0.011
sub-STUCLUK2299,UCL-UK/UCLStrokeData,2529.528,0.011,20161.416,0.011
sub-STUCLUK2300,UCL-UK/UCLStrokeData,2432.376,0.011,19428.006,0.011
sub-STUCLUK2301,UCL-UK/UCLStrokeData,4188.146,0.018,33433.994,0.018
sub-STUCLUK2302,UCL-UK/UCLStrokeData,2452.062,0.011,19576.045,0.011
sub-STUCLUK2303,UCL-UK/UCLStrokeData,150.236,0.001,1194.809,0.001
sub-STUCLUK2304,UCL-UK/UCLStrokeData,561.803,0.002,4481.91,0.002
sub-STUCLUK2305,UCL-UK/UCLStrokeData,6971.567,0.031,55800.871,0.031
sub-STUCLUK2306,UCL-UK/UCLStrokeData,755.64,0.003,6019.365,0.003
sub-STUCLUK2307,UCL-UK/UCLStrokeData,578.225,0.003,4629.843,0.003
sub-STUCLUK2308,UCL-UK/UCLStrokeData,2473.478,0.011,19691.669,0.011
sub-STUCLUK2309,UCL-UK/UCLStrokeData,4821.14,0.021,38519.618,0.021
sub-STUCLUK2310,UCL-UK/UCLStrokeData,8997.815,0.039,71971.112,0.039
sub-STUCLUK2311,UCL-UK/UCLStrokeData,12188.298,0.053,97454.079,0.053
sub-STUCLUK2312,UCL-UK/UCLStrokeData,3002.365,0.013,23929.326,0.013
sub-STUCLUK2313,UCL-UK/UCLStrokeData,7054.545,0.031,56407.281,0.031
sub-STUCLUK2314,UCL-UK/UCLStrokeData,6231.528,0.027,49801.461,0.027
sub-STUCLUK2315,UCL-UK/UCLStrokeData,7841.18,0.034,62725.652,0.034
sub-STUCLUK2316,UCL-UK/UCLStrokeData,3212.607,0.014,25659.0,0.014
sub-STUCLUK2317,UCL-UK/UCLStrokeData,3484.747,0.015,27855.601,0.015
sub-STUCLUK2318,UCL-UK/UCLStrokeData,4616.174,0.02,36801.303,0.02
sub-STUCLUK2319,UCL-UK/UCLStrokeData,207.5,0.001,1655.185,0.001
sub-STUCLUK2320,UCL-UK/UCLStrokeData,7737.691,0.034,61870.905,0.034
sub-STUCLUK2321,UCL-UK/UCLStrokeData,6093.157,0.027,48721.247,0.027
sub-STUCLUK2322,UCL-UK/UCLStrokeData,4585.674,0.02,36634.225,0.02
sub-STUCLUK2323,UCL-UK/UCLStrokeData,8212.444,0.036,65634.989,0.036
sub-STUCLUK2324,UCL-UK/UCLStrokeData,4678.039,0.02,37374.697,0.02
sub-STUCLUK2325,UCL-UK/UCLStrokeData,34200.528,0.15,273375.141,0.15
sub-STUCLUK2326,UCL-UK/UCLStrokeData,8231.045,0.036,65846.157,0.036
sub-STUCLUK2327,UCL-UK/UCLStrokeData,3545.365,0.016,28348.118,0.016
sub-STUCLUK2328,UCL-UK/UCLStrokeData,1327.747,0.006,10560.101,0.006
sub-STUCLUK2329,UCL-UK/UCLStrokeData,925.264,0.004,7383.949,0.004
sub-STUCLUK2330,UCL-UK/UCLStrokeData,2344.09,0.01,18741.084,0.01
sub-STUCLUK2331,UCL-UK/UCLStrokeData,5239.809,0.023,41915.798,0.023
sub-STUCLUK2332,UCL-UK/UCLStrokeData,6412.921,0.028,51246.736,0.028
sub-STUCLUK2333,UCL-UK/UCLStrokeData,5685.781,0.025,45469.691,0.025
sub-STUCLUK2334,UCL-UK/UCLStrokeData,2180.893,0.01,17429.191,0.01
sub-STUCLUK2335,UCL-UK/UCLStrokeData,13135.135,0.057,104990.68,0.057
sub-STUCLUK2336,UCL-UK/UCLStrokeData,18161.169,0.079,145222.944,0.079
sub-STUCLUK2337,UCL-UK/UCLStrokeData,27807.596,0.122,222432.478,0.122
sub-STUCLUK2338,UCL-UK/UCLStrokeData,5479.978,0.024,43854.742,0.024
sub-STUCLUK2339,UCL-UK/UCLStrokeData,11620.736,0.051,92879.157,0.051
sub-STUCLUK2340,UCL-UK/UCLStrokeData,3633.742,0.016,29068.455,0.016
sub-STUCLUK2341,UCL-UK/UCLStrokeData,4232.646,0.019,33866.41,0.019
sub-STUCLUK2342,UCL-UK/UCLStrokeData,4896.685,0.021,39063.365,0.021
sub-STUCLUK2343,UCL-UK/UCLStrokeData,4895.955,0.021,39157.399,0.021
sub-STUCLUK2344,UCL-UK/UCLStrokeData,15567.017,0.068,124494.489,0.068
sub-STUCLUK2345,UCL-UK/UCLStrokeData,8542.096,0.037,68278.051,0.037
sub-STUCLUK2346,UCL-UK/UCLStrokeData,39485.522,0.173,315735.978,0.173
sub-STUCLUK2347,UCL-UK/UCLStrokeData,1982.427,0.009,15796.438,0.009
sub-STUCLUK2348,UCL-UK/UCLStrokeData,12834.601,0.056,102646.326,0.056
sub-STUCLUK2349,UCL-UK/UCLStrokeData,3770.315,0.017,30054.815,0.016
sub-STUCLUK2350,UCL-UK/UCLStrokeData,3477.882,0.015,27830.197,0.015
sub-STUCLUK2351,UCL-UK/UCLStrokeData,2953.146,0.013,23594.781,0.013
sub-STUCLUK2352,UCL-UK/UCLStrokeData,18024.399,0.079,144104.787,0.079
sub-STUCLUK2353,UCL-UK/UCLStrokeData,3658.331,0.016,29137.882,0.016
sub-STUCLUK2354,UCL-UK/UCLStrokeData,4467.961,0.02,35709.174,0.02
sub-STUCLUK2355,UCL-UK/UCLStrokeData,27050.545,0.118,216324.202,0.118
sub-STUCLUK2356,UCL-UK/UCLStrokeData,9114.034,0.04,72882.562,0.04
sub-STUCLUK2357,UCL-UK/UCLStrokeData,4095.994,0.018,32749.472,0.018
sub-STUCLUK2358,UCL-UK/UCLStrokeData,296.213,0.001,2354.253,0.001
sub-STUCLUK2359,UCL-UK/UCLStrokeData,72.146,0.0,573.882,0.0
sub-STUCLUK2360,UCL-UK/UCLStrokeData,1278.652,0.006,10202.174,0.006
sub-STUCLUK2361,UCL-UK/UCLStrokeData,488.781,0.002,3934.124,0.002
sub-STUCLUK2362,UCL-UK/UCLStrokeData,1390.989,0.006,11107.787,0.006
sub-STUCLUK2363,UCL-UK/UCLStrokeData,4514.916,0.02,36093.348,0.02
sub-STUCLUK2364,UCL-UK/UCLStrokeData,930.68,0.004,7397.562,0.004
sub-STUCLUK2365,UCL-UK/UCLStrokeData,604.056,0.003,4802.253,0.003
sub-STUCLUK2366,UCL-UK/UCLStrokeData,1350.23,0.006,10763.124,0.006
sub-STUCLUK2367,UCL-UK/UCLStrokeData,51365.781,0.225,410709.961,0.225
sub-STUCLUK2368,UCL-UK/UCLStrokeData,8003.787,0.035,64009.281,0.035
sub-STUCLUK2369,UCL-UK/UCLStrokeData,523.309,0.002,4176.758,0.002
sub-STUCLUK2370,UCL-UK/UCLStrokeData,6378.955,0.028,50917.197,0.028
sub-STUCLUK2371,UCL-UK/UCLStrokeData,18859.225,0.083,150843.646,0.083
sub-STUCLUK2372,UCL-UK/UCLStrokeData,2245.287,0.01,17920.994,0.01
sub-STUCLUK2373,UCL-UK/UCLStrokeData,12619.534,0.055,100944.966,0.055
sub-STUCLUK2374,UCL-UK/UCLStrokeData,37052.629,0.162,296195.849,0.162
sub-STUCLUK2375,UCL-UK/UCLStrokeData,10440.534,0.046,83404.562,0.046
sub-STUCLUK2376,UCL-UK/UCLStrokeData,2350.646,0.01,18732.59,0.01
sub-STUCLUK2377,UCL-UK/UCLStrokeData,3664.747,0.016,29196.376,0.016
sub-STUCLUK2378,UCL-UK/UCLStrokeData,2097.494,0.009,16777.837,0.009
sub-STUCLUK2379,UCL-UK/UCLStrokeData,11255.82,0.049,89960.64,0.049
sub-STUCLUK2380,UCL-UK/UCLStrokeData,7739.944,0.034,61837.197,0.034
sub-STUCLUK2381,UCL-UK/UCLStrokeData,5715.112,0.025,45680.663,0.025
sub-STUCLUK2382,UCL-UK/UCLStrokeData,3987.59,0.017,31837.264,0.017
sub-STUCLUK2383,UCL-UK/UCLStrokeData,4915.494,0.022,39262.719,0.021
sub-STUCLUK2384,UCL-UK/UCLStrokeData,40874.096,0.179,326720.663,0.179
sub-STUCLUK2385,UCL-UK/UCLStrokeData,10850.32,0.047,86679.416,0.047
sub-STUCLUK2386,UCL-UK/UCLStrokeData,1694.697,0.007,13558.331,0.007
sub-STUCLUK2387,UCL-UK/UCLStrokeData,16864.472,0.074,134859.539,0.074
sub-STUCLUK2388,UCL-UK/UCLStrokeData,1049.118,0.005,8371.624,0.005
sub-STUCLUK2389,UCL-UK/UCLStrokeData,1253.112,0.005,9946.927,0.005
sub-STUCLUK2390,UCL-UK/UCLStrokeData,2992.213,0.013,23888.112,0.013
sub-STUCLUK2391,UCL-UK/UCLStrokeData,11770.376,0.052,94107.68,0.052
sub-STUCLUK2392,UCL-UK/UCLStrokeData,10468.135,0.046,83709.551,0.046
sub-STUCLUK2393,UCL-UK/UCLStrokeData,18280.483,0.08,146066.483,0.08
sub-STUCLUK2394,UCL-UK/UCLStrokeData,1108.517,0.005,8841.775,0.005
sub-STUCLUK2395,UCL-UK/UCLStrokeData,3576.983,0.016,28515.669,0.016
sub-STUCLUK2396,UCL-UK/UCLStrokeData,12524.916,0.055,100146.472,0.055
sub-STUCLUK2397,UCL-UK/UCLStrokeData,2044.831,0.009,16314.124,0.009
sub-STUCLUK2398,UCL-UK/UCLStrokeData,482.511,0.002,3852.438,0.002
sub-STUCLUK2399,UCL-UK/UCLStrokeData,1765.494,0.008,14112.905,0.008
sub-STUCLUK2400,UCL-UK/UCLStrokeData,2008.562,0.009,16042.837,0.009
sub-STUCLUK2401,UCL-UK/UCLStrokeData,5628.174,0.025,44996.405,0.025
sub-STUCLUK2402,UCL-UK/UCLStrokeData,1326.258,0.006,10593.77,0.006
sub-STUCLUK2403,UCL-UK/UCLStrokeData,2877.281,0.013,23017.669,0.013
sub-STUCLUK2404,UCL-UK/UCLStrokeData,4816.702,0.021,38396.084,0.021
sub-STUCLUK2405,UCL-UK/UCLStrokeData,5887.68,0.026,47016.483,0.026
sub-STUCLUK2406,UCL-UK/UCLStrokeData,918.949,0.004,7309.646,0.004
sub-STUCLUK2407,UCL-UK/UCLStrokeData,2369.618,0.01,18941.64,0.01
sub-STUCLUK2408,UCL-UK/UCLStrokeData,2063.382,0.009,16407.921,0.009
sub-STUCLUK2409,UCL-UK/UCLStrokeData,19652.944,0.086,157101.635,0.086
sub-STUCLUK2410,UCL-UK/UCLStrokeData,24233.91,0.106,193816.506,0.106
sub-STUCLUK2411,UCL-UK/UCLStrokeData,9681.478,0.042,77444.208,0.042
sub-STUCLUK2412,UCL-UK/UCLStrokeData,5092.893,0.022,40766.197,0.022
sub-STUCLUK2413,UCL-UK/UCLStrokeData,6256.489,0.027,50039.045,0.027
sub-STUCLUK2414,UCL-UK/UCLStrokeData,5659.393,0.025,45270.742,0.025
sub-STUCLUK2415,UCL-UK/UCLStrokeData,3246.82,0.014,25962.371,0.014
sub-STUCLUK2416,UCL-UK/UCLStrokeData,471.236,0.002,3773.837,0.002
sub-STUCLUK2417,UCL-UK/UCLStrokeData,5519.876,0.024,44101.5,0.024
sub-STUCLUK2418,UCL-UK/UCLStrokeData,17154.191,0.075,137156.803,0.075
sub-STUCLUK2419,UCL-UK/UCLStrokeData,1084.09,0.005,8672.994,0.005
sub-STUCLUK2420,UCL-UK/UCLStrokeData,19167.079,0.084,153285.961,0.084
sub-STUCLUK2421,UCL-UK/UCLStrokeData,970.466,0.004,7732.624,0.004
sub-STUCLUK2422,UCL-UK/UCLStrokeData,6737.59,0.029,53887.725,0.029
sub-STUCLUK2423,UCL-UK/UCLStrokeData,2067.073,0.009,16551.011,0.009
sub-STUCLUK2424,UCL-UK/UCLStrokeData,5831.331,0.026,46627.348,0.026
sub-STUCLUK2425,UCL-UK/UCLStrokeData,22358.27,0.098,178722.843,0.098
sub-STUCLUK2426,UCL-UK/UCLStrokeData,8879.983,0.039,70934.59,0.039
sub-STUCLUK2427,UCL-UK/UCLStrokeData,6536.938,0.029,52230.758,0.029
sub-STUCLUK2428,UCL-UK/UCLStrokeData,2493.933,0.011,19926.034,0.011
sub-STUCLUK2429,UCL-UK/UCLStrokeData,4673.68,0.02,37298.657,0.02
sub-STUCLUK2430,UCL-UK/UCLStrokeData,5220.399,0.023,41634.371,0.023
sub-STUCLUK2431,UCL-UK/UCLStrokeData,4253.079,0.019,34003.876,0.019
sub-STUCLUK2432,UCL-UK/UCLStrokeData,15407.028,0.067,123180.82,0.067
sub-STUCLUK2433,UCL-UK/UCLStrokeData,6483.989,0.028,51821.242,0.028
sub-STUCLUK2434,UCL-UK/UCLStrokeData,4052.747,0.018,32370.815,0.018
sub-STUCLUK2435,UCL-UK/UCLStrokeData,1824.511,0.008,14542.405,0.008
sub-STUCLUK2436,UCL-UK/UCLStrokeData,27963.792,0.122,223491.843,0.122
sub-STUCLUK2437,UCL-UK/UCLStrokeData,8592.59,0.038,68711.961,0.038
sub-STUCLUK2438,UCL-UK/UCLStrokeData,5618.517,0.025,44912.107,0.025
sub-STUCLUK2439,UCL-UK/UCLStrokeData,1994.191,0.009,15948.096,0.009
sub-STUCLUK2440,UCL-UK/UCLStrokeData,18255.927,0.08,145908.539,0.08
sub-STUCLUK2441,UCL-UK/UCLStrokeData,1005.281,0.004,8033.32,0.004
sub-STUCLUK2442,UCL-UK/UCLStrokeData,1230.77,0.005,9844.084,0.005
sub-STUCLUK2443,UCL-UK/UCLStrokeData,25470.225,0.111,203658.101,0.111
sub-STUCLUK2444,UCL-UK/UCLStrokeData,5541.539,0.024,44334.787,0.024
sub-STUCLUK2445,UCL-UK/UCLStrokeData,45386.0,0.199,362860.101,0.199
sub-STUCLUK2446,UCL-UK/UCLStrokeData,41867.427,0.183,334695.433,0.183
sub-STUCLUK2447,UCL-UK/UCLStrokeData,712.944,0.003,5689.438,0.003
sub-STUCLUK2448,UCL-UK/UCLStrokeData,24494.202,0.107,195849.719,0.107
sub-STUCLUK2449,UCL-UK/UCLStrokeData,1265.365,0.006,10095.663,0.006
sub-STUCLUK2450,UCL-UK/UCLStrokeData,4978.871,0.022,39801.719,0.022
sub-STUCLUK2451,UCL-UK/UCLStrokeData,12659.438,0.055,101127.646,0.055
sub-STUCLUK2452,UCL-UK/UCLStrokeData,838.579,0.004,6682.579,0.004
sub-STUCLUK2453,UCL-UK/UCLStrokeData,14588.612,0.064,116600.832,0.064
sub-STUCLUK2454,UCL-UK/UCLStrokeData,3250.562,0.014,25906.23,0.014
sub-STUCLUK2455,UCL-UK/UCLStrokeData,16115.815,0.071,128876.792,0.071
sub-STUCLUK2456,UCL-UK/UCLStrokeData,1239.888,0.005,9910.354,0.005
sub-STUCLUK2457,UCL-UK/UCLStrokeData,7527.944,0.033,60177.332,0.033
sub-STUCLUK2458,UCL-UK/UCLStrokeData,1897.742,0.008,15142.646,0.008
sub-STUCLUK2459,UCL-UK/UCLStrokeData,2279.618,0.01,18231.91,0.01
sub-STUCLUK2460,UCL-UK/UCLStrokeData,25241.944,0.11,201857.972,0.11
sub-STUCLUK2461,UCL-UK/UCLStrokeData,2175.022,0.01,17363.444,0.01
sub-STUCLUK2462,UCL-UK/UCLStrokeData,9307.152,0.041,74465.371,0.041
sub-STUCLUK2463,UCL-UK/UCLStrokeData,1367.169,0.006,10938.388,0.006
sub-STUCLUK2464,UCL-UK/UCLStrokeData,8655.146,0.038,69254.893,0.038
sub-STUCLUK2465,UCL-UK/UCLStrokeData,4308.011,0.019,34429.253,0.019
sub-STUCLUK2466,UCL-UK/UCLStrokeData,4140.809,0.018,33074.399,0.018
sub-STUCLUK2467,UCL-UK/UCLStrokeData,4245.899,0.019,33918.5,0.019
sub-STUCLUK2468,UCL-UK/UCLStrokeData,16149.011,0.071,129048.332,0.071
sub-STUCLUK2469,UCL-UK/UCLStrokeData,4125.972,0.018,32974.326,0.018
sub-STUCLUK2470,UCL-UK/UCLStrokeData,7402.663,0.032,59138.837,0.032
sub-STUCLUK2471,UCL-UK/UCLStrokeData,3344.511,0.015,26737.354,0.015
sub-STUCLUK2472,UCL-UK/UCLStrokeData,6458.556,0.028,51538.112,0.028
sub-STUCLUK2473,UCL-UK/UCLStrokeData,14207.522,0.062,113576.489,0.062
sub-STUCLUK2474,UCL-UK/UCLStrokeData,8112.978,0.036,64803.478,0.035
sub-STUCLUK2475,UCL-UK/UCLStrokeData,11730.725,0.051,93839.427,0.051
sub-STUCLUK2476,UCL-UK/UCLStrokeData,18114.669,0.079,144771.36,0.079
sub-STUCLUK2477,UCL-UK/UCLStrokeData,26570.247,0.116,212472.742,0.116
sub-STUCLUK2478,UCL-UK/UCLStrokeData,3636.59,0.016,29103.871,0.016
sub-STUCLUK2479,UCL-UK/UCLStrokeData,19413.281,0.085,155231.478,0.085
sub-STUCLUK2480,UCL-UK/UCLStrokeData,565.685,0.002,4515.281,0.002
sub-STUCLUK2481,UCL-UK/UCLStrokeData,15365.489,0.067,122795.062,0.067
sub-STUCLUK2482,UCL-UK/UCLStrokeData,10541.77,0.046,84307.848,0.046
sub-STUCLUK2483,UCL-UK/UCLStrokeData,6187.517,0.027,49473.264,0.027
sub-STUCLUK2484,UCL-UK/UCLStrokeData,3515.096,0.015,28089.792,0.015
sub-STUCLUK2485,UCL-UK/UCLStrokeData,11722.219,0.051,93677.624,0.051
sub-STUCLUK2486,UCL-UK/UCLStrokeData,16126.73,0.071,128850.376,0.071
sub-STUCLUK2487,UCL-UK/UCLStrokeData,2842.702,0.012,22719.438,0.012
sub-STUCLUK2488,UCL-UK/UCLStrokeData,148.972,0.001,1190.528,0.001
sub-STUCLUK2489,UCL-UK/UCLStrokeData,43119.427,0.189,344730.534,0.189
sub-STUCLUK2490,UCL-UK/UCLStrokeData,4499.101,0.02,35930.607,0.02
sub-STUCLUK2491,UCL-UK/UCLStrokeData,1922.691,0.008,15345.68,0.008
sub-STUCLUK2492,UCL-UK/UCLStrokeData,6140.157,0.027,49074.893,0.027
sub-STUCLUK2493,UCL-UK/UCLStrokeData,5207.871,0.023,41665.427,0.023
sub-STUCLUK2494,UCL-UK/UCLStrokeData,12684.624,0.056,101346.848,0.055
sub-STUCLUK2495,UCL-UK/UCLStrokeData,7280.534,0.032,58219.388,0.032
sub-STUCLUK2496,UCL-UK/UCLStrokeData,22955.41,0.1,183519.45,0.1
sub-STUCLUK2497,UCL-UK/UCLStrokeData,4971.775,0.022,39708.719,0.022
sub-STUCLUK2498,UCL-UK/UCLStrokeData,3109.169,0.014,24831.039,0.014
sub-STUCLUK2499,UCL-UK/UCLStrokeData,859.022,0.004,6875.579,0.004
sub-STUCLUK2500,UCL-UK/UCLStrokeData,6536.966,0.029,52167.472,0.029
sub-STUCLUK2501,UCL-UK/UCLStrokeData,5720.815,0.025,45645.185,0.025
sub-STUCLUK2502,UCL-UK/UCLStrokeData,3427.652,0.015,27411.949,0.015
sub-STUCLUK2503,UCL-UK/UCLStrokeData,12618.545,0.055,100866.388,0.055
sub-STUCLUK2504,UCL-UK/UCLStrokeData,8149.343,0.036,65114.219,0.036
sub-STUCLUK2505,UCL-UK/UCLStrokeData,11255.258,0.049,89993.5,0.049
sub-STUCLUK2506,UCL-UK/UCLStrokeData,7741.298,0.034,61827.124,0.034
sub-STUCLUK2507,UCL-UK/UCLStrokeData,3033.854,0.013,24180.64,0.013
sub-STUCLUK2508,UCL-UK/UCLStrokeData,11276.202,0.049,90075.174,0.049
sub-STUCLUK2509,UCL-UK/UCLStrokeData,4097.36,0.018,32788.0,0.018
sub-STUCLUK2510,UCL-UK/UCLStrokeData,27258.011,0.119,217959.393,0.119
sub-STUCLUK2511,UCL-UK/UCLStrokeData,959.416,0.004,7667.669,0.004
sub-STUCLUK2512,UCL-UK/UCLStrokeData,3794.006,0.017,30315.837,0.017
sub-STUCLUK2513,UCL-UK/UCLStrokeData,1613.742,0.007,12898.101,0.007
sub-STUCLUK2514,UCL-UK/UCLStrokeData,5757.039,0.025,46025.421,0.025
sub-STUCLUK2515,UCL-UK/UCLStrokeData,5815.045,0.025,46470.635,0.025
sub-STUCLUK2516,UCL-UK/UCLStrokeData,6807.758,0.03,54446.028,0.03
sub-STUCLUK2517,UCL-UK/UCLStrokeData,19186.107,0.084,153378.523,0.084
sub-STUCLUK2518,UCL-UK/UCLStrokeData,1501.399,0.007,11970.674,0.007
sub-STUCLUK2519,UCL-UK/UCLStrokeData,49533.09,0.217,396102.551,0.217
sub-STUCLUK2520,UCL-UK/UCLStrokeData,11260.511,0.049,90031.972,0.049
sub-STUCLUK2521,UCL-UK/UCLStrokeData,1004.989,0.004,8022.225,0.004
sub-STUCLUK2522,UCL-UK/UCLStrokeData,6310.955,0.028,50429.714,0.028
sub-STUCLUK2523,UCL-UK/UCLStrokeData,7255.64,0.032,57943.601,0.032
sub-STUCLUK2524,UCL-UK/UCLStrokeData,2681.09,0.012,21419.612,0.012
sub-STUCLUK2525,UCL-UK/UCLStrokeData,5476.253,0.024,43773.045,0.024
sub-STUCLUK2526,UCL-UK/UCLStrokeData,3547.292,0.016,28301.084,0.015
sub-STUCLUK2527,UCL-UK/UCLStrokeData,14991.067,0.066,119863.112,0.066
sub-STUCLUK2528,UCL-UK/UCLStrokeData,4482.107,0.02,35843.382,0.02
sub-STUCLUK2529,UCL-UK/UCLStrokeData,11241.601,0.049,89844.921,0.049
sub-STUCLUK2530,UCL-UK/UCLStrokeData,3878.146,0.017,31026.483,0.017
sub-STUCLUK2531,UCL-UK/UCLStrokeData,22887.803,0.1,183041.107,0.1
sub-STUCLUK2532,UCL-UK/UCLStrokeData,432.949,0.002,3476.118,0.002
sub-STUCLUK2533,UCL-UK/UCLStrokeData,4136.315,0.018,33035.961,0.018
sub-STUCLUK2534,UCL-UK/UCLStrokeData,15309.281,0.067,122406.865,0.067
sub-STUCLUK2535,UCL-UK/UCLStrokeData,4413.213,0.019,35279.562,0.019
sub-STUCLUK2536,UCL-UK/UCLStrokeData,184.404,0.001,1470.365,0.001
sub-STUCLUK2537,UCL-UK/UCLStrokeData,2349.708,0.01,18752.927,0.01
sub-STUCLUK2538,UCL-UK/UCLStrokeData,9461.978,0.041,75682.624,0.041
sub-STUCLUK2539,UCL-UK/UCLStrokeData,1647.775,0.007,13188.163,0.007
sub-STUCLUK2540,UCL-UK/UCLStrokeData,1645.287,0.007,13156.725,0.007
sub-STUCLUK2541,UCL-UK/UCLStrokeData,1827.921,0.008,14604.972,0.008
sub-STUCLUK2542,UCL-UK/UCLStrokeData,13507.528,0.059,108034.618,0.059
sub-STUCLUK2543,UCL-UK/UCLStrokeData,7489.618,0.033,59913.708,0.033
sub-STUCLUK2544,UCL-UK/UCLStrokeData,8930.927,0.039,71325.562,0.039
sub-STUCLUK2545,UCL-UK/UCLStrokeData,5758.809,0.025,46098.888,0.025
sub-STUCLUK2546,UCL-UK/UCLStrokeData,4275.461,0.019,34177.427,0.019
sub-STUCLUK2547,UCL-UK/UCLStrokeData,1724.685,0.008,13754.214,0.008
sub-STUCLUK2548,UCL-UK/UCLStrokeData,8591.208,0.038,68638.478,0.038
sub-STUCLUK2549,UCL-UK/UCLStrokeData,6239.86,0.027,49873.815,0.027
sub-STUCLUK2550,UCL-UK/UCLStrokeData,47820.989,0.209,382315.809,0.209
sub-STUCLUK2551,UCL-UK/UCLStrokeData,1283.404,0.006,10267.567,0.006
sub-STUCLUK2552,UCL-UK/UCLStrokeData,16796.652,0.074,134300.759,0.073
sub-STUCLUK2553,UCL-UK/UCLStrokeData,1389.275,0.006,11108.433,0.006
sub-STUCLUK2554,UCL-UK/UCLStrokeData,8665.006,0.038,69297.607,0.038
sub-STUCLUK2555,UCL-UK/UCLStrokeData,9675.315,0.042,77385.27,0.042
sub-STUCLUK2556,UCL-UK/UCLStrokeData,26032.298,0.114,208213.714,0.114
sub-STUCLUK2557,UCL-UK/UCLStrokeData,4667.989,0.02,37289.23,0.02
sub-STUCLUK2558,UCL-UK/UCLStrokeData,3588.708,0.016,28722.489,0.016
sub-STUCLUK2559,UCL-UK/UCLStrokeData,13560.545,0.059,108449.809,0.059
sub-STUCLUK2560,UCL-UK/UCLStrokeData,8725.5,0.038,69762.326,0.038
sub-STUCLUK2561,UCL-UK/UCLStrokeData,16667.292,0.073,133341.073,0.073
sub-STUCLUK2562,UCL-UK/UCLStrokeData,9076.534,0.04,72531.663,0.04
sub-STUCLUK2563,UCL-UK/UCLStrokeData,5806.489,0.025,46483.017,0.025
sub-STUCLUK2564,UCL-UK/UCLStrokeData,1436.921,0.006,11482.905,0.006
sub-STUCLUK2565,UCL-UK/UCLStrokeData,3109.657,0.014,24856.461,0.014
sub-STUCLUK2566,UCL-UK/UCLStrokeData,10216.315,0.045,81663.888,0.045
sub-STUCLUK2567,UCL-UK/UCLStrokeData,1867.511,0.008,14865.27,0.008
sub-STUCLUK2568,UCL-UK/UCLStrokeData,17942.758,0.079,143479.303,0.079
sub-STUCLUK2569,UCL-UK/UCLStrokeData,4388.579,0.019,35122.983,0.019
sub-STUCLUK2570,UCL-UK/UCLStrokeData,7818.169,0.034,62454.034,0.034
sub-STUCLUK2571,UCL-UK/UCLStrokeData,10531.629,0.046,84229.118,0.046
sub-STUCLUK2572,UCL-UK/UCLStrokeData,7705.455,0.034,61624.91,0.034
sub-STUCLUK2573,UCL-UK/UCLStrokeData,10831.011,0.047,86593.472,0.047
sub-STUCLUK2574,UCL-UK/UCLStrokeData,4796.404,0.021,38353.966,0.021
sub-STUCLUK2575,UCL-UK/UCLStrokeData,5431.253,0.024,43329.421,0.024
sub-STUCLUK2576,UCL-UK/UCLStrokeData,2490.163,0.011,19869.315,0.011
sub-STUCLUK2577,UCL-UK/UCLStrokeData,2045.303,0.009,16310.742,0.009
sub-STUCLUK2578,UCL-UK/UCLStrokeData,3710.837,0.016,29668.545,0.016
sub-STUCLUK2579,UCL-UK/UCLStrokeData,4039.427,0.018,32287.522,0.018
sub-STUCLUK2580,UCL-UK/UCLStrokeData,2821.006,0.012,22574.472,0.012
sub-STUCLUK2581,UCL-UK/UCLStrokeData,5405.685,0.024,43254.742,0.024
sub-STUCLUK2582,UCL-UK/UCLStrokeData,6049.348,0.026,48357.579,0.026
sub-STUCLUK2583,UCL-UK/UCLStrokeData,16981.562,0.074,135776.905,0.074
sub-STUCLUK2584,UCL-UK/UCLStrokeData,1483.157,0.006,11836.787,0.006
sub-STUCLUK2585,UCL-UK/UCLStrokeData,10167.803,0.045,81201.163,0.044
sub-STUCLUK2586,UCL-UK/UCLStrokeData,2677.197,0.012,21407.405,0.012
sub-STUCLUK2587,UCL-UK/UCLStrokeData,21040.708,0.092,168223.365,0.092
sub-STUCLUK2588,UCL-UK/UCLStrokeData,1673.433,0.007,13339.961,0.007
sub-STUCLUK2589,UCL-UK/UCLStrokeData,6152.444,0.027,49099.371,0.027
sub-STUCLUK2590,UCL-UK/UCLStrokeData,15631.219,0.068,125033.298,0.068
sub-STUCLUK2591,UCL-UK/UCLStrokeData,3972.86,0.017,31786.264,0.017
sub-STUCLUK2592,UCL-UK/UCLStrokeData,10896.697,0.048,87117.219,0.048
sub-STUCLUK2593,UCL-UK/UCLStrokeData,9031.77,0.04,72151.399,0.039
sub-STUCLUK2594,UCL-UK/UCLStrokeData,3144.039,0.014,25124.579,0.014
sub-STUCLUK2595,UCL-UK/UCLStrokeData,2519.86,0.011,20088.101,0.011
sub-STUCLUK2596,UCL-UK/UCLStrokeData,16434.388,0.072,131441.539,0.072
sub-STUCLUK2597,UCL-UK/UCLStrokeData,13136.702,0.057,105028.972,0.057
sub-STUCLUK2598,UCL-UK/UCLStrokeData,4870.517,0.021,38969.472,0.021
sub-STUCLUK2599,UCL-UK/UCLStrokeData,6520.281,0.029,52077.556,0.029
sub-STUCLUK2600,UCL-UK/UCLStrokeData,718.511,0.003,5725.354,0.003
sub-STUCLUK2601,UCL-UK/UCLStrokeData,833.944,0.004,6674.056,0.004
sub-STUCLUK2602,UCL-UK/UCLStrokeData,13809.14,0.06,110370.725,0.06
sub-STUCLUK2603,UCL-UK/UCLStrokeData,3994.545,0.017,31905.185,0.017
sub-STUCLUK2604,UCL-UK/UCLStrokeData,3499.955,0.015,27993.86,0.015
sub-STUCLUK2605,UCL-UK/UCLStrokeData,2126.096,0.009,16988.09,0.009
sub-STUCLUK2606,UCL-UK/UCLStrokeData,3286.399,0.014,26278.674,0.014
sub-STUCLUK2607,UCL-UK/UCLStrokeData,8846.781,0.039,70666.91,0.039
sub-STUCLUK2608,UCL-UK/UCLStrokeData,4306.742,0.019,34428.163,0.019
sub-STUCLUK2609,UCL-UK/UCLStrokeData,5633.966,0.025,45074.101,0.025
sub-STUCLUK2610,UCL-UK/UCLStrokeData,2138.096,0.009,17076.803,0.009
sub-STUCLUK2611,UCL-UK/UCLStrokeData,14864.309,0.065,118800.174,0.065
sub-STUCLUK2612,UCL-UK/UCLStrokeData,6463.758,0.028,51720.978,0.028
sub-STUCLUK2613,UCL-UK/UCLStrokeData,1797.404,0.008,14373.663,0.008
sub-STUCLUK2614,UCL-UK/UCLStrokeData,7158.421,0.031,57200.871,0.031
sub-STUCLUK2615,UCL-UK/UCLStrokeData,16468.107,0.072,131728.478,0.072
sub-STUCLUK2616,UCL-UK/UCLStrokeData,22071.573,0.097,176385.354,0.097
sub-STUCLUK2617,UCL-UK/UCLStrokeData,4713.483,0.021,37675.045,0.021
sub-STUCLUK2618,UCL-UK/UCLStrokeData,10176.775,0.045,81358.185,0.045
sub-STUCLUK2619,UCL-UK/UCLStrokeData,40358.899,0.177,322718.202,0.177
sub-STUCLUK2620,UCL-UK/UCLStrokeData,7955.596,0.035,63665.146,0.035
sub-STUCLUK2621,UCL-UK/UCLStrokeData,3816.904,0.017,30417.191,0.017
sub-STUCLUK2622,UCL-UK/UCLStrokeData,3606.112,0.016,28782.68,0.016
sub-STUCLUK2623,UCL-UK/UCLStrokeData,8940.163,0.039,71486.27,0.039
sub-STUCLUK2624,UCL-UK/UCLStrokeData,1808.067,0.008,14422.579,0.008
sub-STUCLUK2625,UCL-UK/UCLStrokeData,9514.82,0.042,76119.011,0.042
sub-STUCLUK2626,UCL-UK/UCLStrokeData,8903.966,0.039,71086.927,0.039
sub-STUCLUK2627,UCL-UK/UCLStrokeData,17045.258,0.075,136282.742,0.075
sub-STUCLUK2628,UCL-UK/UCLStrokeData,3523.264,0.015,28155.635,0.015
sub-STUCLUK2629,UCL-UK/UCLStrokeData,9663.596,0.042,77218.056,0.042
sub-STUCLUK2630,UCL-UK/UCLStrokeData,804.983,0.004,6413.399,0.004
sub-STUCLUK2631,UCL-UK/UCLStrokeData,11699.82,0.051,93514.18,0.051
sub-STUCLUK2632,UCL-UK/UCLStrokeData,19958.292,0.087,159589.742,0.087
sub-STUCLUK2633,UCL-UK/UCLStrokeData,419.584,0.002,3349.584,0.002
sub-STUCLUK2634,UCL-UK/UCLStrokeData,3375.573,0.015,26966.208,0.015
sub-STUCLUK2635,UCL-UK/UCLStrokeData,2220.747,0.01,17708.848,0.01
sub-STUCLUK2636,UCL-UK/UCLStrokeData,19.567,0.0,158.343,0.0
sub-STUCLUK2637,UCL-UK/UCLStrokeData,2503.994,0.011,20009.685,0.011
sub-STUCLUK2638,UCL-UK/UCLStrokeData,4733.674,0.021,37862.534,0.021
sub-STUCLUK2639,UCL-UK/UCLStrokeData,3266.101,0.014,26141.916,0.014
sub-STUCLUK2640,UCL-UK/UCLStrokeData,4731.472,0.021,37797.405,0.021
sub-STUCLUK2641,UCL-UK/UCLStrokeData,4847.421,0.021,38779.315,0.021
sub-STUCLUK2642,UCL-UK/UCLStrokeData,2710.124,0.012,21687.921,0.012
sub-STUCLUK2643,UCL-UK/UCLStrokeData,2317.787,0.01,18539.522,0.01
sub-STUCLUK2644,UCL-UK/UCLStrokeData,1670.354,0.007,13345.466,0.007
sub-STUCLUK2645,UCL-UK/UCLStrokeData,3130.421,0.014,25033.691,0.014
sub-STUCLUK2646,UCL-UK/UCLStrokeData,6709.663,0.029,53601.843,0.029
sub-STUCLUK2647,UCL-UK/UCLStrokeData,2309.371,0.01,18479.871,0.01
sub-STUCLUK2648,UCL-UK/UCLStrokeData,8646.107,0.038,69108.376,0.038
sub-STUCLUK2649,UCL-UK/UCLStrokeData,10003.433,0.044,80015.449,0.044
sub-STUCLUK2650,UCL-UK/UCLStrokeData,18524.146,0.081,148145.972,0.081
sub-STUCLUK2651,UCL-UK/UCLStrokeData,1285.135,0.006,10295.331,0.006
sub-STUCLUK2652,UCL-UK/UCLStrokeData,5663.961,0.025,45307.921,0.025
sub-STUCLUK2653,UCL-UK/UCLStrokeData,4929.736,0.022,39336.427,0.022
sub-STUCLUK2654,UCL-UK/UCLStrokeData,4393.528,0.019,35160.478,0.019
sub-STUCLUK2655,UCL-UK/UCLStrokeData,5995.82,0.026,47925.539,0.026
sub-STUCLUK2656,UCL-UK/UCLStrokeData,5780.506,0.025,46185.483,0.025
sub-STUCLUK2657,UCL-UK/UCLStrokeData,23647.298,0.103,189100.697,0.103
sub-STUCLUK2658,UCL-UK/UCLStrokeData,14249.124,0.062,113988.685,0.062
sub-STUCLUK2659,UCL-UK/UCLStrokeData,3368.742,0.015,26864.972,0.015
sub-STUCLUK2660,UCL-UK/UCLStrokeData,1110.815,0.005,8877.955,0.005
sub-STUCLUK2661,UCL-UK/UCLStrokeData,2526.292,0.011,20105.831,0.011
sub-STUCLUK2662,UCL-UK/UCLStrokeData,2360.972,0.01,18882.23,0.01
sub-STUCLUK2663,UCL-UK/UCLStrokeData,92.831,0.0,741.865,0.0
sub-STUCLUK2664,UCL-UK/UCLStrokeData,513.197,0.002,4117.517,0.002
sub-STUCLUK2665,UCL-UK/UCLStrokeData,11884.27,0.052,95083.275,0.052
sub-STUCLUK2666,UCL-UK/UCLStrokeData,8338.18,0.036,66689.82,0.036
sub-STUCLUK2667,UCL-UK/UCLStrokeData,14707.348,0.064,117557.388,0.064
sub-STUCLUK2668,UCL-UK/UCLStrokeData,19344.916,0.085,154674.062,0.085
sub-STUCLUK2669,UCL-UK/UCLStrokeData,169.185,0.001,1358.011,0.001
sub-STUCLUK2670,UCL-UK/UCLStrokeData,3909.242,0.017,31235.146,0.017
sub-STUCLUK2671,UCL-UK/UCLStrokeData,12716.747,0.056,101717.107,0.056
sub-STUCLUK2672,UCL-UK/UCLStrokeData,1071.826,0.005,8558.551,0.005
sub-STUCLUK2673,UCL-UK/UCLStrokeData,1294.247,0.006,10361.708,0.006
sub-STUCLUK2674,UCL-UK/UCLStrokeData,48335.545,0.212,386528.972,0.212
sub-STUCLUK2675,UCL-UK/UCLStrokeData,27630.326,0.121,220968.169,0.121
sub-STUCLUK2676,UCL-UK/UCLStrokeData,6063.146,0.027,48507.865,0.027
sub-STUCLUK2677,UCL-UK/UCLStrokeData,1056.404,0.005,8390.758,0.005
sub-STUCLUK2678,UCL-UK/UCLStrokeData,1626.292,0.007,12987.528,0.007
sub-STUCLUK2679,UCL-UK/UCLStrokeData,9185.275,0.04,73455.882,0.04
sub-STUCLUK2680,UCL-UK/UCLStrokeData,991.876,0.004,7945.989,0.004
sub-STUCLUK2681,UCL-UK/UCLStrokeData,7759.949,0.034,62046.466,0.034
sub-STUCLUK2682,UCL-UK/UCLStrokeData,9751.067,0.043,77940.854,0.043
sub-STUCLUK2683,UCL-UK/UCLStrokeData,39162.719,0.171,313178.539,0.171
sub-STUCLUK2684,UCL-UK/UCLStrokeData,3127.882,0.014,24989.466,0.014
sub-STUCLUK2685,UCL-UK/UCLStrokeData,29877.017,0.131,238925.742,0.131
sub-STUCLUK2686,UCL-UK/UCLStrokeData,11685.522,0.051,93442.18,0.051
sub-STUCLUK2687,UCL-UK/UCLStrokeData,1180.326,0.005,9446.612,0.005
sub-STUCLUK2688,UCL-UK/UCLStrokeData,4477.466,0.02,35841.225,0.02
sub-STUCLUK2689,UCL-UK/UCLStrokeData,1947.781,0.009,15570.017,0.009
sub-STUCLUK2690,UCL-UK/UCLStrokeData,9384.534,0.041,75041.596,0.041
sub-STUCLUK2691,UCL-UK/UCLStrokeData,29456.326,0.129,235486.792,0.129
sub-STUCLUK2692,UCL-UK/UCLStrokeData,16172.573,0.071,129338.916,0.071
sub-STUCLUK2693,UCL-UK/UCLStrokeData,9729.522,0.043,77801.348,0.043
sub-STUCLUK2694,UCL-UK/UCLStrokeData,1115.152,0.005,8906.067,0.005
sub-STUCLUK2695,UCL-UK/UCLStrokeData,12307.579,0.054,98356.865,0.054
sub-STUCLUK2696,UCL-UK/UCLStrokeData,5871.758,0.026,46954.421,0.026
sub-STUCLUK2697,UCL-UK/UCLStrokeData,4831.096,0.021,38613.612,0.021
sub-STUCLUK2698,UCL-UK/UCLStrokeData,13625.545,0.06,108972.09,0.06
sub-STUCLUK2699,UCL-UK/UCLStrokeData,1918.506,0.008,15325.674,0.008
sub-STUCLUK2700,UCL-UK/UCLStrokeData,14190.938,0.062,113444.455,0.062
sub-STUCLUK2701,UCL-UK/UCLStrokeData,18196.287,0.08,145376.86,0.08
sub-STUCLUK2702,UCL-UK/UCLStrokeData,3314.107,0.015,26481.669,0.014
sub-STUCLUK2703,UCL-UK/UCLStrokeData,3253.73,0.014,25972.152,0.014
sub-STUCLUK2704,UCL-UK/UCLStrokeData,2992.185,0.013,23944.303,0.013
sub-STUCLUK2705,UCL-UK/UCLStrokeData,10082.174,0.044,80549.523,0.044
sub-STUCLUK2706,UCL-UK/UCLStrokeData,71.281,0.0,567.202,0.0
sub-STUCLUK2707,UCL-UK/UCLStrokeData,3894.028,0.017,31160.444,0.017
sub-STUCLUK2708,UCL-UK/UCLStrokeData,9004.854,0.039,71985.258,0.039
sub-STUCLUK2709,UCL-UK/UCLStrokeData,10117.652,0.044,80857.011,0.044
sub-STUCLUK2710,UCL-UK/UCLStrokeData,4203.792,0.018,33609.433,0.018
sub-STUCLUK2711,UCL-UK/UCLStrokeData,6149.253,0.027,49179.831,0.027
sub-STUCLUK2712,UCL-UK/UCLStrokeData,3153.708,0.014,25228.843,0.014
sub-STUCLUK2713,UCL-UK/UCLStrokeData,6657.618,0.029,53210.927,0.029
sub-STUCLUK2714,UCL-UK/UCLStrokeData,41152.77,0.18,329027.877,0.18
sub-STUCLUK2715,UCL-UK/UCLStrokeData,21121.079,0.092,168881.854,0.092
sub-STUCLUK2716,UCL-UK/UCLStrokeData,7784.989,0.034,62233.185,0.034
sub-STUCLUK2717,UCL-UK/UCLStrokeData,12006.309,0.053,96002.562,0.053
sub-STUCLUK2718,UCL-UK/UCLStrokeData,610.169,0.003,4891.657,0.003
sub-STUCLUK2719,UCL-UK/UCLStrokeData,8283.528,0.036,66251.298,0.036
sub-STUCLUK2720,UCL-UK/UCLStrokeData,7098.461,0.031,56754.86,0.031
sub-STUCLUK2721,UCL-UK/UCLStrokeData,23979.073,0.105,191694.45,0.105
sub-STUCLUK2722,UCL-UK/UCLStrokeData,12890.382,0.056,103106.371,0.056
sub-STUCLUK2723,UCL-UK/UCLStrokeData,6553.264,0.029,52391.607,0.029
sub-STUCLUK2724,UCL-UK/UCLStrokeData,16133.652,0.071,129008.764,0.071
sub-STUCLUK2725,UCL-UK/UCLStrokeData,5776.202,0.025,46098.079,0.025
sub-STUCLUK2726,UCL-UK/UCLStrokeData,12668.792,0.055,101310.101,0.055
sub-STUCLUK2727,UCL-UK/UCLStrokeData,18204.376,0.08,145606.848,0.08
sub-STUCLUK2728,UCL-UK/UCLStrokeData,12972.86,0.057,103700.612,0.057
sub-STUCLUK2729,UCL-UK/UCLStrokeData,1609.916,0.007,12813.315,0.007
sub-STUCLUK2730,UCL-UK/UCLStrokeData,10569.562,0.046,84454.669,0.046
sub-STUCLUK2731,UCL-UK/UCLStrokeData,1382.899,0.006,11046.652,0.006
sub-STUCLUK2732,UCL-UK/UCLStrokeData,12643.674,0.055,101074.141,0.055
sub-STUCLUK2733,UCL-UK/UCLStrokeData,7054.146,0.031,56439.882,0.031
sub-STUCLUK2734,UCL-UK/UCLStrokeData,14966.309,0.066,119732.865,0.066
sub-STUCLUK2735,UCL-UK/UCLStrokeData,21380.208,0.094,170996.556,0.094
sub-STUCLUK2736,UCL-UK/UCLStrokeData,3666.556,0.016,29320.86,0.016
sub-STUCLUK2737,UCL-UK/UCLStrokeData,11653.41,0.051,93203.101,0.051
sub-STUCLUK2738,UCL-UK/UCLStrokeData,1356.86,0.006,10828.449,0.006
sub-STUCLUK2739,UCL-UK/UCLStrokeData,2163.657,0.009,17313.197,0.009
sub-STUCLUK2740,UCL-UK/UCLStrokeData,13994.405,0.061,111910.972,0.061
sub-STUCLUK2741,UCL-UK/UCLStrokeData,5993.916,0.026,47932.382,0.026
sub-STUCLUK2742,UCL-UK/UCLStrokeData,5456.354,0.024,43619.775,0.024
sub-STUCLUK2743,UCL-UK/UCLStrokeData,40277.129,0.176,322073.197,0.176
sub-STUCLUK2744,UCL-UK/UCLStrokeData,510.213,0.002,4088.039,0.002
sub-STUCLUK2745,UCL-UK/UCLStrokeData,2116.0,0.009,16918.938,0.009
sub-STUCLUK2746,UCL-UK/UCLStrokeData,11335.787,0.05,90655.118,0.05
sub-STUCLUK2747,UCL-UK/UCLStrokeData,22269.438,0.097,178027.534,0.097
sub-STUCLUK2748,UCL-UK/UCLStrokeData,7752.753,0.034,61987.112,0.034
sub-STUCLUK2749,UCL-UK/UCLStrokeData,13109.787,0.057,104831.663,0.057
sub-STUCLUK2750,UCL-UK/UCLStrokeData,24666.022,0.108,197279.303,0.108
sub-STUCLUK2751,UCL-UK/UCLStrokeData,3830.73,0.017,30567.938,0.017
sub-STUCLUK2752,UCL-UK/UCLStrokeData,8978.562,0.039,71811.966,0.039
sub-STUCLUK2753,UCL-UK/UCLStrokeData,5735.59,0.025,45894.045,0.025
sub-STUCLUK2754,UCL-UK/UCLStrokeData,22963.281,0.101,183638.062,0.101
sub-STUCLUK2755,UCL-UK/UCLStrokeData,4629.933,0.02,36912.163,0.02
sub-STUCLUK2756,UCL-UK/UCLStrokeData,5276.612,0.023,42183.163,0.023
sub-STUCLUK2757,UCL-UK/UCLStrokeData,11567.309,0.051,92459.837,0.051
sub-STUCLUK2758,UCL-UK/UCLStrokeData,7288.624,0.032,58223.663,0.032
sub-STUCLUK2759,UCL-UK/UCLStrokeData,9332.534,0.041,74548.596,0.041
sub-STUCLUK2760,UCL-UK/UCLStrokeData,5496.208,0.024,43934.596,0.024
sub-STUCLUK2761,UCL-UK/UCLStrokeData,6722.034,0.029,53777.253,0.029
sub-STUCLUK2762,UCL-UK/UCLStrokeData,8941.966,0.039,71495.91,0.039
sub-STUCLUK2763,UCL-UK/UCLStrokeData,4912.32,0.021,39271.708,0.021
sub-STUCLUK2764,UCL-UK/UCLStrokeData,25395.949,0.111,203052.613,0.111
sub-STUCLUK2765,UCL-UK/UCLStrokeData,9687.775,0.042,77513.972,0.042
sub-STUCLUK2766,UCL-UK/UCLStrokeData,5261.573,0.023,42052.275,0.023
sub-STUCLUK2767,UCL-UK/UCLStrokeData,19712.82,0.086,157636.787,0.086
sub-STUCLUK2768,UCL-UK/UCLStrokeData,233.893,0.001,1867.865,0.001
sub-STUCLUK2769,UCL-UK/UCLStrokeData,10520.865,0.046,84091.86,0.046
sub-STUCLUK2770,UCL-UK/UCLStrokeData,3790.438,0.017,30297.809,0.017
sub-STUCLUK2771,UCL-UK/UCLStrokeData,4903.775,0.021,39215.242,0.021
sub-STUCLUK2772,UCL-UK/UCLStrokeData,2211.848,0.01,17611.146,0.01
sub-STUCLUK2773,UCL-UK/UCLStrokeData,2947.444,0.013,23498.579,0.013
sub-STUCLUK2774,UCL-UK/UCLStrokeData,5477.292,0.024,43838.725,0.024
sub-STUCLUK2775,UCL-UK/UCLStrokeData,3217.247,0.014,25699.86,0.014
sub-STUCLUK2776,UCL-UK/UCLStrokeData,67.961,0.0,542.096,0.0
sub-STUCLUK2777,UCL-UK/UCLStrokeData,6218.657,0.027,49695.944,0.027
sub-STUCLUK2778,UCL-UK/UCLStrokeData,1731.433,0.008,13830.483,0.008
sub-STUCLUK2779,UCL-UK/UCLStrokeData,2270.725,0.01,18144.388,0.01
sub-STUCLUK2780,UCL-UK/UCLStrokeData,502.354,0.002,4017.893,0.002
sub-STUCLUK2781,UCL-UK/UCLStrokeData,16804.657,0.074,134314.978,0.074
sub-STUCLUK2782,UCL-UK/UCLStrokeData,43554.017,0.191,348319.882,0.191
sub-STUCLUK2783,UCL-UK/UCLStrokeData,24089.826,0.105,192541.506,0.105
sub-STUCLUK2784,UCL-UK/UCLStrokeData,31606.348,0.138,252801.09,0.138
sub-STUCLUK2785,UCL-UK/UCLStrokeData,4829.506,0.021,38589.663,0.021
sub-STUCLUK2786,UCL-UK/UCLStrokeData,26776.646,0.117,214108.612,0.117
sub-STUCLUK2787,UCL-UK/UCLStrokeData,2360.202,0.01,18846.185,0.01
sub-STUCLUK2788,UCL-UK/UCLStrokeData,6947.596,0.03,55576.354,0.03
sub-STUCLUK2789,UCL-UK/UCLStrokeData,6052.652,0.026,48416.562,0.026
sub-STUCLUK2790,UCL-UK/UCLStrokeData,54838.551,0.24,438381.247,0.24
sub-STUCLUK2791,UCL-UK/UCLStrokeData,2712.298,0.012,21666.545,0.012
sub-STUCLUK2792,UCL-UK/UCLStrokeData,29852.848,0.131,238711.775,0.131
sub-STUCLUK2793,UCL-UK/UCLStrokeData,9965.815,0.044,79685.59,0.044
sub-STUCLUK2794,UCL-UK/UCLStrokeData,5677.185,0.025,45394.185,0.025
sub-STUCLUK2795,UCL-UK/UCLStrokeData,1856.961,0.008,14831.646,0.008
sub-STUCLUK2796,UCL-UK/UCLStrokeData,1287.708,0.006,10313.663,0.006
sub-STUCLUK2797,UCL-UK/UCLStrokeData,10776.112,0.047,86211.989,0.047
sub-STUCLUK2798,UCL-UK/UCLStrokeData,11307.405,0.049,90472.95,0.05
sub-STUCLUK2799,UCL-UK/UCLStrokeData,11210.59,0.049,89592.629,0.049
sub-STUCLUK2800,UCL-UK/UCLStrokeData,9682.225,0.042,77372.135,0.042
sub-STUCLUK2801,UCL-UK/UCLStrokeData,4479.685,0.02,35828.079,0.02
sub-STUCLUK2802,UCL-UK/UCLStrokeData,14467.848,0.063,115712.865,0.063
sub-STUCLUK2803,UCL-UK/UCLStrokeData,3967.264,0.017,31618.624,0.017
sub-STUCLUK2804,UCL-UK/UCLStrokeData,938.747,0.004,7513.348,0.004
sub-STUCLUK2805,UCL-UK/UCLStrokeData,22931.753,0.1,183427.635,0.1
sub-STUCLUK2806,UCL-UK/UCLStrokeData,4880.596,0.021,38998.073,0.021
sub-STUCLUK2807,UCL-UK/UCLStrokeData,6640.64,0.029,53076.972,0.029
sub-STUCLUK2808,UCL-UK/UCLStrokeData,30083.949,0.132,240464.955,0.132
sub-STUCLUK2809,UCL-UK/UCLStrokeData,11513.702,0.05,92009.607,0.05
sub-STUCLUK2810,UCL-UK/UCLStrokeData,3346.039,0.015,26734.416,0.015
sub-STUCLUK2811,UCL-UK/UCLStrokeData,12545.343,0.055,100309.191,0.055
sub-STUCLUK2812,UCL-UK/UCLStrokeData,5604.36,0.025,44839.506,0.025
sub-STUCLUK2813,UCL-UK/UCLStrokeData,7731.933,0.034,61852.242,0.034
sub-STUCLUK2814,UCL-UK/UCLStrokeData,31818.281,0.139,254357.197,0.139
sub-STUCLUK2815,UCL-UK/UCLStrokeData,14453.472,0.063,115477.994,0.063
sub-STUCLUK2816,UCL-UK/UCLStrokeData,392.331,0.002,3147.685,0.002
sub-STUCLUK2817,UCL-UK/UCLStrokeData,7503.028,0.033,60044.506,0.033
sub-STUCLUK2818,UCL-UK/UCLStrokeData,2291.427,0.01,18347.646,0.01
sub-STUCLUK2819,UCL-UK/UCLStrokeData,28035.208,0.123,224147.214,0.123
sub-STUCLUK2820,UCL-UK/UCLStrokeData,10716.129,0.047,85587.854,0.047
sub-STUCLUK2821,UCL-UK/UCLStrokeData,4632.775,0.02,36971.556,0.02
sub-STUCLUK2822,UCL-UK/UCLStrokeData,17615.022,0.077,140923.309,0.077
sub-STUCLUK2823,UCL-UK/UCLStrokeData,1442.657,0.006,11541.225,0.006
sub-STUCLUK2824,UCL-UK/UCLStrokeData,1936.331,0.008,15437.348,0.008
sub-STUCLUK2825,UCL-UK/UCLStrokeData,5155.444,0.023,41129.64,0.023
sub-STUCLUK2826,UCL-UK/UCLStrokeData,9260.972,0.041,73995.455,0.04
sub-STUCLUK2827,UCL-UK/UCLStrokeData,3925.511,0.017,31309.478,0.017
sub-STUCLUK2828,UCL-UK/UCLStrokeData,5887.657,0.026,47038.152,0.026
sub-STUCLUK2829,UCL-UK/UCLStrokeData,23042.444,0.101,184178.933,0.101
sub-STUCLUK2830,UCL-UK/UCLStrokeData,4689.758,0.021,37486.163,0.021
sub-STUCLUK2831,UCL-UK/UCLStrokeData,29927.079,0.131,239265.73,0.131
sub-STUCLUK2832,UCL-UK/UCLStrokeData,21007.427,0.092,167973.141,0.092
sub-STUCLUK2833,UCL-UK/UCLStrokeData,6648.107,0.029,53159.787,0.029
sub-STUCLUK2834,UCL-UK/UCLStrokeData,6594.691,0.029,52754.994,0.029
sub-STUCLUK2835,UCL-UK/UCLStrokeData,2582.551,0.011,20675.949,0.011
sub-STUCLUK2836,UCL-UK/UCLStrokeData,3834.051,0.017,30687.337,0.017
sub-STUCLUK2837,UCL-UK/UCLStrokeData,13770.579,0.06,110096.466,0.06
sub-STUCLUK2838,UCL-UK/UCLStrokeData,4481.573,0.02,35851.539,0.02
sub-STUCLUK2839,UCL-UK/UCLStrokeData,10955.966,0.048,87514.624,0.048
sub-STUCLUK2840,UCL-UK/UCLStrokeData,4083.09,0.018,32609.573,0.018
sub-STUCLUK2841,UCL-UK/UCLStrokeData,3539.854,0.015,28310.567,0.015
sub-STUCLUK2842,UCL-UK/UCLStrokeData,4629.607,0.02,36983.118,0.02
sub-STUCLUK2843,UCL-UK/UCLStrokeData,2417.225,0.011,19286.202,0.011
sub-STUCLUK2844,UCL-UK/UCLStrokeData,2555.579,0.011,20433.433,0.011
sub-STUCLUK2845,UCL-UK/UCLStrokeData,2881.191,0.013,23067.579,0.013
sub-STUCLUK2846,UCL-UK/UCLStrokeData,19.129,0.0,151.815,0.0
sub-STUCLUK2847,UCL-UK/UCLStrokeData,7497.371,0.033,59948.579,0.033
sub-STUCLUK2848,UCL-UK/UCLStrokeData,9932.0,0.043,79391.449,0.043
sub-STUCLUK2849,UCL-UK/UCLStrokeData,388.421,0.002,3099.59,0.002
sub-STUCLUK2850,UCL-UK/UCLStrokeData,5248.73,0.023,41969.646,0.023
sub-STUCLUK2851,UCL-UK/UCLStrokeData,4598.455,0.02,36759.421,0.02
sub-STUCLUK2852,UCL-UK/UCLStrokeData,177.051,0.001,1409.899,0.001
sub-STUCLUK2853,UCL-UK/UCLStrokeData,2279.944,0.01,18195.798,0.01
sub-STUCLUK2854,UCL-UK/UCLStrokeData,1439.713,0.006,11487.725,0.006
sub-STUCLUK2855,UCL-UK/UCLStrokeData,1176.961,0.005,9414.202,0.005
sub-STUCLUK2856,UCL-UK/UCLStrokeData,13893.882,0.061,111033.483,0.061
sub-STUCLUK2857,UCL-UK/UCLStrokeData,3556.949,0.016,28453.719,0.016
sub-STUCLUK2858,UCL-UK/UCLStrokeData,710.135,0.003,5661.382,0.003
sub-STUCLUK2859,UCL-UK/UCLStrokeData,4730.961,0.021,37866.803,0.021
sub-STUCLUK2860,UCL-UK/UCLStrokeData,24886.331,0.109,199033.545,0.109
sub-STUCLUK2861,UCL-UK/UCLStrokeData,24300.725,0.106,194347.68,0.106
sub-STUCLUK2862,UCL-UK/UCLStrokeData,12050.803,0.053,96339.337,0.053
sub-STUCLUK2863,UCL-UK/UCLStrokeData,3154.017,0.014,25162.27,0.014
sub-STUCLUK2864,UCL-UK/UCLStrokeData,8770.483,0.038,70140.719,0.038
sub-STUCLUK2865,UCL-UK/UCLStrokeData,8955.556,0.039,71609.865,0.039
sub-STUCLUK2866,UCL-UK/UCLStrokeData,16110.5,0.071,128860.91,0.071
sub-STUCLUK2867,UCL-UK/UCLStrokeData,16334.753,0.071,130526.028,0.071
sub-STUCLUK2868,UCL-UK/UCLStrokeData,11196.146,0.049,89565.444,0.049
sub-STUCLUK2869,UCL-UK/UCLStrokeData,11050.899,0.048,88386.517,0.048
sub-STUCLUK2870,UCL-UK/UCLStrokeData,2127.539,0.009,17013.905,0.009
sub-STUCLUK2871,UCL-UK/UCLStrokeData,1436.303,0.006,11420.933,0.006
sub-STUCLUK2872,UCL-UK/UCLStrokeData,1824.871,0.008,14597.803,0.008
sub-STUCLUK2873,UCL-UK/UCLStrokeData,23383.034,0.102,186918.528,0.102
sub-STUCLUK2874,UCL-UK/UCLStrokeData,22694.713,0.099,181493.607,0.099
sub-STUCLUK2875,UCL-UK/UCLStrokeData,17465.944,0.076,139663.41,0.076
sub-STUCLUK2876,UCL-UK/UCLStrokeData,1196.781,0.005,9560.247,0.005
sub-STUCLUK2877,UCL-UK/UCLStrokeData,751.23,0.003,5999.551,0.003
sub-STUCLUK2878,UCL-UK/UCLStrokeData,1610.157,0.007,12874.303,0.007
sub-STUCLUK2879,UCL-UK/UCLStrokeData,4491.152,0.02,35860.629,0.02
sub-STUCLUK2880,UCL-UK/UCLStrokeData,3098.281,0.014,24712.528,0.014
sub-STUCLUK2881,UCL-UK/UCLStrokeData,1424.517,0.006,11385.905,0.006
sub-STUCLUK2882,UCL-UK/UCLStrokeData,7072.921,0.031,56556.23,0.031
sub-STUCLUK2883,UCL-UK/UCLStrokeData,271.421,0.001,2177.118,0.001
sub-STUCLUK2884,UCL-UK/UCLStrokeData,9086.101,0.04,72656.326,0.04
sub-STUCLUK2885,UCL-UK/UCLStrokeData,16482.23,0.072,131744.067,0.072
sub-STUCLUK2886,UCL-UK/UCLStrokeData,31525.022,0.138,252052.259,0.138
sub-STUCLUK2887,UCL-UK/UCLStrokeData,26041.449,0.114,208253.551,0.114
sub-STUCLUK2888,UCL-UK/UCLStrokeData,11700.809,0.051,93514.657,0.051
sub-STUCLUK2889,UCL-UK/UCLStrokeData,28611.612,0.125,228816.152,0.125
sub-STUCLUK2890,UCL-UK/UCLStrokeData,3795.253,0.017,30261.028,0.017
sub-STUCLUK2891,UCL-UK/UCLStrokeData,7697.955,0.034,61534.607,0.034
sub-STUCLUK2892,UCL-UK/UCLStrokeData,3453.118,0.015,27622.792,0.015
sub-STUCLUK2893,UCL-UK/UCLStrokeData,1047.18,0.005,8387.713,0.005
sub-STUCLUK2894,UCL-UK/UCLStrokeData,7285.41,0.032,58220.124,0.032
sub-STUCLUK2895,UCL-UK/UCLStrokeData,1914.798,0.008,15250.124,0.008
sub-STUCLUK2896,UCL-UK/UCLStrokeData,3773.275,0.017,30190.197,0.017
sub-STUCLUK2897,UCL-UK/UCLStrokeData,8818.416,0.039,70542.382,0.039
sub-STUCLUK2898,UCL-UK/UCLStrokeData,1144.758,0.005,9152.079,0.005
sub-STUCLUK2899,UCL-UK/UCLStrokeData,4420.292,0.019,35346.91,0.019
sub-STUCLUK2900,UCL-UK/UCLStrokeData,2397.5,0.01,19184.719,0.01
sub-STUCLUK2901,UCL-UK/UCLStrokeData,864.191,0.004,6887.073,0.004
sub-STUCLUK2902,UCL-UK/UCLStrokeData,11282.584,0.049,90119.826,0.049
sub-STUCLUK2903,UCL-UK/UCLStrokeData,4988.764,0.022,39899.236,0.022
sub-STUCLUK2904,UCL-UK/UCLStrokeData,6047.483,0.026,48332.343,0.026
sub-STUCLUK2905,UCL-UK/UCLStrokeData,8445.68,0.037,67527.876,0.037
sub-STUCLUK2906,UCL-UK/UCLStrokeData,2841.747,0.012,22627.798,0.012
sub-STUCLUK2907,UCL-UK/UCLStrokeData,5171.202,0.023,41303.629,0.023
sub-STUCLUK2908,UCL-UK/UCLStrokeData,4315.792,0.019,34480.303,0.019
sub-STUCLUK2909,UCL-UK/UCLStrokeData,10121.028,0.044,80884.096,0.044
sub-STUCLUK2910,UCL-UK/UCLStrokeData,584.949,0.003,4674.933,0.003
sub-STUCLUK2911,UCL-UK/UCLStrokeData,1389.084,0.006,11104.36,0.006
sub-STUCLUK2912,UCL-UK/UCLStrokeData,1304.764,0.006,10437.972,0.006
sub-STUCLUK2913,UCL-UK/UCLStrokeData,13915.225,0.061,111239.809,0.061
sub-STUCLUK2914,UCL-UK/UCLStrokeData,2171.736,0.01,17362.483,0.01
sub-STUCLUK2915,UCL-UK/UCLStrokeData,4384.073,0.019,35061.449,0.019
sub-STUCLUK2916,UCL-UK/UCLStrokeData,3799.612,0.017,30400.82,0.017
sub-STUCLUK2917,UCL-UK/UCLStrokeData,3499.23,0.015,27989.949,0.015
sub-STUCLUK2918,UCL-UK/UCLStrokeData,7092.652,0.031,56728.051,0.031
sub-STUCLUK2919,UCL-UK/UCLStrokeData,7146.36,0.031,57101.421,0.031
sub-STUCLUK2920,UCL-UK/UCLStrokeData,3081.079,0.013,24621.933,0.013
sub-STUCLUK2921,UCL-UK/UCLStrokeData,1274.629,0.006,10146.365,0.006
sub-STUCLUK2922,UCL-UK/UCLStrokeData,5206.517,0.023,41639.64,0.023
sub-STUCLUK2923,UCL-UK/UCLStrokeData,3880.388,0.017,31043.876,0.017
sub-STUCLUK2924,UCL-UK/UCLStrokeData,2124.86,0.009,16987.522,0.009
sub-STUCLUK2925,UCL-UK/UCLStrokeData,1354.68,0.006,10784.017,0.006
sub-STUCLUK2926,UCL-UK/UCLStrokeData,3082.028,0.013,24644.989,0.013
sub-STUCLUK2927,UCL-UK/UCLStrokeData,8179.708,0.036,65340.714,0.036
sub-STUCLUK2928,UCL-UK/UCLStrokeData,2388.815,0.01,19091.354,0.01
sub-STUCLUK2929,UCL-UK/UCLStrokeData,9513.253,0.042,76050.837,0.042
sub-STUCLUK2930,UCL-UK/UCLStrokeData,4128.084,0.018,32909.91,0.018
sub-STUCLUK2931,UCL-UK/UCLStrokeData,462.461,0.002,3688.489,0.002
sub-STUCLUK2932,UCL-UK/UCLStrokeData,6710.242,0.029,53657.062,0.029
sub-STUCLUK2933,UCL-UK/UCLStrokeData,20275.084,0.089,162047.135,0.089
sub-STUCLUK2934,UCL-UK/UCLStrokeData,2884.236,0.013,23069.545,0.013
sub-STUCLUK2935,UCL-UK/UCLStrokeData,13573.483,0.059,108547.416,0.059
sub-STUCLUK2936,UCL-UK/UCLStrokeData,1378.404,0.006,11014.933,0.006
sub-STUCLUK2937,UCL-UK/UCLStrokeData,23548.787,0.103,188263.579,0.103
sub-STUCLUK2938,UCL-UK/UCLStrokeData,2355.545,0.01,18785.775,0.01
sub-STUCLUK2939,UCL-UK/UCLStrokeData,8068.427,0.035,64494.157,0.035
sub-STUCLUK2940,UCL-UK/UCLStrokeData,7518.14,0.033,60173.787,0.033
sub-STUCLUK2941,UCL-UK/UCLStrokeData,1061.079,0.005,8480.157,0.005
sub-STUCLUK2942,UCL-UK/UCLStrokeData,5712.23,0.025,45711.096,0.025
sub-STUCLUK2943,UCL-UK/UCLStrokeData,3124.348,0.014,24913.669,0.014
sub-STUCLUK2944,UCL-UK/UCLStrokeData,9326.652,0.041,74629.815,0.041
sub-STUCLUK2945,UCL-UK/UCLStrokeData,1192.427,0.005,9547.871,0.005
sub-STUCLUK2946,UCL-UK/UCLStrokeData,1327.5,0.006,10559.022,0.006
sub-STUCLUK2947,UCL-UK/UCLStrokeData,6442.556,0.028,51462.084,0.028
sub-STUCLUK2948,UCL-UK/UCLStrokeData,11313.084,0.05,90433.096,0.049
sub-STUCLUK2949,UCL-UK/UCLStrokeData,17644.489,0.077,141091.506,0.077
sub-STUCLUK2950,UCL-UK/UCLStrokeData,2723.404,0.012,21731.236,0.012
sub-STUCLUK2951,UCL-UK/UCLStrokeData,714.635,0.003,5722.629,0.003
sub-STUCLUK2952,UCL-UK/UCLStrokeData,11180.472,0.049,89426.421,0.049
sub-STUCLUK2953,UCL-UK/UCLStrokeData,6112.405,0.027,48862.169,0.027
sub-STUCLUK2954,UCL-UK/UCLStrokeData,4624.18,0.02,36988.045,0.02
sub-STUCLUK2955,UCL-UK/UCLStrokeData,22228.382,0.097,177639.68,0.097
sub-STUCLUK2956,UCL-UK/UCLStrokeData,7145.388,0.031,57162.433,0.031
sub-STUCLUK2957,UCL-UK/UCLStrokeData,673.68,0.003,5359.303,0.003
sub-STUCLUK2958,UCL-UK/UCLStrokeData,7343.579,0.032,58703.652,0.032
sub-STUCLUK2959,UCL-UK/UCLStrokeData,2563.669,0.011,20494.522,0.011
sub-STUCLUK2960,UCL-UK/UCLStrokeData,2173.247,0.01,17309.697,0.009
sub-STUCLUK2961,UCL-UK/UCLStrokeData,16547.073,0.072,132307.124,0.072
sub-STUCLUK2962,UCL-UK/UCLStrokeData,5313.292,0.023,42374.163,0.023
sub-STUCLUK2963,UCL-UK/UCLStrokeData,3306.933,0.014,26421.5,0.014
sub-STUCLUK2964,UCL-UK/UCLStrokeData,14445.59,0.063,115434.775,0.063
sub-STUCLUK2965,UCL-UK/UCLStrokeData,2431.899,0.011,19454.433,0.011
sub-STUCLUK2966,UCL-UK/UCLStrokeData,22947.489,0.1,183526.214,0.1
sub-STUCLUK2967,UCL-UK/UCLStrokeData,7447.101,0.033,59558.669,0.033
sub-STUCLUK2968,UCL-UK/UCLStrokeData,7239.826,0.032,57797.332,0.032
sub-STUCLUK2969,UCL-UK/UCLStrokeData,7988.444,0.035,63854.775,0.035
sub-STUCLUK2970,UCL-UK/UCLStrokeData,4208.697,0.018,33641.163,0.018
sub-STUCLUK2971,UCL-UK/UCLStrokeData,9237.899,0.04,73885.506,0.04
sub-STUCLUK2972,UCL-UK/UCLStrokeData,887.708,0.004,7087.584,0.004
sub-STUCLUK2973,UCL-UK/UCLStrokeData,17245.775,0.075,137852.921,0.075
sub-STUCLUK2974,UCL-UK/UCLStrokeData,1890.197,0.008,15090.843,0.008
sub-STUCLUK2975,UCL-UK/UCLStrokeData,5973.399,0.026,47750.483,0.026
sub-STUCLUK2976,UCL-UK/UCLStrokeData,21052.736,0.092,168383.736,0.092
sub-STUCLUK2977,UCL-UK/UCLStrokeData,3907.315,0.017,31239.331,0.017
sub-STUCLUK2978,UCL-UK/UCLStrokeData,2033.393,0.009,16250.18,0.009
sub-STUCLUK2979,UCL-UK/UCLStrokeData,25046.506,0.11,200280.652,0.11
sub-STUCLUK2980,UCL-UK/UCLStrokeData,11149.556,0.049,89075.5,0.049
sub-STUCLUK2981,UCL-UK/UCLStrokeData,17536.725,0.077,140116.084,0.077
sub-STUCLUK2982,UCL-UK/UCLStrokeData,4501.82,0.02,35935.556,0.02
sub-STUCLUK2983,UCL-UK/UCLStrokeData,7455.41,0.033,59580.051,0.033
sub-STUCLUK2984,UCL-UK/UCLStrokeData,24513.905,0.107,195950.775,0.107
sub-STUCLUK2985,UCL-UK/UCLStrokeData,2936.601,0.013,23507.815,0.013
sub-STUCLUK2986,UCL-UK/UCLStrokeData,4075.067,0.018,32491.315,0.018
sub-STUCLUK2987,UCL-UK/UCLStrokeData,4679.112,0.02,37411.933,0.02
sub-STUCLUK2988,UCL-UK/UCLStrokeData,10111.59,0.044,80789.86,0.044
sub-STUCLUK2989,UCL-UK/UCLStrokeData,24957.966,0.109,199626.545,0.109
sub-STUCLUK2990,UCL-UK/UCLStrokeData,22252.174,0.097,177924.399,0.097
sub-STUCLUK2991,UCL-UK/UCLStrokeData,699.14,0.003,5608.618,0.003
sub-STUCLUK2992,UCL-UK/UCLStrokeData,5488.472,0.024,43850.433,0.024
sub-STUCLUK2993,UCL-UK/UCLStrokeData,3310.416,0.014,26386.787,0.014
sub-STUCLUK2994,UCL-UK/UCLStrokeData,4998.657,0.022,39936.82,0.022
sub-STUCLUK2995,UCL-UK/UCLStrokeData,9412.702,0.041,75216.264,0.041
sub-STUCLUK2996,UCL-UK/UCLStrokeData,1750.708,0.008,13959.32,0.008
sub-STUCLUK2997,UCL-UK/UCLStrokeData,101.921,0.0,820.82,0.0
sub-STUCLUK2998,UCL-UK/UCLStrokeData,9043.629,0.04,72312.905,0.04
sub-STUCLUK2999,UCL-UK/UCLStrokeData,3617.41,0.016,28963.747,0.016
sub-STUCLUK3000,UCL-UK/UCLStrokeData,14976.062,0.066,119623.877,0.065
sub-STUCLUK3001,UCL-UK/UCLStrokeData,2546.236,0.011,20308.921,0.011
sub-STUCLUK3002,UCL-UK/UCLStrokeData,19145.438,0.084,153008.292,0.084
sub-STUCLUK3003,UCL-UK/UCLStrokeData,1403.573,0.006,11172.663,0.006
sub-STUCLUK3004,UCL-UK/UCLStrokeData,18604.112,0.081,148760.068,0.081
sub-STUCLUK3005,UCL-UK/UCLStrokeData,2946.994,0.013,23599.135,0.013
sub-STUCLUK3006,UCL-UK/UCLStrokeData,1267.713,0.006,10137.073,0.006
sub-STUCLUK3007,UCL-UK/UCLStrokeData,23522.23,0.103,188064.652,0.103
sub-STUCLUK3008,UCL-UK/UCLStrokeData,7609.258,0.033,60796.573,0.033
sub-STUCLUK3009,UCL-UK/UCLStrokeData,1492.601,0.007,11905.556,0.007
sub-STUCLUK3010,UCL-UK/UCLStrokeData,2287.292,0.01,18266.326,0.01
sub-STUCLUK3011,UCL-UK/UCLStrokeData,15227.573,0.067,121724.933,0.067
sub-STUCLUK3012,UCL-UK/UCLStrokeData,1547.455,0.007,12361.483,0.007
sub-STUCLUK3013,UCL-UK/UCLStrokeData,13353.101,0.058,106775.0,0.058
sub-STUCLUK3014,UCL-UK/UCLStrokeData,5267.185,0.023,42066.039,0.023
sub-STUCLUK3015,UCL-UK/UCLStrokeData,4478.747,0.02,35837.719,0.02
sub-STUCLUK3016,UCL-UK/UCLStrokeData,7739.0,0.034,61876.051,0.034
sub-STUCLUK3017,UCL-UK/UCLStrokeData,15392.405,0.067,123103.146,0.067
sub-STUCLUK3018,UCL-UK/UCLStrokeData,13010.051,0.057,103998.624,0.057
sub-STUCLUK3019,UCL-UK/UCLStrokeData,2975.916,0.013,23802.337,0.013
sub-STUCLUK3020,UCL-UK/UCLStrokeData,924.09,0.004,7388.017,0.004
sub-STUCLUK3021,UCL-UK/UCLStrokeData,26508.933,0.116,212007.494,0.116
sub-STUCLUK3022,UCL-UK/UCLStrokeData,6975.129,0.031,55808.264,0.031
sub-STUCLUK3023,UCL-UK/UCLStrokeData,2432.067,0.011,19445.781,0.011
sub-STUCLUK3024,UCL-UK/UCLStrokeData,4832.983,0.021,38603.438,0.021
sub-STUCLUK3025,UCL-UK/UCLStrokeData,62.815,0.0,505.287,0.0
sub-STUCLUK3026,UCL-UK/UCLStrokeData,9701.011,0.042,77484.708,0.042
sub-STUCLUK3027,UCL-UK/UCLStrokeData,467.438,0.002,3753.73,0.002
sub-STUCLUK3028,UCL-UK/UCLStrokeData,21218.702,0.093,169572.079,0.093
sub-STUCLUK3029,UCL-UK/UCLStrokeData,9266.41,0.041,74140.612,0.041
sub-STUCLUK3030,UCL-UK/UCLStrokeData,6750.466,0.03,53961.669,0.03
sub-STUCLUK3031,UCL-UK/UCLStrokeData,990.545,0.004,7928.624,0.004
sub-STUCLUK3032,UCL-UK/UCLStrokeData,4745.511,0.021,37896.045,0.021
sub-STUCLUK3033,UCL-UK/UCLStrokeData,7962.781,0.035,63668.41,0.035
sub-STUCLUK3034,UCL-UK/UCLStrokeData,15746.045,0.069,125853.91,0.069
sub-STUCLUK3035,UCL-UK/UCLStrokeData,17066.725,0.075,136517.708,0.075
sub-STUCLUK3036,UCL-UK/UCLStrokeData,14882.208,0.065,119010.905,0.065
sub-STUCLUK3037,UCL-UK/UCLStrokeData,2209.787,0.01,17643.629,0.01
sub-STUCLUK3038,UCL-UK/UCLStrokeData,7710.871,0.034,61694.961,0.034
sub-STUCLUK3039,UCL-UK/UCLStrokeData,12149.483,0.053,97087.865,0.053
sub-STUCLUK3040,UCL-UK/UCLStrokeData,5022.011,0.022,40219.809,0.022
sub-STUCLUK3041,UCL-UK/UCLStrokeData,42717.539,0.187,341566.736,0.187
sub-STUCLUK3042,UCL-UK/UCLStrokeData,3899.039,0.017,31163.624,0.017
sub-STUCLUK3043,UCL-UK/UCLStrokeData,32386.309,0.142,258931.73,0.142
sub-STUCLUK3044,UCL-UK/UCLStrokeData,4103.837,0.018,32750.09,0.018
sub-STUCLUK3045,UCL-UK/UCLStrokeData,12741.264,0.056,101973.197,0.056
sub-STUCLUK3046,UCL-UK/UCLStrokeData,9627.601,0.042,76931.011,0.042
sub-STUCLUK3047,UCL-UK/UCLStrokeData,27670.062,0.121,221144.899,0.121
sub-STUCLUK3048,UCL-UK/UCLStrokeData,8421.376,0.037,67258.281,0.037
sub-STUCLUK3049,UCL-UK/UCLStrokeData,14241.101,0.062,113804.309,0.062
sub-STUCLUK3050,UCL-UK/UCLStrokeData,3213.045,0.014,25609.343,0.014
sub-STUCLUK3051,UCL-UK/UCLStrokeData,23922.522,0.105,191273.146,0.105
sub-STUCLUK3052,UCL-UK/UCLStrokeData,12045.702,0.053,96266.416,0.053
sub-STUCLUK3053,UCL-UK/UCLStrokeData,8490.831,0.037,67914.978,0.037
sub-STUCLUK3054,UCL-UK/UCLStrokeData,2701.893,0.012,21576.292,0.012
sub-STUCLUK3055,UCL-UK/UCLStrokeData,699.702,0.003,5557.483,0.003
sub-STUCLUK3056,UCL-UK/UCLStrokeData,2799.157,0.012,22346.466,0.012
sub-STUCLUK3057,UCL-UK/UCLStrokeData,102.449,0.0,820.27,0.0
sub-STUCLUK3058,UCL-UK/UCLStrokeData,14996.719,0.066,119919.742,0.066
sub-STUCLUK3059,UCL-UK/UCLStrokeData,10938.517,0.048,87432.837,0.048
sub-STUCLUK3060,UCL-UK/UCLStrokeData,2476.792,0.011,19791.337,0.011
sub-STUCLUK3061,UCL-UK/UCLStrokeData,14875.461,0.065,118932.157,0.065
sub-STUCLUK3062,UCL-UK/UCLStrokeData,2597.522,0.011,20762.944,0.011
sub-STUCLUK3063,UCL-UK/UCLStrokeData,17765.253,0.078,142032.259,0.078
sub-STUCLUK3064,UCL-UK/UCLStrokeData,10965.522,0.048,87638.966,0.048
sub-STUCLUK3065,UCL-UK/UCLStrokeData,2247.657,0.01,17954.899,0.01
sub-STUCLUK3066,UCL-UK/UCLStrokeData,6797.803,0.03,54335.607,0.03
sub-STUCLUK3067,UCL-UK/UCLStrokeData,4141.5,0.018,33115.652,0.018
sub-STUCLUK3068,UCL-UK/UCLStrokeData,4731.039,0.021,37801.343,0.021
sub-STUCLUK3069,UCL-UK/UCLStrokeData,7709.792,0.034,61615.298,0.034
sub-STUCLUK3070,UCL-UK/UCLStrokeData,7037.118,0.031,56263.657,0.031
sub-STUCLUK3071,UCL-UK/UCLStrokeData,6297.73,0.028,50334.905,0.028
sub-STUCLUK3072,UCL-UK/UCLStrokeData,20521.483,0.09,164081.472,0.09
sub-STUCLUK3073,UCL-UK/UCLStrokeData,8308.185,0.036,66444.77,0.036
sub-STUCLUK3074,UCL-UK/UCLStrokeData,7256.624,0.032,57940.416,0.032
sub-STUCLUK3075,UCL-UK/UCLStrokeData,8805.118,0.039,70449.584,0.039
sub-STUCLUK3076,UCL-UK/UCLStrokeData,15156.882,0.066,121164.096,0.066
sub-STUCLUK3077,UCL-UK/UCLStrokeData,997.972,0.004,7944.669,0.004
sub-STUCLUK3078,UCL-UK/UCLStrokeData,7032.14,0.031,56218.107,0.031
sub-STUCLUK3079,UCL-UK/UCLStrokeData,4186.888,0.018,33500.472,0.018
sub-STUCLUK3080,UCL-UK/UCLStrokeData,2195.163,0.01,17558.944,0.01
sub-STUCLUK3081,UCL-UK/UCLStrokeData,3198.899,0.014,25540.309,0.014
sub-STUCLUK3082,UCL-UK/UCLStrokeData,5917.36,0.026,47305.303,0.026
sub-STUCLUK3083,UCL-UK/UCLStrokeData,12563.365,0.055,100438.084,0.055
sub-STUCLUK3084,UCL-UK/UCLStrokeData,13632.011,0.06,109029.528,0.06
sub-STUCLUK3085,UCL-UK/UCLStrokeData,7924.494,0.035,63372.124,0.035
sub-STUCLUK3086,UCL-UK/UCLStrokeData,29419.124,0.129,235198.933,0.129
sub-STUCLUK3087,UCL-UK/UCLStrokeData,31623.433,0.138,252926.472,0.138
sub-STUCLUK3088,UCL-UK/UCLStrokeData,5909.888,0.026,47217.225,0.026
sub-STUCLUK3089,UCL-UK/UCLStrokeData,8859.298,0.039,70839.348,0.039
sub-STUCLUK3090,UCL-UK/UCLStrokeData,39087.09,0.171,312613.208,0.171
sub-STUCLUK3091,UCL-UK/UCLStrokeData,4138.837,0.018,33111.365,0.018
sub-STUCLUK3092,UCL-UK/UCLStrokeData,22785.86,0.1,182106.084,0.1
sub-STUCLUK3093,UCL-UK/UCLStrokeData,31908.607,0.14,255161.933,0.14
sub-STUCLUK3094,UCL-UK/UCLStrokeData,2283.124,0.01,18257.865,0.01
sub-STUCLUK3095,UCL-UK/UCLStrokeData,14603.23,0.064,116701.539,0.064
sub-STUCLUK3096,UCL-UK/UCLStrokeData,21914.781,0.096,175167.562,0.096
sub-STUCLUK3097,UCL-UK/UCLStrokeData,258.191,0.001,2076.579,0.001
sub-STUCLUK3098,UCL-UK/UCLStrokeData,2073.787,0.009,16498.247,0.009
sub-STUCLUK3099,UCL-UK/UCLStrokeData,14729.433,0.064,117707.152,0.064
sub-STUCLUK3100,UCL-UK/UCLStrokeData,12016.489,0.053,96115.214,0.053
sub-STUCLUK3101,UCL-UK/UCLStrokeData,12327.298,0.054,98568.427,0.054
sub-STUCLUK3102,UCL-UK/UCLStrokeData,38548.202,0.169,308184.309,0.169
sub-STUCLUK3103,UCL-UK/UCLStrokeData,8805.135,0.039,70378.118,0.039
sub-STUCLUK3104,UCL-UK/UCLStrokeData,18400.185,0.081,147117.056,0.081
sub-STUCLUK3105,UCL-UK/UCLStrokeData,8357.624,0.037,66766.916,0.037
sub-STUCLUK3106,UCL-UK/UCLStrokeData,559.82,0.002,4462.584,0.002
sub-STUCLUK3107,UCL-UK/UCLStrokeData,17996.736,0.079,143952.118,0.079
sub-STUCLUK3108,UCL-UK/UCLStrokeData,158.82,0.001,1266.73,0.001
sub-STUCLUK3109,UCL-UK/UCLStrokeData,3599.691,0.016,28738.702,0.016
sub-STUCLUK3110,UCL-UK/UCLStrokeData,16593.315,0.073,132583.691,0.073
sub-STUCLUK3111,UCL-UK/UCLStrokeData,18082.747,0.079,144619.978,0.079
sub-STUCLUK3112,UCL-UK/UCLStrokeData,5484.287,0.024,43777.343,0.024
sub-STUCLUK3113,UCL-UK/UCLStrokeData,27616.079,0.121,220861.191,0.121
sub-STUCLUK3114,UCL-UK/UCLStrokeData,19043.528,0.083,152240.163,0.083
sub-STUCLUK3115,UCL-UK/UCLStrokeData,7403.938,0.032,59138.764,0.032
sub-STUCLUK3116,UCL-UK/UCLStrokeData,3222.944,0.014,25778.916,0.014
sub-STUCLUK3117,UCL-UK/UCLStrokeData,3234.522,0.014,25801.23,0.014
sub-STUCLUK3118,UCL-UK/UCLStrokeData,4621.618,0.02,36922.938,0.02
sub-STUCLUK3119,UCL-UK/UCLStrokeData,43241.736,0.189,345758.186,0.189
sub-STUCLUK3120,UCL-UK/UCLStrokeData,1975.067,0.009,15740.77,0.009
sub-STUCLUK3121,UCL-UK/UCLStrokeData,5194.067,0.023,41483.332,0.023
sub-STUCLUK3122,UCL-UK/UCLStrokeData,20400.292,0.089,163155.186,0.089
sub-STUCLUK3123,UCL-UK/UCLStrokeData,7391.798,0.032,59047.944,0.032
sub-STUCLUK3124,UCL-UK/UCLStrokeData,16299.045,0.071,130320.899,0.071
sub-STUCLUK3125,UCL-UK/UCLStrokeData,1111.489,0.005,8847.551,0.005
sub-STUCLUK3126,UCL-UK/UCLStrokeData,1676.983,0.007,13403.056,0.007
sub-STUCLUK3127,UCL-UK/UCLStrokeData,11538.073,0.05,92275.152,0.05
sub-STUCLUK3128,UCL-UK/UCLStrokeData,5775.062,0.025,46140.888,0.025
sub-STUCLUK3129,UCL-UK/UCLStrokeData,2511.5,0.011,20059.449,0.011
sub-STUCLUK3130,UCL-UK/UCLStrokeData,15160.27,0.066,121176.876,0.066
sub-STUCLUK3131,UCL-UK/UCLStrokeData,19290.107,0.084,154315.955,0.084
sub-STUCLUK3132,UCL-UK/UCLStrokeData,556.994,0.002,4451.567,0.002
sub-STUCLUK3133,UCL-UK/UCLStrokeData,3638.034,0.016,29109.337,0.016
sub-STUCLUK3134,UCL-UK/UCLStrokeData,2200.292,0.01,17563.067,0.01
sub-STUCLUK3135,UCL-UK/UCLStrokeData,5626.006,0.025,44940.45,0.025
sub-STUCLUK3136,UCL-UK/UCLStrokeData,20750.545,0.091,165881.405,0.091
sub-STUCLUK3137,UCL-UK/UCLStrokeData,6947.225,0.03,55527.641,0.03
sub-STUCLUK3138,UCL-UK/UCLStrokeData,3662.854,0.016,29321.433,0.016
sub-STUCLUK3139,UCL-UK/UCLStrokeData,5164.242,0.023,41327.376,0.023
sub-STUCLUK3140,UCL-UK/UCLStrokeData,34791.382,0.152,278155.017,0.152
sub-STUCLUK3141,UCL-UK/UCLStrokeData,1806.674,0.008,14424.343,0.008
sub-STUCLUK3142,UCL-UK/UCLStrokeData,3321.607,0.015,26554.758,0.015
sub-STUCLUK3143,UCL-UK/UCLStrokeData,6741.545,0.03,53863.826,0.029
sub-STUCLUK3144,UCL-UK/UCLStrokeData,9480.388,0.041,75870.5,0.042
sub-STUCLUK3145,UCL-UK/UCLStrokeData,466.539,0.002,3719.511,0.002
sub-STUCLUK3146,UCL-UK/UCLStrokeData,1598.506,0.007,12763.742,0.007
sub-STUCLUK3147,UCL-UK/UCLStrokeData,39441.214,0.173,315378.899,0.173
sub-STUCLUK3148,UCL-UK/UCLStrokeData,6370.685,0.028,50976.624,0.028
sub-STUCLUK3149,UCL-UK/UCLStrokeData,3908.865,0.017,31147.663,0.017
sub-STUCLUK3150,UCL-UK/UCLStrokeData,14458.938,0.063,115583.028,0.063
sub-STUCLUK3151,UCL-UK/UCLStrokeData,1777.017,0.008,14138.039,0.008
sub-STUCLUK3152,UCL-UK/UCLStrokeData,4351.028,0.019,34769.152,0.019
sub-STUCLUK3153,UCL-UK/UCLStrokeData,13319.522,0.058,106463.91,0.058
sub-STUCLUK3154,UCL-UK/UCLStrokeData,2805.955,0.012,22368.309,0.012
sub-STUCLUK3155,UCL-UK/UCLStrokeData,6687.781,0.029,53504.573,0.029
sub-STUCLUK3156,UCL-UK/UCLStrokeData,14029.365,0.061,112184.399,0.061
sub-STUCLUK3157,UCL-UK/UCLStrokeData,5782.433,0.025,46210.989,0.025
sub-STUCLUK3158,UCL-UK/UCLStrokeData,11178.202,0.049,89382.517,0.049
sub-STUCLUK3159,UCL-UK/UCLStrokeData,14215.927,0.062,113676.258,0.062
sub-STUCLUK3160,UCL-UK/UCLStrokeData,1175.225,0.005,9415.815,0.005
sub-STUCLUK3161,UCL-UK/UCLStrokeData,9029.803,0.04,72113.961,0.039
sub-STUCLUK3162,UCL-UK/UCLStrokeData,3505.247,0.015,28042.478,0.015
sub-STUCLUK3163,UCL-UK/UCLStrokeData,6483.326,0.028,51833.494,0.028
sub-STUCLUK3164,UCL-UK/UCLStrokeData,1921.669,0.008,15348.843,0.008
sub-STUCLUK3165,UCL-UK/UCLStrokeData,423.933,0.002,3387.848,0.002
sub-STUCLUK3166,UCL-UK/UCLStrokeData,18893.68,0.083,151108.051,0.083
sub-STUCLUK3167,UCL-UK/UCLStrokeData,7898.388,0.035,63064.483,0.035
sub-STUCLUK3168,UCL-UK/UCLStrokeData,8632.062,0.038,69065.612,0.038
sub-STUCLUK3169,UCL-UK/UCLStrokeData,2377.562,0.01,18994.916,0.01
sub-STUCLUK3170,UCL-UK/UCLStrokeData,22698.77,0.099,181493.045,0.099
sub-STUCLUK3171,UCL-UK/UCLStrokeData,9929.067,0.043,79420.163,0.043
sub-STUCLUK3172,UCL-UK/UCLStrokeData,9929.197,0.043,79350.657,0.043
sub-STUCLUK3173,UCL-UK/UCLStrokeData,9051.36,0.04,72351.107,0.04
sub-STUCLUK3174,UCL-UK/UCLStrokeData,10065.073,0.044,80370.011,0.044
sub-STUCLUK3175,UCL-UK/UCLStrokeData,13501.051,0.059,107971.287,0.059
sub-STUCLUK3176,UCL-UK/UCLStrokeData,3474.365,0.015,27764.096,0.015
sub-STUCLUK3177,UCL-UK/UCLStrokeData,12199.955,0.053,97510.163,0.053
sub-STUCLUK3178,UCL-UK/UCLStrokeData,16281.905,0.071,130161.011,0.071
sub-STUCLUK3179,UCL-UK/UCLStrokeData,3049.663,0.013,24338.775,0.013
sub-STUCLUK3180,UCL-UK/UCLStrokeData,19921.247,0.087,159311.989,0.087
sub-STUCLUK3181,UCL-UK/UCLStrokeData,9492.629,0.042,75884.77,0.042
sub-STUCLUK3182,UCL-UK/UCLStrokeData,8627.202,0.038,69093.978,0.038
sub-STUCLUK3183,UCL-UK/UCLStrokeData,228.461,0.001,1822.399,0.001
sub-STUCLUK3184,UCL-UK/UCLStrokeData,501.303,0.002,3998.567,0.002
sub-STUCLUK3185,UCL-UK/UCLStrokeData,6720.079,0.029,53712.77,0.029
sub-STUCLUK3186,UCL-UK/UCLStrokeData,4855.983,0.021,38694.747,0.021
sub-STUCLUK3187,UCL-UK/UCLStrokeData,2231.635,0.01,17833.848,0.01
sub-STUCLUK3188,UCL-UK/UCLStrokeData,3920.466,0.017,31319.944,0.017
sub-STUCLUK3189,UCL-UK/UCLStrokeData,6275.062,0.027,50174.067,0.027
sub-STUCLUK3190,UCL-UK/UCLStrokeData,1559.152,0.007,12472.214,0.007
sub-STUCLUK3191,UCL-UK/UCLStrokeData,13623.202,0.06,108984.494,0.06
sub-STUCLUK3192,UCL-UK/UCLStrokeData,39338.112,0.172,314468.95,0.172
sub-STUCLUK3193,UCL-UK/UCLStrokeData,5059.303,0.022,40452.73,0.022
sub-STUCLUK3194,UCL-UK/UCLStrokeData,15914.219,0.07,127269.348,0.07
sub-STUCLUK3195,UCL-UK/UCLStrokeData,25969.921,0.114,207586.079,0.114
sub-STUCLUK3196,UCL-UK/UCLStrokeData,17284.079,0.076,138156.938,0.076
sub-STUCLUK3197,UCL-UK/UCLStrokeData,8230.674,0.036,65841.938,0.036
sub-STUCLUK3198,UCL-UK/UCLStrokeData,1604.573,0.007,12836.146,0.007
sub-STUCLUK3199,UCL-UK/UCLStrokeData,4284.562,0.019,34270.14,0.019
sub-STUCLUK3200,UCL-UK/UCLStrokeData,38115.938,0.167,304874.101,0.167
sub-STUCLUK3201,UCL-UK/UCLStrokeData,3957.146,0.017,31656.202,0.017
sub-STUCLUK3202,UCL-UK/UCLStrokeData,12325.876,0.054,98572.056,0.054
sub-STUCLUK3203,UCL-UK/UCLStrokeData,6347.169,0.028,50771.815,0.028
sub-STUCLUK3204,UCL-UK/UCLStrokeData,6714.792,0.029,53636.461,0.029
sub-STUCLUK3205,UCL-UK/UCLStrokeData,4900.73,0.021,39173.888,0.021
sub-STUCLUK3206,UCL-UK/UCLStrokeData,4871.573,0.021,39009.629,0.021
sub-STUCLUK3207,UCL-UK/UCLStrokeData,13154.287,0.058,105209.865,0.058
sub-STUCLUK3208,UCL-UK/UCLStrokeData,302.14,0.001,2415.91,0.001
sub-STUCLUK3209,UCL-UK/UCLStrokeData,2279.82,0.01,18169.629,0.01
sub-STUCLUK3210,UCL-UK/UCLStrokeData,3107.601,0.014,24823.567,0.014
sub-STUCLUK3211,UCL-UK/UCLStrokeData,3728.596,0.016,29765.062,0.016
sub-STUCLUK3212,UCL-UK/UCLStrokeData,25843.135,0.113,206736.219,0.113
sub-STUCLUK3213,UCL-UK/UCLStrokeData,16040.91,0.07,128281.905,0.07
sub-STUCLUK3214,UCL-UK/UCLStrokeData,17574.539,0.077,140510.489,0.077
sub-STUCLUK3215,UCL-UK/UCLStrokeData,6121.275,0.027,48903.528,0.027
sub-STUCLUK3216,UCL-UK/UCLStrokeData,3904.522,0.017,31191.045,0.017
sub-STUCLUK3217,UCL-UK/UCLStrokeData,7171.876,0.031,57267.955,0.031
sub-STUCLUK3218,UCL-UK/UCLStrokeData,25060.101,0.11,200399.865,0.11
sub-STUCLUK3219,UCL-UK/UCLStrokeData,27336.944,0.12,218549.747,0.12
sub-STUCLUK3220,UCL-UK/UCLStrokeData,3179.466,0.014,25387.185,0.014
sub-STUCLUK3221,UCL-UK/UCLStrokeData,1863.579,0.008,14875.702,0.008
sub-STUCLUK3222,UCL-UK/UCLStrokeData,2801.129,0.012,22314.961,0.012
sub-STUCLUK3223,UCL-UK/UCLStrokeData,646.787,0.003,5169.545,0.003
sub-STUCLUK3224,UCL-UK/UCLStrokeData,413.994,0.002,3314.489,0.002
sub-STUCLUK3225,UCL-UK/UCLStrokeData,5608.174,0.025,44816.14,0.025
sub-STUCLUK3226,UCL-UK/UCLStrokeData,10922.258,0.048,87350.208,0.048
sub-STUCLUK3227,UCL-UK/UCLStrokeData,858.674,0.004,6854.242,0.004
sub-STUCLUK3228,UCL-UK/UCLStrokeData,5078.64,0.022,40572.483,0.022
sub-STUCLUK3229,UCL-UK/UCLStrokeData,867.865,0.004,6933.983,0.004
sub-STUCLUK3230,UCL-UK/UCLStrokeData,3270.978,0.014,26151.275,0.014
sub-STUCLUK3231,UCL-UK/UCLStrokeData,5419.837,0.024,43348.174,0.024
sub-STUCLUK3232,UCL-UK/UCLStrokeData,11558.09,0.051,92418.421,0.051
sub-STUCLUK3233,UCL-UK/UCLStrokeData,1053.848,0.005,8399.534,0.005
sub-STUCLUK3234,UCL-UK/UCLStrokeData,27771.596,0.122,222084.444,0.122
sub-STUCLUK3235,UCL-UK/UCLStrokeData,20317.955,0.089,162454.86,0.089
sub-STUCLUK3236,UCL-UK/UCLStrokeData,3665.905,0.016,29338.888,0.016
sub-STUCLUK3237,UCL-UK/UCLStrokeData,1731.826,0.008,13866.629,0.008
sub-STUCLUK3238,UCL-UK/UCLStrokeData,9279.365,0.041,74176.028,0.041
sub-STUCLUK3239,UCL-UK/UCLStrokeData,38643.028,0.169,308962.905,0.169
sub-STUCLUK3240,UCL-UK/UCLStrokeData,10581.174,0.046,84600.68,0.046
sub-STUCLUK3241,UCL-UK/UCLStrokeData,5035.41,0.022,40147.09,0.022
sub-STUCLUK3242,UCL-UK/UCLStrokeData,6223.876,0.027,49777.556,0.027
sub-STUCLUK3243,UCL-UK/UCLStrokeData,6886.905,0.03,55004.135,0.03
sub-STUCLUK3244,UCL-UK/UCLStrokeData,3241.64,0.014,25922.657,0.014
sub-STUCLUK3245,UCL-UK/UCLStrokeData,1891.725,0.008,15075.354,0.008
sub-STUCLUK3246,UCL-UK/UCLStrokeData,599.826,0.003,4770.489,0.003
sub-STUCLUK3247,UCL-UK/UCLStrokeData,15886.612,0.07,127109.096,0.07
sub-STUCLUK3248,UCL-UK/UCLStrokeData,10685.034,0.047,85490.174,0.047
sub-STUCLUK3249,UCL-UK/UCLStrokeData,11020.691,0.048,88142.921,0.048
sub-STUCLUK3250,UCL-UK/UCLStrokeData,835.421,0.004,6649.281,0.004
sub-STUCLUK3251,UCL-UK/UCLStrokeData,16483.736,0.072,131823.579,0.072
sub-STUCLUK3252,UCL-UK/UCLStrokeData,42493.236,0.186,339731.36,0.186
sub-STUCLUK3253,UCL-UK/UCLStrokeData,3342.978,0.015,26716.826,0.015
sub-STUCLUK3254,UCL-UK/UCLStrokeData,880.697,0.004,7045.865,0.004
sub-STUCLUK3255,UCL-UK/UCLStrokeData,2398.758,0.01,19094.213,0.01
sub-STUCLUK3256,UCL-UK/UCLStrokeData,1277.191,0.006,10141.893,0.006
sub-STUCLUK3257,UCL-UK/UCLStrokeData,3580.787,0.016,28634.191,0.016
sub-STUCLUK3258,UCL-UK/UCLStrokeData,7556.472,0.033,60362.629,0.033
sub-STUCLUK3259,UCL-UK/UCLStrokeData,2091.809,0.009,16688.062,0.009
sub-STUCLUK3260,UCL-UK/UCLStrokeData,44798.601,0.196,358191.781,0.196
sub-STUCLUK3261,UCL-UK/UCLStrokeData,1273.326,0.006,10159.579,0.006
sub-STUCLUK3262,UCL-UK/UCLStrokeData,7162.062,0.031,57203.461,0.031
sub-STUCLUK3263,UCL-UK/UCLStrokeData,4953.348,0.022,39629.213,0.022
sub-STUCLUK3264,UCL-UK/UCLStrokeData,11818.888,0.052,94504.118,0.052
sub-STUCLUK3265,UCL-UK/UCLStrokeData,10319.506,0.045,82510.337,0.045
sub-STUCLUK3266,UCL-UK/UCLStrokeData,2388.197,0.01,19080.714,0.01
sub-STUCLUK3267,UCL-UK/UCLStrokeData,29500.382,0.129,235819.905,0.129
sub-STUCLUK3268,UCL-UK/UCLStrokeData,4167.657,0.018,33334.73,0.018
sub-STUCLUK3269,UCL-UK/UCLStrokeData,2925.511,0.013,23421.253,0.013
sub-STUCLUK3270,UCL-UK/UCLStrokeData,37113.573,0.162,296703.23,0.162
sub-STUCLUK3271,UCL-UK/UCLStrokeData,2043.944,0.009,16331.719,0.009
sub-STUCLUK3272,UCL-UK/UCLStrokeData,14383.056,0.063,115006.73,0.063
sub-STUCLUK3273,UCL-UK/UCLStrokeData,5014.225,0.022,40017.214,0.022
sub-STUCLUK3274,UCL-UK/UCLStrokeData,24705.388,0.108,197500.775,0.108
sub-STUCLUK3275,UCL-UK/UCLStrokeData,1621.854,0.007,12933.185,0.007
sub-STUCLUK3276,UCL-UK/UCLStrokeData,7155.427,0.031,57234.084,0.031
sub-STUCLUK3277,UCL-UK/UCLStrokeData,12373.23,0.054,98963.787,0.054
sub-STUCLUK3278,UCL-UK/UCLStrokeData,457.494,0.002,3660.483,0.002
sub-STUCLUK3279,UCL-UK/UCLStrokeData,27369.5,0.12,218858.641,0.12
sub-STUCLUK3280,UCL-UK/UCLStrokeData,1953.517,0.009,15627.978,0.009
sub-STUCLUK3281,UCL-UK/UCLStrokeData,47420.084,0.208,379091.135,0.207
sub-STUCLUK3282,UCL-UK/UCLStrokeData,34485.933,0.151,275795.416,0.151
sub-STUCLUK3283,UCL-UK/UCLStrokeData,31133.405,0.136,248891.214,0.136
sub-STUCLUK3284,UCL-UK/UCLStrokeData,36434.775,0.159,291341.039,0.159
sub-STUCLUK3285,UCL-UK/UCLStrokeData,8687.713,0.038,69452.832,0.038
sub-STUCLUK3286,UCL-UK/UCLStrokeData,7196.157,0.031,57508.185,0.031
sub-STUCLUK3287,UCL-UK/UCLStrokeData,35078.747,0.154,280558.843,0.154
sub-STUCLUK3288,UCL-UK/UCLStrokeData,3282.882,0.014,26198.36,0.014
sub-STUCLUK3289,UCL-UK/UCLStrokeData,470.584,0.002,3751.955,0.002
sub-STUCLUK3290,UCL-UK/UCLStrokeData,2307.315,0.01,18428.051,0.01
sub-STUCLUK3291,UCL-UK/UCLStrokeData,7288.14,0.032,58211.09,0.032
sub-STUCLUK3292,UCL-UK/UCLStrokeData,15463.826,0.068,123587.478,0.068
sub-STUCLUK3293,UCL-UK/UCLStrokeData,423.691,0.002,3369.281,0.002
sub-STUCLUK3294,UCL-UK/UCLStrokeData,14367.36,0.063,114843.77,0.063
sub-STUCLUK3295,UCL-UK/UCLStrokeData,50949.354,0.223,407410.18,0.223
sub-STUCLUK3296,UCL-UK/UCLStrokeData,10187.309,0.045,81468.961,0.045
sub-STUCLUK3297,UCL-UK/UCLStrokeData,26455.82,0.116,211488.169,0.116
sub-STUCLUK3298,UCL-UK/UCLStrokeData,6907.691,0.03,55153.646,0.03
sub-STUCLUK3299,UCL-UK/UCLStrokeData,2447.208,0.011,19528.416,0.011
sub-STUCLUK3300,UCL-UK/UCLStrokeData,6331.208,0.028,50628.191,0.028
sub-STUCLUK3301,UCL-UK/UCLStrokeData,4786.567,0.021,38263.955,0.021
sub-STUCLUK3302,UCL-UK/UCLStrokeData,11547.702,0.051,92246.641,0.05
sub-STUCLUK3303,UCL-UK/UCLStrokeData,21152.433,0.093,169097.562,0.093
sub-STUCLUK3304,UCL-UK/UCLStrokeData,272.742,0.001,2185.433,0.001
sub-STUCLUK3305,UCL-UK/UCLStrokeData,3615.062,0.016,28822.202,0.016
sub-STUCLUK3306,UCL-UK/UCLStrokeData,1292.045,0.006,10332.989,0.006
sub-STUCLUK3307,UCL-UK/UCLStrokeData,1588.955,0.007,12663.303,0.007
sub-STUCLUK3308,UCL-UK/UCLStrokeData,1429.753,0.006,11432.079,0.006
sub-STUCLUK3309,UCL-UK/UCLStrokeData,459.107,0.002,3679.056,0.002
sub-STUCLUK3310,UCL-UK/UCLStrokeData,8699.18,0.038,69529.961,0.038
sub-STUCLUK3311,UCL-UK/UCLStrokeData,15171.444,0.066,121331.129,0.066
sub-STUCLUK3312,UCL-UK/UCLStrokeData,15457.315,0.068,123537.466,0.068
sub-STUCLUK3313,UCL-UK/UCLStrokeData,19616.449,0.086,156756.938,0.086
sub-STUCLUK3314,UCL-UK/UCLStrokeData,2343.573,0.01,18737.59,0.01
sub-STUCLUK3315,UCL-UK/UCLStrokeData,5171.955,0.023,41354.832,0.023
sub-STUCLUK3316,UCL-UK/UCLStrokeData,14392.084,0.063,114994.124,0.063
sub-STUCLUK3317,UCL-UK/UCLStrokeData,8936.904,0.039,71405.438,0.039
sub-STUCLUK3318,UCL-UK/UCLStrokeData,23378.983,0.102,186959.624,0.102
sub-STUCLUK3319,UCL-UK/UCLStrokeData,16496.14,0.072,131890.303,0.072
sub-STUCLUK3320,UCL-UK/UCLStrokeData,42406.14,0.186,339020.04,0.186
sub-STUCLUK3321,UCL-UK/UCLStrokeData,23862.191,0.104,190796.124,0.104
sub-STUCLUK3322,UCL-UK/UCLStrokeData,13513.124,0.059,108044.146,0.059
sub-STUCLUK3323,UCL-UK/UCLStrokeData,5919.994,0.026,47343.843,0.026
sub-STUCLUK3324,UCL-UK/UCLStrokeData,48377.056,0.212,386821.405,0.212
sub-STUCLUK3325,UCL-UK/UCLStrokeData,3119.14,0.014,24889.354,0.014
sub-STUCLUK3326,UCL-UK/UCLStrokeData,12838.348,0.056,102655.354,0.056
sub-STUCLUK3327,UCL-UK/UCLStrokeData,12115.961,0.053,96824.455,0.053
sub-STUCLUK3328,UCL-UK/UCLStrokeData,4169.23,0.018,33371.938,0.018
sub-STUCLUK3329,UCL-UK/UCLStrokeData,57915.876,0.253,463051.899,0.253
sub-STUCLUK3330,UCL-UK/UCLStrokeData,18985.09,0.083,151706.242,0.083
sub-STUCLUK3331,UCL-UK/UCLStrokeData,15021.854,0.066,120147.551,0.066
sub-STUCLUK3332,UCL-UK/UCLStrokeData,383.573,0.002,3060.461,0.002
sub-STUCLUK3333,UCL-UK/UCLStrokeData,30070.096,0.132,240438.348,0.132
sub-STUCLUK3334,UCL-UK/UCLStrokeData,6485.713,0.028,51870.944,0.028
sub-STUCLUK3335,UCL-UK/UCLStrokeData,7751.371,0.034,61957.624,0.034
sub-STUCLUK3336,UCL-UK/UCLStrokeData,38100.214,0.167,304549.927,0.167
sub-STUCLUK3337,UCL-UK/UCLStrokeData,824.702,0.004,6589.663,0.004
sub-STUCLUK3338,UCL-UK/UCLStrokeData,22721.292,0.099,181665.247,0.099
sub-STUCLUK3339,UCL-UK/UCLStrokeData,979.708,0.004,7828.506,0.004
sub-STUCLUK3340,UCL-UK/UCLStrokeData,7782.775,0.034,62214.185,0.034
sub-STUCLUK3341,UCL-UK/UCLStrokeData,17995.163,0.079,143764.562,0.079
sub-STUCLUK3342,UCL-UK/UCLStrokeData,39805.966,0.174,318150.893,0.174
sub-STUCLUK3343,UCL-UK/UCLStrokeData,1676.91,0.007,13382.77,0.007
sub-STUCLUK3344,UCL-UK/UCLStrokeData,7203.051,0.032,57512.764,0.031
sub-STUCLUK3345,UCL-UK/UCLStrokeData,17999.64,0.079,143947.618,0.079
sub-STUCLUK3346,UCL-UK/UCLStrokeData,9228.371,0.04,73749.399,0.04
sub-STUCLUK3347,UCL-UK/UCLStrokeData,2897.404,0.013,23126.146,0.013
sub-STUCLUK3348,UCL-UK/UCLStrokeData,43266.449,0.189,345907.972,0.189
sub-STUCLUK3349,UCL-UK/UCLStrokeData,12537.629,0.055,100195.511,0.055
sub-STUCLUK3350,UCL-UK/UCLStrokeData,1654.219,0.007,13189.787,0.007
sub-STUCLUK3351,UCL-UK/UCLStrokeData,4774.972,0.021,38164.264,0.021
sub-STUCLUK3352,UCL-UK/UCLStrokeData,6562.051,0.029,52374.376,0.029
sub-STUCLUK3353,UCL-UK/UCLStrokeData,13954.337,0.061,111538.32,0.061
sub-STUCLUK3354,UCL-UK/UCLStrokeData,5865.388,0.026,46773.427,0.026
sub-STUCLUK3355,UCL-UK/UCLStrokeData,2124.388,0.009,16988.961,0.009
sub-STUCLUK3356,UCL-UK/UCLStrokeData,21050.612,0.092,168320.517,0.092
sub-STUCLUK3357,UCL-UK/UCLStrokeData,27732.073,0.121,221753.023,0.121
sub-STUCLUK3358,UCL-UK/UCLStrokeData,9373.056,0.041,74785.848,0.041
sub-STUCLUK3359,UCL-UK/UCLStrokeData,1584.079,0.007,12663.916,0.007
sub-STUCLUK3360,UCL-UK/UCLStrokeData,16633.798,0.073,133006.854,0.073
sub-STUCLUK3361,UCL-UK/UCLStrokeData,23946.854,0.105,191533.247,0.105
sub-STUCLUK3362,UCL-UK/UCLStrokeData,2748.185,0.012,21956.933,0.012
sub-STUCLUK3363,UCL-UK/UCLStrokeData,1176.0,0.005,9360.303,0.005
sub-STUCLUK3364,UCL-UK/UCLStrokeData,2772.567,0.012,22193.0,0.012
sub-STUCLUK3365,UCL-UK/UCLStrokeData,17844.848,0.078,142599.618,0.078
sub-STUCLUK3366,UCL-UK/UCLStrokeData,1403.708,0.006,11218.803,0.006
sub-STUCLUK3367,UCL-UK/UCLStrokeData,5634.871,0.025,45069.635,0.025
sub-STUCLUK3368,UCL-UK/UCLStrokeData,7454.921,0.033,59650.478,0.033
sub-STUCLUK3369,UCL-UK/UCLStrokeData,2550.601,0.011,20346.006,0.011
sub-STUCLUK3370,UCL-UK/UCLStrokeData,6110.208,0.027,48853.978,0.027
sub-STUCLUK3371,UCL-UK/UCLStrokeData,10317.938,0.045,82413.691,0.045
sub-STUCLUK3372,UCL-UK/UCLStrokeData,5185.051,0.023,41323.461,0.023
sub-STUCLUK3373,UCL-UK/UCLStrokeData,14793.966,0.065,118303.86,0.065
sub-STUCLUK3374,UCL-UK/UCLStrokeData,1071.865,0.005,8577.292,0.005
sub-STUCLUK3375,UCL-UK/UCLStrokeData,2179.051,0.01,17348.876,0.009
sub-STUCLUK3376,UCL-UK/UCLStrokeData,7197.916,0.032,57600.326,0.032
sub-STUCLUK3377,UCL-UK/UCLStrokeData,5471.174,0.024,43756.348,0.024
sub-STUCLUK3378,UCL-UK/UCLStrokeData,40973.517,0.179,327594.5,0.179
sub-STUCLUK3379,UCL-UK/UCLStrokeData,15483.135,0.068,123768.747,0.068
sub-STUCLUK3380,UCL-UK/UCLStrokeData,616.421,0.003,4913.371,0.003
sub-STUCLUK3381,UCL-UK/UCLStrokeData,10820.135,0.047,86507.455,0.047
sub-STUCLUK3382,UCL-UK/UCLStrokeData,17877.601,0.078,142883.146,0.078
sub-STUCLUK3383,UCL-UK/UCLStrokeData,6296.562,0.028,50327.938,0.028
sub-STUCLUK3384,UCL-UK/UCLStrokeData,1545.264,0.007,12367.393,0.007
sub-STUCLUK3385,UCL-UK/UCLStrokeData,8601.73,0.038,68786.59,0.038
sub-STUCLUK3386,UCL-UK/UCLStrokeData,6720.365,0.029,53703.708,0.029
sub-STUCLUK3387,UCL-UK/UCLStrokeData,17287.652,0.076,138167.95,0.076
sub-STUCLUK3388,UCL-UK/UCLStrokeData,3303.101,0.014,26388.82,0.014
sub-STUCLUK3389,UCL-UK/UCLStrokeData,5283.826,0.023,42244.393,0.023
sub-STUCLUK3390,UCL-UK/UCLStrokeData,7189.118,0.031,57443.612,0.031
sub-STUCLUK3391,UCL-UK/UCLStrokeData,3810.388,0.017,30427.601,0.017
sub-STUCLUK3392,UCL-UK/UCLStrokeData,8866.303,0.039,70874.236,0.039
sub-STUCLUK3393,UCL-UK/UCLStrokeData,1314.747,0.006,10471.522,0.006
sub-STUCLUK3394,UCL-UK/UCLStrokeData,2993.573,0.013,23920.23,0.013
sub-STUCLUK3395,UCL-UK/UCLStrokeData,37671.27,0.165,301188.45,0.165
sub-STUCLUK3396,UCL-UK/UCLStrokeData,3668.388,0.016,29322.309,0.016
sub-STUCLUK3397,UCL-UK/UCLStrokeData,18011.371,0.079,143922.775,0.079
sub-STUCLUK3398,UCL-UK/UCLStrokeData,40941.275,0.179,327266.995,0.179
sub-STUCLUK3399,UCL-UK/UCLStrokeData,27589.803,0.121,220497.601,0.121
sub-STUCLUK3400,UCL-UK/UCLStrokeData,28284.298,0.124,226116.944,0.124
sub-STUCLUK3401,UCL-UK/UCLStrokeData,5649.567,0.025,45139.59,0.025
sub-STUCLUK3402,UCL-UK/UCLStrokeData,4325.601,0.019,34577.848,0.019
sub-STUCLUK3403,UCL-UK/UCLStrokeData,37422.135,0.164,299333.281,0.164
sub-STUCLUK3404,UCL-UK/UCLStrokeData,5167.0,0.023,41324.601,0.023
sub-STUCLUK3405,UCL-UK/UCLStrokeData,2774.416,0.012,22178.545,0.012
sub-STUCLUK3406,UCL-UK/UCLStrokeData,6284.348,0.028,50250.376,0.028
sub-STUCLUK3407,UCL-UK/UCLStrokeData,4354.809,0.019,34768.5,0.019
sub-STUCLUK3408,UCL-UK/UCLStrokeData,5475.287,0.024,43754.674,0.024
sub-STUCLUK3409,UCL-UK/UCLStrokeData,13792.449,0.06,110251.59,0.06
sub-STUCLUK3410,UCL-UK/UCLStrokeData,13543.545,0.059,108193.826,0.059
sub-STUCLUK3411,UCL-UK/UCLStrokeData,4137.09,0.018,33037.079,0.018
sub-STUCLUK3412,UCL-UK/UCLStrokeData,3394.837,0.015,27169.865,0.015
sub-STUCLUK3413,UCL-UK/UCLStrokeData,5220.848,0.023,41755.056,0.023
sub-STUCLUK3414,UCL-UK/UCLStrokeData,9199.624,0.04,73606.663,0.04
sub-STUCLUK3415,UCL-UK/UCLStrokeData,2767.18,0.012,22101.478,0.012
sub-STUCLUK3416,UCL-UK/UCLStrokeData,4435.028,0.019,35382.405,0.019
sub-STUCLUK3417,UCL-UK/UCLStrokeData,1948.129,0.009,15583.826,0.009
sub-STUCLUK3418,UCL-UK/UCLStrokeData,18008.517,0.079,143889.371,0.079
sub-STUCLUK3419,UCL-UK/UCLStrokeData,3982.685,0.017,31865.517,0.017
sub-STUCLUK3420,UCL-UK/UCLStrokeData,4783.539,0.021,38215.865,0.021
sub-STUCLUK3421,UCL-UK/UCLStrokeData,14145.483,0.062,112944.191,0.062
sub-STUCLUK3422,UCL-UK/UCLStrokeData,2302.376,0.01,18416.708,0.01
sub-STUCLUK3423,UCL-UK/UCLStrokeData,959.517,0.004,7669.472,0.004
sub-STUCLUK3424,UCL-UK/UCLStrokeData,9115.826,0.04,72780.427,0.04
sub-STUCLUK3425,UCL-UK/UCLStrokeData,7824.23,0.034,62585.489,0.034
sub-STUCLUK3426,UCL-UK/UCLStrokeData,4367.404,0.019,34889.927,0.019
sub-STUCLUK3427,UCL-UK/UCLStrokeData,32316.399,0.141,258422.607,0.141
sub-STUCLUK3428,UCL-UK/UCLStrokeData,683.921,0.003,5462.264,0.003
sub-STUCLUK3429,UCL-UK/UCLStrokeData,8299.663,0.036,66362.5,0.036
sub-STUCLUK3430,UCL-UK/UCLStrokeData,1284.09,0.006,10264.236,0.006
sub-STUCLUK3431,UCL-UK/UCLStrokeData,2464.792,0.011,19633.551,0.011
sub-STUCLUK3432,UCL-UK/UCLStrokeData,49331.781,0.216,394444.955,0.216
sub-STUCLUK3433,UCL-UK/UCLStrokeData,517.191,0.002,4134.831,0.002
sub-STUCLUK3434,UCL-UK/UCLStrokeData,38854.775,0.17,310598.0,0.17
sub-STUCLUK3435,UCL-UK/UCLStrokeData,5078.826,0.022,40556.652,0.022
sub-STUCLUK3436,UCL-UK/UCLStrokeData,6365.579,0.028,50926.966,0.028
sub-STUCLUK3437,UCL-UK/UCLStrokeData,10260.107,0.045,81992.809,0.045
sub-STUCLUK3438,UCL-UK/UCLStrokeData,19313.27,0.085,154390.416,0.084
sub-STUCLUK3439,UCL-UK/UCLStrokeData,13362.09,0.058,106797.871,0.058
sub-STUCLUK3440,UCL-UK/UCLStrokeData,12231.854,0.054,97768.163,0.054
sub-STUCLUK3441,UCL-UK/UCLStrokeData,1080.736,0.005,8620.809,0.005
sub-STUCLUK3442,UCL-UK/UCLStrokeData,43154.129,0.189,345058.68,0.189
sub-STUCLUK3443,UCL-UK/UCLStrokeData,28886.646,0.126,230945.332,0.126
sub-STUCLUK3444,UCL-UK/UCLStrokeData,14641.989,0.064,117075.247,0.064
sub-STUCLUK3445,UCL-UK/UCLStrokeData,9063.77,0.04,72478.843,0.04
sub-STUCLUK3446,UCL-UK/UCLStrokeData,4545.185,0.02,36358.337,0.02
sub-STUCLUK3447,UCL-UK/UCLStrokeData,10790.41,0.047,86263.258,0.047
sub-STUCLUK3448,UCL-UK/UCLStrokeData,21618.438,0.095,172918.073,0.095
sub-STUCLUK3449,UCL-UK/UCLStrokeData,3349.899,0.015,26809.652,0.015
sub-STUCLUK3450,UCL-UK/UCLStrokeData,17027.702,0.075,136181.893,0.075
sub-STUCLUK3451,UCL-UK/UCLStrokeData,11479.421,0.05,91731.888,0.05
sub-STUCLUK3452,UCL-UK/UCLStrokeData,8455.006,0.037,67547.163,0.037
sub-STUCLUK3453,UCL-UK/UCLStrokeData,548.382,0.002,4354.528,0.002
sub-STUCLUK3454,UCL-UK/UCLStrokeData,1298.944,0.006,10380.062,0.006
sub-STUCLUK3455,UCL-UK/UCLStrokeData,22214.534,0.097,177693.287,0.097
sub-STUCLUK3456,UCL-UK/UCLStrokeData,16397.584,0.072,131146.646,0.072
sub-STUCLUK3457,UCL-UK/UCLStrokeData,4378.039,0.019,34988.669,0.019
sub-STUCLUK3458,UCL-UK/UCLStrokeData,2588.921,0.011,20714.573,0.011
sub-STUCLUK3459,UCL-UK/UCLStrokeData,5858.427,0.026,46803.978,0.026
sub-STUCLUK3460,UCL-UK/UCLStrokeData,617.399,0.003,4929.848,0.003
sub-STUCLUK3461,UCL-UK/UCLStrokeData,5481.258,0.024,43789.169,0.024
sub-STUCLUK3462,UCL-UK/UCLStrokeData,21791.753,0.095,174298.978,0.095
sub-STUCLUK3463,UCL-UK/UCLStrokeData,42206.961,0.185,337512.899,0.185
sub-STUCLUK3464,UCL-UK/UCLStrokeData,1471.888,0.006,11780.073,0.006
sub-STUCLUK3465,UCL-UK/UCLStrokeData,1714.208,0.008,13698.725,0.007
sub-STUCLUK3466,UCL-UK/UCLStrokeData,26484.073,0.116,211837.573,0.116
sub-STUCLUK3467,UCL-UK/UCLStrokeData,792.809,0.003,6327.713,0.003
sub-STUCLUK3468,UCL-UK/UCLStrokeData,11834.888,0.052,94554.573,0.052
sub-STUCLUK3469,UCL-UK/UCLStrokeData,9733.803,0.043,77756.185,0.043
sub-STUCLUK3470,UCL-UK/UCLStrokeData,12954.798,0.057,103596.511,0.057
sub-STUCLUK3471,UCL-UK/UCLStrokeData,3661.326,0.016,29280.933,0.016
sub-STUCLUK3472,UCL-UK/UCLStrokeData,425.528,0.002,3390.124,0.002
sub-STUCLUK3473,UCL-UK/UCLStrokeData,200.539,0.001,1602.539,0.001
sub-STUCLUK3474,UCL-UK/UCLStrokeData,33127.714,0.145,264857.281,0.145
sub-STUCLUK3475,UCL-UK/UCLStrokeData,30240.084,0.132,241719.562,0.132
sub-STUCLUK3476,UCL-UK/UCLStrokeData,21884.539,0.096,174916.112,0.096
sub-STUCLUK3477,UCL-UK/UCLStrokeData,3864.242,0.017,30904.208,0.017
sub-STUCLUK3478,UCL-UK/UCLStrokeData,15064.972,0.066,120443.663,0.066
sub-STUCLUK3479,UCL-UK/UCLStrokeData,11727.792,0.051,93814.905,0.051
sub-STUCLUK3480,UCL-UK/UCLStrokeData,11449.225,0.05,91536.421,0.05
sub-STUCLUK3481,UCL-UK/UCLStrokeData,5308.77,0.023,42414.011,0.023
sub-STUCLUK3482,UCL-UK/UCLStrokeData,9673.045,0.042,77349.157,0.042
sub-STUCLUK3483,UCL-UK/UCLStrokeData,1200.169,0.005,9597.067,0.005
sub-STUCLUK3484,UCL-UK/UCLStrokeData,23552.854,0.103,188299.32,0.103
sub-STUCLUK3485,UCL-UK/UCLStrokeData,7695.506,0.034,61539.978,0.034
sub-STUCLUK3486,UCL-UK/UCLStrokeData,7131.899,0.031,56947.174,0.031
sub-STUCLUK3487,UCL-UK/UCLStrokeData,4007.612,0.018,31988.584,0.018
sub-STUCLUK3488,UCL-UK/UCLStrokeData,4355.539,0.019,34829.5,0.019
sub-STUCLUK3489,UCL-UK/UCLStrokeData,24705.854,0.108,197603.253,0.108
sub-STUCLUK3490,UCL-UK/UCLStrokeData,8949.5,0.039,71542.14,0.039
sub-STUCLUK3491,UCL-UK/UCLStrokeData,11365.511,0.05,90873.764,0.05
sub-STUCLUK3492,UCL-UK/UCLStrokeData,12696.337,0.056,101503.624,0.056
sub-STUCLUK3493,UCL-UK/UCLStrokeData,2027.0,0.009,16216.315,0.009
sub-STUCLUK3494,UCL-UK/UCLStrokeData,2387.663,0.01,19089.219,0.01
sub-STUCLUK3495,UCL-UK/UCLStrokeData,5571.966,0.024,44538.921,0.024
sub-STUCLUK3496,UCL-UK/UCLStrokeData,13610.067,0.06,108778.742,0.06
sub-STUCLUK3497,UCL-UK/UCLStrokeData,4490.185,0.02,35893.506,0.02
sub-STUCLUK3498,UCL-UK/UCLStrokeData,19064.843,0.083,152492.242,0.083
sub-STUCLUK3499,UCL-UK/UCLStrokeData,5473.101,0.024,43713.494,0.024
sub-STUCLUK3500,UCL-UK/UCLStrokeData,651.382,0.003,5214.618,0.003
sub-STUCLUK3501,UCL-UK/UCLStrokeData,33614.803,0.147,268825.298,0.147
sub-STUCLUK3502,UCL-UK/UCLStrokeData,25244.18,0.11,201881.832,0.11
sub-STUCLUK3503,UCL-UK/UCLStrokeData,5066.876,0.022,40526.281,0.022
sub-STUCLUK3504,UCL-UK/UCLStrokeData,760.865,0.003,6078.708,0.003
sub-STUCLUK3505,UCL-UK/UCLStrokeData,3511.32,0.015,27997.528,0.015
sub-STUCLUK3506,UCL-UK/UCLStrokeData,20239.478,0.089,161899.152,0.089
sub-STUCLUK3507,UCL-UK/UCLStrokeData,29217.579,0.128,233632.596,0.128
sub-STUCLUK3508,UCL-UK/UCLStrokeData,6644.225,0.029,53099.792,0.029
sub-STUCLUK3509,UCL-UK/UCLStrokeData,2182.438,0.01,17445.028,0.01
sub-STUCLUK3510,UCL-UK/UCLStrokeData,18771.73,0.082,150095.421,0.082
sub-STUCLUK3511,UCL-UK/UCLStrokeData,3982.944,0.017,31798.129,0.017
sub-STUCLUK3512,UCL-UK/UCLStrokeData,1589.421,0.007,12720.736,0.007
sub-STUCLUK3513,UCL-UK/UCLStrokeData,2473.472,0.011,19777.494,0.011
sub-STUCLUK3514,UCL-UK/UCLStrokeData,18901.157,0.083,151085.242,0.083
sub-STUCLUK3515,UCL-UK/UCLStrokeData,3764.478,0.016,30099.315,0.016
sub-STUCLUK3516,UCL-UK/UCLStrokeData,11478.09,0.05,91721.933,0.05
sub-STUCLUK3517,UCL-UK/UCLStrokeData,3918.725,0.017,31303.416,0.017
sub-STUCLUK3518,UCL-UK/UCLStrokeData,2927.197,0.013,23416.14,0.013
sub-STUCLUK3519,UCL-UK/UCLStrokeData,3742.365,0.016,29901.27,0.016
sub-STUCLUK3520,UCL-UK/UCLStrokeData,3635.652,0.016,29043.051,0.016
sub-STUCLUK3521,UCL-UK/UCLStrokeData,5621.202,0.025,44865.478,0.025
sub-STUCLUK3522,UCL-UK/UCLStrokeData,1968.096,0.009,15732.669,0.009
sub-STUCLUK3523,UCL-UK/UCLStrokeData,3817.669,0.017,30507.101,0.017
sub-STUCLUK3524,UCL-UK/UCLStrokeData,1756.972,0.008,14054.545,0.008
sub-STUCLUK3525,UCL-UK/UCLStrokeData,3501.876,0.015,27965.382,0.015
sub-STUCLUK3526,UCL-UK/UCLStrokeData,2106.478,0.009,16862.657,0.009
sub-STUCLUK3527,UCL-UK/UCLStrokeData,20133.371,0.088,161017.315,0.088
sub-STUCLUK3528,UCL-UK/UCLStrokeData,35623.337,0.156,284861.388,0.156
sub-STUCLUK3529,UCL-UK/UCLStrokeData,13957.685,0.061,111545.646,0.061
sub-STUCLUK3530,UCL-UK/UCLStrokeData,3540.107,0.015,28259.961,0.015
sub-STUCLUK3531,UCL-UK/UCLStrokeData,9546.876,0.042,76348.601,0.042
sub-STUCLUK3532,UCL-UK/UCLStrokeData,8441.888,0.037,67405.466,0.037
sub-STUCLUK3533,UCL-UK/UCLStrokeData,6299.59,0.028,50363.382,0.028
sub-STUCLUK3534,UCL-UK/UCLStrokeData,1532.157,0.007,12221.955,0.007
sub-STUCLUK3535,UCL-UK/UCLStrokeData,31192.944,0.137,249301.652,0.136
sub-STUCLUK3536,UCL-UK/UCLStrokeData,15144.815,0.066,121011.405,0.066
sub-STUCLUK3537,UCL-UK/UCLStrokeData,19421.27,0.085,155261.32,0.085
sub-STUCLUK3538,UCL-UK/UCLStrokeData,10198.185,0.045,81540.657,0.045
sub-STUCLUK3539,UCL-UK/UCLStrokeData,1620.466,0.007,12957.837,0.007
sub-STUCLUK3540,UCL-UK/UCLStrokeData,34668.708,0.152,277246.348,0.152
sub-STUCLUK3541,UCL-UK/UCLStrokeData,5431.326,0.024,43426.191,0.024
sub-STUCLUK3542,UCL-UK/UCLStrokeData,7239.489,0.032,57912.91,0.032
sub-STUCLUK3543,UCL-UK/UCLStrokeData,14924.096,0.065,119356.163,0.065
sub-STUCLUK3544,UCL-UK/UCLStrokeData,18449.157,0.081,147509.416,0.081
sub-STUCLUK3545,UCL-UK/UCLStrokeData,6504.579,0.028,52037.573,0.028
sub-STUCLUK3546,UCL-UK/UCLStrokeData,10991.281,0.048,87878.028,0.048
sub-STUCLUK3547,UCL-UK/UCLStrokeData,10682.669,0.047,85372.32,0.047
sub-STUCLUK3548,UCL-UK/UCLStrokeData,4279.045,0.019,34229.612,0.019
sub-STUCLUK3549,UCL-UK/UCLStrokeData,606.264,0.003,4838.848,0.003
sub-STUCLUK3550,UCL-UK/UCLStrokeData,9471.691,0.041,75736.371,0.041
sub-STUCLUK3551,UCL-UK/UCLStrokeData,1569.663,0.007,12514.91,0.007
sub-STUCLUK3552,UCL-UK/UCLStrokeData,813.478,0.004,6493.303,0.004
sub-STUCLUK3553,UCL-UK/UCLStrokeData,35051.646,0.153,280300.208,0.153
sub-STUCLUK3554,UCL-UK/UCLStrokeData,5349.629,0.023,42766.871,0.023
sub-STUCLUK3555,UCL-UK/UCLStrokeData,9177.596,0.04,73327.938,0.04
sub-STUCLUK3556,UCL-UK/UCLStrokeData,12079.562,0.053,96539.079,0.053
sub-STUCLUK3557,UCL-UK/UCLStrokeData,9861.039,0.043,78742.955,0.043
sub-STUCLUK3558,UCL-UK/UCLStrokeData,30668.472,0.134,245220.18,0.134
sub-STUCLUK3559,UCL-UK/UCLStrokeData,3639.904,0.016,29117.006,0.016
sub-STUCLUK3560,UCL-UK/UCLStrokeData,6335.674,0.028,50569.219,0.028
sub-STUCLUK3561,UCL-UK/UCLStrokeData,5014.247,0.022,39965.067,0.022
sub-STUCLUK3562,UCL-UK/UCLStrokeData,11423.579,0.05,91368.641,0.05
sub-STUCLUK3563,UCL-UK/UCLStrokeData,2590.843,0.011,20661.989,0.011
sub-STUCLUK3564,UCL-UK/UCLStrokeData,6016.798,0.026,48086.309,0.026
sub-STUCLUK3565,UCL-UK/UCLStrokeData,53258.736,0.233,425854.815,0.233
sub-STUCLUK3566,UCL-UK/UCLStrokeData,3963.388,0.017,31689.579,0.017
sub-STUCLUK3567,UCL-UK/UCLStrokeData,2627.067,0.011,20998.264,0.011
sub-STUCLUK3568,UCL-UK/UCLStrokeData,2738.916,0.012,21878.028,0.012
sub-STUCLUK3569,UCL-UK/UCLStrokeData,9009.202,0.039,72006.82,0.039
sub-STUCLUK3570,UCL-UK/UCLStrokeData,11019.708,0.048,88067.326,0.048
sub-STUCLUK3571,UCL-UK/UCLStrokeData,3777.848,0.017,30213.382,0.017
sub-STUCLUK3572,UCL-UK/UCLStrokeData,7266.461,0.032,58031.461,0.032
sub-STUCLUK3573,UCL-UK/UCLStrokeData,9427.051,0.041,75261.073,0.041
sub-STUCLUK3574,UCL-UK/UCLStrokeData,21626.567,0.095,172959.579,0.095
sub-STUCLUK3575,UCL-UK/UCLStrokeData,2675.826,0.012,21425.41,0.012
sub-STUCLUK3576,UCL-UK/UCLStrokeData,8930.157,0.039,71450.382,0.039
sub-STUCLUK3577,UCL-UK/UCLStrokeData,74.753,0.0,591.511,0.0
sub-STUCLUK3578,UCL-UK/UCLStrokeData,1625.539,0.007,12933.708,0.007
sub-STUCLUK3579,UCL-UK/UCLStrokeData,2429.82,0.011,19417.236,0.011
sub-STUCLUK3580,UCL-UK/UCLStrokeData,9323.348,0.041,74580.101,0.041
sub-STUCLUK3581,UCL-UK/UCLStrokeData,1989.506,0.009,15911.32,0.009
sub-STUCLUK3582,UCL-UK/UCLStrokeData,2731.382,0.012,21803.247,0.012
sub-STUCLUK3583,UCL-UK/UCLStrokeData,3857.416,0.017,30842.972,0.017
sub-STUCLUK3584,UCL-UK/UCLStrokeData,10514.067,0.046,84000.562,0.046
sub-STUCLUK3585,UCL-UK/UCLStrokeData,3854.275,0.017,30777.629,0.017
sub-STUCLUK3586,UCL-UK/UCLStrokeData,1091.41,0.005,8676.084,0.005
sub-STUCLUK3587,UCL-UK/UCLStrokeData,47636.534,0.208,380838.394,0.208
sub-STUCLUK3588,UCL-UK/UCLStrokeData,6197.725,0.027,49556.174,0.027
sub-STUCLUK3589,UCL-UK/UCLStrokeData,1576.084,0.007,12596.303,0.007
sub-STUCLUK3590,UCL-UK/UCLStrokeData,2183.719,0.01,17422.303,0.01
sub-STUCLUK3591,UCL-UK/UCLStrokeData,17300.326,0.076,138323.438,0.076
sub-STUCLUK3592,UCL-UK/UCLStrokeData,11205.584,0.049,89538.376,0.049
sub-STUCLUK3593,UCL-UK/UCLStrokeData,9012.949,0.039,72073.837,0.039
sub-STUCLUK3594,UCL-UK/UCLStrokeData,4972.242,0.022,39711.994,0.022
sub-STUCLUK3595,UCL-UK/UCLStrokeData,3634.629,0.016,29049.725,0.016
sub-STUCLUK3596,UCL-UK/UCLStrokeData,289.938,0.001,2321.86,0.001
sub-STUCLUK3597,UCL-UK/UCLStrokeData,182.32,0.001,1459.298,0.001
sub-STUCLUK3598,UCL-UK/UCLStrokeData,27140.551,0.119,216941.416,0.119
sub-STUCLUK3599,UCL-UK/UCLStrokeData,4029.438,0.018,32185.652,0.018
sub-STUCLUK3600,UCL-UK/UCLStrokeData,2387.017,0.01,19080.41,0.01
sub-STUCLUK3601,UCL-UK/UCLStrokeData,41074.86,0.18,328508.916,0.18
sub-STUCLUK3602,UCL-UK/UCLStrokeData,19539.522,0.086,156278.73,0.086
sub-STUCLUK3603,UCL-UK/UCLStrokeData,5135.461,0.022,41109.747,0.022
sub-STUCLUK3604,UCL-UK/UCLStrokeData,20706.691,0.091,165586.371,0.091
sub-STUCLUK3605,UCL-UK/UCLStrokeData,15975.848,0.07,127741.815,0.07
sub-STUCLUK3606,UCL-UK/UCLStrokeData,11258.697,0.049,89997.938,0.049
sub-STUCLUK3607,UCL-UK/UCLStrokeData,22372.028,0.098,178903.573,0.098
sub-STUCLUK3608,UCL-UK/UCLStrokeData,8685.393,0.038,69453.635,0.038
sub-STUCLUK3609,UCL-UK/UCLStrokeData,3075.73,0.013,24607.871,0.013
sub-STUCLUK3610,UCL-UK/UCLStrokeData,10278.506,0.045,82149.888,0.045
sub-STUCLUK3611,UCL-UK/UCLStrokeData,1594.596,0.007,12743.213,0.007
sub-STUCLUK3612,UCL-UK/UCLStrokeData,1476.944,0.006,11779.421,0.006
sub-STUCLUK3613,UCL-UK/UCLStrokeData,2851.736,0.012,22786.905,0.012
sub-STUCLUK3614,UCL-UK/UCLStrokeData,9302.624,0.041,74385.067,0.041
sub-STUCLUK3615,UCL-UK/UCLStrokeData,4085.309,0.018,32668.905,0.018
sub-STUCLUK3616,UCL-UK/UCLStrokeData,4204.337,0.018,33616.966,0.018
sub-STUCLUK3617,UCL-UK/UCLStrokeData,8884.404,0.039,70974.337,0.039
sub-STUCLUK3618,UCL-UK/UCLStrokeData,6213.14,0.027,49677.775,0.027
sub-STUCLUK3619,UCL-UK/UCLStrokeData,34152.388,0.149,273150.848,0.149
sub-STUCLUK3620,UCL-UK/UCLStrokeData,2256.893,0.01,18037.719,0.01
sub-STUCLUK3621,UCL-UK/UCLStrokeData,9223.725,0.04,73747.764,0.04
sub-STUCLUK3622,UCL-UK/UCLStrokeData,8390.034,0.037,67081.202,0.037
sub-STUCLUK3623,UCL-UK/UCLStrokeData,13988.393,0.061,111900.124,0.061
sub-STUCLUK3624,UCL-UK/UCLStrokeData,4739.011,0.021,37836.056,0.021
sub-STUCLUK3625,UCL-UK/UCLStrokeData,18411.388,0.081,147258.006,0.081
sub-STUCLUK3626,UCL-UK/UCLStrokeData,13862.258,0.061,110826.079,0.061
sub-STUCLUK3627,UCL-UK/UCLStrokeData,10099.629,0.044,80755.27,0.044
sub-STUCLUK3628,UCL-UK/UCLStrokeData,29495.287,0.129,235747.832,0.129
sub-STUCLUK3629,UCL-UK/UCLStrokeData,21544.719,0.094,172213.882,0.094
sub-STUCLUK3630,UCL-UK/UCLStrokeData,54685.466,0.239,437214.276,0.239
sub-STUCLUK3631,UCL-UK/UCLStrokeData,16811.101,0.074,134438.466,0.074
sub-STUCLUK3632,UCL-UK/UCLStrokeData,6485.236,0.028,51784.247,0.028
sub-STUCLUK3633,UCL-UK/UCLStrokeData,1167.534,0.005,9320.331,0.005
sub-STUCLUK3634,UCL-UK/UCLStrokeData,15689.017,0.069,125476.747,0.069
sub-STUCLUK3635,UCL-UK/UCLStrokeData,4703.691,0.021,37594.438,0.021
sub-STUCLUK3636,UCL-UK/UCLStrokeData,13654.36,0.06,109184.944,0.06
sub-STUCLUK3637,UCL-UK/UCLStrokeData,18680.5,0.082,149318.573,0.082
sub-STUCLUK3638,UCL-UK/UCLStrokeData,3464.079,0.015,27674.0,0.015
sub-STUCLUK3639,UCL-UK/UCLStrokeData,4913.961,0.022,39231.944,0.021
sub-STUCLUK3640,UCL-UK/UCLStrokeData,1857.831,0.008,14864.59,0.008
sub-STUCLUK3641,UCL-UK/UCLStrokeData,39719.59,0.174,317646.017,0.174
sub-STUCLUK3642,UCL-UK/UCLStrokeData,4502.646,0.02,35939.607,0.02
sub-STUCLUK3643,UCL-UK/UCLStrokeData,12039.719,0.053,96246.455,0.053
sub-STUCLUK3644,UCL-UK/UCLStrokeData,40552.079,0.177,324214.995,0.177
sub-STUCLUK3645,UCL-UK/UCLStrokeData,14668.376,0.064,117286.876,0.064
sub-STUCLUK3646,UCL-UK/UCLStrokeData,2616.331,0.011,20831.399,0.011
sub-STUCLUK3647,UCL-UK/UCLStrokeData,13061.562,0.057,104450.062,0.057
sub-STUCLUK3648,UCL-UK/UCLStrokeData,10488.528,0.046,83878.287,0.046
sub-STUCLUK3649,UCL-UK/UCLStrokeData,302.961,0.001,2423.034,0.001
sub-STUCLUK3650,UCL-UK/UCLStrokeData,1036.506,0.005,8264.5,0.005
sub-STUCLUK3651,UCL-UK/UCLStrokeData,34900.112,0.153,279037.18,0.153
sub-STUCLUK3652,UCL-UK/UCLStrokeData,27549.624,0.121,220283.775,0.121
sub-STUCLUK3653,UCL-UK/UCLStrokeData,21280.652,0.093,170119.034,0.093
sub-STUCLUK3654,UCL-UK/UCLStrokeData,4272.871,0.019,34118.152,0.019
sub-STUCLUK3655,UCL-UK/UCLStrokeData,764.253,0.003,6101.011,0.003
sub-STUCLUK3656,UCL-UK/UCLStrokeData,3690.601,0.016,29520.601,0.016
sub-STUCLUK3657,UCL-UK/UCLStrokeData,1313.753,0.006,10503.107,0.006
sub-STUCLUK3658,UCL-UK/UCLStrokeData,25572.399,0.112,204538.59,0.112
sub-STUCLUK3659,UCL-UK/UCLStrokeData,21303.073,0.093,170265.719,0.093
sub-STUCLUK3660,UCL-UK/UCLStrokeData,5653.213,0.025,45152.376,0.025
sub-STUCLUK3661,UCL-UK/UCLStrokeData,9612.388,0.042,76850.562,0.042
sub-STUCLUK3662,UCL-UK/UCLStrokeData,3624.258,0.016,28914.753,0.016
sub-STUCLUK3663,UCL-UK/UCLStrokeData,19904.208,0.087,159181.624,0.087
sub-STUCLUK3664,UCL-UK/UCLStrokeData,4862.225,0.021,38871.983,0.021
sub-STUCLUK3665,UCL-UK/UCLStrokeData,3538.528,0.015,28297.949,0.015
sub-STUCLUK3666,UCL-UK/UCLStrokeData,1685.494,0.007,13409.303,0.007
sub-STUCLUK3667,UCL-UK/UCLStrokeData,1112.607,0.005,8893.112,0.005
sub-STUCLUK3668,UCL-UK/UCLStrokeData,16199.27,0.071,129528.612,0.071
sub-STUCLUK3669,UCL-UK/UCLStrokeData,2069.242,0.009,16467.416,0.009
sub-STUCLUK3670,UCL-UK/UCLStrokeData,4608.736,0.02,36843.506,0.02
sub-STUCLUK3671,UCL-UK/UCLStrokeData,435.36,0.002,3483.281,0.002
sub-STUCLUK3672,UCL-UK/UCLStrokeData,5568.32,0.024,44510.955,0.024
sub-STUCLUK3673,UCL-UK/UCLStrokeData,5015.697,0.022,40127.612,0.022
sub-STUCLUK3674,UCL-UK/UCLStrokeData,4299.612,0.019,34389.899,0.019
sub-STUCLUK3675,UCL-UK/UCLStrokeData,4891.511,0.021,39094.253,0.021
sub-STUCLUK3676,UCL-UK/UCLStrokeData,2020.287,0.009,16182.899,0.009
sub-STUCLUK3677,UCL-UK/UCLStrokeData,7136.809,0.031,57116.876,0.031
sub-STUCLUK3678,UCL-UK/UCLStrokeData,5031.455,0.022,40229.466,0.022
sub-STUCLUK3679,UCL-UK/UCLStrokeData,7194.371,0.031,57548.281,0.031
sub-STUCLUK3680,UCL-UK/UCLStrokeData,4981.466,0.022,39895.219,0.022
sub-STUCLUK3681,UCL-UK/UCLStrokeData,2392.86,0.01,19084.927,0.01
sub-STUCLUK3682,UCL-UK/UCLStrokeData,5587.905,0.024,44664.444,0.024
sub-STUCLUK3683,UCL-UK/UCLStrokeData,31334.848,0.137,250559.433,0.137
sub-STUCLUK3684,UCL-UK/UCLStrokeData,1478.539,0.006,11818.73,0.006
sub-STUCLUK3685,UCL-UK/UCLStrokeData,30558.787,0.134,244391.152,0.134
sub-STUCLUK3686,UCL-UK/UCLStrokeData,7025.669,0.031,56157.792,0.031
sub-STUCLUK3687,UCL-UK/UCLStrokeData,23803.287,0.104,190237.096,0.104
sub-STUCLUK3688,UCL-UK/UCLStrokeData,4081.067,0.018,32641.051,0.018
sub-STUCLUK3689,UCL-UK/UCLStrokeData,23687.112,0.104,189426.14,0.104
sub-STUCLUK3690,UCL-UK/UCLStrokeData,2820.433,0.012,22550.146,0.012
sub-STUCLUK3691,UCL-UK/UCLStrokeData,4093.461,0.018,32643.478,0.018
sub-STUCLUK3692,UCL-UK/UCLStrokeData,6407.618,0.028,51261.624,0.028
sub-STUCLUK3693,UCL-UK/UCLStrokeData,2213.264,0.01,17691.483,0.01
sub-STUCLUK3694,UCL-UK/UCLStrokeData,2496.371,0.011,19888.989,0.011
sub-STUCLUK3695,UCL-UK/UCLStrokeData,3935.326,0.017,31472.882,0.017
sub-STUCLUK3696,UCL-UK/UCLStrokeData,3957.787,0.017,31537.281,0.017
sub-STUCLUK3697,UCL-UK/UCLStrokeData,3374.904,0.015,26956.983,0.015
sub-STUCLUK3698,UCL-UK/UCLStrokeData,22743.702,0.1,181759.905,0.099
sub-STUCLUK3699,UCL-UK/UCLStrokeData,13621.713,0.06,108867.056,0.06
sub-STUCLUK3700,UCL-UK/UCLStrokeData,2039.416,0.009,16337.202,0.009
sub-STUCLUK3701,UCL-UK/UCLStrokeData,3128.112,0.014,25013.764,0.014
sub-STUCLUK3702,UCL-UK/UCLStrokeData,13171.388,0.058,105334.77,0.058
sub-STUCLUK3703,UCL-UK/UCLStrokeData,6146.494,0.027,49084.933,0.027
sub-STUCLUK3704,UCL-UK/UCLStrokeData,3809.545,0.017,30400.382,0.017
sub-STUCLUK3705,UCL-UK/UCLStrokeData,7238.478,0.032,57859.332,0.032
sub-STUCLUK3706,UCL-UK/UCLStrokeData,1077.275,0.005,8607.624,0.005
sub-STUCLUK3707,UCL-UK/UCLStrokeData,7152.781,0.031,57152.989,0.031
sub-STUCLUK3708,UCL-UK/UCLStrokeData,19967.5,0.087,159664.905,0.087
sub-STUCLUK3709,UCL-UK/UCLStrokeData,10837.551,0.047,86624.101,0.047
sub-STUCLUK3710,UCL-UK/UCLStrokeData,1713.657,0.008,13646.067,0.007
sub-STUCLUK3711,UCL-UK/UCLStrokeData,2164.438,0.009,17258.843,0.009
sub-STUCLUK3712,UCL-UK/UCLStrokeData,2763.056,0.012,22085.18,0.012
sub-STUCLUK3713,UCL-UK/UCLStrokeData,10572.022,0.046,84534.562,0.046
sub-STUCLUK3714,UCL-UK/UCLStrokeData,2205.118,0.01,17649.612,0.01
sub-STUCLUK3715,UCL-UK/UCLStrokeData,8401.421,0.037,67146.281,0.037
sub-STUCLUK3716,UCL-UK/UCLStrokeData,8662.657,0.038,69299.258,0.038
sub-STUCLUK3717,UCL-UK/UCLStrokeData,19559.573,0.086,156364.247,0.086
sub-STUCLUK3718,UCL-UK/UCLStrokeData,6815.815,0.03,54488.916,0.03
sub-STUCLUK3719,UCL-UK/UCLStrokeData,21215.584,0.093,169654.584,0.093
sub-STUCLUK3720,UCL-UK/UCLStrokeData,28162.258,0.123,225127.517,0.123
sub-STUCLUK3721,UCL-UK/UCLStrokeData,15759.815,0.069,125992.517,0.069
sub-STUCLUK3722,UCL-UK/UCLStrokeData,2384.472,0.01,19047.152,0.01
sub-STUCLUK3723,UCL-UK/UCLStrokeData,17087.787,0.075,136582.781,0.075
sub-STUCLUK3724,UCL-UK/UCLStrokeData,1087.775,0.005,8673.472,0.005
sub-STUCLUK3725,UCL-UK/UCLStrokeData,2705.421,0.012,21609.528,0.012
sub-STUCLUK3726,UCL-UK/UCLStrokeData,18848.944,0.082,150774.236,0.083
sub-STUCLUK3727,UCL-UK/UCLStrokeData,6277.393,0.027,50123.315,0.027
sub-STUCLUK3728,UCL-UK/UCLStrokeData,4238.118,0.019,33871.837,0.019
sub-STUCLUK3729,UCL-UK/UCLStrokeData,11981.5,0.052,95833.343,0.052
sub-STUCLUK3730,UCL-UK/UCLStrokeData,6740.966,0.03,53841.949,0.029
sub-STUCLUK3731,UCL-UK/UCLStrokeData,22058.624,0.097,176386.629,0.097
sub-STUCLUK3732,UCL-UK/UCLStrokeData,8286.41,0.036,66207.23,0.036
sub-STUCLUK3733,UCL-UK/UCLStrokeData,11194.933,0.049,89428.685,0.049
sub-STUCLUK3734,UCL-UK/UCLStrokeData,7919.64,0.035,63320.242,0.035
sub-STUCLUK3735,UCL-UK/UCLStrokeData,989.652,0.004,7866.034,0.004
sub-STUCLUK3736,UCL-UK/UCLStrokeData,10588.59,0.046,84586.174,0.046
sub-STUCLUK3737,UCL-UK/UCLStrokeData,1110.343,0.005,8887.27,0.005
sub-STUCLUK3738,UCL-UK/UCLStrokeData,3024.736,0.013,24131.388,0.013
sub-STUCLUK3739,UCL-UK/UCLStrokeData,3955.326,0.017,31625.023,0.017
sub-STUCLUK3740,UCL-UK/UCLStrokeData,7702.747,0.034,61609.854,0.034
sub-STUCLUK3741,UCL-UK/UCLStrokeData,3301.865,0.014,26413.438,0.014
sub-STUCLUK3742,UCL-UK/UCLStrokeData,4263.545,0.019,34022.309,0.019
sub-STUCLUK3743,UCL-UK/UCLStrokeData,5075.888,0.022,40537.809,0.022
sub-STUCLUK3744,UCL-UK/UCLStrokeData,13384.489,0.059,107078.146,0.059
sub-STUCLUK3745,UCL-UK/UCLStrokeData,730.82,0.003,5840.466,0.003
sub-STUCLUK3746,UCL-UK/UCLStrokeData,327.331,0.001,2628.5,0.001
sub-STUCLUK3747,UCL-UK/UCLStrokeData,17219.022,0.075,137647.562,0.075
sub-STUCLUK3748,UCL-UK/UCLStrokeData,12963.966,0.057,103577.023,0.057
sub-STUCLUK3749,UCL-UK/UCLStrokeData,50494.214,0.221,403677.135,0.221
sub-STUCLUK3750,UCL-UK/UCLStrokeData,4472.674,0.02,35781.011,0.02
sub-STUCLUK3751,UCL-UK/UCLStrokeData,9327.118,0.041,74581.775,0.041
sub-STUCLUK3752,UCL-UK/UCLStrokeData,4373.303,0.019,34917.405,0.019
sub-STUCLUK3753,UCL-UK/UCLStrokeData,5747.028,0.025,45868.129,0.025
sub-STUCLUK3754,UCL-UK/UCLStrokeData,25950.803,0.114,207435.624,0.114
sub-STUCLUK3755,UCL-UK/UCLStrokeData,10023.753,0.044,80093.758,0.044
sub-STUCLUK3756,UCL-UK/UCLStrokeData,7850.573,0.034,62792.253,0.034
sub-STUCLUK3757,UCL-UK/UCLStrokeData,10365.062,0.045,82788.141,0.045
sub-STUCLUK3758,UCL-UK/UCLStrokeData,5395.601,0.024,43147.028,0.024
sub-STUCLUK3759,UCL-UK/UCLStrokeData,27423.135,0.12,219306.584,0.12
sub-STUCLUK3760,UCL-UK/UCLStrokeData,2752.404,0.012,21986.697,0.012
sub-STUCLUK3761,UCL-UK/UCLStrokeData,3025.202,0.013,24177.674,0.013
sub-STUCLUK3762,UCL-UK/UCLStrokeData,2800.118,0.012,22326.517,0.012
sub-STUCLUK3763,UCL-UK/UCLStrokeData,23358.798,0.102,186723.629,0.102
sub-STUCLUK3764,UCL-UK/UCLStrokeData,4599.596,0.02,36783.337,0.02
sub-STUCLUK3765,UCL-UK/UCLStrokeData,3089.91,0.014,24679.247,0.014
sub-STUCLUK3766,UCL-UK/UCLStrokeData,4412.86,0.019,35276.629,0.019
sub-STUCLUK3767,UCL-UK/UCLStrokeData,2150.607,0.009,17149.405,0.009
sub-STUCLUK3768,UCL-UK/UCLStrokeData,8990.096,0.039,71843.079,0.039
sub-STUCLUK3769,UCL-UK/UCLStrokeData,11581.882,0.051,92563.343,0.051
sub-STUCLUK3770,UCL-UK/UCLStrokeData,16219.826,0.071,129682.556,0.071
sub-STUCLUK3771,UCL-UK/UCLStrokeData,17518.449,0.077,140072.056,0.077
sub-STUCLUK3772,UCL-UK/UCLStrokeData,15173.742,0.066,121363.989,0.066
sub-STUCLUK3773,UCL-UK/UCLStrokeData,886.933,0.004,7093.562,0.004
sub-STUCLUK3774,UCL-UK/UCLStrokeData,13628.478,0.06,108919.685,0.06
sub-STUCLUK3775,UCL-UK/UCLStrokeData,17813.444,0.078,142394.084,0.078
sub-STUCLUK3776,UCL-UK/UCLStrokeData,7487.242,0.033,59871.888,0.033
sub-STUCLUK3777,UCL-UK/UCLStrokeData,42221.169,0.185,337618.893,0.185
sub-STUCLUK3778,UCL-UK/UCLStrokeData,9982.702,0.044,79742.124,0.044
sub-STUCLUK3779,UCL-UK/UCLStrokeData,1094.461,0.005,8652.669,0.005
sub-STUCLUK3780,UCL-UK/UCLStrokeData,10800.618,0.047,86382.371,0.047
sub-STUCLUK3781,UCL-UK/UCLStrokeData,2024.309,0.009,16161.539,0.009
sub-STUCLUK3782,UCL-UK/UCLStrokeData,13738.775,0.06,109902.691,0.06
sub-STUCLUK3783,UCL-UK/UCLStrokeData,31363.848,0.137,250764.141,0.137
sub-STUCLUK3784,UCL-UK/UCLStrokeData,27258.376,0.119,218015.629,0.119
sub-STUCLUK3785,UCL-UK/UCLStrokeData,576.635,0.003,4608.416,0.003
sub-STUCLUK3786,UCL-UK/UCLStrokeData,13725.028,0.06,109705.809,0.06
sub-STUCLUK3787,UCL-UK/UCLStrokeData,17706.59,0.077,141534.685,0.077
sub-STUCLUK3788,UCL-UK/UCLStrokeData,4825.713,0.021,38488.663,0.021
sub-STUCLUK3789,UCL-UK/UCLStrokeData,12617.787,0.055,100859.09,0.055
sub-STUCLUK3790,UCL-UK/UCLStrokeData,3738.775,0.016,29894.837,0.016
sub-STUCLUK3791,UCL-UK/UCLStrokeData,9479.006,0.041,75718.815,0.041
sub-STUCLUK3792,UCL-UK/UCLStrokeData,2210.152,0.01,17644.747,0.01
sub-STUCLUK3793,UCL-UK/UCLStrokeData,11800.247,0.052,94346.927,0.052
sub-STUCLUK3794,UCL-UK/UCLStrokeData,4120.073,0.018,32888.607,0.018
sub-STUCLUK3795,UCL-UK/UCLStrokeData,7502.787,0.033,59922.612,0.033
sub-STUCLUK3796,UCL-UK/UCLStrokeData,4846.455,0.021,38779.674,0.021
sub-STUCLUK3797,UCL-UK/UCLStrokeData,29911.972,0.131,239189.051,0.131
sub-STUCLUK3798,UCL-UK/UCLStrokeData,402.483,0.002,3220.893,0.002
sub-STUCLUK3799,UCL-UK/UCLStrokeData,27208.343,0.119,217572.18,0.119
sub-STUCLUK3800,UCL-UK/UCLStrokeData,971.36,0.004,7771.146,0.004
sub-STUCLUK3801,UCL-UK/UCLStrokeData,11834.854,0.052,94590.275,0.052
sub-STUCLUK3802,UCL-UK/UCLStrokeData,9851.747,0.043,78814.067,0.043
sub-STUCLUK3803,UCL-UK/UCLStrokeData,7127.5,0.031,57017.006,0.031
sub-STUCLUK3804,UCL-UK/UCLStrokeData,1300.185,0.006,10395.287,0.006
sub-STUCLUK3805,UCL-UK/UCLStrokeData,4842.596,0.021,38654.494,0.021
sub-STUCLUK3806,UCL-UK/UCLStrokeData,1382.978,0.006,11049.056,0.006
sub-STUCLUK3807,UCL-UK/UCLStrokeData,11809.197,0.052,94393.09,0.052
sub-STUCLUK3808,UCL-UK/UCLStrokeData,2360.039,0.01,18880.354,0.01
sub-STUCLUK3809,UCL-UK/UCLStrokeData,5953.073,0.026,47606.41,0.026
sub-STUCLUK3810,UCL-UK/UCLStrokeData,7697.449,0.034,61515.264,0.034
sub-STUCLUK3811,UCL-UK/UCLStrokeData,2083.669,0.009,16592.517,0.009
sub-STUCLUK3812,UCL-UK/UCLStrokeData,10769.264,0.047,86082.961,0.047
sub-STUCLUK3813,UCL-UK/UCLStrokeData,3408.629,0.015,27228.758,0.015
sub-STUCLUK3814,UCL-UK/UCLStrokeData,3809.562,0.017,30461.169,0.017
sub-STUCLUK3815,UCL-UK/UCLStrokeData,2761.551,0.012,22048.388,0.012
sub-STUCLUK3816,UCL-UK/UCLStrokeData,4130.876,0.018,33001.258,0.018
sub-STUCLUK3817,UCL-UK/UCLStrokeData,3019.646,0.013,24137.382,0.013
sub-STUCLUK3818,UCL-UK/UCLStrokeData,2224.124,0.01,17770.882,0.01
sub-STUCLUK3819,UCL-UK/UCLStrokeData,4912.354,0.021,39299.107,0.022
sub-STUCLUK3820,UCL-UK/UCLStrokeData,3644.629,0.016,29139.253,0.016
sub-STUCLUK3821,UCL-UK/UCLStrokeData,383.539,0.002,3071.41,0.002
sub-STUCLUK3822,UCL-UK/UCLStrokeData,3550.983,0.016,28415.539,0.016
sub-STUCLUK3823,UCL-UK/UCLStrokeData,21408.213,0.094,171227.112,0.094
sub-STUCLUK3824,UCL-UK/UCLStrokeData,4493.938,0.02,35896.067,0.02
sub-STUCLUK3825,UCL-UK/UCLStrokeData,13154.146,0.058,105072.624,0.058
sub-STUCLUK3826,UCL-UK/UCLStrokeData,7169.517,0.031,57306.388,0.031
sub-STUCLUK3827,UCL-UK/UCLStrokeData,1161.079,0.005,9259.438,0.005
sub-STUCLUK3828,UCL-UK/UCLStrokeData,12846.09,0.056,102744.197,0.056
sub-STUCLUK3829,UCL-UK/UCLStrokeData,1739.888,0.008,13910.708,0.008
sub-STUCLUK3830,UCL-UK/UCLStrokeData,5066.798,0.022,40509.916,0.022
sub-STUCLUK3831,UCL-UK/UCLStrokeData,9653.843,0.042,77203.607,0.042
sub-STUCLUK3832,UCL-UK/UCLStrokeData,7041.376,0.031,56332.292,0.031
sub-STUCLUK3833,UCL-UK/UCLStrokeData,26195.163,0.115,209422.079,0.115
sub-STUCLUK3834,UCL-UK/UCLStrokeData,3348.32,0.015,26690.41,0.015
sub-STUCLUK3835,UCL-UK/UCLStrokeData,13703.034,0.06,109567.146,0.06
sub-STUCLUK3836,UCL-UK/UCLStrokeData,7182.624,0.031,57365.45,0.031
sub-STUCLUK3837,UCL-UK/UCLStrokeData,25334.433,0.111,202547.826,0.111
sub-STUCLUK3838,UCL-UK/UCLStrokeData,3346.522,0.015,26696.747,0.015
sub-STUCLUK3839,UCL-UK/UCLStrokeData,3958.624,0.017,31618.736,0.017
sub-STUCLUK3840,UCL-UK/UCLStrokeData,3696.135,0.016,29538.045,0.016
sub-STUCLUK3841,UCL-UK/UCLStrokeData,6251.506,0.027,50004.815,0.027
sub-STUCLUK3842,UCL-UK/UCLStrokeData,10997.174,0.048,87830.399,0.048
sub-STUCLUK3843,UCL-UK/UCLStrokeData,5693.629,0.025,45440.416,0.025
sub-STUCLUK3844,UCL-UK/UCLStrokeData,1337.826,0.006,10640.275,0.006
sub-STUCLUK3845,UCL-UK/UCLStrokeData,28405.034,0.124,227054.191,0.124
sub-STUCLUK3846,UCL-UK/UCLStrokeData,16096.966,0.07,128734.354,0.07
sub-STUCLUK3847,UCL-UK/UCLStrokeData,9905.567,0.043,79208.815,0.043
sub-STUCLUK3848,UCL-UK/UCLStrokeData,14393.337,0.063,115062.944,0.063
sub-STUCLUK3849,UCL-UK/UCLStrokeData,6281.416,0.027,50128.242,0.027
sub-STUCLUK3850,UCL-UK/UCLStrokeData,1989.281,0.009,15879.011,0.009
sub-STUCLUK3851,UCL-UK/UCLStrokeData,6825.562,0.03,54516.539,0.03
sub-STUCLUK3852,UCL-UK/UCLStrokeData,3188.854,0.014,25440.264,0.014
sub-STUCLUK3853,UCL-UK/UCLStrokeData,4932.287,0.022,39394.461,0.022
sub-STUCLUK3854,UCL-UK/UCLStrokeData,6254.719,0.027,50017.393,0.027
sub-STUCLUK3855,UCL-UK/UCLStrokeData,2398.056,0.01,19018.753,0.01
sub-STUCLUK3856,UCL-UK/UCLStrokeData,4402.146,0.019,35218.152,0.019
sub-STUCLUK3857,UCL-UK/UCLStrokeData,4334.607,0.019,34588.214,0.019
sub-STUCLUK3858,UCL-UK/UCLStrokeData,13034.264,0.057,104118.871,0.057
sub-STUCLUK3859,UCL-UK/UCLStrokeData,3768.343,0.016,30161.242,0.017
sub-STUCLUK3860,UCL-UK/UCLStrokeData,5414.483,0.024,43240.483,0.024
sub-STUCLUK3861,UCL-UK/UCLStrokeData,26475.843,0.116,211649.798,0.116
sub-STUCLUK3862,UCL-UK/UCLStrokeData,20200.966,0.088,161488.455,0.088
sub-STUCLUK3863,UCL-UK/UCLStrokeData,1770.697,0.008,14166.062,0.008
sub-STUCLUK3864,UCL-UK/UCLStrokeData,2029.185,0.009,16226.343,0.009
sub-STUCLUK3865,UCL-UK/UCLStrokeData,3283.315,0.014,26228.258,0.014
sub-STUCLUK3866,UCL-UK/UCLStrokeData,3333.472,0.015,26662.247,0.015
sub-STUCLUK3867,UCL-UK/UCLStrokeData,3878.326,0.017,30982.343,0.017
sub-STUCLUK3868,UCL-UK/UCLStrokeData,4948.449,0.022,39484.865,0.022
sub-STUCLUK3869,UCL-UK/UCLStrokeData,26789.101,0.117,214208.528,0.117
sub-STUCLUK3870,UCL-UK/UCLStrokeData,6982.685,0.031,55844.764,0.031
sub-STUCLUK3871,UCL-UK/UCLStrokeData,1570.421,0.007,12568.494,0.007
sub-STUCLUK3872,UCL-UK/UCLStrokeData,3869.916,0.017,30841.067,0.017
sub-STUCLUK3873,UCL-UK/UCLStrokeData,946.494,0.004,7572.41,0.004
sub-STUCLUK3874,UCL-UK/UCLStrokeData,12229.944,0.054,97797.034,0.054
sub-STUCLUK3875,UCL-UK/UCLStrokeData,112.039,0.0,894.652,0.0
sub-STUCLUK3876,UCL-UK/UCLStrokeData,281.916,0.001,2254.949,0.001
sub-STUCLUK3877,UCL-UK/UCLStrokeData,4695.972,0.021,37546.601,0.021
sub-STUCLUK3878,UCL-UK/UCLStrokeData,3693.972,0.016,29549.702,0.016
sub-STUCLUK3879,UCL-UK/UCLStrokeData,3374.36,0.015,26943.051,0.015
sub-STUCLUK3880,UCL-UK/UCLStrokeData,13537.5,0.059,108172.73,0.059
sub-STUCLUK3881,UCL-UK/UCLStrokeData,5159.388,0.023,41263.882,0.023
sub-STUCLUK3882,UCL-UK/UCLStrokeData,6124.421,0.027,48959.725,0.027
sub-STUCLUK3883,UCL-UK/UCLStrokeData,3632.006,0.016,29031.41,0.016
sub-STUCLUK3884,UCL-UK/UCLStrokeData,6862.843,0.03,54841.545,0.03
sub-STUCLUK3885,UCL-UK/UCLStrokeData,11505.607,0.05,91938.236,0.05
sub-STUCLUK3886,UCL-UK/UCLStrokeData,13023.758,0.057,104161.045,0.057
sub-STUCLUK3887,UCL-UK/UCLStrokeData,10322.989,0.045,82524.146,0.045
sub-STUCLUK3888,UCL-UK/UCLStrokeData,16988.787,0.074,135770.129,0.074
sub-STUCLUK3889,UCL-UK/UCLStrokeData,2354.056,0.01,18806.067,0.01
sub-STUCLUK3890,UCL-UK/UCLStrokeData,1197.09,0.005,9553.281,0.005
sub-STUCLUK3891,UCL-UK/UCLStrokeData,15420.669,0.067,123352.303,0.068
sub-STUCLUK3892,UCL-UK/UCLStrokeData,7626.32,0.033,60974.629,0.033
sub-STUCLUK3893,UCL-UK/UCLStrokeData,32893.455,0.144,262931.141,0.144
sub-STUCLUK3894,UCL-UK/UCLStrokeData,17273.562,0.076,138162.011,0.076
sub-STUCLUK3895,UCL-UK/UCLStrokeData,8486.983,0.037,67772.91,0.037
sub-STUCLUK3896,UCL-UK/UCLStrokeData,8031.584,0.035,64152.405,0.035
sub-STUCLUK3897,UCL-UK/UCLStrokeData,171.815,0.001,1365.978,0.001
sub-STUCLUK3898,UCL-UK/UCLStrokeData,5960.624,0.026,47648.837,0.026
sub-STUCLUK3899,UCL-UK/UCLStrokeData,461.157,0.002,3682.989,0.002
sub-STUCLUK3900,UCL-UK/UCLStrokeData,2204.079,0.01,17603.899,0.01
sub-STUCLUK3901,UCL-UK/UCLStrokeData,5409.303,0.024,43288.444,0.024
sub-STUCLUK3902,UCL-UK/UCLStrokeData,5684.539,0.025,45404.348,0.025
sub-STUCLUK3903,UCL-UK/UCLStrokeData,4603.298,0.02,36829.331,0.02
sub-STUCLUK3904,UCL-UK/UCLStrokeData,6700.567,0.029,53586.635,0.029
sub-STUCLUK3905,UCL-UK/UCLStrokeData,4627.421,0.02,36880.949,0.02
sub-STUCLUK3906,UCL-UK/UCLStrokeData,1488.809,0.007,11895.927,0.007
sub-STUCLUK3907,UCL-UK/UCLStrokeData,5058.612,0.022,40412.09,0.022
sub-STUCLUK3908,UCL-UK/UCLStrokeData,6603.758,0.029,52860.0,0.029
sub-STUCLUK3909,UCL-UK/UCLStrokeData,659.792,0.003,5251.331,0.003
sub-STUCLUK3910,UCL-UK/UCLStrokeData,8794.618,0.038,70312.219,0.038
sub-STUCLUK3911,UCL-UK/UCLStrokeData,33725.112,0.148,269711.36,0.148
sub-STUCLUK3912,UCL-UK/UCLStrokeData,8475.601,0.037,67768.584,0.037
sub-STUCLUK3913,UCL-UK/UCLStrokeData,2389.781,0.01,19027.944,0.01
sub-STUCLUK3914,UCL-UK/UCLStrokeData,7545.466,0.033,60258.68,0.033
sub-STUCLUK3915,UCL-UK/UCLStrokeData,475.41,0.002,3793.247,0.002
sub-STUCLUK3916,UCL-UK/UCLStrokeData,23777.022,0.104,190095.309,0.104
sub-STUCLUK3917,UCL-UK/UCLStrokeData,11718.157,0.051,93729.635,0.051
sub-STUCLUK3918,UCL-UK/UCLStrokeData,3912.146,0.017,31298.073,0.017
sub-STUCLUK3919,UCL-UK/UCLStrokeData,2880.382,0.013,23011.517,0.013
sub-STUCLUK3920,UCL-UK/UCLStrokeData,18011.888,0.079,143981.714,0.079
sub-STUCLUK3921,UCL-UK/UCLStrokeData,2860.461,0.013,22864.905,0.013
sub-STUCLUK3922,UCL-UK/UCLStrokeData,9390.376,0.041,75045.646,0.041
sub-STUCLUK3923,UCL-UK/UCLStrokeData,286.483,0.001,2295.292,0.001
sub-STUCLUK3924,UCL-UK/UCLStrokeData,4406.489,0.019,35195.365,0.019
sub-STUCLUK3925,UCL-UK/UCLStrokeData,22291.236,0.098,178211.663,0.098
sub-STUCLUK3926,UCL-UK/UCLStrokeData,1043.551,0.005,8342.781,0.005
sub-STUCLUK3927,UCL-UK/UCLStrokeData,9430.494,0.041,75351.82,0.041
sub-STUCLUK3928,UCL-UK/UCLStrokeData,13327.685,0.058,106575.517,0.058
sub-STUCLUK3929,UCL-UK/UCLStrokeData,1437.399,0.006,11450.927,0.006
sub-STUCLUK3930,UCL-UK/UCLStrokeData,11887.652,0.052,95020.354,0.052
sub-STUCLUK3931,UCL-UK/UCLStrokeData,8605.545,0.038,68808.517,0.038
sub-STUCLUK3932,UCL-UK/UCLStrokeData,2383.764,0.01,19048.421,0.01
sub-STUCLUK3933,UCL-UK/UCLStrokeData,3150.309,0.014,25195.994,0.014
sub-STUCLUK3934,UCL-UK/UCLStrokeData,10685.433,0.047,85472.416,0.047
sub-STUCLUK3935,UCL-UK/UCLStrokeData,7038.64,0.031,56276.714,0.031
sub-STUCLUK3936,UCL-UK/UCLStrokeData,399.556,0.002,3205.888,0.002
sub-STUCLUK3937,UCL-UK/UCLStrokeData,7116.0,0.031,56912.354,0.031
sub-STUCLUK3938,UCL-UK/UCLStrokeData,3422.135,0.015,27244.685,0.015
sub-STUCLUK3939,UCL-UK/UCLStrokeData,3713.725,0.016,29595.697,0.016
sub-STUCLUK3940,UCL-UK/UCLStrokeData,16351.197,0.072,130735.028,0.072
sub-STUCLUK3941,UCL-UK/UCLStrokeData,2719.365,0.012,21766.219,0.012
sub-STUCLUK3942,UCL-UK/UCLStrokeData,3477.736,0.015,27754.365,0.015
sub-STUCLUK3943,UCL-UK/UCLStrokeData,1667.978,0.007,13313.854,0.007
sub-STUCLUK3944,UCL-UK/UCLStrokeData,3869.32,0.017,30985.556,0.017
sub-STUCLUK3945,UCL-UK/UCLStrokeData,10614.983,0.046,84859.961,0.046
sub-STUCLUK3946,UCL-UK/UCLStrokeData,8565.185,0.037,68469.989,0.037
sub-STUCLUK3947,UCL-UK/UCLStrokeData,3564.045,0.016,28511.045,0.016
sub-STUCLUK3948,UCL-UK/UCLStrokeData,10801.848,0.047,86351.259,0.047
sub-STUCLUK3949,UCL-UK/UCLStrokeData,12033.854,0.053,96197.433,0.053
sub-STUCLUK3950,UCL-UK/UCLStrokeData,4491.601,0.02,35854.444,0.02
sub-STUCLUK3951,UCL-UK/UCLStrokeData,1223.371,0.005,9766.798,0.005
sub-STUCLUK3952,UCL-UK/UCLStrokeData,26082.663,0.114,208467.511,0.114
sub-STUCLUK3953,UCL-UK/UCLStrokeData,5731.511,0.025,45781.601,0.025
sub-STUCLUK3954,UCL-UK/UCLStrokeData,3396.966,0.015,27152.399,0.015
sub-STUCLUK3955,UCL-UK/UCLStrokeData,46.489,0.0,369.006,0.0
sub-STUCLUK3956,UCL-UK/UCLStrokeData,9614.579,0.042,76915.23,0.042
sub-STUCLUK3957,UCL-UK/UCLStrokeData,4801.478,0.021,38433.214,0.021
sub-STUCLUK3958,UCL-UK/UCLStrokeData,3637.309,0.016,29070.809,0.016
sub-STUCLUK3959,UCL-UK/UCLStrokeData,3060.854,0.013,24472.399,0.013
sub-STUCLUK3960,UCL-UK/UCLStrokeData,7307.949,0.032,58476.41,0.032
sub-STUCLUK3961,UCL-UK/UCLStrokeData,11113.579,0.049,88909.635,0.049
sub-STUCLUK3962,UCL-UK/UCLStrokeData,5066.994,0.022,40438.309,0.022
sub-STUCLUK3963,UCL-UK/UCLStrokeData,8573.944,0.038,68487.978,0.037
sub-STUCLUK3964,UCL-UK/UCLStrokeData,1111.517,0.005,8875.702,0.005
sub-STUCLUK3965,UCL-UK/UCLStrokeData,24274.18,0.106,194053.882,0.106
sub-STUCLUK3966,UCL-UK/UCLStrokeData,21268.596,0.093,170127.326,0.093
sub-STUCLUK3967,UCL-UK/UCLStrokeData,20625.478,0.09,164961.742,0.09
sub-STUCLUK3968,UCL-UK/UCLStrokeData,2428.09,0.011,19377.674,0.011
sub-STUCLUK3969,UCL-UK/UCLStrokeData,4474.573,0.02,35750.421,0.02
sub-STUCLUK3970,UCL-UK/UCLStrokeData,937.045,0.004,7461.573,0.004
sub-STUCLUK3971,UCL-UK/UCLStrokeData,2577.854,0.011,20598.264,0.011
sub-STUCLUK3972,UCL-UK/UCLStrokeData,6768.556,0.03,54088.871,0.03
sub-STUCLUK3973,UCL-UK/UCLStrokeData,1628.798,0.007,13027.472,0.007
sub-STUCLUK3974,UCL-UK/UCLStrokeData,8012.646,0.035,64070.483,0.035
sub-STUCLUK3975,UCL-UK/UCLStrokeData,3223.309,0.014,25754.82,0.014
sub-STUCLUK3976,UCL-UK/UCLStrokeData,5552.478,0.024,44388.685,0.024
sub-STUCLUK3977,UCL-UK/UCLStrokeData,5119.202,0.022,40924.197,0.022
sub-STUCLUK3978,UCL-UK/UCLStrokeData,18196.197,0.08,145500.039,0.08
sub-STUCLUK3979,UCL-UK/UCLStrokeData,3700.489,0.016,29595.691,0.016
sub-STUCLUK3980,UCL-UK/UCLStrokeData,7674.949,0.034,61324.854,0.034
sub-STUCLUK3981,UCL-UK/UCLStrokeData,2761.174,0.012,22069.91,0.012
sub-STUCLUK3982,UCL-UK/UCLStrokeData,8952.713,0.039,71641.315,0.039
sub-STUCLUK3983,UCL-UK/UCLStrokeData,6698.489,0.029,53544.028,0.029
sub-STUCLUK3984,UCL-UK/UCLStrokeData,6559.691,0.029,52458.225,0.029
sub-STUCLUK3985,UCL-UK/UCLStrokeData,16906.691,0.074,135146.478,0.074
sub-STUCLUK3986,UCL-UK/UCLStrokeData,1492.899,0.007,11923.534,0.007
sub-STUCLUK3987,UCL-UK/UCLStrokeData,1666.416,0.007,13299.921,0.007
sub-STUCLUK3988,UCL-UK/UCLStrokeData,8536.309,0.037,68266.478,0.037
sub-STUCLUK3989,UCL-UK/UCLStrokeData,8174.618,0.036,65311.096,0.036
sub-STUCLUK3990,UCL-UK/UCLStrokeData,740.775,0.003,5904.219,0.003
sub-STUCLUK3991,UCL-UK/UCLStrokeData,1317.674,0.006,10519.736,0.006
sub-STUCLUK3992,UCL-UK/UCLStrokeData,8323.944,0.036,66606.309,0.036
sub-STUCLUK3993,UCL-UK/UCLStrokeData,7725.455,0.034,61722.545,0.034
sub-STUCLUK3994,UCL-UK/UCLStrokeData,5169.635,0.023,41310.921,0.023
sub-STUCLUK3995,UCL-UK/UCLStrokeData,15814.944,0.069,126520.298,0.069
sub-STUCLUK3996,UCL-UK/UCLStrokeData,5754.624,0.025,45999.966,0.025
sub-STUCLUK3997,UCL-UK/UCLStrokeData,5850.174,0.026,46727.028,0.026
sub-STUCLUK3998,UCL-UK/UCLStrokeData,20297.955,0.089,162290.612,0.089
sub-STUCLUK3999,UCL-UK/UCLStrokeData,1070.938,0.005,8535.579,0.005
sub-STUCLUK4000,UCL-UK/UCLStrokeData,5057.124,0.022,40453.444,0.022
sub-STUCLUK4001,UCL-UK/UCLStrokeData,1136.022,0.005,9104.365,0.005
sub-STUCLUK4002,UCL-UK/UCLStrokeData,16058.331,0.07,128398.315,0.07
sub-STUCLUK4003,UCL-UK/UCLStrokeData,20970.045,0.092,167596.944,0.092
sub-STUCLUK4004,UCL-UK/UCLStrokeData,22383.354,0.098,178908.82,0.098
sub-STUCLUK4005,UCL-UK/UCLStrokeData,5051.815,0.022,40416.382,0.022
sub-STUCLUK4006,UCL-UK/UCLStrokeData,6708.725,0.029,53628.927,0.029
sub-STUCLUK4007,UCL-UK/UCLStrokeData,2588.579,0.011,20705.551,0.011
sub-STUCLUK4008,UCL-UK/UCLStrokeData,6668.118,0.029,53281.354,0.029
sub-STUCLUK4009,UCL-UK/UCLStrokeData,12755.573,0.056,101967.837,0.056
sub-STUCLUK4010,UCL-UK/UCLStrokeData,6541.466,0.029,52297.876,0.029
sub-STUCLUK4011,UCL-UK/UCLStrokeData,18990.118,0.083,151831.803,0.083
sub-STUCLUK4012,UCL-UK/UCLStrokeData,7308.41,0.032,58436.966,0.032
sub-STUCLUK4013,UCL-UK/UCLStrokeData,4999.034,0.022,39975.545,0.022
sub-STUCLUK4014,UCL-UK/UCLStrokeData,3996.517,0.017,31934.337,0.017
sub-STUCLUK4015,UCL-UK/UCLStrokeData,37685.264,0.165,301376.556,0.165
sub-STUCLUK4016,UCL-UK/UCLStrokeData,35495.416,0.155,283767.483,0.155
sub-STUCLUK4017,UCL-UK/UCLStrokeData,1706.657,0.007,13641.337,0.007
sub-STUCLUK4018,UCL-UK/UCLStrokeData,2803.534,0.012,22407.803,0.012
sub-STUCLUK4019,UCL-UK/UCLStrokeData,1686.949,0.007,13502.23,0.007
sub-STUCLUK4020,UCL-UK/UCLStrokeData,8372.444,0.037,66889.27,0.037
sub-STUCLUK4021,UCL-UK/UCLStrokeData,10155.32,0.044,81228.208,0.044
sub-STUCLUK4022,UCL-UK/UCLStrokeData,431.433,0.002,3451.775,0.002
sub-STUCLUK4023,UCL-UK/UCLStrokeData,661.989,0.003,5295.646,0.003
sub-STUCLUK4024,UCL-UK/UCLStrokeData,677.916,0.003,5408.017,0.003
sub-STUCLUK4025,UCL-UK/UCLStrokeData,5174.208,0.023,41350.079,0.023
sub-STUCLUK4026,UCL-UK/UCLStrokeData,3644.371,0.016,29088.697,0.016
sub-STUCLUK4027,UCL-UK/UCLStrokeData,5431.539,0.024,43412.871,0.024
sub-STUCLUK4028,UCL-UK/UCLStrokeData,6108.562,0.027,48811.36,0.027
sub-STUCLUK4029,UCL-UK/UCLStrokeData,3864.758,0.017,30811.236,0.017
sub-STUCLUK4030,UCL-UK/UCLStrokeData,32276.281,0.141,258035.686,0.141
sub-STUCLUK4031,UCL-UK/UCLStrokeData,3953.624,0.017,31644.764,0.017
sub-STUCLUK4032,UCL-UK/UCLStrokeData,11632.921,0.051,92943.219,0.051
sub-STUCLUK4033,UCL-UK/UCLStrokeData,5528.348,0.024,44177.702,0.024
sub-STUCLUK4034,UCL-UK/UCLStrokeData,12401.562,0.054,99193.236,0.054
sub-STUCLUK4035,UCL-UK/UCLStrokeData,21848.489,0.096,174719.854,0.096
sub-STUCLUK4036,UCL-UK/UCLStrokeData,6342.455,0.028,50661.298,0.028
sub-STUCLUK4037,UCL-UK/UCLStrokeData,2477.034,0.011,19798.955,0.011
sub-STUCLUK4038,UCL-UK/UCLStrokeData,2145.287,0.009,17154.376,0.009
sub-STUCLUK4039,UCL-UK/UCLStrokeData,3669.455,0.016,29305.219,0.016
sub-STUCLUK4040,UCL-UK/UCLStrokeData,2594.989,0.011,20750.927,0.011
sub-STUCLUK4041,UCL-UK/UCLStrokeData,5804.006,0.025,46416.955,0.025
sub-STUCLUK4042,UCL-UK/UCLStrokeData,6029.944,0.026,48263.579,0.026
sub-STUCLUK4043,UCL-UK/UCLStrokeData,5197.798,0.023,41546.921,0.023
sub-STUCLUK4044,UCL-UK/UCLStrokeData,2182.601,0.01,17447.607,0.01
sub-STUCLUK4045,UCL-UK/UCLStrokeData,6807.534,0.03,54405.427,0.03
sub-STUCLUK4046,UCL-UK/UCLStrokeData,8630.292,0.038,68923.371,0.038
sub-STUCLUK4047,UCL-UK/UCLStrokeData,29580.073,0.129,236546.601,0.129
sub-STUCLUK4048,UCL-UK/UCLStrokeData,3010.213,0.013,24067.635,0.013
sub-STUCLUK4049,UCL-UK/UCLStrokeData,1851.685,0.008,14808.034,0.008
sub-STUCLUK4050,UCL-UK/UCLStrokeData,13285.14,0.058,106126.556,0.058
sub-STUCLUK4051,UCL-UK/UCLStrokeData,10986.742,0.048,87834.236,0.048
sub-STUCLUK4052,UCL-UK/UCLStrokeData,10084.607,0.044,80660.023,0.044
sub-STUCLUK4053,UCL-UK/UCLStrokeData,7531.961,0.033,60264.972,0.033
sub-STUCLUK4054,UCL-UK/UCLStrokeData,17891.028,0.078,143043.551,0.078
sub-STUCLUK4055,UCL-UK/UCLStrokeData,8945.798,0.039,71445.343,0.039
sub-STUCLUK4056,UCL-UK/UCLStrokeData,10544.14,0.046,84311.781,0.046
sub-STUCLUK4057,UCL-UK/UCLStrokeData,11472.629,0.05,91729.719,0.05
sub-STUCLUK4058,UCL-UK/UCLStrokeData,2265.427,0.01,18091.775,0.01
sub-STUCLUK4059,UCL-UK/UCLStrokeData,1402.461,0.006,11178.994,0.006
sub-STUCLUK4060,UCL-UK/UCLStrokeData,15208.826,0.067,121634.365,0.067
sub-STUCLUK4061,UCL-UK/UCLStrokeData,5562.348,0.024,44425.034,0.024
sub-STUCLUK4062,UCL-UK/UCLStrokeData,4428.691,0.019,35329.77,0.019
sub-STUCLUK4063,UCL-UK/UCLStrokeData,4611.124,0.02,36882.854,0.02
sub-STUCLUK4064,UCL-UK/UCLStrokeData,4404.281,0.019,35230.371,0.019
sub-STUCLUK4065,UCL-UK/UCLStrokeData,17633.303,0.077,140986.23,0.077
sub-STUCLUK4066,UCL-UK/UCLStrokeData,783.376,0.003,6212.433,0.003
sub-STUCLUK4067,UCL-UK/UCLStrokeData,3239.697,0.014,25793.539,0.014
sub-STUCLUK4068,UCL-UK/UCLStrokeData,12641.213,0.055,101078.983,0.055
sub-STUCLUK4069,UCL-UK/UCLStrokeData,24493.657,0.107,195808.129,0.107
sub-STUCLUK4070,UCL-UK/UCLStrokeData,10306.393,0.045,82379.315,0.045
sub-STUCLUK4071,UCL-UK/UCLStrokeData,3754.826,0.016,30027.545,0.016
sub-STUCLUK4072,UCL-UK/UCLStrokeData,15321.927,0.067,122487.601,0.067
sub-STUCLUK4073,UCL-UK/UCLStrokeData,2624.41,0.011,20999.584,0.011
sub-STUCLUK4074,UCL-UK/UCLStrokeData,2140.287,0.009,17118.517,0.009
sub-STUCLUK4075,UCL-UK/UCLStrokeData,14284.421,0.063,114268.292,0.063
sub-STUCLUK4076,UCL-UK/UCLStrokeData,2845.747,0.012,22714.567,0.012
sub-STUCLUK4077,UCL-UK/UCLStrokeData,3791.511,0.017,30285.961,0.017
sub-STUCLUK4078,UCL-UK/UCLStrokeData,3875.466,0.017,30985.826,0.017
sub-STUCLUK4079,UCL-UK/UCLStrokeData,4277.635,0.019,34190.551,0.019
sub-STUCLUK4080,UCL-UK/UCLStrokeData,5652.854,0.025,45217.421,0.025
sub-STUCLUK4081,UCL-UK/UCLStrokeData,4336.685,0.019,34699.916,0.019
sub-STUCLUK4082,UCL-UK/UCLStrokeData,16859.949,0.074,134851.517,0.074
sub-STUCLUK4083,UCL-UK/UCLStrokeData,2353.938,0.01,18829.062,0.01
sub-STUCLUK4084,UCL-UK/UCLStrokeData,7377.539,0.032,58992.674,0.032
sub-STUCLUK4085,UCL-UK/UCLStrokeData,1441.011,0.006,11469.618,0.006
sub-STUCLUK4086,UCL-UK/UCLStrokeData,1951.174,0.009,15605.702,0.009
sub-STUCLUK4087,UCL-UK/UCLStrokeData,39347.051,0.172,314641.646,0.172
sub-STUCLUK4088,UCL-UK/UCLStrokeData,13039.787,0.057,104246.146,0.057
sub-STUCLUK4089,UCL-UK/UCLStrokeData,42646.084,0.187,341018.517,0.187
sub-STUCLUK4090,UCL-UK/UCLStrokeData,14420.517,0.063,115302.348,0.063
sub-STUCLUK4091,UCL-UK/UCLStrokeData,4797.404,0.021,38333.5,0.021
sub-STUCLUK4092,UCL-UK/UCLStrokeData,3538.079,0.015,28323.096,0.016
sub-STUCLUK4093,UCL-UK/UCLStrokeData,1153.837,0.005,9227.298,0.005
sub-STUCLUK4094,UCL-UK/UCLStrokeData,4773.393,0.021,38120.185,0.021
sub-STUCLUK4095,UCL-UK/UCLStrokeData,6454.101,0.028,51596.253,0.028
sub-STUCLUK4096,UCL-UK/UCLStrokeData,11087.169,0.049,88559.472,0.048
sub-STUCLUK4097,UCL-UK/UCLStrokeData,9516.747,0.042,76089.978,0.042
sub-STUCLUK4098,UCL-UK/UCLStrokeData,5274.669,0.023,42195.466,0.023
sub-STUCLUK4099,UCL-UK/UCLStrokeData,6829.933,0.03,54575.854,0.03
sub-STUCLUK4100,UCL-UK/UCLStrokeData,17594.882,0.077,140637.708,0.077
sub-STUCLUK4101,UCL-UK/UCLStrokeData,12239.32,0.054,97931.905,0.054
sub-STUCLUK4102,UCL-UK/UCLStrokeData,5095.652,0.022,40717.905,0.022
sub-STUCLUK4103,UCL-UK/UCLStrokeData,4989.152,0.022,39857.275,0.022
sub-STUCLUK4104,UCL-UK/UCLStrokeData,25971.169,0.114,207661.253,0.114
sub-STUCLUK4105,UCL-UK/UCLStrokeData,9069.438,0.04,72525.225,0.04
sub-STUCLUK4106,UCL-UK/UCLStrokeData,25962.506,0.114,207531.843,0.114
sub-STUCLUK4107,UCL-UK/UCLStrokeData,4893.292,0.021,39127.994,0.021
sub-STUCLUK4108,UCL-UK/UCLStrokeData,25002.758,0.109,199969.326,0.109
sub-STUCLUK4109,UCL-UK/UCLStrokeData,3815.927,0.017,30520.309,0.017
sub-STUCLUK4110,UCL-UK/UCLStrokeData,27786.607,0.122,222261.843,0.122
sub-STUCLUK4111,UCL-UK/UCLStrokeData,7619.966,0.033,60912.927,0.033
sub-STUCLUK4112,UCL-UK/UCLStrokeData,19266.197,0.084,154056.742,0.084
sub-STUCLUK4113,UCL-UK/UCLStrokeData,2252.663,0.01,18001.562,0.01
sub-STUCLUK4114,UCL-UK/UCLStrokeData,3382.315,0.015,27048.258,0.015
sub-STUCLUK4115,UCL-UK/UCLStrokeData,10403.056,0.046,83238.528,0.046
sub-STUCLUK4116,UCL-UK/UCLStrokeData,12953.68,0.057,103564.607,0.057
sub-STUCLUK4117,UCL-UK/UCLStrokeData,7464.652,0.033,59620.781,0.033
sub-STUCLUK4118,UCL-UK/UCLStrokeData,44642.725,0.195,356973.062,0.195
sub-STUCLUK4119,UCL-UK/UCLStrokeData,4603.73,0.02,36810.247,0.02
sub-STUKE0058,UKE/WAKEUP_acute,7802.017,0.034,62401.062,0.034
sub-STUKE0059,UKE/WAKEUP_acute,7886.472,0.035,63051.803,0.035
sub-STUKE0060,UKE/WAKEUP_acute,5524.399,0.024,44176.214,0.024
sub-STUKE0061,UKE/WAKEUP_acute,4834.376,0.021,38660.994,0.021
sub-STUKE0062,UKE/WAKEUP_acute,6897.174,0.03,55066.961,0.03
sub-STUKE0063,UKE/WAKEUP_acute,16394.64,0.072,131116.938,0.072
sub-STUKE0064,UKE/WAKEUP_acute,6034.758,0.026,48221.747,0.026
sub-STUKE0065,UKE/WAKEUP_acute,7994.831,0.035,63945.685,0.035
sub-STUKE0066,UKE/WAKEUP_acute,8478.545,0.037,67741.129,0.037
sub-STUKE0067,UKE/WAKEUP_acute,14678.972,0.064,117385.118,0.064
sub-STUKE0068,UKE/WAKEUP_acute,5500.449,0.024,43937.354,0.024
sub-STUKE0069,UKE/WAKEUP_acute,6172.253,0.027,49375.449,0.027
sub-STUKE0070,UKE/WAKEUP_acute,21023.629,0.092,168166.742,0.092
sub-STUKE0071,UKE/WAKEUP_acute,4764.174,0.021,38082.596,0.021
sub-STUKE0072,UKE/WAKEUP_acute,2115.281,0.009,16826.433,0.009
sub-STUKE0073,UKE/WAKEUP_acute,5974.596,0.026,47806.725,0.026
sub-STUKE0074,UKE/WAKEUP_acute,6571.073,0.029,52521.949,0.029
sub-STUKE0075,UKE/WAKEUP_acute,890.955,0.004,7122.213,0.004
sub-STUKE0076,UKE/WAKEUP_acute,33684.449,0.147,269308.427,0.147
sub-STUKE0077,UKE/WAKEUP_acute,3508.242,0.015,28087.449,0.015
sub-STUKE0078,UKE/WAKEUP_acute,5701.674,0.025,45522.506,0.025
sub-STUKE0080,UKE/WAKEUP_acute,27397.506,0.12,219059.815,0.12
sub-STUKE0081,UKE/WAKEUP_acute,11965.86,0.052,95668.045,0.052
sub-STUKE0082,UKE/WAKEUP_acute,3833.371,0.017,30599.449,0.017
sub-STUKE0083,UKE/WAKEUP_acute,11265.197,0.049,90116.691,0.049
sub-STUKE0084,UKE/WAKEUP_acute,20952.944,0.092,167483.051,0.092
sub-STUKE0085,UKE/WAKEUP_acute,941.427,0.004,7535.624,0.004
sub-STUKE0086,UKE/WAKEUP_acute,16409.893,0.072,131180.809,0.072
sub-STUKE0087,UKE/WAKEUP_acute,4896.73,0.021,39129.051,0.021
sub-STUKE0088,UKE/WAKEUP_acute,5392.803,0.024,43055.556,0.024
sub-STUKE0089,UKE/WAKEUP_acute,8291.725,0.036,66341.983,0.036
sub-STUKE0090,UKE/WAKEUP_acute,8692.185,0.038,69531.461,0.038
sub-STUKE0091,UKE/WAKEUP_acute,7640.365,0.033,60997.719,0.033
sub-STUKE0092,UKE/WAKEUP_acute,31939.522,0.14,255392.36,0.14
sub-STUKE0093,UKE/WAKEUP_acute,2358.461,0.01,18828.039,0.01
sub-STUKE0094,UKE/WAKEUP_acute,9526.096,0.042,76164.899,0.042
sub-STUKE0095,UKE/WAKEUP_acute,11665.663,0.051,93210.455,0.051
sub-STUKE0096,UKE/WAKEUP_acute,18318.77,0.08,146493.556,0.08
sub-STUKE0098,UKE/WAKEUP_acute,734.051,0.003,5850.697,0.003
sub-STUKE0099,UKE/WAKEUP_acute,18566.309,0.081,148404.348,0.081
sub-STUKE0100,UKE/WAKEUP_acute,6792.522,0.03,54278.14,0.03
sub-STUKE0101,UKE/WAKEUP_acute,11162.764,0.049,89293.483,0.049
sub-STUKE0102,UKE/WAKEUP_acute,17756.135,0.078,142054.792,0.078
sub-STUKE0103,UKE/WAKEUP_acute,10393.888,0.045,83155.348,0.046
sub-STUKE0104,UKE/WAKEUP_acute,1345.663,0.006,10748.062,0.006
sub-STUKE0105,UKE/WAKEUP_acute,1928.315,0.008,15431.466,0.008
sub-STUKE0106,UKE/WAKEUP_acute,8923.82,0.039,71313.545,0.039
sub-STUKE0107,UKE/WAKEUP_acute,40994.236,0.179,327740.916,0.179
sub-STUKE0108,UKE/WAKEUP_acute,15449.084,0.068,123550.478,0.068
sub-STUKE0110,UKE/WAKEUP_acute,850.455,0.004,6793.438,0.004
sub-STUKE0111,UKE/WAKEUP_acute,7086.405,0.031,56646.674,0.031
sub-STUKE0112,UKE/WAKEUP_acute,15263.393,0.067,122070.337,0.067
sub-STUKE0113,UKE/WAKEUP_acute,3126.747,0.014,24991.112,0.014
sub-STUKE0115,UKE/WAKEUP_acute,928.393,0.004,7425.567,0.004
sub-STUKE0116,UKE/WAKEUP_acute,25703.14,0.112,205498.781,0.112
sub-STUKE0117,UKE/WAKEUP_acute,8997.264,0.039,71967.944,0.039
sub-STUKE0118,UKE/WAKEUP_acute,5442.68,0.024,43561.697,0.024
sub-STUKE0119,UKE/WAKEUP_acute,1824.669,0.008,14578.809,0.008
sub-STUKE0121,UKE/WAKEUP_acute,14314.23,0.063,114392.562,0.063
sub-STUKE0122,UKE/WAKEUP_acute,4570.938,0.02,36588.876,0.02
sub-STUKE0123,UKE/WAKEUP_acute,1446.579,0.006,11562.511,0.006
sub-STUKE0124,UKE/WAKEUP_acute,6442.955,0.028,51443.545,0.028
sub-STUKE0125,UKE/WAKEUP_acute,2401.781,0.011,19154.994,0.01
sub-STUKE0126,UKE/WAKEUP_acute,6670.135,0.029,53296.124,0.029
sub-STUKE0127,UKE/WAKEUP_acute,2267.556,0.01,18101.309,0.01
sub-STUKE0128,UKE/WAKEUP_acute,6530.281,0.029,52235.416,0.029
sub-STUKE0129,UKE/WAKEUP_acute,11149.292,0.049,89115.427,0.049
sub-STUKE0130,UKE/WAKEUP_acute,14367.337,0.063,114914.141,0.063
sub-STUKE0132,UKE/WAKEUP_acute,2234.989,0.01,17889.275,0.01
sub-STUKE0133,UKE/WAKEUP_acute,5531.045,0.024,44169.938,0.024
sub-STUKE0134,UKE/WAKEUP_acute,5409.169,0.024,43184.18,0.024
sub-STUKE0135,UKE/WAKEUP_acute,6332.056,0.028,50598.669,0.028
sub-STUKE0136,UKE/WAKEUP_acute,4339.478,0.019,34676.612,0.019
sub-STUKE0137,UKE/WAKEUP_acute,1586.848,0.007,12672.624,0.007
sub-STUKE0139,UKE/WAKEUP_acute,1693.77,0.007,13551.646,0.007
sub-STUKE0140,UKE/WAKEUP_acute,24211.86,0.106,193627.157,0.106
sub-STUKE0141,UKE/WAKEUP_acute,5724.056,0.025,45745.461,0.025
sub-STUKE0142,UKE/WAKEUP_acute,11788.135,0.052,94184.994,0.052
sub-STUKE0144,UKE/WAKEUP_acute,8935.607,0.039,71448.641,0.039
sub-STUKE0145,UKE/WAKEUP_acute,5201.438,0.023,41584.185,0.023
sub-STUKE0146,UKE/WAKEUP_acute,1003.629,0.004,8004.045,0.004
sub-STUKE0147,UKE/WAKEUP_acute,18081.107,0.079,144606.579,0.079
sub-STUKE0148,UKE/WAKEUP_acute,8725.831,0.038,69766.039,0.038
sub-STUKE0149,UKE/WAKEUP_acute,7573.225,0.033,60476.438,0.033
sub-STUKE0150,UKE/WAKEUP_acute,26926.309,0.118,215342.343,0.118
sub-STUKE0151,UKE/WAKEUP_acute,670.955,0.003,5369.045,0.003
sub-STUKE0152,UKE/WAKEUP_acute,5597.652,0.024,44790.955,0.025
sub-STUKE0154,UKE/WAKEUP_acute,3782.382,0.017,30205.534,0.017
sub-STUKE0155,UKE/WAKEUP_acute,7820.579,0.034,62549.73,0.034
sub-STUKE0156,UKE/WAKEUP_acute,28622.848,0.125,228835.056,0.125
sub-STUKE0157,UKE/WAKEUP_acute,6869.663,0.03,54870.32,0.03
sub-STUKE0158,UKE/WAKEUP_acute,15091.433,0.066,120615.91,0.066
sub-STUKE0159,UKE/WAKEUP_acute,22881.376,0.1,182952.596,0.1
sub-STUKE0161,UKE/WAKEUP_acute,15921.236,0.07,127348.775,0.07
sub-STUKE0162,UKE/WAKEUP_acute,4241.388,0.019,33894.18,0.019
sub-STUKE0164,UKE/WAKEUP_acute,6635.831,0.029,53113.73,0.029
sub-STUKE0168,UKE/WAKEUP_acute,3281.18,0.014,26206.36,0.014
sub-STUKE0169,UKE/WAKEUP_acute,5773.051,0.025,46132.775,0.025
sub-STUKE0175,UKE/WAKEUP_acute,14701.275,0.064,117509.084,0.064
sub-STUKE0176,UKE/WAKEUP_acute,17414.522,0.076,139202.343,0.076
sub-STUKE0177,UKE/WAKEUP_acute,10069.73,0.044,80512.416,0.044
sub-STUKE0178,UKE/WAKEUP_acute,3179.871,0.014,25377.287,0.014
sub-STUKE0179,UKE/WAKEUP_acute,14104.798,0.062,112702.41,0.062
sub-STUKE0181,UKE/WAKEUP_acute,2289.624,0.01,18252.399,0.01
sub-STUKE0182,UKE/WAKEUP_acute,994.0,0.004,7932.556,0.004
sub-STUKE0183,UKE/WAKEUP_acute,8396.051,0.037,67098.781,0.037
sub-STUKE0184,UKE/WAKEUP_acute,8181.803,0.036,65390.551,0.036
sub-STUKE0185,UKE/WAKEUP_acute,1166.034,0.005,9299.534,0.005
sub-STUKE0186,UKE/WAKEUP_acute,7341.421,0.032,58718.478,0.032
sub-STUKE0187,UKE/WAKEUP_acute,10877.545,0.048,87011.601,0.048
sub-STUKE0188,UKE/WAKEUP_acute,10098.562,0.044,80704.5,0.044
sub-STUKE0189,UKE/WAKEUP_acute,15195.051,0.067,121450.539,0.066
sub-STUKE0190,UKE/WAKEUP_acute,4993.708,0.022,39945.517,0.022
sub-STUKE0191,UKE/WAKEUP_acute,7179.933,0.031,57368.708,0.031
sub-STUKE0192,UKE/WAKEUP_acute,3414.107,0.015,27254.528,0.015
sub-STUKE0193,UKE/WAKEUP_acute,4380.242,0.019,35047.225,0.019
sub-STUKE0194,UKE/WAKEUP_acute,2949.242,0.013,23530.949,0.013
sub-STUKE0195,UKE/WAKEUP_acute,5033.197,0.022,40196.77,0.022
sub-STUKE0196,UKE/WAKEUP_acute,2870.225,0.013,22984.051,0.013
sub-STUKE0197,UKE/WAKEUP_acute,2058.107,0.009,16462.079,0.009
sub-STUKE0198,UKE/WAKEUP_acute,4710.787,0.021,37618.618,0.021
sub-STUKE0199,UKE/WAKEUP_acute,6944.803,0.03,55555.124,0.03
sub-STUKE0200,UKE/WAKEUP_acute,10436.916,0.046,83490.933,0.046
sub-STUKE0201,UKE/WAKEUP_acute,278.343,0.001,2220.624,0.001
sub-STUKE0202,UKE/WAKEUP_acute,872.522,0.004,6963.376,0.004
sub-STUKE0203,UKE/WAKEUP_acute,2954.91,0.013,23597.91,0.013
sub-STUKE0204,UKE/WAKEUP_acute,6358.59,0.028,50839.657,0.028
sub-STUKE0205,UKE/WAKEUP_acute,14102.927,0.062,112786.124,0.062
sub-STUKE0206,UKE/WAKEUP_acute,10411.775,0.046,83217.865,0.046
sub-STUKE0208,UKE/WAKEUP_acute,5837.331,0.026,46680.0,0.026
sub-STUKE0209,UKE/WAKEUP_acute,5828.011,0.026,46602.0,0.026
sub-STUKE0210,UKE/WAKEUP_acute,8014.169,0.035,64125.95,0.035
sub-STUKE0211,UKE/WAKEUP_acute,9991.708,0.044,79913.191,0.044
sub-STUKE0212,UKE/WAKEUP_acute,10099.596,0.044,80753.68,0.044
sub-STUKE0214,UKE/WAKEUP_acute,14032.579,0.061,112137.562,0.061
sub-STUKE0215,UKE/WAKEUP_acute,23402.14,0.102,187206.073,0.102
sub-STUKE0217,UKE/WAKEUP_acute,2259.91,0.01,18035.556,0.01
sub-STUKE0218,UKE/WAKEUP_acute,4477.298,0.02,35821.68,0.02
sub-STUKE0219,UKE/WAKEUP_acute,13047.146,0.057,104321.669,0.057
sub-STUKE0220,UKE/WAKEUP_acute,26100.331,0.114,208748.635,0.114
sub-STUKE0222,UKE/WAKEUP_acute,1729.213,0.008,13816.523,0.008
sub-STUKE0223,UKE/WAKEUP_acute,7403.534,0.032,59247.77,0.032
sub-STUKE0225,UKE/WAKEUP_acute,6599.404,0.029,52743.067,0.029
sub-STUKE0226,UKE/WAKEUP_acute,1594.522,0.007,12737.191,0.007
sub-STUKE0227,UKE/WAKEUP_acute,1697.522,0.007,13529.124,0.007
sub-STUKE0228,UKE/WAKEUP_acute,4446.657,0.019,35572.837,0.019
sub-STUKE0229,UKE/WAKEUP_acute,14887.848,0.065,119084.652,0.065
sub-STUKE0230,UKE/WAKEUP_acute,28690.427,0.126,229422.584,0.126
sub-STUKE0231,UKE/WAKEUP_acute,16006.528,0.07,128044.185,0.07
sub-STUKE0232,UKE/WAKEUP_acute,12284.343,0.054,98299.635,0.054
sub-STUKE0233,UKE/WAKEUP_acute,33566.489,0.147,268299.854,0.147
sub-STUKE0234,UKE/WAKEUP_acute,12408.803,0.054,99201.86,0.054
sub-STUKE0235,UKE/WAKEUP_acute,15321.916,0.067,122438.523,0.067
sub-STUKE0236,UKE/WAKEUP_acute,3382.534,0.015,27086.489,0.015
sub-STUKE0237,UKE/WAKEUP_acute,6026.713,0.026,48231.927,0.026
sub-STUKE0238,UKE/WAKEUP_acute,1228.32,0.005,9811.27,0.005
sub-STUKE0239,UKE/WAKEUP_acute,6446.579,0.028,51571.056,0.028
sub-STUKE0240,UKE/WAKEUP_acute,2817.472,0.012,22583.511,0.012
sub-STUKE0241,UKE/WAKEUP_acute,10888.365,0.048,87087.444,0.048
sub-STUKE0242,UKE/WAKEUP_acute,6011.337,0.026,48043.663,0.026
sub-STUKE0243,UKE/WAKEUP_acute,11403.82,0.05,91244.101,0.05
sub-STUKE0244,UKE/WAKEUP_acute,19013.522,0.083,152067.657,0.083
sub-STUKE0245,UKE/WAKEUP_acute,8990.455,0.039,71911.624,0.039
sub-STUKE0246,UKE/WAKEUP_acute,4813.831,0.021,38445.112,0.021
sub-STUKE0247,UKE/WAKEUP_acute,5037.478,0.022,40210.129,0.022
sub-STUKE0248,UKE/WAKEUP_acute,19536.713,0.086,156158.91,0.085
sub-STUKE0249,UKE/WAKEUP_acute,9093.944,0.04,72796.674,0.04
sub-STUKE0250,UKE/WAKEUP_acute,2404.949,0.011,19189.978,0.011
sub-STUKE0251,UKE/WAKEUP_acute,4579.747,0.02,36612.714,0.02
sub-STUKE0253,UKE/WAKEUP_acute,7380.764,0.032,58979.18,0.032
sub-STUKE0254,UKE/WAKEUP_acute,2121.506,0.009,16951.146,0.009
sub-STUKE0255,UKE/WAKEUP_acute,4040.629,0.018,32266.837,0.018
sub-STUKE0256,UKE/WAKEUP_acute,6509.118,0.028,52023.135,0.028
sub-STUKE0257,UKE/WAKEUP_acute,16969.669,0.074,135675.933,0.074
sub-STUKE0259,UKE/WAKEUP_acute,4840.646,0.021,38660.927,0.021
sub-STUKE0260,UKE/WAKEUP_acute,17435.854,0.076,139478.674,0.076
sub-STUKE0261,UKE/WAKEUP_acute,5477.051,0.024,43799.523,0.024
sub-STUKE0262,UKE/WAKEUP_acute,2960.258,0.013,23635.045,0.013
sub-STUKE0263,UKE/WAKEUP_acute,5127.871,0.022,40985.978,0.022
sub-STUKE0264,UKE/WAKEUP_acute,2763.393,0.012,22048.702,0.012
sub-STUKE0265,UKE/WAKEUP_acute,32886.421,0.144,262992.523,0.144
sub-STUKE0266,UKE/WAKEUP_acute,6202.489,0.027,49582.32,0.027
sub-STUKE0267,UKE/WAKEUP_acute,5114.213,0.022,40867.073,0.022
sub-STUKE0268,UKE/WAKEUP_acute,553.489,0.002,4417.006,0.002
sub-STUKE0269,UKE/WAKEUP_acute,6620.343,0.029,52981.927,0.029
sub-STUKE0270,UKE/WAKEUP_acute,4287.927,0.019,34304.365,0.019
sub-STUKE0271,UKE/WAKEUP_acute,17218.719,0.075,137603.983,0.075
sub-STUKE0272,UKE/WAKEUP_acute,5163.225,0.023,41292.034,0.023
sub-STUKE0273,UKE/WAKEUP_acute,9521.208,0.042,76163.523,0.042
sub-STUKE0274,UKE/WAKEUP_acute,10165.315,0.044,81261.028,0.044
sub-STUKE0275,UKE/WAKEUP_acute,1359.315,0.006,10875.208,0.006
sub-STUKE0276,UKE/WAKEUP_acute,7639.933,0.033,61035.163,0.033
sub-STUKE0277,UKE/WAKEUP_acute,4081.888,0.018,32645.174,0.018
sub-STUKE0278,UKE/WAKEUP_acute,1064.551,0.005,8505.534,0.005
sub-STUKE0279,UKE/WAKEUP_acute,15695.775,0.069,125500.185,0.069
sub-STUKE0280,UKE/WAKEUP_acute,3917.573,0.017,31303.326,0.017
sub-STUKE0281,UKE/WAKEUP_acute,6318.303,0.028,50459.871,0.028
sub-STUKE0282,UKE/WAKEUP_acute,11726.382,0.051,93700.742,0.051
sub-STUKE0283,UKE/WAKEUP_acute,14113.096,0.062,112840.084,0.062
sub-STUKE0284,UKE/WAKEUP_acute,5138.438,0.022,41092.944,0.022
sub-STUKE0286,UKE/WAKEUP_acute,25819.039,0.113,206419.388,0.113
sub-STUKE0287,UKE/WAKEUP_acute,6253.258,0.027,50008.966,0.027
sub-STUKE0288,UKE/WAKEUP_acute,609.427,0.003,4844.562,0.003
sub-STUKE0289,UKE/WAKEUP_acute,3417.343,0.015,27334.208,0.015
sub-STUKE0290,UKE/WAKEUP_acute,2554.101,0.011,20433.994,0.011
sub-STUKE0291,UKE/WAKEUP_acute,4269.854,0.019,34161.287,0.019
sub-STUKE0292,UKE/WAKEUP_acute,1613.124,0.007,12896.185,0.007
sub-STUKE0293,UKE/WAKEUP_acute,4011.073,0.018,32062.303,0.018
sub-STUKE0294,UKE/WAKEUP_acute,5072.14,0.022,40442.944,0.022
sub-STUKE0295,UKE/WAKEUP_acute,5082.68,0.022,40566.949,0.022
sub-STUKE0296,UKE/WAKEUP_acute,879.629,0.004,7001.798,0.004
sub-STUKE0297,UKE/WAKEUP_acute,4933.388,0.022,39445.646,0.022
sub-STUKE0298,UKE/WAKEUP_acute,25491.056,0.112,203842.955,0.112
sub-STUKE0299,UKE/WAKEUP_acute,3812.32,0.017,30473.562,0.017
sub-STUKE0300,UKE/WAKEUP_acute,2645.41,0.012,21115.888,0.012
sub-STUKE0301,UKE/WAKEUP_acute,24867.034,0.109,198917.483,0.109
sub-STUKE0302,UKE/WAKEUP_acute,11050.253,0.048,88341.393,0.048
sub-STUKE0303,UKE/WAKEUP_acute,7333.169,0.032,58689.427,0.032
sub-STUKE0304,UKE/WAKEUP_acute,3059.725,0.013,24473.449,0.013
sub-STUKE0305,UKE/WAKEUP_acute,18029.972,0.079,144178.433,0.079
sub-STUKE0306,UKE/WAKEUP_acute,14328.382,0.063,114590.556,0.063
sub-STUKE0307,UKE/WAKEUP_acute,5858.287,0.026,46846.169,0.026
sub-STUKE0308,UKE/WAKEUP_acute,24745.916,0.108,197843.86,0.108
sub-STUKE0309,UKE/WAKEUP_acute,1040.596,0.005,8307.725,0.005
sub-STUKE0310,UKE/WAKEUP_acute,2321.225,0.01,18553.315,0.01
sub-STUKE0311,UKE/WAKEUP_acute,6856.36,0.03,54842.669,0.03
sub-STUKE0312,UKE/WAKEUP_acute,3178.933,0.014,25361.09,0.014
sub-STUKE0313,UKE/WAKEUP_acute,1227.416,0.005,9785.601,0.005
sub-STUKE0314,UKE/WAKEUP_acute,5587.983,0.024,44603.017,0.024
sub-STUKE0315,UKE/WAKEUP_acute,1123.073,0.005,8927.511,0.005
sub-STUKE0316,UKE/WAKEUP_acute,4932.365,0.022,39476.966,0.022
sub-STUKE0317,UKE/WAKEUP_acute,8898.478,0.039,71173.629,0.039
sub-STUKE0318,UKE/WAKEUP_acute,544.427,0.002,4319.129,0.002
sub-STUKE0319,UKE/WAKEUP_acute,8256.511,0.036,65970.41,0.036
sub-STUKE0320,UKE/WAKEUP_acute,1057.545,0.005,8422.86,0.005
sub-STUKE0321,UKE/WAKEUP_acute,423.938,0.002,3378.972,0.002
sub-STUKE0323,UKE/WAKEUP_acute,9829.927,0.043,78660.59,0.043
sub-STUKE0324,UKE/WAKEUP_acute,7046.169,0.031,56339.646,0.031
sub-STUKE0325,UKE/WAKEUP_acute,378.567,0.002,3028.91,0.002
sub-STUKE0326,UKE/WAKEUP_acute,4599.107,0.02,36732.382,0.02
sub-STUKE0327,UKE/WAKEUP_acute,7150.674,0.031,57148.41,0.031
sub-STUKE0329,UKE/WAKEUP_acute,208.298,0.001,1654.337,0.001
sub-STUKE0331,UKE/WAKEUP_acute,2319.09,0.01,18561.725,0.01
sub-STUKE0332,UKE/WAKEUP_acute,8729.758,0.038,69758.478,0.038
sub-STUKE0333,UKE/WAKEUP_acute,13217.197,0.058,105744.528,0.058
sub-STUKE0334,UKE/WAKEUP_acute,2350.466,0.01,18784.82,0.01
sub-STUKE0335,UKE/WAKEUP_acute,5992.461,0.026,47937.899,0.026
sub-STUKE0336,UKE/WAKEUP_acute,8046.478,0.035,64297.354,0.035
sub-STUKE0337,UKE/WAKEUP_acute,705.494,0.003,5653.393,0.003
sub-STUKE0338,UKE/WAKEUP_acute,2345.702,0.01,18708.438,0.01
sub-STUKE0339,UKE/WAKEUP_acute,1427.242,0.006,11369.539,0.006
sub-STUKE0340,UKE/WAKEUP_acute,744.803,0.003,5935.534,0.003
sub-STUKE0341,UKE/WAKEUP_acute,1271.534,0.006,10169.989,0.006
sub-STUKE0342,UKE/WAKEUP_acute,11869.612,0.052,94928.657,0.052
sub-STUKE0343,UKE/WAKEUP_acute,5582.163,0.024,44625.287,0.024
sub-STUKE0345,UKE/WAKEUP_acute,4999.337,0.022,39941.629,0.022
sub-STUKE0346,UKE/WAKEUP_acute,1979.736,0.009,15862.118,0.009
sub-STUKE0347,UKE/WAKEUP_acute,2457.236,0.011,19613.764,0.011
sub-STUKE0348,UKE/WAKEUP_acute,12882.371,0.056,103045.225,0.056
sub-STUKE0349,UKE/WAKEUP_acute,7035.775,0.031,56250.854,0.031
sub-STUKE0350,UKE/WAKEUP_acute,4988.124,0.022,39802.174,0.022
sub-STUKE0351,UKE/WAKEUP_acute,3614.792,0.016,28881.579,0.016
sub-STUKE0353,UKE/WAKEUP_acute,724.528,0.003,5795.674,0.003
sub-STUKE0354,UKE/WAKEUP_acute,747.5,0.003,5983.23,0.003
sub-STUKE0355,UKE/WAKEUP_acute,9886.68,0.043,79088.758,0.043
sub-STUKE0356,UKE/WAKEUP_acute,1036.039,0.005,8234.416,0.005
sub-STUKE0357,UKE/WAKEUP_acute,2804.146,0.012,22435.051,0.012
sub-STUKE0358,UKE/WAKEUP_acute,1667.612,0.007,13309.994,0.007
sub-STUKE0359,UKE/WAKEUP_acute,9378.405,0.041,74960.27,0.041
sub-STUKE0360,UKE/WAKEUP_acute,13908.41,0.061,111295.146,0.061
sub-STUKE0361,UKE/WAKEUP_acute,2845.511,0.012,22783.331,0.012
sub-STUKE0362,UKE/WAKEUP_acute,4778.775,0.021,38211.326,0.021
sub-STUKE0363,UKE/WAKEUP_acute,5023.629,0.022,40099.573,0.022
sub-STUKE0364,UKE/WAKEUP_acute,6826.062,0.03,54588.781,0.03
sub-STUKE0365,UKE/WAKEUP_acute,4188.326,0.018,33520.017,0.018
sub-STUKE0366,UKE/WAKEUP_acute,10727.994,0.047,85732.534,0.047
sub-STUKE0367,UKE/WAKEUP_acute,13156.236,0.058,105244.27,0.058
sub-STUKE0368,UKE/WAKEUP_acute,23428.944,0.103,187393.517,0.103
sub-STUKE0369,UKE/WAKEUP_acute,21548.803,0.094,172333.775,0.094
sub-STUKE0370,UKE/WAKEUP_acute,23839.208,0.104,190631.832,0.104
sub-STUKE0371,UKE/WAKEUP_acute,1331.017,0.006,10661.579,0.006
sub-STUKE0372,UKE/WAKEUP_acute,191.831,0.001,1528.169,0.001
sub-STUKE0373,UKE/WAKEUP_acute,19643.191,0.086,157062.365,0.086
sub-STUKE0374,UKE/WAKEUP_acute,527.449,0.002,4220.59,0.002
sub-STUKE0375,UKE/WAKEUP_acute,414.921,0.002,3308.792,0.002
sub-STUKE0376,UKE/WAKEUP_acute,30780.921,0.135,246109.354,0.135
sub-STUKE0377,UKE/WAKEUP_acute,17810.534,0.078,142457.972,0.078
sub-STUKE0378,UKE/WAKEUP_acute,30012.202,0.131,239903.079,0.131
sub-STUKE0379,UKE/WAKEUP_acute,240.298,0.001,1923.118,0.001
sub-STUKE0380,UKE/WAKEUP_acute,7678.528,0.034,61375.77,0.034
sub-STUKE0381,UKE/WAKEUP_acute,1871.382,0.008,14949.449,0.008
sub-STUKE0382,UKE/WAKEUP_acute,23233.494,0.102,185725.657,0.102
sub-STUKE0383,UKE/WAKEUP_acute,7937.489,0.035,63495.966,0.035
sub-STUKE0384,UKE/WAKEUP_acute,20644.966,0.09,165094.68,0.09
sub-STUKE0385,UKE/WAKEUP_acute,6590.955,0.029,52661.219,0.029
sub-STUKE0386,UKE/WAKEUP_acute,11331.124,0.05,90588.017,0.05
sub-STUKE0387,UKE/WAKEUP_acute,6559.225,0.029,52446.298,0.029
sub-STUKE0388,UKE/WAKEUP_acute,32875.927,0.144,262905.214,0.144
sub-STUKE0389,UKE/WAKEUP_acute,21176.584,0.093,169270.236,0.093
sub-STUKE0390,UKE/WAKEUP_acute,3871.489,0.017,30963.601,0.017
sub-STUKE0391,UKE/WAKEUP_acute,4714.084,0.021,37713.545,0.021
sub-STUKE0392,UKE/WAKEUP_acute,14354.927,0.063,114827.051,0.063
sub-STUKE0393,UKE/WAKEUP_acute,5686.792,0.025,45472.652,0.025
sub-STUKE0394,UKE/WAKEUP_acute,7199.601,0.032,57553.567,0.031
sub-STUKE0395,UKE/WAKEUP_acute,5430.618,0.024,43401.315,0.024
sub-STUKE0396,UKE/WAKEUP_acute,8956.573,0.039,71594.034,0.039
sub-STUKE0397,UKE/WAKEUP_acute,6892.5,0.03,55065.354,0.03
sub-STUKE0398,UKE/WAKEUP_acute,14243.921,0.062,113966.635,0.062
sub-STUKE0399,UKE/WAKEUP_acute,9277.792,0.041,74167.433,0.041
sub-STUKE0400,UKE/WAKEUP_acute,16545.393,0.072,132267.315,0.072
sub-STUKE0401,UKE/WAKEUP_acute,11744.5,0.051,93942.758,0.051
sub-STUKE0402,UKE/WAKEUP_acute,7268.551,0.032,58039.185,0.032
sub-STUKE0403,UKE/WAKEUP_acute,4033.725,0.018,32224.067,0.018
sub-STUKE0404,UKE/WAKEUP_acute,21318.197,0.093,170459.523,0.093
sub-STUKE0405,UKE/WAKEUP_acute,64.736,0.0,520.528,0.0
sub-STUKE0406,UKE/WAKEUP_acute,21149.966,0.093,169151.157,0.093
sub-STUKE0407,UKE/WAKEUP_acute,8956.146,0.039,71584.64,0.039
sub-STUKE0408,UKE/WAKEUP_acute,26123.674,0.114,208828.506,0.114
sub-STUKE0409,UKE/WAKEUP_acute,7846.669,0.034,62697.129,0.034
sub-STUKE0410,UKE/WAKEUP_acute,14511.803,0.064,115975.697,0.063
sub-STUKE0411,UKE/WAKEUP_acute,9937.444,0.043,79350.101,0.043
sub-STUKE0412,UKE/WAKEUP_acute,13951.219,0.061,111515.225,0.061
sub-STUKE0413,UKE/WAKEUP_acute,14906.09,0.065,119144.579,0.065
sub-STUKE0414,UKE/WAKEUP_acute,24341.944,0.107,194624.736,0.107
sub-STUKE0415,UKE/WAKEUP_acute,20416.006,0.089,163186.871,0.089
sub-STUKE0416,UKE/WAKEUP_acute,4080.669,0.018,32636.332,0.018
sub-STUKE0417,UKE/WAKEUP_acute,17750.169,0.078,142009.365,0.078
sub-STUKE0418,UKE/WAKEUP_acute,2809.747,0.012,22462.096,0.012
sub-STUKE0420,UKE/WAKEUP_acute,5181.994,0.023,41370.893,0.023
sub-STUKE0421,UKE/WAKEUP_acute,10110.848,0.044,80782.27,0.044
sub-STUKE0422,UKE/WAKEUP_acute,16161.129,0.071,129144.657,0.071
sub-STUKE0423,UKE/WAKEUP_acute,11578.264,0.051,92543.292,0.051
sub-STUKE0424,UKE/WAKEUP_acute,15414.77,0.067,123280.983,0.067
sub-STUKE0425,UKE/WAKEUP_acute,20427.888,0.089,163330.416,0.089
sub-STUKE0426,UKE/WAKEUP_acute,20939.478,0.092,167417.573,0.092
sub-STUKE0427,UKE/WAKEUP_acute,6149.545,0.027,49162.045,0.027
sub-STUKE0428,UKE/WAKEUP_acute,3693.5,0.016,29560.365,0.016
sub-STUKE0429,UKE/WAKEUP_acute,924.77,0.004,7355.163,0.004
sub-STUKE0430,UKE/WAKEUP_acute,1776.899,0.008,14193.77,0.008
sub-STUKE0431,UKE/WAKEUP_acute,11374.067,0.05,90899.635,0.05
sub-STUKE0432,UKE/WAKEUP_acute,6430.287,0.028,51430.764,0.028
sub-STUKE0433,UKE/WAKEUP_acute,10519.584,0.046,84164.876,0.046
sub-STUKE0435,UKE/WAKEUP_acute,5634.916,0.025,45031.966,0.025
sub-STUKE0436,UKE/WAKEUP_acute,3477.416,0.015,27817.624,0.015
sub-STUKE0437,UKE/WAKEUP_acute,10962.292,0.048,87703.657,0.048
sub-STUKE0438,UKE/WAKEUP_acute,2750.927,0.012,21943.618,0.012
sub-STUKE0439,UKE/WAKEUP_acute,7985.444,0.035,63837.472,0.035
sub-STUKE0440,UKE/WAKEUP_acute,11396.371,0.05,91153.775,0.05
sub-STUKE0441,UKE/WAKEUP_acute,2564.86,0.011,20458.27,0.011
sub-STUKE0442,UKE/WAKEUP_acute,2203.124,0.01,17601.219,0.01
sub-STUKE0443,UKE/WAKEUP_acute,1570.506,0.007,12564.146,0.007
sub-STUKE0444,UKE/WAKEUP_acute,7322.0,0.032,58586.876,0.032
sub-STUKE0445,UKE/WAKEUP_acute,4869.747,0.021,38879.315,0.021
sub-STUKE0446,UKE/WAKEUP_acute,5393.185,0.024,43108.208,0.024
sub-STUKE0448,UKE/WAKEUP_acute,1852.921,0.008,14792.405,0.008
sub-STUKE0449,UKE/WAKEUP_acute,4066.433,0.018,32531.916,0.018
sub-STUKE0450,UKE/WAKEUP_acute,14684.039,0.064,117343.972,0.064
sub-STUKE0451,UKE/WAKEUP_acute,5675.556,0.025,45371.747,0.025
sub-STUKE0452,UKE/WAKEUP_acute,8328.528,0.036,66589.135,0.036
sub-STUKE0454,UKE/WAKEUP_acute,16781.146,0.073,134124.523,0.073
sub-STUKE0457,UKE/WAKEUP_acute,10072.348,0.044,80562.36,0.044
sub-STUKE0458,UKE/WAKEUP_acute,6670.326,0.029,53346.084,0.029
sub-STUKE0460,UKE/WAKEUP_acute,4936.197,0.022,39516.051,0.022
sub-STUKE0461,UKE/WAKEUP_acute,861.73,0.004,6869.118,0.004
sub-STUKE0462,UKE/WAKEUP_acute,5319.371,0.023,42497.084,0.023
sub-STUKE0463,UKE/WAKEUP_acute,25193.32,0.11,201363.023,0.11
sub-STUKE0464,UKE/WAKEUP_acute,3581.056,0.016,28631.489,0.016
sub-STUKE0465,UKE/WAKEUP_acute,13806.135,0.06,110386.59,0.06
sub-STUKE0466,UKE/WAKEUP_acute,15219.556,0.067,121742.118,0.067
sub-STUKE0467,UKE/WAKEUP_acute,9716.185,0.043,77627.141,0.042
sub-STUKE0468,UKE/WAKEUP_acute,5077.23,0.022,40613.787,0.022
sub-STUKE0469,UKE/WAKEUP_acute,2321.343,0.01,18506.955,0.01
sub-STUKE0470,UKE/WAKEUP_acute,4771.006,0.021,38210.978,0.021
sub-STUKE0471,UKE/WAKEUP_acute,11139.281,0.049,89086.494,0.049
sub-STUKE0472,UKE/WAKEUP_acute,13804.612,0.06,110419.202,0.06
sub-STUKE0473,UKE/WAKEUP_acute,12033.64,0.053,96183.32,0.053
sub-STUKE0474,UKE/WAKEUP_acute,19256.073,0.084,154025.421,0.084
sub-STUKE0475,UKE/WAKEUP_acute,8628.528,0.038,68983.579,0.038
sub-STUKE0476,UKE/WAKEUP_acute,14612.815,0.064,116859.809,0.064
sub-STUKE0477,UKE/WAKEUP_acute,12899.472,0.056,103188.669,0.056
sub-STUKE0478,UKE/WAKEUP_acute,16545.781,0.072,132298.163,0.072
sub-STUKE0479,UKE/WAKEUP_acute,25087.949,0.11,200624.247,0.11
sub-STUKE0480,UKE/WAKEUP_acute,9310.629,0.041,74389.607,0.041
sub-STUKE0481,UKE/WAKEUP_acute,14636.691,0.064,117030.275,0.064
sub-STUKE0482,UKE/WAKEUP_acute,5641.713,0.025,45070.41,0.025
sub-STUKE0483,UKE/WAKEUP_acute,4263.506,0.019,34038.337,0.019
sub-STUKE0485,UKE/WAKEUP_acute,14433.298,0.063,115451.556,0.063
sub-STUKE0488,UKE/WAKEUP_acute,9337.264,0.041,74706.433,0.041
sub-STUKE0489,UKE/WAKEUP_acute,11048.242,0.048,88316.916,0.048
sub-STUKE0490,UKE/WAKEUP_acute,4943.169,0.022,39581.017,0.022
sub-STUKE0491,UKE/WAKEUP_acute,19645.803,0.086,157041.489,0.086
sub-STUKE0492,UKE/WAKEUP_acute,2562.831,0.011,20466.006,0.011
sub-STUKE0493,UKE/WAKEUP_acute,23069.433,0.101,184482.657,0.101
sub-STUKE0494,UKE/WAKEUP_acute,28963.343,0.127,231544.989,0.127
sub-STUKE0495,UKE/WAKEUP_acute,4348.933,0.019,34770.871,0.019
sub-STUKE0496,UKE/WAKEUP_acute,19047.242,0.083,152266.612,0.083
sub-STUKE0497,UKE/WAKEUP_acute,4858.343,0.021,38876.961,0.021
sub-STUKE0498,UKE/WAKEUP_acute,26184.034,0.115,209315.264,0.115
sub-STUKE0499,UKE/WAKEUP_acute,1660.101,0.007,13234.545,0.007
sub-STUKE0500,UKE/WAKEUP_acute,8800.719,0.039,70414.809,0.039
sub-STUKE0501,UKE/WAKEUP_acute,31943.399,0.14,255364.545,0.14
sub-STUKE0502,UKE/WAKEUP_acute,13086.062,0.057,104623.73,0.057
sub-STUKE0503,UKE/WAKEUP_acute,12320.725,0.054,98501.242,0.054
sub-STUKE0504,UKE/WAKEUP_acute,17706.051,0.077,141598.966,0.077
sub-STUKE0505,UKE/WAKEUP_acute,13866.478,0.061,110888.028,0.061
sub-STUKE0506,UKE/WAKEUP_acute,26626.601,0.117,212898.135,0.117
sub-STUKE0507,UKE/WAKEUP_acute,16320.129,0.071,130495.556,0.071
sub-STUKE0508,UKE/WAKEUP_acute,15017.994,0.066,120129.657,0.066
sub-STUKE0509,UKE/WAKEUP_acute,9512.567,0.042,75989.905,0.042
sub-STUKE0510,UKE/WAKEUP_acute,6732.022,0.029,53894.983,0.029
sub-STUKE0511,UKE/WAKEUP_acute,3265.601,0.014,26080.343,0.014
sub-STUKE0512,UKE/WAKEUP_acute,15233.562,0.067,121846.354,0.067
sub-STUKE0513,UKE/WAKEUP_acute,12807.0,0.056,102470.225,0.056
sub-STUKE0514,UKE/WAKEUP_acute,5238.64,0.023,41921.831,0.023
sub-STUKE0515,UKE/WAKEUP_acute,4023.449,0.018,32118.747,0.018
sub-STUKE0516,UKE/WAKEUP_acute,9677.792,0.042,77396.461,0.042
sub-STUKE0518,UKE/WAKEUP_acute,31274.073,0.137,250124.781,0.137
sub-STUKE0519,UKE/WAKEUP_acute,20995.23,0.092,167792.697,0.092
sub-STUKE0521,UKE/WAKEUP_acute,18990.393,0.083,151872.674,0.083
sub-STUKE0522,UKE/WAKEUP_acute,8118.77,0.036,64942.208,0.036
sub-STUKE0523,UKE/WAKEUP_acute,2648.882,0.012,21121.882,0.012
sub-STUKE0524,UKE/WAKEUP_acute,280.742,0.001,2246.528,0.001
sub-STUKE0525,UKE/WAKEUP_acute,20604.921,0.09,164704.989,0.09
sub-STUKE0527,UKE/WAKEUP_acute,6825.41,0.03,54576.011,0.03
sub-STUKE0528,UKE/WAKEUP_acute,14114.848,0.062,112819.405,0.062
sub-STUKE0529,UKE/WAKEUP_acute,7519.107,0.033,60109.332,0.033
sub-STUKE0530,UKE/WAKEUP_acute,5600.584,0.025,44777.539,0.025
sub-STUKE0531,UKE/WAKEUP_acute,7935.612,0.035,63521.579,0.035
sub-STUKE0532,UKE/WAKEUP_acute,9461.764,0.041,75640.242,0.041
sub-STUKE0534,UKE/WAKEUP_acute,2315.174,0.01,18515.101,0.01
sub-STUKE0535,UKE/WAKEUP_acute,3207.438,0.014,25623.955,0.014
sub-STUKE0537,UKE/WAKEUP_acute,22863.152,0.1,182778.478,0.1
sub-STUKE0538,UKE/WAKEUP_acute,6949.669,0.03,55597.433,0.03
sub-STUKE0540,UKE/WAKEUP_acute,72.798,0.0,587.837,0.0
sub-STUKE0541,UKE/WAKEUP_acute,1646.045,0.007,13149.781,0.007
sub-STUKE0542,UKE/WAKEUP_acute,10244.815,0.045,81934.865,0.045
sub-STUKE0543,UKE/WAKEUP_acute,10189.899,0.045,81446.837,0.045
sub-STUKE0544,UKE/WAKEUP_acute,4071.169,0.018,32507.792,0.018
sub-STUKE0545,UKE/WAKEUP_acute,7100.607,0.031,56752.73,0.031
sub-STUKE0547,UKE/WAKEUP_acute,4475.371,0.02,35745.742,0.02
sub-STUKE0548,UKE/WAKEUP_acute,14062.556,0.062,112512.551,0.062
sub-STUKE0549,UKE/WAKEUP_acute,8340.815,0.037,66685.91,0.036
sub-STUKE0550,UKE/WAKEUP_acute,23719.062,0.104,189649.916,0.104
sub-STUKE0551,UKE/WAKEUP_acute,14677.421,0.064,117404.747,0.064
sub-STUKE0552,UKE/WAKEUP_acute,6480.983,0.028,51851.433,0.028
sub-STUKE0553,UKE/WAKEUP_acute,18964.129,0.083,151675.343,0.083
sub-STUKE0554,UKE/WAKEUP_acute,10146.736,0.044,81212.208,0.044
sub-STUKE0555,UKE/WAKEUP_acute,7212.292,0.032,57655.017,0.032
sub-STUKE0556,UKE/WAKEUP_acute,35628.534,0.156,284891.023,0.156
sub-STUKE0558,UKE/WAKEUP_acute,1618.0,0.007,12930.73,0.007
sub-STUKE0559,UKE/WAKEUP_acute,8132.112,0.036,64993.758,0.036
sub-STUNIPD0586,UNIPD/NEMESIS_T0,16962.522,0.074,135566.792,0.074
sub-STUNIPD0587,UNIPD/NEMESIS_T0,20271.68,0.089,161944.169,0.089
sub-STUNIPD0588,UNIPD/NEMESIS_T0,22535.742,0.099,180244.539,0.099
sub-STUNIPD0589,UNIPD/NEMESIS_T0,8809.949,0.039,70426.685,0.039
sub-STUNIPD0590,UNIPD/NEMESIS_T0,14467.725,0.063,115670.489,0.063
sub-STUNIPD0591,UNIPD/NEMESIS_T0,9850.893,0.043,78815.753,0.043
sub-STUNIPD0592,UNIPD/NEMESIS_T0,5180.388,0.023,41460.017,0.023
sub-STUNIPD0593,UNIPD/NEMESIS_T0,32952.522,0.144,263479.141,0.144
sub-STUNIPD0594,UNIPD/NEMESIS_T0,6381.843,0.028,51019.382,0.028
sub-STUNIPD0595,UNIPD/NEMESIS_T0,15747.466,0.069,125867.0,0.069
sub-STUNIPD0596,UNIPD/NEMESIS_T0,2872.202,0.013,22983.972,0.013
sub-STUNIPD0597,UNIPD/NEMESIS_T0,31406.371,0.137,251157.236,0.137
sub-STUNIPD0598,UNIPD/NEMESIS_T0,13995.562,0.061,111861.483,0.061
sub-STUNIPD0599,UNIPD/NEMESIS_T0,19469.27,0.085,155663.309,0.085
sub-STUNIPD0600,UNIPD/NEMESIS_T0,5560.309,0.024,44411.888,0.024
sub-STUNIPD0601,UNIPD/NEMESIS_T0,6614.972,0.029,52915.433,0.029
sub-STUNIPD0602,UNIPD/NEMESIS_T0,13989.337,0.061,111859.764,0.061
sub-STUNIPD0603,UNIPD/NEMESIS_T0,9770.494,0.043,78076.461,0.043
sub-STUNIPD0604,UNIPD/NEMESIS_T0,10533.899,0.046,84290.758,0.046
sub-STUNIPD0605,UNIPD/NEMESIS_T0,10508.612,0.046,83988.82,0.046
sub-STUNIPD0606,UNIPD/NEMESIS_T0,17890.702,0.078,142991.882,0.078
sub-STUNIPD0607,UNIPD/NEMESIS_T0,9296.663,0.041,74348.169,0.041
sub-STUNIPD0608,UNIPD/NEMESIS_T0,12995.208,0.057,103933.506,0.057
sub-STUNIPD0609,UNIPD/NEMESIS_T0,3953.68,0.017,31591.702,0.017
sub-STUNIPD0610,UNIPD/NEMESIS_T0,22248.944,0.097,177800.388,0.097
sub-STUNIPD0611,UNIPD/NEMESIS_T0,15515.0,0.068,123930.236,0.068
sub-STUNIPD0612,UNIPD/NEMESIS_T0,6164.388,0.027,49330.82,0.027
sub-STUNIPD0613,UNIPD/NEMESIS_T0,12522.461,0.055,100140.961,0.055
sub-STUNIPD0614,UNIPD/NEMESIS_T0,19190.612,0.084,153303.685,0.084
sub-STUNIPD0617,UNIPD/NEMESIS_T0,26336.73,0.115,210557.124,0.115
sub-STUNIPD0618,UNIPD/NEMESIS_T0,33863.657,0.148,270632.405,0.148
sub-STUNIPD0619,UNIPD/NEMESIS_T0,617.798,0.003,4933.36,0.003
sub-STUNIPD0620,UNIPD/NEMESIS_T0,1664.865,0.007,13317.101,0.007
sub-STUNIPD0621,UNIPD/NEMESIS_T0,1980.511,0.009,15835.944,0.009
sub-STUNIPD0622,UNIPD/NEMESIS_T0,3887.517,0.017,31104.607,0.017
sub-STUNIPD0623,UNIPD/NEMESIS_T0,33919.348,0.148,271233.59,0.148
sub-STUNIPD0624,UNIPD/NEMESIS_T0,22936.303,0.1,183399.0,0.1
sub-STUNIPD0625,UNIPD/NEMESIS_T0,4083.079,0.018,32647.506,0.018
sub-STUNIPD0626,UNIPD/NEMESIS_T0,8296.607,0.036,66250.961,0.036
sub-STUNIPD0627,UNIPD/NEMESIS_T0,1443.607,0.006,11512.264,0.006
sub-STUNIPD0628,UNIPD/NEMESIS_T0,34951.197,0.153,279533.95,0.153
sub-STUNIPD0629,UNIPD/NEMESIS_T0,18595.966,0.081,148661.815,0.081
sub-STUNIPD0630,UNIPD/NEMESIS_T0,12215.18,0.053,97590.332,0.053
sub-STUNIPD0631,UNIPD/NEMESIS_T0,5067.326,0.022,40521.169,0.022
sub-STUNIPD0632,UNIPD/NEMESIS_T0,20576.601,0.09,164511.444,0.09
sub-STUNIPD0633,UNIPD/NEMESIS_T0,23413.489,0.102,187245.135,0.102
sub-STUNIPD0634,UNIPD/NEMESIS_T0,5361.197,0.023,42882.545,0.023
sub-STUNIPD0636,UNIPD/NEMESIS_T0,2797.725,0.012,22374.169,0.012
sub-STUNIPD0637,UNIPD/NEMESIS_T0,18572.736,0.081,148470.32,0.081
sub-STUNIPD0638,UNIPD/NEMESIS_T0,9612.545,0.042,76865.736,0.042
sub-STUNIPD0639,UNIPD/NEMESIS_T0,4181.438,0.018,33353.685,0.018
sub-STUNIPD0640,UNIPD/NEMESIS_T0,20396.815,0.089,163009.096,0.089
sub-STUNIPD0641,UNIPD/NEMESIS_T0,4134.983,0.018,33069.82,0.018
sub-STUNIPD0642,UNIPD/NEMESIS_T0,1339.135,0.006,10693.713,0.006
sub-STUNIPD0643,UNIPD/NEMESIS_T0,3683.281,0.016,29428.91,0.016
sub-STUNIPD0644,UNIPD/NEMESIS_T0,13926.315,0.061,111378.023,0.061
sub-STUNIPD0645,UNIPD/NEMESIS_T0,174.438,0.001,1391.798,0.001
sub-STUNIPD0646,UNIPD/NEMESIS_T0,7448.095,0.033,59540.253,0.033
sub-STUNIPD0647,UNIPD/NEMESIS_T0,2365.899,0.01,18923.298,0.01
sub-STUNIPD0648,UNIPD/NEMESIS_T0,729.551,0.003,5830.601,0.003
sub-STUNIPD0649,UNIPD/NEMESIS_T0,13105.174,0.057,104807.961,0.057
sub-STUNIPD0650,UNIPD/NEMESIS_T0,2294.331,0.01,18328.691,0.01
sub-STUNIPD0651,UNIPD/NEMESIS_T0,5675.528,0.025,45383.972,0.025
sub-STUNIPD0652,UNIPD/NEMESIS_T0,18521.972,0.081,148090.427,0.081
sub-STUNIPD0653,UNIPD/NEMESIS_T0,12473.775,0.055,99736.77,0.055
sub-STUNIPD0654,UNIPD/NEMESIS_T0,10739.882,0.047,85883.826,0.047
sub-STUNIPD0655,UNIPD/NEMESIS_T0,20338.652,0.089,162617.893,0.089
sub-STUNIPD0656,UNIPD/NEMESIS_T0,28267.624,0.124,225922.186,0.124
sub-STUNIPD0657,UNIPD/NEMESIS_T0,35029.573,0.153,279993.382,0.153
sub-STUNIPD0659,UNIPD/NEMESIS_T0,45635.652,0.2,364837.877,0.2
sub-STUNIPD0660,UNIPD/NEMESIS_T0,26835.652,0.117,214545.601,0.117
sub-STUNIPD0662,UNIPD/NEMESIS_T0,16715.573,0.073,133609.792,0.073
sub-STUNIPD0663,UNIPD/NEMESIS_T0,10129.978,0.044,80992.169,0.044
sub-STUNIPD0664,UNIPD/NEMESIS_T0,21435.225,0.094,171376.416,0.094
sub-STUNIPD0665,UNIPD/NEMESIS_T0,27342.388,0.12,218625.725,0.12
sub-STUNIPD0666,UNIPD/NEMESIS_T0,33519.174,0.147,268028.32,0.147
sub-STUKE0001,UKE/SFB936_ses01,41315.871,0.181,330322.292,0.181
sub-STUKE0002,UKE/SFB936_ses01,30638.5,0.134,244880.113,0.134
sub-STUKE0003,UKE/SFB936_ses01,7160.848,0.031,57146.32,0.031
sub-STUKE0004,UKE/SFB936_ses01,16719.124,0.073,133725.601,0.073
sub-STUKE0005,UKE/SFB936_ses01,15592.32,0.068,124560.961,0.068
sub-STUKE0006,UKE/SFB936_ses01,9211.427,0.04,73607.135,0.04
sub-STUKE0007,UKE/SFB936_ses01,12165.506,0.053,97263.629,0.053
sub-STUKE0008,UKE/SFB936_ses01,33487.635,0.147,267759.506,0.147
sub-STUKE0009,UKE/SFB936_ses01,29552.831,0.129,236203.798,0.129
sub-STUKE0011,UKE/SFB936_ses01,5640.174,0.025,45098.596,0.025
sub-STUKE0012,UKE/SFB936_ses01,9703.185,0.042,77612.848,0.042
sub-STUKE0013,UKE/SFB936_ses01,25577.798,0.112,204468.45,0.112
sub-STUKE0014,UKE/SFB936_ses01,12590.039,0.055,100621.169,0.055
sub-STUKE0015,UKE/SFB936_ses01,6180.663,0.027,49405.287,0.027
sub-STUKE0016,UKE/SFB936_ses01,6850.017,0.03,54770.197,0.03
sub-STUKE0017,UKE/SFB936_ses01,13268.051,0.058,106107.73,0.058
sub-STUKE0018,UKE/SFB936_ses01,16375.91,0.072,130878.877,0.072
sub-STUKE0019,UKE/SFB936_ses01,18431.624,0.081,147393.039,0.081
sub-STUKE0020,UKE/SFB936_ses01,15883.337,0.07,126950.326,0.069
sub-STUKE0021,UKE/SFB936_ses01,6594.191,0.029,52662.433,0.029
sub-STUKE0022,UKE/SFB936_ses01,5801.006,0.025,46297.062,0.025
sub-STUKE0023,UKE/SFB936_ses01,5518.556,0.024,44114.905,0.024
sub-STUKE0024,UKE/SFB936_ses01,9253.809,0.041,73927.337,0.04
sub-STUKE0025,UKE/SFB936_ses01,27763.983,0.122,222035.32,0.122
sub-STUKE0026,UKE/SFB936_ses01,3382.798,0.015,27004.084,0.015
sub-STUKE0027,UKE/SFB936_ses01,7713.275,0.034,61675.511,0.034
sub-STUKE0028,UKE/SFB936_ses01,2313.764,0.01,18494.635,0.01
sub-STUKE0029,UKE/SFB936_ses01,3582.736,0.016,28633.343,0.016
sub-STUKE0030,UKE/SFB936_ses01,38158.331,0.167,305028.641,0.167
sub-STUKE0031,UKE/SFB936_ses01,11978.416,0.052,95805.011,0.052
sub-STUKE0032,UKE/SFB936_ses01,15979.736,0.07,127752.792,0.07
sub-STUKE0033,UKE/SFB936_ses01,11942.528,0.052,95458.511,0.052
sub-STUKE0034,UKE/SFB936_ses01,5557.0,0.024,44377.292,0.024
sub-STUKE0035,UKE/SFB936_ses01,7825.393,0.034,62473.303,0.034
sub-STUKE0036,UKE/SFB936_ses01,8584.36,0.038,68592.416,0.038
sub-STUKE0037,UKE/SFB936_ses01,5726.202,0.025,45792.023,0.025
sub-STUKE0038,UKE/SFB936_ses01,1008.685,0.004,8059.978,0.004
sub-STUKE0039,UKE/SFB936_ses01,29671.938,0.13,237276.023,0.13
sub-STUKE0040,UKE/SFB936_ses01,3206.129,0.014,25614.657,0.014
sub-STUKE0041,UKE/SFB936_ses01,10383.747,0.045,82954.354,0.045
sub-STUKE0042,UKE/SFB936_ses01,7515.011,0.033,60068.202,0.033
sub-STUKE0043,UKE/SFB936_ses01,5759.865,0.025,46075.141,0.025
sub-STUKE0044,UKE/SFB936_ses01,21329.112,0.093,170501.399,0.093
sub-STUKE0045,UKE/SFB936_ses01,6682.837,0.029,53413.343,0.029
sub-STUKE0046,UKE/SFB936_ses01,9238.5,0.04,73826.556,0.04
sub-STUKE0047,UKE/SFB936_ses01,4489.449,0.02,35906.14,0.02
sub-STUKE0048,UKE/SFB936_ses01,20132.697,0.088,160965.416,0.088
sub-STUKE0049,UKE/SFB936_ses01,7096.472,0.031,56701.921,0.031
sub-STUKE0050,UKE/SFB936_ses01,32911.528,0.144,263095.275,0.144
sub-STUKE0051,UKE/SFB936_ses01,6751.073,0.03,53897.629,0.029
sub-STUKE0052,UKE/SFB936_ses01,26875.36,0.118,214888.669,0.118
sub-STUKE0053,UKE/SFB936_ses01,36933.68,0.162,295259.231,0.162
sub-STUKE0054,UKE/SFB936_ses01,15920.629,0.07,127266.556,0.07
sub-STUKE0055,UKE/SFB936_ses01,7544.433,0.033,60345.225,0.033
sub-STUKE0056,UKE/SFB936_ses01,11379.174,0.05,90958.045,0.05
sub-STUKE0057,UKE/SFB936_ses01,15810.483,0.069,126381.247,0.069
