INFO: UNIPD/WashU: retrieving 188 subjects
INFO: skip (exists): data/clinical_connectome/derivatives/UNIPD/WashU/features/sub-STUNIPD0002/func/sub-STUNIPD0002_space-MNI152NLin6Asym_FC-pearson_atlas-GlasserTianS1Buckner7N.csv
INFO: skip (exists): data/clinical_connectome/derivatives/UNIPD/WashU/features/sub-STUNIPD0002/func/sub-STUNIPD0002_space-MNI152NLin6Asym_FC-pearson_atlas-GlasserTianS2Buckner7N.csv
INFO: skip (exists): data/clinical_connectome/derivatives/UNIPD/WashU/features/sub-STUNIPD0002/func/sub-STUNIPD0002_space-MNI152NLin6Asym_FC-pearson_atlas-GlasserTianS3Buckner7N.csv
INFO: skip (exists): data/clinical_connectome/derivatives/UNIPD/WashU/features/sub-STUNIPD0002/func/sub-STUNIPD0002_space-MNI152NLin6Asym_FC-pearson_atlas-Schaefer100TianS1Buckner7N.csv
INFO: skip (exists): data/clinical_connectome/derivatives/UNIPD/WashU/features/sub-STUNIPD0002/func/sub-STUNIPD0002_space-MNI152NLin6Asym_FC-pearson_atlas-Schaefer100TianS2Buckner7N.csv
INFO: skip (exists): data/clinical_connectome/derivatives/UNIPD/WashU/features/sub-STUNIPD0002/func/sub-STUNIPD0002_space-MNI152NLin6Asym_FC-pearson_atlas-Schaefer100TianS3Buckner7N.csv
INFO: skip (exists): data/clinical_connectome/derivatives/UNIPD/WashU/features/sub-STUNIPD0002/func/sub-STUNIPD0002_space-MNI152NLin6Asym_FC-pearson_atlas-Schaefer200TianS1Buckner7N.csv
INFO: skip (exists): data/clinical_connectome/derivatives/UNIPD/WashU/features/sub-STUNIPD0002/func/sub-STUNIPD0002_space-MNI152NLin6Asym_FC-pearson_atlas-Schaefer200TianS2Buckner7N.csv
INFO: skip (exists): data/clinical_connectome/derivatives/UNIPD/WashU/features/sub-STUNIPD0002/func/sub-STUNIPD0002_space-MNI152NLin6Asym_FC-pearson_atlas-Schaefer200TianS3Buckner7N.csv
INFO: skip (exists): data/clinical_connectome/derivatives/UNIPD/WashU/features/sub-STUNIPD0002/func/sub-STUNIPD0002_space-MNI152NLin6Asym_FC-pearson_atlas-Schaefer300TianS1Buckner7N.csv
INFO: skip (exists): data/clinical_connectome/derivatives/UNIPD/WashU/features/sub-STUNIPD0002/func/sub-STUNIPD0002_space-MNI152NLin6Asym_FC-pearson_atlas-Schaefer300TianS2Buckner7N.csv
INFO: skip (exists): data/clinical_connectome/derivatives/UNIPD/WashU/features/sub-STUNIPD0002/func/sub-STUNIPD0002_space-MNI152NLin6Asym_FC-pearson_atlas-Schaefer300TianS3Buckner7N.csv
INFO: skip (exists): data/clinical_connectome/derivatives/UNIPD/WashU/features/sub-STUNIPD0002/func/sub-STUNIPD0002_space-MNI152NLin6Asym_FC-pearson_atlas-Schaefer400TianS1Buckner7N.csv
INFO: skip (exists): data/clinical_connectome/derivatives/UNIPD/WashU/features/sub-STUNIPD0002/func/sub-STUNIPD0002_space-MNI152NLin6Asym_FC-pearson_atlas-Schaefer400TianS2Buckner7N.csv
INFO: skip (exists): data/clinical_connectome/derivatives/UNIPD/WashU/features/sub-STUNIPD0002/func/sub-STUNIPD0002_space-MNI152NLin6Asym_FC-pearson_atlas-Schaefer400TianS3Buckner7N.csv
INFO: skip (exists): data/clinical_connectome/derivatives/UNIPD/WashU/features/sub-STUNIPD0002/func/sub-STUNIPD0002_desc-motion.tsv
INFO: skip (exists): data/clinical_connectome/derivatives/UNIPD/WashU/features/sub-STUNIPD0002/func/sub-STUNIPD0002_desc-motion.json
INFO: skip (exists): data/clinical_connectome/derivatives/UNIPD/WashU/features/sub-STUNIPD0002/func/sub-STUNIPD0002_desc-outliers.tsv
INFO: skip (exists): data/clinical_connectome/derivatives/UNIPD/WashU/features/sub-STUNIPD0002/func/sub-STUNIPD0002_desc-outliers.json
INFO: skip (exists): data/clinical_connectome/derivatives/UNIPD/WashU/features/sub-STUNIPD0003/func/sub-STUNIPD0003_space-MNI152NLin6Asym_FC-pearson_atlas-GlasserTianS1Buckner7N.csv
INFO: skip (exists): data/clinical_connectome/derivatives/UNIPD/WashU/features/sub-STUNIPD0003/func/sub-STUNIPD0003_space-MNI152NLin6Asym_FC-pearson_atlas-GlasserTianS2Buckner7N.csv
INFO: skip (exists): data/clinical_connectome/derivatives/UNIPD/WashU/features/sub-STUNIPD0003/func/sub-STUNIPD0003_space-MNI152NLin6Asym_FC-pearson_atlas-GlasserTianS3Buckner7N.csv
INFO: skip (exists): data/clinical_connectome/derivatives/UNIPD/WashU/features/sub-STUNIPD0003/func/sub-STUNIPD0003_space-MNI152NLin6Asym_FC-pearson_atlas-Schaefer100TianS1Buckner7N.csv
INFO: skip (exists): data/clinical_connectome/derivatives/UNIPD/WashU/features/sub-STUNIPD0003/func/sub-STUNIPD0003_space-MNI152NLin6Asym_FC-pearson_atlas-Schaefer100TianS2Buckner7N.csv
INFO: skip (exists): data/clinical_connectome/derivatives/UNIPD/WashU/features/sub-STUNIPD0003/func/sub-STUNIPD0003_space-MNI152NLin6Asym_FC-pearson_atlas-Schaefer100TianS3Buckner7N.csv
INFO: skip (exists): data/clinical_connectome/derivatives/UNIPD/WashU/features/sub-STUNIPD0003/func/sub-STUNIPD0003_space-MNI152NLin6Asym_FC-pearson_atlas-Schaefer200TianS1Buckner7N.csv
INFO: skip (exists): data/clinical_connectome/derivatives/UNIPD/WashU/features/sub-STUNIPD0003/func/sub-STUNIPD0003_space-MNI152NLin6Asym_FC-pearson_atlas-Schaefer200TianS2Buckner7N.csv
INFO: skip (exists): data/clinical_connectome/derivatives/UNIPD/WashU/features/sub-STUNIPD0003/func/sub-STUNIPD0003_space-MNI152NLin6Asym_FC-pearson_atlas-Schaefer200TianS3Buckner7N.csv
INFO: skip (exists): data/clinical_connectome/derivatives/UNIPD/WashU/features/sub-STUNIPD0003/func/sub-STUNIPD0003_space-MNI152NLin6Asym_FC-pearson_atlas-Schaefer300TianS1Buckner7N.csv
INFO: skip (exists): data/clinical_connectome/derivatives/UNIPD/WashU/features/sub-STUNIPD0003/func/sub-STUNIPD0003_space-MNI152NLin6Asym_FC-pearson_atlas-Schaefer300TianS2Buckner7N.csv
INFO: skip (exists): data/clinical_connectome/derivatives/UNIPD/WashU/features/sub-STUNIPD0003/func/sub-STUNIPD0003_space-MNI152NLin6Asym_FC-pearson_atlas-Schaefer300TianS3Buckner7N.csv
INFO: skip (exists): data/clinical_connectome/derivatives/UNIPD/WashU/features/sub-STUNIPD0003/func/sub-STUNIPD0003_space-MNI152NLin6Asym_FC-pearson_atlas-Schaefer400TianS1Buckner7N.csv
INFO: skip (exists): data/clinical_connectome/derivatives/UNIPD/WashU/features/sub-STUNIPD0003/func/sub-STUNIPD0003_space-MNI152NLin6Asym_FC-pearson_atlas-Schaefer400TianS2Buckner7N.csv
INFO: skip (exists): data/clinical_connectome/derivatives/UNIPD/WashU/features/sub-STUNIPD0003/func/sub-STUNIPD0003_space-MNI152NLin6Asym_FC-pearson_atlas-Schaefer400TianS3Buckner7N.csv
INFO: skip (exists): data/clinical_connectome/derivatives/UNIPD/WashU/features/sub-STUNIPD0003/func/sub-STUNIPD0003_desc-motion.tsv
INFO: skip (exists): data/clinical_connectome/derivatives/UNIPD/WashU/features/sub-STUNIPD0003/func/sub-STUNIPD0003_desc-motion.json
INFO: skip (exists): data/clinical_connectome/derivatives/UNIPD/WashU/features/sub-STUNIPD0003/func/sub-STUNIPD0003_desc-outliers.tsv
INFO: skip (exists): data/clinical_connectome/derivatives/UNIPD/WashU/features/sub-STUNIPD0003/func/sub-STUNIPD0003_desc-outliers.json
INFO: skip (exists): data/clinical_connectome/derivatives/UNIPD/WashU/features/sub-STUNIPD0005/func/sub-STUNIPD0005_space-MNI152NLin6Asym_FC-pearson_atlas-GlasserTianS1Buckner7N.csv
INFO: skip (exists): data/clinical_connectome/derivatives/UNIPD/WashU/features/sub-STUNIPD0005/func/sub-STUNIPD0005_space-MNI152NLin6Asym_FC-pearson_atlas-GlasserTianS2Buckner7N.csv
INFO: skip (exists): data/clinical_connectome/derivatives/UNIPD/WashU/features/sub-STUNIPD0005/func/sub-STUNIPD0005_space-MNI152NLin6Asym_FC-pearson_atlas-GlasserTianS3Buckner7N.csv
INFO: skip (exists): data/clinical_connectome/derivatives/UNIPD/WashU/features/sub-STUNIPD0005/func/sub-STUNIPD0005_space-MNI152NLin6Asym_FC-pearson_atlas-Schaefer100TianS1Buckner7N.csv
INFO: skip (exists): data/clinical_connectome/derivatives/UNIPD/WashU/features/sub-STUNIPD0005/func/sub-STUNIPD0005_space-MNI152NLin6Asym_FC-pearson_atlas-Schaefer100TianS2Buckner7N.csv
INFO: skip (exists): data/clinical_connectome/derivatives/UNIPD/WashU/features/sub-STUNIPD0005/func/sub-STUNIPD0005_space-MNI152NLin6Asym_FC-pearson_atlas-Schaefer100TianS3Buckner7N.csv
INFO: skip (exists): data/clinical_connectome/derivatives/UNIPD/WashU/features/sub-STUNIPD0005/func/sub-STUNIPD0005_space-MNI152NLin6Asym_FC-pearson_atlas-Schaefer200TianS1Buckner7N.csv
INFO: skip (exists): data/clinical_connectome/derivatives/UNIPD/WashU/features/sub-STUNIPD0005/func/sub-STUNIPD0005_space-MNI152NLin6Asym_FC-pearson_atlas-Schaefer200TianS2Buckner7N.csv
INFO: skip (exists): data/clinical_connectome/derivatives/UNIPD/WashU/features/sub-STUNIPD0005/func/sub-STUNIPD0005_space-MNI152NLin6Asym_FC-pearson_atlas-Schaefer200TianS3Buckner7N.csv
INFO: skip (exists): data/clinical_connectome/derivatives/UNIPD/WashU/features/sub-STUNIPD0005/func/sub-STUNIPD0005_space-MNI152NLin6Asym_FC-pearson_atlas-Schaefer300TianS1Buckner7N.csv
INFO: skip (exists): data/clinical_connectome/derivatives/UNIPD/WashU/features/sub-STUNIPD0005/func/sub-STUNIPD0005_space-MNI152NLin6Asym_FC-pearson_atlas-Schaefer300TianS2Buckner7N.csv
INFO: skip (exists): data/clinical_connectome/derivatives/UNIPD/WashU/features/sub-STUNIPD0005/func/sub-STUNIPD0005_space-MNI152NLin6Asym_FC-pearson_atlas-Schaefer300TianS3Buckner7N.csv
INFO: skip (exists): data/clinical_connectome/derivatives/UNIPD/WashU/features/sub-STUNIPD0005/func/sub-STUNIPD0005_space-MNI152NLin6Asym_FC-pearson_atlas-Schaefer400TianS1Buckner7N.csv
INFO: skip (exists): data/clinical_connectome/derivatives/UNIPD/WashU/features/sub-STUNIPD0005/func/sub-STUNIPD0005_space-MNI152NLin6Asym_FC-pearson_atlas-Schaefer400TianS2Buckner7N.csv
INFO: skip (exists): data/clinical_connectome/derivatives/UNIPD/WashU/features/sub-STUNIPD0005/func/sub-STUNIPD0005_space-MNI152NLin6Asym_FC-pearson_atlas-Schaefer400TianS3Buckner7N.csv
INFO: skip (exists): data/clinical_connectome/derivatives/UNIPD/WashU/features/sub-STUNIPD0005/func/sub-STUNIPD0005_desc-motion.tsv
INFO: skip (exists): data/clinical_connectome/derivatives/UNIPD/WashU/features/sub-STUNIPD0005/func/sub-STUNIPD0005_desc-motion.json
INFO: skip (exists): data/clinical_connectome/derivatives/UNIPD/WashU/features/sub-STUNIPD0005/func/sub-STUNIPD0005_desc-outliers.tsv
INFO: skip (exists): data/clinical_connectome/derivatives/UNIPD/WashU/features/sub-STUNIPD0005/func/sub-STUNIPD0005_desc-outliers.json
INFO: skip (exists): data/clinical_connectome/derivatives/UNIPD/WashU/features/sub-STUNIPD0006/func/sub-STUNIPD0006_space-MNI152NLin6Asym_FC-pearson_atlas-GlasserTianS1Buckner7N.csv
INFO: skip (exists): data/clinical_connectome/derivatives/UNIPD/WashU/features/sub-STUNIPD0006/func/sub-STUNIPD0006_space-MNI152NLin6Asym_FC-pearson_atlas-GlasserTianS2Buckner7N.csv
INFO: skip (exists): data/clinical_connectome/derivatives/UNIPD/WashU/features/sub-STUNIPD0006/func/sub-STUNIPD0006_space-MNI152NLin6Asym_FC-pearson_atlas-GlasserTianS3Buckner7N.csv
INFO: skip (exists): data/clinical_connectome/derivatives/UNIPD/WashU/features/sub-STUNIPD0006/func/sub-STUNIPD0006_space-MNI152NLin6Asym_FC-pearson_atlas-Schaefer100TianS1Buckner7N.csv
INFO: skip (exists): data/clinical_connectome/derivatives/UNIPD/WashU/features/sub-STUNIPD0006/func/sub-STUNIPD0006_space-MNI152NLin6Asym_FC-pearson_atlas-Schaefer100TianS2Buckner7N.csv
INFO: skip (exists): data/clinical_connectome/derivatives/UNIPD/WashU/features/sub-STUNIPD0006/func/sub-STUNIPD0006_space-MNI152NLin6Asym_FC-pearson_atlas-Schaefer100TianS3Buckner7N.csv
INFO: skip (exists): data/clinical_connectome/derivatives/UNIPD/WashU/features/sub-STUNIPD0006/func/sub-STUNIPD0006_space-MNI152NLin6Asym_FC-pearson_atlas-Schaefer200TianS1Buckner7N.csv
INFO: skip (exists): data/clinical_connectome/derivatives/UNIPD/WashU/features/sub-STUNIPD0006/func/sub-STUNIPD0006_space-MNI152NLin6Asym_FC-pearson_atlas-Schaefer200TianS2Buckner7N.csv
INFO: skip (exists): data/clinical_connectome/derivatives/UNIPD/WashU/features/sub-STUNIPD0006/func/sub-STUNIPD0006_space-MNI152NLin6Asym_FC-pearson_atlas-Schaefer200TianS3Buckner7N.csv
INFO: skip (exists): data/clinical_connectome/derivatives/UNIPD/WashU/features/sub-STUNIPD0006/func/sub-STUNIPD0006_space-MNI152NLin6Asym_FC-pearson_atlas-Schaefer300TianS1Buckner7N.csv
INFO: skip (exists): data/clinical_connectome/derivatives/UNIPD/WashU/features/sub-STUNIPD0006/func/sub-STUNIPD0006_space-MNI152NLin6Asym_FC-pearson_atlas-Schaefer300TianS2Buckner7N.csv
INFO: skip (exists): data/clinical_connectome/derivatives/UNIPD/WashU/features/sub-STUNIPD0006/func/sub-STUNIPD0006_space-MNI152NLin6Asym_FC-pearson_atlas-Schaefer300TianS3Buckner7N.csv
INFO: skip (exists): data/clinical_connectome/derivatives/UNIPD/WashU/features/sub-STUNIPD0006/func/sub-STUNIPD0006_space-MNI152NLin6Asym_FC-pearson_atlas-Schaefer400TianS1Buckner7N.csv
INFO: skip (exists): data/clinical_connectome/derivatives/UNIPD/WashU/features/sub-STUNIPD0006/func/sub-STUNIPD0006_space-MNI152NLin6Asym_FC-pearson_atlas-Schaefer400TianS2Buckner7N.csv
INFO: skip (exists): data/clinical_connectome/derivatives/UNIPD/WashU/features/sub-STUNIPD0006/func/sub-STUNIPD0006_space-MNI152NLin6Asym_FC-pearson_atlas-Schaefer400TianS3Buckner7N.csv
INFO: skip (exists): data/clinical_connectome/derivatives/UNIPD/WashU/features/sub-STUNIPD0006/func/sub-STUNIPD0006_desc-motion.tsv
INFO: skip (exists): data/clinical_connectome/derivatives/UNIPD/WashU/features/sub-STUNIPD0006/func/sub-STUNIPD0006_desc-motion.json
INFO: skip (exists): data/clinical_connectome/derivatives/UNIPD/WashU/features/sub-STUNIPD0006/func/sub-STUNIPD0006_desc-outliers.tsv
INFO: skip (exists): data/clinical_connectome/derivatives/UNIPD/WashU/features/sub-STUNIPD0006/func/sub-STUNIPD0006_desc-outliers.json
INFO: skip (exists): data/clinical_connectome/derivatives/UNIPD/WashU/features/sub-STUNIPD0008/func/sub-STUNIPD0008_space-MNI152NLin6Asym_FC-pearson_atlas-GlasserTianS1Buckner7N.csv
INFO: skip (exists): data/clinical_connectome/derivatives/UNIPD/WashU/features/sub-STUNIPD0008/func/sub-STUNIPD0008_space-MNI152NLin6Asym_FC-pearson_atlas-GlasserTianS2Buckner7N.csv
INFO: skip (exists): data/clinical_connectome/derivatives/UNIPD/WashU/features/sub-STUNIPD0008/func/sub-STUNIPD0008_space-MNI152NLin6Asym_FC-pearson_atlas-GlasserTianS3Buckner7N.csv
INFO: skip (exists): data/clinical_connectome/derivatives/UNIPD/WashU/features/sub-STUNIPD0008/func/sub-STUNIPD0008_space-MNI152NLin6Asym_FC-pearson_atlas-Schaefer100TianS1Buckner7N.csv
INFO: skip (exists): data/clinical_connectome/derivatives/UNIPD/WashU/features/sub-STUNIPD0008/func/sub-STUNIPD0008_space-MNI152NLin6Asym_FC-pearson_atlas-Schaefer100TianS2Buckner7N.csv
INFO: skip (exists): data/clinical_connectome/derivatives/UNIPD/WashU/features/sub-STUNIPD0008/func/sub-STUNIPD0008_space-MNI152NLin6Asym_FC-pearson_atlas-Schaefer100TianS3Buckner7N.csv
INFO: skip (exists): data/clinical_connectome/derivatives/UNIPD/WashU/features/sub-STUNIPD0008/func/sub-STUNIPD0008_space-MNI152NLin6Asym_FC-pearson_atlas-Schaefer200TianS1Buckner7N.csv
INFO: skip (exists): data/clinical_connectome/derivatives/UNIPD/WashU/features/sub-STUNIPD0008/func/sub-STUNIPD0008_space-MNI152NLin6Asym_FC-pearson_atlas-Schaefer200TianS2Buckner7N.csv
INFO: skip (exists): data/clinical_connectome/derivatives/UNIPD/WashU/features/sub-STUNIPD0008/func/sub-STUNIPD0008_space-MNI152NLin6Asym_FC-pearson_atlas-Schaefer200TianS3Buckner7N.csv
INFO: skip (exists): data/clinical_connectome/derivatives/UNIPD/WashU/features/sub-STUNIPD0008/func/sub-STUNIPD0008_space-MNI152NLin6Asym_FC-pearson_atlas-Schaefer300TianS1Buckner7N.csv
INFO: skip (exists): data/clinical_connectome/derivatives/UNIPD/WashU/features/sub-STUNIPD0008/func/sub-STUNIPD0008_space-MNI152NLin6Asym_FC-pearson_atlas-Schaefer300TianS2Buckner7N.csv
INFO: skip (exists): data/clinical_connectome/derivatives/UNIPD/WashU/features/sub-STUNIPD0008/func/sub-STUNIPD0008_space-MNI152NLin6Asym_FC-pearson_atlas-Schaefer300TianS3Buckner7N.csv
INFO: skip (exists): data/clinical_connectome/derivatives/UNIPD/WashU/features/sub-STUNIPD0008/func/sub-STUNIPD0008_space-MNI152NLin6Asym_FC-pearson_atlas-Schaefer400TianS1Buckner7N.csv
INFO: skip (exists): data/clinical_connectome/derivatives/UNIPD/WashU/features/sub-STUNIPD0008/func/sub-STUNIPD0008_space-MNI152NLin6Asym_FC-pearson_atlas-Schaefer400TianS2Buckner7N.csv
INFO: skip (exists): data/clinical_connectome/derivatives/UNIPD/WashU/features/sub-STUNIPD0008/func/sub-STUNIPD0008_space-MNI152NLin6Asym_FC-pearson_atlas-Schaefer400TianS3Buckner7N.csv
INFO: skip (exists): data/clinical_connectome/derivatives/UNIPD/WashU/features/sub-STUNIPD0008/func/sub-STUNIPD0008_desc-motion.tsv
INFO: skip (exists): data/clinical_connectome/derivatives/UNIPD/WashU/features/sub-STUNIPD0008/func/sub-STUNIPD0008_desc-motion.json
INFO: skip (exists): data/clinical_connectome/derivatives/UNIPD/WashU/features/sub-STUNIPD0008/func/sub-STUNIPD0008_desc-outliers.tsv
INFO: skip (exists): data/clinical_connectome/derivatives/UNIPD/WashU/features/sub-STUNIPD0008/func/sub-STUNIPD0008_desc-outliers.json
INFO: skip (exists): data/clinical_connectome/derivatives/UNIPD/WashU/features/sub-STUNIPD0009/func/sub-STUNIPD0009_space-MNI152NLin6Asym_FC-pearson_atlas-GlasserTianS1Buckner7N.csv
INFO: skip (exists): data/clinical_connectome/derivatives/UNIPD/WashU/features/sub-STUNIPD0009/func/sub-STUNIPD0009_space-MNI152NLin6Asym_FC-pearson_atlas-GlasserTianS2Buckner7N.csv
INFO: skip (exists): data/clinical_connectome/derivatives/UNIPD/WashU/features/sub-STUNIPD0009/func/sub-STUNIPD0009_space-MNI152NLin6Asym_FC-pearson_atlas-GlasserTianS3Buckner7N.csv
INFO: skip (exists): data/clinical_connectome/derivatives/UNIPD/WashU/features/sub-STUNIPD0009/func/sub-STUNIPD0009_space-MNI152NLin6Asym_FC-pearson_atlas-Schaefer100TianS1Buckner7N.csv
INFO: skip (exists): data/clinical_connectome/derivatives/UNIPD/WashU/features/sub-STUNIPD0009/func/sub-STUNIPD0009_space-MNI152NLin6Asym_FC-pearson_atlas-Schaefer100TianS2Buckner7N.csv
INFO: skip (exists): data/clinical_connectome/derivatives/UNIPD/WashU/features/sub-STUNIPD0009/func/sub-STUNIPD0009_space-MNI152NLin6Asym_FC-pearson_atlas-Schaefer100TianS3Buckner7N.csv
INFO: skip (exists): data/clinical_connectome/derivatives/UNIPD/WashU/features/sub-STUNIPD0009/func/sub-STUNIPD0009_space-MNI152NLin6Asym_FC-pearson_atlas-Schaefer200TianS1Buckner7N.csv
INFO: skip (exists): data/clinical_connectome/derivatives/UNIPD/WashU/features/sub-STUNIPD0009/func/sub-STUNIPD0009_space-MNI152NLin6Asym_FC-pearson_atlas-Schaefer200TianS2Buckner7N.csv
INFO: skip (exists): data/clinical_connectome/derivatives/UNIPD/WashU/features/sub-STUNIPD0009/func/sub-STUNIPD0009_space-MNI152NLin6Asym_FC-pearson_atlas-Schaefer200TianS3Buckner7N.csv
INFO: skip (exists): data/clinical_connectome/derivatives/UNIPD/WashU/features/sub-STUNIPD0009/func/sub-STUNIPD0009_space-MNI152NLin6Asym_FC-pearson_atlas-Schaefer300TianS1Buckner7N.csv
INFO: skip (exists): data/clinical_connectome/derivatives/UNIPD/WashU/features/sub-STUNIPD0009/func/sub-STUNIPD0009_space-MNI152NLin6Asym_FC-pearson_atlas-Schaefer300TianS2Buckner7N.csv
INFO: skip (exists): data/clinical_connectome/derivatives/UNIPD/WashU/features/sub-STUNIPD0009/func/sub-STUNIPD0009_space-MNI152NLin6Asym_FC-pearson_atlas-Schaefer300TianS3Buckner7N.csv
INFO: skip (exists): data/clinical_connectome/derivatives/UNIPD/WashU/features/sub-STUNIPD0009/func/sub-STUNIPD0009_space-MNI152NLin6Asym_FC-pearson_atlas-Schaefer400TianS1Buckner7N.csv
INFO: skip (exists): data/clinical_connectome/derivatives/UNIPD/WashU/features/sub-STUNIPD0009/func/sub-STUNIPD0009_space-MNI152NLin6Asym_FC-pearson_atlas-Schaefer400TianS2Buckner7N.csv
INFO: skip (exists): data/clinical_connectome/derivatives/UNIPD/WashU/features/sub-STUNIPD0009/func/sub-STUNIPD0009_space-MNI152NLin6Asym_FC-pearson_atlas-Schaefer400TianS3Buckner7N.csv
INFO: skip (exists): data/clinical_connectome/derivatives/UNIPD/WashU/features/sub-STUNIPD0009/func/sub-STUNIPD0009_desc-motion.tsv
INFO: skip (exists): data/clinical_connectome/derivatives/UNIPD/WashU/features/sub-STUNIPD0009/func/sub-STUNIPD0009_desc-motion.json
INFO: skip (exists): data/clinical_connectome/derivatives/UNIPD/WashU/features/sub-STUNIPD0009/func/sub-STUNIPD0009_desc-outliers.tsv
INFO: skip (exists): data/clinical_connectome/derivatives/UNIPD/WashU/features/sub-STUNIPD0009/func/sub-STUNIPD0009_desc-outliers.json
INFO: skip (exists): data/clinical_connectome/derivatives/UNIPD/WashU/features/sub-STUNIPD0011/func/sub-STUNIPD0011_space-MNI152NLin6Asym_FC-pearson_atlas-GlasserTianS1Buckner7N.csv
INFO: skip (exists): data/clinical_connectome/derivatives/UNIPD/WashU/features/sub-STUNIPD0011/func/sub-STUNIPD0011_space-MNI152NLin6Asym_FC-pearson_atlas-GlasserTianS2Buckner7N.csv
INFO: skip (exists): data/clinical_connectome/derivatives/UNIPD/WashU/features/sub-STUNIPD0011/func/sub-STUNIPD0011_space-MNI152NLin6Asym_FC-pearson_atlas-GlasserTianS3Buckner7N.csv
INFO: skip (exists): data/clinical_connectome/derivatives/UNIPD/WashU/features/sub-STUNIPD0011/func/sub-STUNIPD0011_space-MNI152NLin6Asym_FC-pearson_atlas-Schaefer100TianS1Buckner7N.csv
INFO: skip (exists): data/clinical_connectome/derivatives/UNIPD/WashU/features/sub-STUNIPD0011/func/sub-STUNIPD0011_space-MNI152NLin6Asym_FC-pearson_atlas-Schaefer100TianS2Buckner7N.csv
INFO: skip (exists): data/clinical_connectome/derivatives/UNIPD/WashU/features/sub-STUNIPD0011/func/sub-STUNIPD0011_space-MNI152NLin6Asym_FC-pearson_atlas-Schaefer100TianS3Buckner7N.csv
INFO: skip (exists): data/clinical_connectome/derivatives/UNIPD/WashU/features/sub-STUNIPD0011/func/sub-STUNIPD0011_space-MNI152NLin6Asym_FC-pearson_atlas-Schaefer200TianS1Buckner7N.csv
INFO: skip (exists): data/clinical_connectome/derivatives/UNIPD/WashU/features/sub-STUNIPD0011/func/sub-STUNIPD0011_space-MNI152NLin6Asym_FC-pearson_atlas-Schaefer200TianS2Buckner7N.csv
INFO: skip (exists): data/clinical_connectome/derivatives/UNIPD/WashU/features/sub-STUNIPD0011/func/sub-STUNIPD0011_space-MNI152NLin6Asym_FC-pearson_atlas-Schaefer200TianS3Buckner7N.csv
INFO: skip (exists): data/clinical_connectome/derivatives/UNIPD/WashU/features/sub-STUNIPD0011/func/sub-STUNIPD0011_space-MNI152NLin6Asym_FC-pearson_atlas-Schaefer300TianS1Buckner7N.csv
INFO: skip (exists): data/clinical_connectome/derivatives/UNIPD/WashU/features/sub-STUNIPD0011/func/sub-STUNIPD0011_space-MNI152NLin6Asym_FC-pearson_atlas-Schaefer300TianS2Buckner7N.csv
INFO: skip (exists): data/clinical_connectome/derivatives/UNIPD/WashU/features/sub-STUNIPD0011/func/sub-STUNIPD0011_space-MNI152NLin6Asym_FC-pearson_atlas-Schaefer300TianS3Buckner7N.csv
INFO: skip (exists): data/clinical_connectome/derivatives/UNIPD/WashU/features/sub-STUNIPD0011/func/sub-STUNIPD0011_space-MNI152NLin6Asym_FC-pearson_atlas-Schaefer400TianS1Buckner7N.csv
INFO: skip (exists): data/clinical_connectome/derivatives/UNIPD/WashU/features/sub-STUNIPD0011/func/sub-STUNIPD0011_space-MNI152NLin6Asym_FC-pearson_atlas-Schaefer400TianS2Buckner7N.csv
INFO: skip (exists): data/clinical_connectome/derivatives/UNIPD/WashU/features/sub-STUNIPD0011/func/sub-STUNIPD0011_space-MNI152NLin6Asym_FC-pearson_atlas-Schaefer400TianS3Buckner7N.csv
INFO: skip (exists): data/clinical_connectome/derivatives/UNIPD/WashU/features/sub-STUNIPD0011/func/sub-STUNIPD0011_desc-motion.tsv
INFO: skip (exists): data/clinical_connectome/derivatives/UNIPD/WashU/features/sub-STUNIPD0011/func/sub-STUNIPD0011_desc-motion.json
INFO: skip (exists): data/clinical_connectome/derivatives/UNIPD/WashU/features/sub-STUNIPD0011/func/sub-STUNIPD0011_desc-outliers.tsv
INFO: skip (exists): data/clinical_connectome/derivatives/UNIPD/WashU/features/sub-STUNIPD0011/func/sub-STUNIPD0011_desc-outliers.json
INFO: skip (exists): data/clinical_connectome/derivatives/UNIPD/WashU/features/sub-STUNIPD0012/func/sub-STUNIPD0012_space-MNI152NLin6Asym_FC-pearson_atlas-GlasserTianS1Buckner7N.csv
INFO: skip (exists): data/clinical_connectome/derivatives/UNIPD/WashU/features/sub-STUNIPD0012/func/sub-STUNIPD0012_space-MNI152NLin6Asym_FC-pearson_atlas-GlasserTianS2Buckner7N.csv
INFO: skip (exists): data/clinical_connectome/derivatives/UNIPD/WashU/features/sub-STUNIPD0012/func/sub-STUNIPD0012_space-MNI152NLin6Asym_FC-pearson_atlas-GlasserTianS3Buckner7N.csv
INFO: skip (exists): data/clinical_connectome/derivatives/UNIPD/WashU/features/sub-STUNIPD0012/func/sub-STUNIPD0012_space-MNI152NLin6Asym_FC-pearson_atlas-Schaefer100TianS1Buckner7N.csv
INFO: skip (exists): data/clinical_connectome/derivatives/UNIPD/WashU/features/sub-STUNIPD0012/func/sub-STUNIPD0012_space-MNI152NLin6Asym_FC-pearson_atlas-Schaefer100TianS2Buckner7N.csv
INFO: skip (exists): data/clinical_connectome/derivatives/UNIPD/WashU/features/sub-STUNIPD0012/func/sub-STUNIPD0012_space-MNI152NLin6Asym_FC-pearson_atlas-Schaefer100TianS3Buckner7N.csv
INFO: skip (exists): data/clinical_connectome/derivatives/UNIPD/WashU/features/sub-STUNIPD0012/func/sub-STUNIPD0012_space-MNI152NLin6Asym_FC-pearson_atlas-Schaefer200TianS1Buckner7N.csv
INFO: skip (exists): data/clinical_connectome/derivatives/UNIPD/WashU/features/sub-STUNIPD0012/func/sub-STUNIPD0012_space-MNI152NLin6Asym_FC-pearson_atlas-Schaefer200TianS2Buckner7N.csv
INFO: skip (exists): data/clinical_connectome/derivatives/UNIPD/WashU/features/sub-STUNIPD0012/func/sub-STUNIPD0012_space-MNI152NLin6Asym_FC-pearson_atlas-Schaefer200TianS3Buckner7N.csv
INFO: skip (exists): data/clinical_connectome/derivatives/UNIPD/WashU/features/sub-STUNIPD0012/func/sub-STUNIPD0012_space-MNI152NLin6Asym_FC-pearson_atlas-Schaefer300TianS1Buckner7N.csv
INFO: skip (exists): data/clinical_connectome/derivatives/UNIPD/WashU/features/sub-STUNIPD0012/func/sub-STUNIPD0012_space-MNI152NLin6Asym_FC-pearson_atlas-Schaefer300TianS2Buckner7N.csv
INFO: skip (exists): data/clinical_connectome/derivatives/UNIPD/WashU/features/sub-STUNIPD0012/func/sub-STUNIPD0012_space-MNI152NLin6Asym_FC-pearson_atlas-Schaefer300TianS3Buckner7N.csv
INFO: skip (exists): data/clinical_connectome/derivatives/UNIPD/WashU/features/sub-STUNIPD0012/func/sub-STUNIPD0012_space-MNI152NLin6Asym_FC-pearson_atlas-Schaefer400TianS1Buckner7N.csv
INFO: skip (exists): data/clinical_connectome/derivatives/UNIPD/WashU/features/sub-STUNIPD0012/func/sub-STUNIPD0012_space-MNI152NLin6Asym_FC-pearson_atlas-Schaefer400TianS2Buckner7N.csv
INFO: skip (exists): data/clinical_connectome/derivatives/UNIPD/WashU/features/sub-STUNIPD0012/func/sub-STUNIPD0012_space-MNI152NLin6Asym_FC-pearson_atlas-Schaefer400TianS3Buckner7N.csv
INFO: skip (exists): data/clinical_connectome/derivatives/UNIPD/WashU/features/sub-STUNIPD0012/func/sub-STUNIPD0012_desc-motion.tsv
INFO: skip (exists): data/clinical_connectome/derivatives/UNIPD/WashU/features/sub-STUNIPD0012/func/sub-STUNIPD0012_desc-motion.json
INFO: skip (exists): data/clinical_connectome/derivatives/UNIPD/WashU/features/sub-STUNIPD0012/func/sub-STUNIPD0012_desc-outliers.tsv
INFO: skip (exists): data/clinical_connectome/derivatives/UNIPD/WashU/features/sub-STUNIPD0012/func/sub-STUNIPD0012_desc-outliers.json
INFO: skip (exists): data/clinical_connectome/derivatives/UNIPD/WashU/features/sub-STUNIPD0013/func/sub-STUNIPD0013_space-MNI152NLin6Asym_FC-pearson_atlas-GlasserTianS1Buckner7N.csv
INFO: skip (exists): data/clinical_connectome/derivatives/UNIPD/WashU/features/sub-STUNIPD0013/func/sub-STUNIPD0013_space-MNI152NLin6Asym_FC-pearson_atlas-GlasserTianS2Buckner7N.csv
INFO: skip (exists): data/clinical_connectome/derivatives/UNIPD/WashU/features/sub-STUNIPD0013/func/sub-STUNIPD0013_space-MNI152NLin6Asym_FC-pearson_atlas-GlasserTianS3Buckner7N.csv
INFO: skip (exists): data/clinical_connectome/derivatives/UNIPD/WashU/features/sub-STUNIPD0013/func/sub-STUNIPD0013_space-MNI152NLin6Asym_FC-pearson_atlas-Schaefer100TianS1Buckner7N.csv
INFO: skip (exists): data/clinical_connectome/derivatives/UNIPD/WashU/features/sub-STUNIPD0013/func/sub-STUNIPD0013_space-MNI152NLin6Asym_FC-pearson_atlas-Schaefer100TianS2Buckner7N.csv
INFO: skip (exists): data/clinical_connectome/derivatives/UNIPD/WashU/features/sub-STUNIPD0013/func/sub-STUNIPD0013_space-MNI152NLin6Asym_FC-pearson_atlas-Schaefer100TianS3Buckner7N.csv
INFO: skip (exists): data/clinical_connectome/derivatives/UNIPD/WashU/features/sub-STUNIPD0013/func/sub-STUNIPD0013_space-MNI152NLin6Asym_FC-pearson_atlas-Schaefer200TianS1Buckner7N.csv
INFO: skip (exists): data/clinical_connectome/derivatives/UNIPD/WashU/features/sub-STUNIPD0013/func/sub-STUNIPD0013_space-MNI152NLin6Asym_FC-pearson_atlas-Schaefer200TianS2Buckner7N.csv
INFO: skip (exists): data/clinical_connectome/derivatives/UNIPD/WashU/features/sub-STUNIPD0013/func/sub-STUNIPD0013_space-MNI152NLin6Asym_FC-pearson_atlas-Schaefer200TianS3Buckner7N.csv
INFO: skip (exists): data/clinical_connectome/derivatives/UNIPD/WashU/features/sub-STUNIPD0013/func/sub-STUNIPD0013_space-MNI152NLin6Asym_FC-pearson_atlas-Schaefer300TianS1Buckner7N.csv
INFO: skip (exists): data/clinical_connectome/derivatives/UNIPD/WashU/features/sub-STUNIPD0013/func/sub-STUNIPD0013_space-MNI152NLin6Asym_FC-pearson_atlas-Schaefer300TianS2Buckner7N.csv
INFO: skip (exists): data/clinical_connectome/derivatives/UNIPD/WashU/features/sub-STUNIPD0013/func/sub-STUNIPD0013_space-MNI152NLin6Asym_FC-pearson_atlas-Schaefer300TianS3Buckner7N.csv
INFO: skip (exists): data/clinical_connectome/derivatives/UNIPD/WashU/features/sub-STUNIPD0013/func/sub-STUNIPD0013_space-MNI152NLin6Asym_FC-pearson_atlas-Schaefer400TianS1Buckner7N.csv
INFO: skip (exists): data/clinical_connectome/derivatives/UNIPD/WashU/features/sub-STUNIPD0013/func/sub-STUNIPD0013_space-MNI152NLin6Asym_FC-pearson_atlas-Schaefer400TianS2Buckner7N.csv
INFO: skip (exists): data/clinical_connectome/derivatives/UNIPD/WashU/features/sub-STUNIPD0013/func/sub-STUNIPD0013_space-MNI152NLin6Asym_FC-pearson_atlas-Schaefer400TianS3Buckner7N.csv
INFO: skip (exists): data/clinical_connectome/derivatives/UNIPD/WashU/features/sub-STUNIPD0013/func/sub-STUNIPD0013_desc-motion.tsv
INFO: skip (exists): data/clinical_connectome/derivatives/UNIPD/WashU/features/sub-STUNIPD0013/func/sub-STUNIPD0013_desc-motion.json
INFO: skip (exists): data/clinical_connectome/derivatives/UNIPD/WashU/features/sub-STUNIPD0013/func/sub-STUNIPD0013_desc-outliers.tsv
INFO: skip (exists): data/clinical_connectome/derivatives/UNIPD/WashU/features/sub-STUNIPD0013/func/sub-STUNIPD0013_desc-outliers.json
INFO: skip (exists): data/clinical_connectome/derivatives/UNIPD/WashU/features/sub-STUNIPD0014/func/sub-STUNIPD0014_space-MNI152NLin6Asym_FC-pearson_atlas-GlasserTianS1Buckner7N.csv
INFO: skip (exists): data/clinical_connectome/derivatives/UNIPD/WashU/features/sub-STUNIPD0014/func/sub-STUNIPD0014_space-MNI152NLin6Asym_FC-pearson_atlas-GlasserTianS2Buckner7N.csv
INFO: skip (exists): data/clinical_connectome/derivatives/UNIPD/WashU/features/sub-STUNIPD0014/func/sub-STUNIPD0014_space-MNI152NLin6Asym_FC-pearson_atlas-GlasserTianS3Buckner7N.csv
INFO: skip (exists): data/clinical_connectome/derivatives/UNIPD/WashU/features/sub-STUNIPD0014/func/sub-STUNIPD0014_space-MNI152NLin6Asym_FC-pearson_atlas-Schaefer100TianS1Buckner7N.csv
INFO: skip (exists): data/clinical_connectome/derivatives/UNIPD/WashU/features/sub-STUNIPD0014/func/sub-STUNIPD0014_space-MNI152NLin6Asym_FC-pearson_atlas-Schaefer100TianS2Buckner7N.csv
INFO: skip (exists): data/clinical_connectome/derivatives/UNIPD/WashU/features/sub-STUNIPD0014/func/sub-STUNIPD0014_space-MNI152NLin6Asym_FC-pearson_atlas-Schaefer100TianS3Buckner7N.csv
INFO: skip (exists): data/clinical_connectome/derivatives/UNIPD/WashU/features/sub-STUNIPD0014/func/sub-STUNIPD0014_space-MNI152NLin6Asym_FC-pearson_atlas-Schaefer200TianS1Buckner7N.csv
INFO: skip (exists): data/clinical_connectome/derivatives/UNIPD/WashU/features/sub-STUNIPD0014/func/sub-STUNIPD0014_space-MNI152NLin6Asym_FC-pearson_atlas-Schaefer200TianS2Buckner7N.csv
INFO: skip (exists): data/clinical_connectome/derivatives/UNIPD/WashU/features/sub-STUNIPD0014/func/sub-STUNIPD0014_space-MNI152NLin6Asym_FC-pearson_atlas-Schaefer200TianS3Buckner7N.csv
INFO: skip (exists): data/clinical_connectome/derivatives/UNIPD/WashU/features/sub-STUNIPD0014/func/sub-STUNIPD0014_space-MNI152NLin6Asym_FC-pearson_atlas-Schaefer300TianS1Buckner7N.csv
INFO: skip (exists): data/clinical_connectome/derivatives/UNIPD/WashU/features/sub-STUNIPD0014/func/sub-STUNIPD0014_space-MNI152NLin6Asym_FC-pearson_atlas-Schaefer300TianS2Buckner7N.csv
INFO: skip (exists): data/clinical_connectome/derivatives/UNIPD/WashU/features/sub-STUNIPD0014/func/sub-STUNIPD0014_space-MNI152NLin6Asym_FC-pearson_atlas-Schaefer300TianS3Buckner7N.csv
INFO: skip (exists): data/clinical_connectome/derivatives/UNIPD/WashU/features/sub-STUNIPD0014/func/sub-STUNIPD0014_space-MNI152NLin6Asym_FC-pearson_atlas-Schaefer400TianS1Buckner7N.csv
INFO: skip (exists): data/clinical_connectome/derivatives/UNIPD/WashU/features/sub-STUNIPD0014/func/sub-STUNIPD0014_space-MNI152NLin6Asym_FC-pearson_atlas-Schaefer400TianS2Buckner7N.csv
INFO: skip (exists): data/clinical_connectome/derivatives/UNIPD/WashU/features/sub-STUNIPD0014/func/sub-STUNIPD0014_space-MNI152NLin6Asym_FC-pearson_atlas-Schaefer400TianS3Buckner7N.csv
INFO: skip (exists): data/clinical_connectome/derivatives/UNIPD/WashU/features/sub-STUNIPD0014/func/sub-STUNIPD0014_desc-motion.tsv
INFO: skip (exists): data/clinical_connectome/derivatives/UNIPD/WashU/features/sub-STUNIPD0014/func/sub-STUNIPD0014_desc-motion.json
INFO: skip (exists): data/clinical_connectome/derivatives/UNIPD/WashU/features/sub-STUNIPD0014/func/sub-STUNIPD0014_desc-outliers.tsv
INFO: skip (exists): data/clinical_connectome/derivatives/UNIPD/WashU/features/sub-STUNIPD0014/func/sub-STUNIPD0014_desc-outliers.json
INFO: skip (exists): data/clinical_connectome/derivatives/UNIPD/WashU/features/sub-STUNIPD0015/func/sub-STUNIPD0015_space-MNI152NLin6Asym_FC-pearson_atlas-GlasserTianS1Buckner7N.csv
INFO: skip (exists): data/clinical_connectome/derivatives/UNIPD/WashU/features/sub-STUNIPD0015/func/sub-STUNIPD0015_space-MNI152NLin6Asym_FC-pearson_atlas-GlasserTianS2Buckner7N.csv
INFO: skip (exists): data/clinical_connectome/derivatives/UNIPD/WashU/features/sub-STUNIPD0015/func/sub-STUNIPD0015_space-MNI152NLin6Asym_FC-pearson_atlas-GlasserTianS3Buckner7N.csv
INFO: skip (exists): data/clinical_connectome/derivatives/UNIPD/WashU/features/sub-STUNIPD0015/func/sub-STUNIPD0015_space-MNI152NLin6Asym_FC-pearson_atlas-Schaefer100TianS1Buckner7N.csv
INFO: skip (exists): data/clinical_connectome/derivatives/UNIPD/WashU/features/sub-STUNIPD0015/func/sub-STUNIPD0015_space-MNI152NLin6Asym_FC-pearson_atlas-Schaefer100TianS2Buckner7N.csv
INFO: skip (exists): data/clinical_connectome/derivatives/UNIPD/WashU/features/sub-STUNIPD0015/func/sub-STUNIPD0015_space-MNI152NLin6Asym_FC-pearson_atlas-Schaefer100TianS3Buckner7N.csv
INFO: skip (exists): data/clinical_connectome/derivatives/UNIPD/WashU/features/sub-STUNIPD0015/func/sub-STUNIPD0015_space-MNI152NLin6Asym_FC-pearson_atlas-Schaefer200TianS1Buckner7N.csv
INFO: skip (exists): data/clinical_connectome/derivatives/UNIPD/WashU/features/sub-STUNIPD0015/func/sub-STUNIPD0015_space-MNI152NLin6Asym_FC-pearson_atlas-Schaefer200TianS2Buckner7N.csv
INFO: skip (exists): data/clinical_connectome/derivatives/UNIPD/WashU/features/sub-STUNIPD0015/func/sub-STUNIPD0015_space-MNI152NLin6Asym_FC-pearson_atlas-Schaefer200TianS3Buckner7N.csv
INFO: skip (exists): data/clinical_connectome/derivatives/UNIPD/WashU/features/sub-STUNIPD0015/func/sub-STUNIPD0015_space-MNI152NLin6Asym_FC-pearson_atlas-Schaefer300TianS1Buckner7N.csv
INFO: skip (exists): data/clinical_connectome/derivatives/UNIPD/WashU/features/sub-STUNIPD0015/func/sub-STUNIPD0015_space-MNI152NLin6Asym_FC-pearson_atlas-Schaefer300TianS2Buckner7N.csv
INFO: skip (exists): data/clinical_connectome/derivatives/UNIPD/WashU/features/sub-STUNIPD0015/func/sub-STUNIPD0015_space-MNI152NLin6Asym_FC-pearson_atlas-Schaefer300TianS3Buckner7N.csv
INFO: skip (exists): data/clinical_connectome/derivatives/UNIPD/WashU/features/sub-STUNIPD0015/func/sub-STUNIPD0015_space-MNI152NLin6Asym_FC-pearson_atlas-Schaefer400TianS1Buckner7N.csv
INFO: skip (exists): data/clinical_connectome/derivatives/UNIPD/WashU/features/sub-STUNIPD0015/func/sub-STUNIPD0015_space-MNI152NLin6Asym_FC-pearson_atlas-Schaefer400TianS2Buckner7N.csv
INFO: skip (exists): data/clinical_connectome/derivatives/UNIPD/WashU/features/sub-STUNIPD0015/func/sub-STUNIPD0015_space-MNI152NLin6Asym_FC-pearson_atlas-Schaefer400TianS3Buckner7N.csv
INFO: skip (exists): data/clinical_connectome/derivatives/UNIPD/WashU/features/sub-STUNIPD0015/func/sub-STUNIPD0015_desc-motion.tsv
INFO: skip (exists): data/clinical_connectome/derivatives/UNIPD/WashU/features/sub-STUNIPD0015/func/sub-STUNIPD0015_desc-motion.json
INFO: skip (exists): data/clinical_connectome/derivatives/UNIPD/WashU/features/sub-STUNIPD0015/func/sub-STUNIPD0015_desc-outliers.tsv
INFO: skip (exists): data/clinical_connectome/derivatives/UNIPD/WashU/features/sub-STUNIPD0015/func/sub-STUNIPD0015_desc-outliers.json
INFO: skip (exists): data/clinical_connectome/derivatives/UNIPD/WashU/features/sub-STUNIPD0016/func/sub-STUNIPD0016_space-MNI152NLin6Asym_FC-pearson_atlas-GlasserTianS1Buckner7N.csv
INFO: skip (exists): data/clinical_connectome/derivatives/UNIPD/WashU/features/sub-STUNIPD0016/func/sub-STUNIPD0016_space-MNI152NLin6Asym_FC-pearson_atlas-GlasserTianS2Buckner7N.csv
INFO: skip (exists): data/clinical_connectome/derivatives/UNIPD/WashU/features/sub-STUNIPD0016/func/sub-STUNIPD0016_space-MNI152NLin6Asym_FC-pearson_atlas-GlasserTianS3Buckner7N.csv
INFO: skip (exists): data/clinical_connectome/derivatives/UNIPD/WashU/features/sub-STUNIPD0016/func/sub-STUNIPD0016_space-MNI152NLin6Asym_FC-pearson_atlas-Schaefer100TianS1Buckner7N.csv
INFO: skip (exists): data/clinical_connectome/derivatives/UNIPD/WashU/features/sub-STUNIPD0016/func/sub-STUNIPD0016_space-MNI152NLin6Asym_FC-pearson_atlas-Schaefer100TianS2Buckner7N.csv
INFO: skip (exists): data/clinical_connectome/derivatives/UNIPD/WashU/features/sub-STUNIPD0016/func/sub-STUNIPD0016_space-MNI152NLin6Asym_FC-pearson_atlas-Schaefer100TianS3Buckner7N.csv
INFO: skip (exists): data/clinical_connectome/derivatives/UNIPD/WashU/features/sub-STUNIPD0016/func/sub-STUNIPD0016_space-MNI152NLin6Asym_FC-pearson_atlas-Schaefer200TianS1Buckner7N.csv
INFO: skip (exists): data/clinical_connectome/derivatives/UNIPD/WashU/features/sub-STUNIPD0016/func/sub-STUNIPD0016_space-MNI152NLin6Asym_FC-pearson_atlas-Schaefer200TianS2Buckner7N.csv
INFO: skip (exists): data/clinical_connectome/derivatives/UNIPD/WashU/features/sub-STUNIPD0016/func/sub-STUNIPD0016_space-MNI152NLin6Asym_FC-pearson_atlas-Schaefer200TianS3Buckner7N.csv
INFO: skip (exists): data/clinical_connectome/derivatives/UNIPD/WashU/features/sub-STUNIPD0016/func/sub-STUNIPD0016_space-MNI152NLin6Asym_FC-pearson_atlas-Schaefer300TianS1Buckner7N.csv
INFO: skip (exists): data/clinical_connectome/derivatives/UNIPD/WashU/features/sub-STUNIPD0016/func/sub-STUNIPD0016_space-MNI152NLin6Asym_FC-pearson_atlas-Schaefer300TianS2Buckner7N.csv
INFO: skip (exists): data/clinical_connectome/derivatives/UNIPD/WashU/features/sub-STUNIPD0016/func/sub-STUNIPD0016_space-MNI152NLin6Asym_FC-pearson_atlas-Schaefer300TianS3Buckner7N.csv
INFO: skip (exists): data/clinical_connectome/derivatives/UNIPD/WashU/features/sub-STUNIPD0016/func/sub-STUNIPD0016_space-MNI152NLin6Asym_FC-pearson_atlas-Schaefer400TianS1Buckner7N.csv
INFO: skip (exists): data/clinical_connectome/derivatives/UNIPD/WashU/features/sub-STUNIPD0016/func/sub-STUNIPD0016_space-MNI152NLin6Asym_FC-pearson_atlas-Schaefer400TianS2Buckner7N.csv
INFO: skip (exists): data/clinical_connectome/derivatives/UNIPD/WashU/features/sub-STUNIPD0016/func/sub-STUNIPD0016_space-MNI152NLin6Asym_FC-pearson_atlas-Schaefer400TianS3Buckner7N.csv
INFO: skip (exists): data/clinical_connectome/derivatives/UNIPD/WashU/features/sub-STUNIPD0016/func/sub-STUNIPD0016_desc-motion.tsv
INFO: skip (exists): data/clinical_connectome/derivatives/UNIPD/WashU/features/sub-STUNIPD0016/func/sub-STUNIPD0016_desc-motion.json
INFO: skip (exists): data/clinical_connectome/derivatives/UNIPD/WashU/features/sub-STUNIPD0016/func/sub-STUNIPD0016_desc-outliers.tsv
INFO: skip (exists): data/clinical_connectome/derivatives/UNIPD/WashU/features/sub-STUNIPD0016/func/sub-STUNIPD0016_desc-outliers.json
INFO: skip (exists): data/clinical_connectome/derivatives/UNIPD/WashU/features/sub-STUNIPD0017/func/sub-STUNIPD0017_space-MNI152NLin6Asym_FC-pearson_atlas-GlasserTianS1Buckner7N.csv
INFO: skip (exists): data/clinical_connectome/derivatives/UNIPD/WashU/features/sub-STUNIPD0017/func/sub-STUNIPD0017_space-MNI152NLin6Asym_FC-pearson_atlas-GlasserTianS2Buckner7N.csv
INFO: skip (exists): data/clinical_connectome/derivatives/UNIPD/WashU/features/sub-STUNIPD0017/func/sub-STUNIPD0017_space-MNI152NLin6Asym_FC-pearson_atlas-GlasserTianS3Buckner7N.csv
INFO: skip (exists): data/clinical_connectome/derivatives/UNIPD/WashU/features/sub-STUNIPD0017/func/sub-STUNIPD0017_space-MNI152NLin6Asym_FC-pearson_atlas-Schaefer100TianS1Buckner7N.csv
INFO: skip (exists): data/clinical_connectome/derivatives/UNIPD/WashU/features/sub-STUNIPD0017/func/sub-STUNIPD0017_space-MNI152NLin6Asym_FC-pearson_atlas-Schaefer100TianS2Buckner7N.csv
INFO: skip (exists): data/clinical_connectome/derivatives/UNIPD/WashU/features/sub-STUNIPD0017/func/sub-STUNIPD0017_space-MNI152NLin6Asym_FC-pearson_atlas-Schaefer100TianS3Buckner7N.csv
INFO: skip (exists): data/clinical_connectome/derivatives/UNIPD/WashU/features/sub-STUNIPD0017/func/sub-STUNIPD0017_space-MNI152NLin6Asym_FC-pearson_atlas-Schaefer200TianS1Buckner7N.csv
INFO: skip (exists): data/clinical_connectome/derivatives/UNIPD/WashU/features/sub-STUNIPD0017/func/sub-STUNIPD0017_space-MNI152NLin6Asym_FC-pearson_atlas-Schaefer200TianS2Buckner7N.csv
INFO: skip (exists): data/clinical_connectome/derivatives/UNIPD/WashU/features/sub-STUNIPD0017/func/sub-STUNIPD0017_space-MNI152NLin6Asym_FC-pearson_atlas-Schaefer200TianS3Buckner7N.csv
INFO: skip (exists): data/clinical_connectome/derivatives/UNIPD/WashU/features/sub-STUNIPD0017/func/sub-STUNIPD0017_space-MNI152NLin6Asym_FC-pearson_atlas-Schaefer300TianS1Buckner7N.csv
INFO: skip (exists): data/clinical_connectome/derivatives/UNIPD/WashU/features/sub-STUNIPD0017/func/sub-STUNIPD0017_space-MNI152NLin6Asym_FC-pearson_atlas-Schaefer300TianS2Buckner7N.csv
INFO: skip (exists): data/clinical_connectome/derivatives/UNIPD/WashU/features/sub-STUNIPD0017/func/sub-STUNIPD0017_space-MNI152NLin6Asym_FC-pearson_atlas-Schaefer300TianS3Buckner7N.csv
INFO: skip (exists): data/clinical_connectome/derivatives/UNIPD/WashU/features/sub-STUNIPD0017/func/sub-STUNIPD0017_space-MNI152NLin6Asym_FC-pearson_atlas-Schaefer400TianS1Buckner7N.csv
INFO: skip (exists): data/clinical_connectome/derivatives/UNIPD/WashU/features/sub-STUNIPD0017/func/sub-STUNIPD0017_space-MNI152NLin6Asym_FC-pearson_atlas-Schaefer400TianS2Buckner7N.csv
INFO: skip (exists): data/clinical_connectome/derivatives/UNIPD/WashU/features/sub-STUNIPD0017/func/sub-STUNIPD0017_space-MNI152NLin6Asym_FC-pearson_atlas-Schaefer400TianS3Buckner7N.csv
INFO: skip (exists): data/clinical_connectome/derivatives/UNIPD/WashU/features/sub-STUNIPD0017/func/sub-STUNIPD0017_desc-motion.tsv
INFO: skip (exists): data/clinical_connectome/derivatives/UNIPD/WashU/features/sub-STUNIPD0017/func/sub-STUNIPD0017_desc-motion.json
INFO: skip (exists): data/clinical_connectome/derivatives/UNIPD/WashU/features/sub-STUNIPD0017/func/sub-STUNIPD0017_desc-outliers.tsv
INFO: skip (exists): data/clinical_connectome/derivatives/UNIPD/WashU/features/sub-STUNIPD0017/func/sub-STUNIPD0017_desc-outliers.json
INFO: skip (exists): data/clinical_connectome/derivatives/UNIPD/WashU/features/sub-STUNIPD0019/func/sub-STUNIPD0019_space-MNI152NLin6Asym_FC-pearson_atlas-GlasserTianS1Buckner7N.csv
INFO: skip (exists): data/clinical_connectome/derivatives/UNIPD/WashU/features/sub-STUNIPD0019/func/sub-STUNIPD0019_space-MNI152NLin6Asym_FC-pearson_atlas-GlasserTianS2Buckner7N.csv
INFO: skip (exists): data/clinical_connectome/derivatives/UNIPD/WashU/features/sub-STUNIPD0019/func/sub-STUNIPD0019_space-MNI152NLin6Asym_FC-pearson_atlas-GlasserTianS3Buckner7N.csv
INFO: skip (exists): data/clinical_connectome/derivatives/UNIPD/WashU/features/sub-STUNIPD0019/func/sub-STUNIPD0019_space-MNI152NLin6Asym_FC-pearson_atlas-Schaefer100TianS1Buckner7N.csv
INFO: skip (exists): data/clinical_connectome/derivatives/UNIPD/WashU/features/sub-STUNIPD0019/func/sub-STUNIPD0019_space-MNI152NLin6Asym_FC-pearson_atlas-Schaefer100TianS2Buckner7N.csv
INFO: skip (exists): data/clinical_connectome/derivatives/UNIPD/WashU/features/sub-STUNIPD0019/func/sub-STUNIPD0019_space-MNI152NLin6Asym_FC-pearson_atlas-Schaefer100TianS3Buckner7N.csv
INFO: skip (exists): data/clinical_connectome/derivatives/UNIPD/WashU/features/sub-STUNIPD0019/func/sub-STUNIPD0019_space-MNI152NLin6Asym_FC-pearson_atlas-Schaefer200TianS1Buckner7N.csv
INFO: skip (exists): data/clinical_connectome/derivatives/UNIPD/WashU/features/sub-STUNIPD0019/func/sub-STUNIPD0019_space-MNI152NLin6Asym_FC-pearson_atlas-Schaefer200TianS2Buckner7N.csv
INFO: skip (exists): data/clinical_connectome/derivatives/UNIPD/WashU/features/sub-STUNIPD0019/func/sub-STUNIPD0019_space-MNI152NLin6Asym_FC-pearson_atlas-Schaefer200TianS3Buckner7N.csv
INFO: skip (exists): data/clinical_connectome/derivatives/UNIPD/WashU/features/sub-STUNIPD0019/func/sub-STUNIPD0019_space-MNI152NLin6Asym_FC-pearson_atlas-Schaefer300TianS1Buckner7N.csv
INFO: skip (exists): data/clinical_connectome/derivatives/UNIPD/WashU/features/sub-STUNIPD0019/func/sub-STUNIPD0019_space-MNI152NLin6Asym_FC-pearson_atlas-Schaefer300TianS2Buckner7N.csv
INFO: skip (exists): data/clinical_connectome/derivatives/UNIPD/WashU/features/sub-STUNIPD0019/func/sub-STUNIPD0019_space-MNI152NLin6Asym_FC-pearson_atlas-Schaefer300TianS3Buckner7N.csv
INFO: skip (exists): data/clinical_connectome/derivatives/UNIPD/WashU/features/sub-STUNIPD0019/func/sub-STUNIPD0019_space-MNI152NLin6Asym_FC-pearson_atlas-Schaefer400TianS1Buckner7N.csv
INFO: skip (exists): data/clinical_connectome/derivatives/UNIPD/WashU/features/sub-STUNIPD0019/func/sub-STUNIPD0019_space-MNI152NLin6Asym_FC-pearson_atlas-Schaefer400TianS2Buckner7N.csv
INFO: skip (exists): data/clinical_connectome/derivatives/UNIPD/WashU/features/sub-STUNIPD0019/func/sub-STUNIPD0019_space-MNI152NLin6Asym_FC-pearson_atlas-Schaefer400TianS3Buckner7N.csv
INFO: skip (exists): data/clinical_connectome/derivatives/UNIPD/WashU/features/sub-STUNIPD0019/func/sub-STUNIPD0019_desc-motion.tsv
INFO: skip (exists): data/clinical_connectome/derivatives/UNIPD/WashU/features/sub-STUNIPD0019/func/sub-STUNIPD0019_desc-motion.json
INFO: skip (exists): data/clinical_connectome/derivatives/UNIPD/WashU/features/sub-STUNIPD0019/func/sub-STUNIPD0019_desc-outliers.tsv
INFO: skip (exists): data/clinical_connectome/derivatives/UNIPD/WashU/features/sub-STUNIPD0019/func/sub-STUNIPD0019_desc-outliers.json
INFO: skip (exists): data/clinical_connectome/derivatives/UNIPD/WashU/features/sub-STUNIPD0020/func/sub-STUNIPD0020_space-MNI152NLin6Asym_FC-pearson_atlas-GlasserTianS1Buckner7N.csv
INFO: skip (exists): data/clinical_connectome/derivatives/UNIPD/WashU/features/sub-STUNIPD0020/func/sub-STUNIPD0020_space-MNI152NLin6Asym_FC-pearson_atlas-GlasserTianS2Buckner7N.csv
INFO: skip (exists): data/clinical_connectome/derivatives/UNIPD/WashU/features/sub-STUNIPD0020/func/sub-STUNIPD0020_space-MNI152NLin6Asym_FC-pearson_atlas-GlasserTianS3Buckner7N.csv
INFO: skip (exists): data/clinical_connectome/derivatives/UNIPD/WashU/features/sub-STUNIPD0020/func/sub-STUNIPD0020_space-MNI152NLin6Asym_FC-pearson_atlas-Schaefer100TianS1Buckner7N.csv
INFO: skip (exists): data/clinical_connectome/derivatives/UNIPD/WashU/features/sub-STUNIPD0020/func/sub-STUNIPD0020_space-MNI152NLin6Asym_FC-pearson_atlas-Schaefer100TianS2Buckner7N.csv
INFO: skip (exists): data/clinical_connectome/derivatives/UNIPD/WashU/features/sub-STUNIPD0020/func/sub-STUNIPD0020_space-MNI152NLin6Asym_FC-pearson_atlas-Schaefer100TianS3Buckner7N.csv
INFO: skip (exists): data/clinical_connectome/derivatives/UNIPD/WashU/features/sub-STUNIPD0020/func/sub-STUNIPD0020_space-MNI152NLin6Asym_FC-pearson_atlas-Schaefer200TianS1Buckner7N.csv
INFO: skip (exists): data/clinical_connectome/derivatives/UNIPD/WashU/features/sub-STUNIPD0020/func/sub-STUNIPD0020_space-MNI152NLin6Asym_FC-pearson_atlas-Schaefer200TianS2Buckner7N.csv
INFO: skip (exists): data/clinical_connectome/derivatives/UNIPD/WashU/features/sub-STUNIPD0020/func/sub-STUNIPD0020_space-MNI152NLin6Asym_FC-pearson_atlas-Schaefer200TianS3Buckner7N.csv
INFO: skip (exists): data/clinical_connectome/derivatives/UNIPD/WashU/features/sub-STUNIPD0020/func/sub-STUNIPD0020_space-MNI152NLin6Asym_FC-pearson_atlas-Schaefer300TianS1Buckner7N.csv
INFO: skip (exists): data/clinical_connectome/derivatives/UNIPD/WashU/features/sub-STUNIPD0020/func/sub-STUNIPD0020_space-MNI152NLin6Asym_FC-pearson_atlas-Schaefer300TianS2Buckner7N.csv
INFO: skip (exists): data/clinical_connectome/derivatives/UNIPD/WashU/features/sub-STUNIPD0020/func/sub-STUNIPD0020_space-MNI152NLin6Asym_FC-pearson_atlas-Schaefer300TianS3Buckner7N.csv
INFO: skip (exists): data/clinical_connectome/derivatives/UNIPD/WashU/features/sub-STUNIPD0020/func/sub-STUNIPD0020_space-MNI152NLin6Asym_FC-pearson_atlas-Schaefer400TianS1Buckner7N.csv
INFO: skip (exists): data/clinical_connectome/derivatives/UNIPD/WashU/features/sub-STUNIPD0020/func/sub-STUNIPD0020_space-MNI152NLin6Asym_FC-pearson_atlas-Schaefer400TianS2Buckner7N.csv
INFO: skip (exists): data/clinical_connectome/derivatives/UNIPD/WashU/features/sub-STUNIPD0020/func/sub-STUNIPD0020_space-MNI152NLin6Asym_FC-pearson_atlas-Schaefer400TianS3Buckner7N.csv
INFO: skip (exists): data/clinical_connectome/derivatives/UNIPD/WashU/features/sub-STUNIPD0020/func/sub-STUNIPD0020_desc-motion.tsv
INFO: skip (exists): data/clinical_connectome/derivatives/UNIPD/WashU/features/sub-STUNIPD0020/func/sub-STUNIPD0020_desc-motion.json
INFO: skip (exists): data/clinical_connectome/derivatives/UNIPD/WashU/features/sub-STUNIPD0020/func/sub-STUNIPD0020_desc-outliers.tsv
INFO: skip (exists): data/clinical_connectome/derivatives/UNIPD/WashU/features/sub-STUNIPD0020/func/sub-STUNIPD0020_desc-outliers.json
INFO: skip (exists): data/clinical_connectome/derivatives/UNIPD/WashU/features/sub-STUNIPD0023/func/sub-STUNIPD0023_space-MNI152NLin6Asym_FC-pearson_atlas-GlasserTianS1Buckner7N.csv
INFO: skip (exists): data/clinical_connectome/derivatives/UNIPD/WashU/features/sub-STUNIPD0023/func/sub-STUNIPD0023_space-MNI152NLin6Asym_FC-pearson_atlas-GlasserTianS2Buckner7N.csv
INFO: skip (exists): data/clinical_connectome/derivatives/UNIPD/WashU/features/sub-STUNIPD0023/func/sub-STUNIPD0023_space-MNI152NLin6Asym_FC-pearson_atlas-GlasserTianS3Buckner7N.csv
INFO: skip (exists): data/clinical_connectome/derivatives/UNIPD/WashU/features/sub-STUNIPD0023/func/sub-STUNIPD0023_space-MNI152NLin6Asym_FC-pearson_atlas-Schaefer100TianS1Buckner7N.csv
INFO: skip (exists): data/clinical_connectome/derivatives/UNIPD/WashU/features/sub-STUNIPD0023/func/sub-STUNIPD0023_space-MNI152NLin6Asym_FC-pearson_atlas-Schaefer100TianS2Buckner7N.csv
INFO: skip (exists): data/clinical_connectome/derivatives/UNIPD/WashU/features/sub-STUNIPD0023/func/sub-STUNIPD0023_space-MNI152NLin6Asym_FC-pearson_atlas-Schaefer100TianS3Buckner7N.csv
INFO: skip (exists): data/clinical_connectome/derivatives/UNIPD/WashU/features/sub-STUNIPD0023/func/sub-STUNIPD0023_space-MNI152NLin6Asym_FC-pearson_atlas-Schaefer200TianS1Buckner7N.csv
INFO: skip (exists): data/clinical_connectome/derivatives/UNIPD/WashU/features/sub-STUNIPD0023/func/sub-STUNIPD0023_space-MNI152NLin6Asym_FC-pearson_atlas-Schaefer200TianS2Buckner7N.csv
INFO: skip (exists): data/clinical_connectome/derivatives/UNIPD/WashU/features/sub-STUNIPD0023/func/sub-STUNIPD0023_space-MNI152NLin6Asym_FC-pearson_atlas-Schaefer200TianS3Buckner7N.csv
INFO: skip (exists): data/clinical_connectome/derivatives/UNIPD/WashU/features/sub-STUNIPD0023/func/sub-STUNIPD0023_space-MNI152NLin6Asym_FC-pearson_atlas-Schaefer300TianS1Buckner7N.csv
INFO: skip (exists): data/clinical_connectome/derivatives/UNIPD/WashU/features/sub-STUNIPD0023/func/sub-STUNIPD0023_space-MNI152NLin6Asym_FC-pearson_atlas-Schaefer300TianS2Buckner7N.csv
INFO: skip (exists): data/clinical_connectome/derivatives/UNIPD/WashU/features/sub-STUNIPD0023/func/sub-STUNIPD0023_space-MNI152NLin6Asym_FC-pearson_atlas-Schaefer300TianS3Buckner7N.csv
INFO: skip (exists): data/clinical_connectome/derivatives/UNIPD/WashU/features/sub-STUNIPD0023/func/sub-STUNIPD0023_space-MNI152NLin6Asym_FC-pearson_atlas-Schaefer400TianS1Buckner7N.csv
INFO: skip (exists): data/clinical_connectome/derivatives/UNIPD/WashU/features/sub-STUNIPD0023/func/sub-STUNIPD0023_space-MNI152NLin6Asym_FC-pearson_atlas-Schaefer400TianS2Buckner7N.csv
INFO: skip (exists): data/clinical_connectome/derivatives/UNIPD/WashU/features/sub-STUNIPD0023/func/sub-STUNIPD0023_space-MNI152NLin6Asym_FC-pearson_atlas-Schaefer400TianS3Buckner7N.csv
INFO: skip (exists): data/clinical_connectome/derivatives/UNIPD/WashU/features/sub-STUNIPD0023/func/sub-STUNIPD0023_desc-motion.tsv
INFO: skip (exists): data/clinical_connectome/derivatives/UNIPD/WashU/features/sub-STUNIPD0023/func/sub-STUNIPD0023_desc-motion.json
INFO: skip (exists): data/clinical_connectome/derivatives/UNIPD/WashU/features/sub-STUNIPD0023/func/sub-STUNIPD0023_desc-outliers.tsv
INFO: skip (exists): data/clinical_connectome/derivatives/UNIPD/WashU/features/sub-STUNIPD0023/func/sub-STUNIPD0023_desc-outliers.json
INFO: skip (exists): data/clinical_connectome/derivatives/UNIPD/WashU/features/sub-STUNIPD0024/func/sub-STUNIPD0024_space-MNI152NLin6Asym_FC-pearson_atlas-GlasserTianS1Buckner7N.csv
INFO: skip (exists): data/clinical_connectome/derivatives/UNIPD/WashU/features/sub-STUNIPD0024/func/sub-STUNIPD0024_space-MNI152NLin6Asym_FC-pearson_atlas-GlasserTianS2Buckner7N.csv
INFO: skip (exists): data/clinical_connectome/derivatives/UNIPD/WashU/features/sub-STUNIPD0024/func/sub-STUNIPD0024_space-MNI152NLin6Asym_FC-pearson_atlas-GlasserTianS3Buckner7N.csv
INFO: skip (exists): data/clinical_connectome/derivatives/UNIPD/WashU/features/sub-STUNIPD0024/func/sub-STUNIPD0024_space-MNI152NLin6Asym_FC-pearson_atlas-Schaefer100TianS1Buckner7N.csv
INFO: skip (exists): data/clinical_connectome/derivatives/UNIPD/WashU/features/sub-STUNIPD0024/func/sub-STUNIPD0024_space-MNI152NLin6Asym_FC-pearson_atlas-Schaefer100TianS2Buckner7N.csv
INFO: skip (exists): data/clinical_connectome/derivatives/UNIPD/WashU/features/sub-STUNIPD0024/func/sub-STUNIPD0024_space-MNI152NLin6Asym_FC-pearson_atlas-Schaefer100TianS3Buckner7N.csv
INFO: skip (exists): data/clinical_connectome/derivatives/UNIPD/WashU/features/sub-STUNIPD0024/func/sub-STUNIPD0024_space-MNI152NLin6Asym_FC-pearson_atlas-Schaefer200TianS1Buckner7N.csv
INFO: skip (exists): data/clinical_connectome/derivatives/UNIPD/WashU/features/sub-STUNIPD0024/func/sub-STUNIPD0024_space-MNI152NLin6Asym_FC-pearson_atlas-Schaefer200TianS2Buckner7N.csv
INFO: skip (exists): data/clinical_connectome/derivatives/UNIPD/WashU/features/sub-STUNIPD0024/func/sub-STUNIPD0024_space-MNI152NLin6Asym_FC-pearson_atlas-Schaefer200TianS3Buckner7N.csv
INFO: skip (exists): data/clinical_connectome/derivatives/UNIPD/WashU/features/sub-STUNIPD0024/func/sub-STUNIPD0024_space-MNI152NLin6Asym_FC-pearson_atlas-Schaefer300TianS1Buckner7N.csv
INFO: skip (exists): data/clinical_connectome/derivatives/UNIPD/WashU/features/sub-STUNIPD0024/func/sub-STUNIPD0024_space-MNI152NLin6Asym_FC-pearson_atlas-Schaefer300TianS2Buckner7N.csv
INFO: skip (exists): data/clinical_connectome/derivatives/UNIPD/WashU/features/sub-STUNIPD0024/func/sub-STUNIPD0024_space-MNI152NLin6Asym_FC-pearson_atlas-Schaefer300TianS3Buckner7N.csv
INFO: skip (exists): data/clinical_connectome/derivatives/UNIPD/WashU/features/sub-STUNIPD0024/func/sub-STUNIPD0024_space-MNI152NLin6Asym_FC-pearson_atlas-Schaefer400TianS1Buckner7N.csv
INFO: skip (exists): data/clinical_connectome/derivatives/UNIPD/WashU/features/sub-STUNIPD0024/func/sub-STUNIPD0024_space-MNI152NLin6Asym_FC-pearson_atlas-Schaefer400TianS2Buckner7N.csv
INFO: skip (exists): data/clinical_connectome/derivatives/UNIPD/WashU/features/sub-STUNIPD0024/func/sub-STUNIPD0024_space-MNI152NLin6Asym_FC-pearson_atlas-Schaefer400TianS3Buckner7N.csv
INFO: skip (exists): data/clinical_connectome/derivatives/UNIPD/WashU/features/sub-STUNIPD0024/func/sub-STUNIPD0024_desc-motion.tsv
INFO: skip (exists): data/clinical_connectome/derivatives/UNIPD/WashU/features/sub-STUNIPD0024/func/sub-STUNIPD0024_desc-motion.json
INFO: skip (exists): data/clinical_connectome/derivatives/UNIPD/WashU/features/sub-STUNIPD0024/func/sub-STUNIPD0024_desc-outliers.tsv
INFO: skip (exists): data/clinical_connectome/derivatives/UNIPD/WashU/features/sub-STUNIPD0024/func/sub-STUNIPD0024_desc-outliers.json
INFO: skip (exists): data/clinical_connectome/derivatives/UNIPD/WashU/features/sub-STUNIPD0025/func/sub-STUNIPD0025_space-MNI152NLin6Asym_FC-pearson_atlas-GlasserTianS1Buckner7N.csv
INFO: skip (exists): data/clinical_connectome/derivatives/UNIPD/WashU/features/sub-STUNIPD0025/func/sub-STUNIPD0025_space-MNI152NLin6Asym_FC-pearson_atlas-GlasserTianS2Buckner7N.csv
INFO: skip (exists): data/clinical_connectome/derivatives/UNIPD/WashU/features/sub-STUNIPD0025/func/sub-STUNIPD0025_space-MNI152NLin6Asym_FC-pearson_atlas-GlasserTianS3Buckner7N.csv
INFO: skip (exists): data/clinical_connectome/derivatives/UNIPD/WashU/features/sub-STUNIPD0025/func/sub-STUNIPD0025_space-MNI152NLin6Asym_FC-pearson_atlas-Schaefer100TianS1Buckner7N.csv
INFO: skip (exists): data/clinical_connectome/derivatives/UNIPD/WashU/features/sub-STUNIPD0025/func/sub-STUNIPD0025_space-MNI152NLin6Asym_FC-pearson_atlas-Schaefer100TianS2Buckner7N.csv
INFO: skip (exists): data/clinical_connectome/derivatives/UNIPD/WashU/features/sub-STUNIPD0025/func/sub-STUNIPD0025_space-MNI152NLin6Asym_FC-pearson_atlas-Schaefer100TianS3Buckner7N.csv
INFO: skip (exists): data/clinical_connectome/derivatives/UNIPD/WashU/features/sub-STUNIPD0025/func/sub-STUNIPD0025_space-MNI152NLin6Asym_FC-pearson_atlas-Schaefer200TianS1Buckner7N.csv
INFO: skip (exists): data/clinical_connectome/derivatives/UNIPD/WashU/features/sub-STUNIPD0025/func/sub-STUNIPD0025_space-MNI152NLin6Asym_FC-pearson_atlas-Schaefer200TianS2Buckner7N.csv
INFO: skip (exists): data/clinical_connectome/derivatives/UNIPD/WashU/features/sub-STUNIPD0025/func/sub-STUNIPD0025_space-MNI152NLin6Asym_FC-pearson_atlas-Schaefer200TianS3Buckner7N.csv
INFO: skip (exists): data/clinical_connectome/derivatives/UNIPD/WashU/features/sub-STUNIPD0025/func/sub-STUNIPD0025_space-MNI152NLin6Asym_FC-pearson_atlas-Schaefer300TianS1Buckner7N.csv
INFO: skip (exists): data/clinical_connectome/derivatives/UNIPD/WashU/features/sub-STUNIPD0025/func/sub-STUNIPD0025_space-MNI152NLin6Asym_FC-pearson_atlas-Schaefer300TianS2Buckner7N.csv
INFO: skip (exists): data/clinical_connectome/derivatives/UNIPD/WashU/features/sub-STUNIPD0025/func/sub-STUNIPD0025_space-MNI152NLin6Asym_FC-pearson_atlas-Schaefer300TianS3Buckner7N.csv
INFO: skip (exists): data/clinical_connectome/derivatives/UNIPD/WashU/features/sub-STUNIPD0025/func/sub-STUNIPD0025_space-MNI152NLin6Asym_FC-pearson_atlas-Schaefer400TianS1Buckner7N.csv
INFO: skip (exists): data/clinical_connectome/derivatives/UNIPD/WashU/features/sub-STUNIPD0025/func/sub-STUNIPD0025_space-MNI152NLin6Asym_FC-pearson_atlas-Schaefer400TianS2Buckner7N.csv
INFO: skip (exists): data/clinical_connectome/derivatives/UNIPD/WashU/features/sub-STUNIPD0025/func/sub-STUNIPD0025_space-MNI152NLin6Asym_FC-pearson_atlas-Schaefer400TianS3Buckner7N.csv
INFO: skip (exists): data/clinical_connectome/derivatives/UNIPD/WashU/features/sub-STUNIPD0025/func/sub-STUNIPD0025_desc-motion.tsv
INFO: skip (exists): data/clinical_connectome/derivatives/UNIPD/WashU/features/sub-STUNIPD0025/func/sub-STUNIPD0025_desc-motion.json
INFO: skip (exists): data/clinical_connectome/derivatives/UNIPD/WashU/features/sub-STUNIPD0025/func/sub-STUNIPD0025_desc-outliers.tsv
INFO: skip (exists): data/clinical_connectome/derivatives/UNIPD/WashU/features/sub-STUNIPD0025/func/sub-STUNIPD0025_desc-outliers.json
INFO: skip (exists): data/clinical_connectome/derivatives/UNIPD/WashU/features/sub-STUNIPD0027/func/sub-STUNIPD0027_space-MNI152NLin6Asym_FC-pearson_atlas-GlasserTianS1Buckner7N.csv
INFO: skip (exists): data/clinical_connectome/derivatives/UNIPD/WashU/features/sub-STUNIPD0027/func/sub-STUNIPD0027_space-MNI152NLin6Asym_FC-pearson_atlas-GlasserTianS2Buckner7N.csv
INFO: skip (exists): data/clinical_connectome/derivatives/UNIPD/WashU/features/sub-STUNIPD0027/func/sub-STUNIPD0027_space-MNI152NLin6Asym_FC-pearson_atlas-GlasserTianS3Buckner7N.csv
INFO: skip (exists): data/clinical_connectome/derivatives/UNIPD/WashU/features/sub-STUNIPD0027/func/sub-STUNIPD0027_space-MNI152NLin6Asym_FC-pearson_atlas-Schaefer100TianS1Buckner7N.csv
INFO: skip (exists): data/clinical_connectome/derivatives/UNIPD/WashU/features/sub-STUNIPD0027/func/sub-STUNIPD0027_space-MNI152NLin6Asym_FC-pearson_atlas-Schaefer100TianS2Buckner7N.csv
INFO: skip (exists): data/clinical_connectome/derivatives/UNIPD/WashU/features/sub-STUNIPD0027/func/sub-STUNIPD0027_space-MNI152NLin6Asym_FC-pearson_atlas-Schaefer100TianS3Buckner7N.csv
INFO: skip (exists): data/clinical_connectome/derivatives/UNIPD/WashU/features/sub-STUNIPD0027/func/sub-STUNIPD0027_space-MNI152NLin6Asym_FC-pearson_atlas-Schaefer200TianS1Buckner7N.csv
INFO: skip (exists): data/clinical_connectome/derivatives/UNIPD/WashU/features/sub-STUNIPD0027/func/sub-STUNIPD0027_space-MNI152NLin6Asym_FC-pearson_atlas-Schaefer200TianS2Buckner7N.csv
INFO: skip (exists): data/clinical_connectome/derivatives/UNIPD/WashU/features/sub-STUNIPD0027/func/sub-STUNIPD0027_space-MNI152NLin6Asym_FC-pearson_atlas-Schaefer200TianS3Buckner7N.csv
INFO: skip (exists): data/clinical_connectome/derivatives/UNIPD/WashU/features/sub-STUNIPD0027/func/sub-STUNIPD0027_space-MNI152NLin6Asym_FC-pearson_atlas-Schaefer300TianS1Buckner7N.csv
INFO: skip (exists): data/clinical_connectome/derivatives/UNIPD/WashU/features/sub-STUNIPD0027/func/sub-STUNIPD0027_space-MNI152NLin6Asym_FC-pearson_atlas-Schaefer300TianS2Buckner7N.csv
INFO: skip (exists): data/clinical_connectome/derivatives/UNIPD/WashU/features/sub-STUNIPD0027/func/sub-STUNIPD0027_space-MNI152NLin6Asym_FC-pearson_atlas-Schaefer300TianS3Buckner7N.csv
INFO: skip (exists): data/clinical_connectome/derivatives/UNIPD/WashU/features/sub-STUNIPD0027/func/sub-STUNIPD0027_space-MNI152NLin6Asym_FC-pearson_atlas-Schaefer400TianS1Buckner7N.csv
INFO: skip (exists): data/clinical_connectome/derivatives/UNIPD/WashU/features/sub-STUNIPD0027/func/sub-STUNIPD0027_space-MNI152NLin6Asym_FC-pearson_atlas-Schaefer400TianS2Buckner7N.csv
INFO: skip (exists): data/clinical_connectome/derivatives/UNIPD/WashU/features/sub-STUNIPD0027/func/sub-STUNIPD0027_space-MNI152NLin6Asym_FC-pearson_atlas-Schaefer400TianS3Buckner7N.csv
INFO: skip (exists): data/clinical_connectome/derivatives/UNIPD/WashU/features/sub-STUNIPD0027/func/sub-STUNIPD0027_desc-motion.tsv
INFO: skip (exists): data/clinical_connectome/derivatives/UNIPD/WashU/features/sub-STUNIPD0027/func/sub-STUNIPD0027_desc-motion.json
INFO: skip (exists): data/clinical_connectome/derivatives/UNIPD/WashU/features/sub-STUNIPD0027/func/sub-STUNIPD0027_desc-outliers.tsv
INFO: skip (exists): data/clinical_connectome/derivatives/UNIPD/WashU/features/sub-STUNIPD0027/func/sub-STUNIPD0027_desc-outliers.json
INFO: skip (exists): data/clinical_connectome/derivatives/UNIPD/WashU/features/sub-STUNIPD0029/func/sub-STUNIPD0029_space-MNI152NLin6Asym_FC-pearson_atlas-GlasserTianS1Buckner7N.csv
INFO: skip (exists): data/clinical_connectome/derivatives/UNIPD/WashU/features/sub-STUNIPD0029/func/sub-STUNIPD0029_space-MNI152NLin6Asym_FC-pearson_atlas-GlasserTianS2Buckner7N.csv
INFO: skip (exists): data/clinical_connectome/derivatives/UNIPD/WashU/features/sub-STUNIPD0029/func/sub-STUNIPD0029_space-MNI152NLin6Asym_FC-pearson_atlas-GlasserTianS3Buckner7N.csv
INFO: skip (exists): data/clinical_connectome/derivatives/UNIPD/WashU/features/sub-STUNIPD0029/func/sub-STUNIPD0029_space-MNI152NLin6Asym_FC-pearson_atlas-Schaefer100TianS1Buckner7N.csv
INFO: skip (exists): data/clinical_connectome/derivatives/UNIPD/WashU/features/sub-STUNIPD0029/func/sub-STUNIPD0029_space-MNI152NLin6Asym_FC-pearson_atlas-Schaefer100TianS2Buckner7N.csv
INFO: skip (exists): data/clinical_connectome/derivatives/UNIPD/WashU/features/sub-STUNIPD0029/func/sub-STUNIPD0029_space-MNI152NLin6Asym_FC-pearson_atlas-Schaefer100TianS3Buckner7N.csv
INFO: skip (exists): data/clinical_connectome/derivatives/UNIPD/WashU/features/sub-STUNIPD0029/func/sub-STUNIPD0029_space-MNI152NLin6Asym_FC-pearson_atlas-Schaefer200TianS1Buckner7N.csv
INFO: skip (exists): data/clinical_connectome/derivatives/UNIPD/WashU/features/sub-STUNIPD0029/func/sub-STUNIPD0029_space-MNI152NLin6Asym_FC-pearson_atlas-Schaefer200TianS2Buckner7N.csv
INFO: skip (exists): data/clinical_connectome/derivatives/UNIPD/WashU/features/sub-STUNIPD0029/func/sub-STUNIPD0029_space-MNI152NLin6Asym_FC-pearson_atlas-Schaefer200TianS3Buckner7N.csv
INFO: skip (exists): data/clinical_connectome/derivatives/UNIPD/WashU/features/sub-STUNIPD0029/func/sub-STUNIPD0029_space-MNI152NLin6Asym_FC-pearson_atlas-Schaefer300TianS1Buckner7N.csv
INFO: skip (exists): data/clinical_connectome/derivatives/UNIPD/WashU/features/sub-STUNIPD0029/func/sub-STUNIPD0029_space-MNI152NLin6Asym_FC-pearson_atlas-Schaefer300TianS2Buckner7N.csv
INFO: skip (exists): data/clinical_connectome/derivatives/UNIPD/WashU/features/sub-STUNIPD0029/func/sub-STUNIPD0029_space-MNI152NLin6Asym_FC-pearson_atlas-Schaefer300TianS3Buckner7N.csv
INFO: skip (exists): data/clinical_connectome/derivatives/UNIPD/WashU/features/sub-STUNIPD0029/func/sub-STUNIPD0029_space-MNI152NLin6Asym_FC-pearson_atlas-Schaefer400TianS1Buckner7N.csv
INFO: skip (exists): data/clinical_connectome/derivatives/UNIPD/WashU/features/sub-STUNIPD0029/func/sub-STUNIPD0029_space-MNI152NLin6Asym_FC-pearson_atlas-Schaefer400TianS2Buckner7N.csv
INFO: skip (exists): data/clinical_connectome/derivatives/UNIPD/WashU/features/sub-STUNIPD0029/func/sub-STUNIPD0029_space-MNI152NLin6Asym_FC-pearson_atlas-Schaefer400TianS3Buckner7N.csv
INFO: skip (exists): data/clinical_connectome/derivatives/UNIPD/WashU/features/sub-STUNIPD0029/func/sub-STUNIPD0029_desc-motion.tsv
INFO: skip (exists): data/clinical_connectome/derivatives/UNIPD/WashU/features/sub-STUNIPD0029/func/sub-STUNIPD0029_desc-motion.json
INFO: skip (exists): data/clinical_connectome/derivatives/UNIPD/WashU/features/sub-STUNIPD0029/func/sub-STUNIPD0029_desc-outliers.tsv
INFO: skip (exists): data/clinical_connectome/derivatives/UNIPD/WashU/features/sub-STUNIPD0029/func/sub-STUNIPD0029_desc-outliers.json
INFO: skip (exists): data/clinical_connectome/derivatives/UNIPD/WashU/features/sub-STUNIPD0031/func/sub-STUNIPD0031_space-MNI152NLin6Asym_FC-pearson_atlas-GlasserTianS1Buckner7N.csv
INFO: skip (exists): data/clinical_connectome/derivatives/UNIPD/WashU/features/sub-STUNIPD0031/func/sub-STUNIPD0031_space-MNI152NLin6Asym_FC-pearson_atlas-GlasserTianS2Buckner7N.csv
INFO: skip (exists): data/clinical_connectome/derivatives/UNIPD/WashU/features/sub-STUNIPD0031/func/sub-STUNIPD0031_space-MNI152NLin6Asym_FC-pearson_atlas-GlasserTianS3Buckner7N.csv
INFO: skip (exists): data/clinical_connectome/derivatives/UNIPD/WashU/features/sub-STUNIPD0031/func/sub-STUNIPD0031_space-MNI152NLin6Asym_FC-pearson_atlas-Schaefer100TianS1Buckner7N.csv
INFO: skip (exists): data/clinical_connectome/derivatives/UNIPD/WashU/features/sub-STUNIPD0031/func/sub-STUNIPD0031_space-MNI152NLin6Asym_FC-pearson_atlas-Schaefer100TianS2Buckner7N.csv
INFO: skip (exists): data/clinical_connectome/derivatives/UNIPD/WashU/features/sub-STUNIPD0031/func/sub-STUNIPD0031_space-MNI152NLin6Asym_FC-pearson_atlas-Schaefer100TianS3Buckner7N.csv
INFO: skip (exists): data/clinical_connectome/derivatives/UNIPD/WashU/features/sub-STUNIPD0031/func/sub-STUNIPD0031_space-MNI152NLin6Asym_FC-pearson_atlas-Schaefer200TianS1Buckner7N.csv
INFO: skip (exists): data/clinical_connectome/derivatives/UNIPD/WashU/features/sub-STUNIPD0031/func/sub-STUNIPD0031_space-MNI152NLin6Asym_FC-pearson_atlas-Schaefer200TianS2Buckner7N.csv
INFO: skip (exists): data/clinical_connectome/derivatives/UNIPD/WashU/features/sub-STUNIPD0031/func/sub-STUNIPD0031_space-MNI152NLin6Asym_FC-pearson_atlas-Schaefer200TianS3Buckner7N.csv
INFO: skip (exists): data/clinical_connectome/derivatives/UNIPD/WashU/features/sub-STUNIPD0031/func/sub-STUNIPD0031_space-MNI152NLin6Asym_FC-pearson_atlas-Schaefer300TianS1Buckner7N.csv
INFO: skip (exists): data/clinical_connectome/derivatives/UNIPD/WashU/features/sub-STUNIPD0031/func/sub-STUNIPD0031_space-MNI152NLin6Asym_FC-pearson_atlas-Schaefer300TianS2Buckner7N.csv
INFO: skip (exists): data/clinical_connectome/derivatives/UNIPD/WashU/features/sub-STUNIPD0031/func/sub-STUNIPD0031_space-MNI152NLin6Asym_FC-pearson_atlas-Schaefer300TianS3Buckner7N.csv
INFO: skip (exists): data/clinical_connectome/derivatives/UNIPD/WashU/features/sub-STUNIPD0031/func/sub-STUNIPD0031_space-MNI152NLin6Asym_FC-pearson_atlas-Schaefer400TianS1Buckner7N.csv
INFO: skip (exists): data/clinical_connectome/derivatives/UNIPD/WashU/features/sub-STUNIPD0031/func/sub-STUNIPD0031_space-MNI152NLin6Asym_FC-pearson_atlas-Schaefer400TianS2Buckner7N.csv
INFO: skip (exists): data/clinical_connectome/derivatives/UNIPD/WashU/features/sub-STUNIPD0031/func/sub-STUNIPD0031_space-MNI152NLin6Asym_FC-pearson_atlas-Schaefer400TianS3Buckner7N.csv
INFO: skip (exists): data/clinical_connectome/derivatives/UNIPD/WashU/features/sub-STUNIPD0031/func/sub-STUNIPD0031_desc-motion.tsv
INFO: skip (exists): data/clinical_connectome/derivatives/UNIPD/WashU/features/sub-STUNIPD0031/func/sub-STUNIPD0031_desc-motion.json
INFO: skip (exists): data/clinical_connectome/derivatives/UNIPD/WashU/features/sub-STUNIPD0031/func/sub-STUNIPD0031_desc-outliers.tsv
INFO: skip (exists): data/clinical_connectome/derivatives/UNIPD/WashU/features/sub-STUNIPD0031/func/sub-STUNIPD0031_desc-outliers.json
INFO: skip (exists): data/clinical_connectome/derivatives/UNIPD/WashU/features/sub-STUNIPD0032/func/sub-STUNIPD0032_space-MNI152NLin6Asym_FC-pearson_atlas-GlasserTianS1Buckner7N.csv
INFO: skip (exists): data/clinical_connectome/derivatives/UNIPD/WashU/features/sub-STUNIPD0032/func/sub-STUNIPD0032_space-MNI152NLin6Asym_FC-pearson_atlas-GlasserTianS2Buckner7N.csv
INFO: skip (exists): data/clinical_connectome/derivatives/UNIPD/WashU/features/sub-STUNIPD0032/func/sub-STUNIPD0032_space-MNI152NLin6Asym_FC-pearson_atlas-GlasserTianS3Buckner7N.csv
INFO: skip (exists): data/clinical_connectome/derivatives/UNIPD/WashU/features/sub-STUNIPD0032/func/sub-STUNIPD0032_space-MNI152NLin6Asym_FC-pearson_atlas-Schaefer100TianS1Buckner7N.csv
INFO: skip (exists): data/clinical_connectome/derivatives/UNIPD/WashU/features/sub-STUNIPD0032/func/sub-STUNIPD0032_space-MNI152NLin6Asym_FC-pearson_atlas-Schaefer100TianS2Buckner7N.csv
INFO: skip (exists): data/clinical_connectome/derivatives/UNIPD/WashU/features/sub-STUNIPD0032/func/sub-STUNIPD0032_space-MNI152NLin6Asym_FC-pearson_atlas-Schaefer100TianS3Buckner7N.csv
INFO: skip (exists): data/clinical_connectome/derivatives/UNIPD/WashU/features/sub-STUNIPD0032/func/sub-STUNIPD0032_space-MNI152NLin6Asym_FC-pearson_atlas-Schaefer200TianS1Buckner7N.csv
INFO: skip (exists): data/clinical_connectome/derivatives/UNIPD/WashU/features/sub-STUNIPD0032/func/sub-STUNIPD0032_space-MNI152NLin6Asym_FC-pearson_atlas-Schaefer200TianS2Buckner7N.csv
INFO: skip (exists): data/clinical_connectome/derivatives/UNIPD/WashU/features/sub-STUNIPD0032/func/sub-STUNIPD0032_space-MNI152NLin6Asym_FC-pearson_atlas-Schaefer200TianS3Buckner7N.csv
INFO: skip (exists): data/clinical_connectome/derivatives/UNIPD/WashU/features/sub-STUNIPD0032/func/sub-STUNIPD0032_space-MNI152NLin6Asym_FC-pearson_atlas-Schaefer300TianS1Buckner7N.csv
INFO: skip (exists): data/clinical_connectome/derivatives/UNIPD/WashU/features/sub-STUNIPD0032/func/sub-STUNIPD0032_space-MNI152NLin6Asym_FC-pearson_atlas-Schaefer300TianS2Buckner7N.csv
INFO: skip (exists): data/clinical_connectome/derivatives/UNIPD/WashU/features/sub-STUNIPD0032/func/sub-STUNIPD0032_space-MNI152NLin6Asym_FC-pearson_atlas-Schaefer300TianS3Buckner7N.csv
INFO: skip (exists): data/clinical_connectome/derivatives/UNIPD/WashU/features/sub-STUNIPD0032/func/sub-STUNIPD0032_space-MNI152NLin6Asym_FC-pearson_atlas-Schaefer400TianS1Buckner7N.csv
INFO: skip (exists): data/clinical_connectome/derivatives/UNIPD/WashU/features/sub-STUNIPD0032/func/sub-STUNIPD0032_space-MNI152NLin6Asym_FC-pearson_atlas-Schaefer400TianS2Buckner7N.csv
INFO: skip (exists): data/clinical_connectome/derivatives/UNIPD/WashU/features/sub-STUNIPD0032/func/sub-STUNIPD0032_space-MNI152NLin6Asym_FC-pearson_atlas-Schaefer400TianS3Buckner7N.csv
INFO: skip (exists): data/clinical_connectome/derivatives/UNIPD/WashU/features/sub-STUNIPD0032/func/sub-STUNIPD0032_desc-motion.tsv
INFO: skip (exists): data/clinical_connectome/derivatives/UNIPD/WashU/features/sub-STUNIPD0032/func/sub-STUNIPD0032_desc-motion.json
INFO: skip (exists): data/clinical_connectome/derivatives/UNIPD/WashU/features/sub-STUNIPD0032/func/sub-STUNIPD0032_desc-outliers.tsv
INFO: skip (exists): data/clinical_connectome/derivatives/UNIPD/WashU/features/sub-STUNIPD0032/func/sub-STUNIPD0032_desc-outliers.json
INFO: skip (exists): data/clinical_connectome/derivatives/UNIPD/WashU/features/sub-STUNIPD0034/func/sub-STUNIPD0034_space-MNI152NLin6Asym_FC-pearson_atlas-GlasserTianS1Buckner7N.csv
INFO: skip (exists): data/clinical_connectome/derivatives/UNIPD/WashU/features/sub-STUNIPD0034/func/sub-STUNIPD0034_space-MNI152NLin6Asym_FC-pearson_atlas-GlasserTianS2Buckner7N.csv
INFO: skip (exists): data/clinical_connectome/derivatives/UNIPD/WashU/features/sub-STUNIPD0034/func/sub-STUNIPD0034_space-MNI152NLin6Asym_FC-pearson_atlas-GlasserTianS3Buckner7N.csv
INFO: skip (exists): data/clinical_connectome/derivatives/UNIPD/WashU/features/sub-STUNIPD0034/func/sub-STUNIPD0034_space-MNI152NLin6Asym_FC-pearson_atlas-Schaefer100TianS1Buckner7N.csv
INFO: skip (exists): data/clinical_connectome/derivatives/UNIPD/WashU/features/sub-STUNIPD0034/func/sub-STUNIPD0034_space-MNI152NLin6Asym_FC-pearson_atlas-Schaefer100TianS2Buckner7N.csv
INFO: skip (exists): data/clinical_connectome/derivatives/UNIPD/WashU/features/sub-STUNIPD0034/func/sub-STUNIPD0034_space-MNI152NLin6Asym_FC-pearson_atlas-Schaefer100TianS3Buckner7N.csv
INFO: skip (exists): data/clinical_connectome/derivatives/UNIPD/WashU/features/sub-STUNIPD0034/func/sub-STUNIPD0034_space-MNI152NLin6Asym_FC-pearson_atlas-Schaefer200TianS1Buckner7N.csv
INFO: skip (exists): data/clinical_connectome/derivatives/UNIPD/WashU/features/sub-STUNIPD0034/func/sub-STUNIPD0034_space-MNI152NLin6Asym_FC-pearson_atlas-Schaefer200TianS2Buckner7N.csv
INFO: skip (exists): data/clinical_connectome/derivatives/UNIPD/WashU/features/sub-STUNIPD0034/func/sub-STUNIPD0034_space-MNI152NLin6Asym_FC-pearson_atlas-Schaefer200TianS3Buckner7N.csv
INFO: skip (exists): data/clinical_connectome/derivatives/UNIPD/WashU/features/sub-STUNIPD0034/func/sub-STUNIPD0034_space-MNI152NLin6Asym_FC-pearson_atlas-Schaefer300TianS1Buckner7N.csv
INFO: skip (exists): data/clinical_connectome/derivatives/UNIPD/WashU/features/sub-STUNIPD0034/func/sub-STUNIPD0034_space-MNI152NLin6Asym_FC-pearson_atlas-Schaefer300TianS2Buckner7N.csv
INFO: skip (exists): data/clinical_connectome/derivatives/UNIPD/WashU/features/sub-STUNIPD0034/func/sub-STUNIPD0034_space-MNI152NLin6Asym_FC-pearson_atlas-Schaefer300TianS3Buckner7N.csv
INFO: skip (exists): data/clinical_connectome/derivatives/UNIPD/WashU/features/sub-STUNIPD0034/func/sub-STUNIPD0034_space-MNI152NLin6Asym_FC-pearson_atlas-Schaefer400TianS1Buckner7N.csv
INFO: skip (exists): data/clinical_connectome/derivatives/UNIPD/WashU/features/sub-STUNIPD0034/func/sub-STUNIPD0034_space-MNI152NLin6Asym_FC-pearson_atlas-Schaefer400TianS2Buckner7N.csv
INFO: skip (exists): data/clinical_connectome/derivatives/UNIPD/WashU/features/sub-STUNIPD0034/func/sub-STUNIPD0034_space-MNI152NLin6Asym_FC-pearson_atlas-Schaefer400TianS3Buckner7N.csv
INFO: skip (exists): data/clinical_connectome/derivatives/UNIPD/WashU/features/sub-STUNIPD0034/func/sub-STUNIPD0034_desc-motion.tsv
INFO: skip (exists): data/clinical_connectome/derivatives/UNIPD/WashU/features/sub-STUNIPD0034/func/sub-STUNIPD0034_desc-motion.json
INFO: skip (exists): data/clinical_connectome/derivatives/UNIPD/WashU/features/sub-STUNIPD0034/func/sub-STUNIPD0034_desc-outliers.tsv
INFO: skip (exists): data/clinical_connectome/derivatives/UNIPD/WashU/features/sub-STUNIPD0034/func/sub-STUNIPD0034_desc-outliers.json
INFO: skip (exists): data/clinical_connectome/derivatives/UNIPD/WashU/features/sub-STUNIPD0036/func/sub-STUNIPD0036_space-MNI152NLin6Asym_FC-pearson_atlas-GlasserTianS1Buckner7N.csv
INFO: skip (exists): data/clinical_connectome/derivatives/UNIPD/WashU/features/sub-STUNIPD0036/func/sub-STUNIPD0036_space-MNI152NLin6Asym_FC-pearson_atlas-GlasserTianS2Buckner7N.csv
INFO: skip (exists): data/clinical_connectome/derivatives/UNIPD/WashU/features/sub-STUNIPD0036/func/sub-STUNIPD0036_space-MNI152NLin6Asym_FC-pearson_atlas-GlasserTianS3Buckner7N.csv
INFO: skip (exists): data/clinical_connectome/derivatives/UNIPD/WashU/features/sub-STUNIPD0036/func/sub-STUNIPD0036_space-MNI152NLin6Asym_FC-pearson_atlas-Schaefer100TianS1Buckner7N.csv
INFO: skip (exists): data/clinical_connectome/derivatives/UNIPD/WashU/features/sub-STUNIPD0036/func/sub-STUNIPD0036_space-MNI152NLin6Asym_FC-pearson_atlas-Schaefer100TianS2Buckner7N.csv
INFO: skip (exists): data/clinical_connectome/derivatives/UNIPD/WashU/features/sub-STUNIPD0036/func/sub-STUNIPD0036_space-MNI152NLin6Asym_FC-pearson_atlas-Schaefer100TianS3Buckner7N.csv
INFO: skip (exists): data/clinical_connectome/derivatives/UNIPD/WashU/features/sub-STUNIPD0036/func/sub-STUNIPD0036_space-MNI152NLin6Asym_FC-pearson_atlas-Schaefer200TianS1Buckner7N.csv
INFO: skip (exists): data/clinical_connectome/derivatives/UNIPD/WashU/features/sub-STUNIPD0036/func/sub-STUNIPD0036_space-MNI152NLin6Asym_FC-pearson_atlas-Schaefer200TianS2Buckner7N.csv
INFO: skip (exists): data/clinical_connectome/derivatives/UNIPD/WashU/features/sub-STUNIPD0036/func/sub-STUNIPD0036_space-MNI152NLin6Asym_FC-pearson_atlas-Schaefer200TianS3Buckner7N.csv
INFO: skip (exists): data/clinical_connectome/derivatives/UNIPD/WashU/features/sub-STUNIPD0036/func/sub-STUNIPD0036_space-MNI152NLin6Asym_FC-pearson_atlas-Schaefer300TianS1Buckner7N.csv
INFO: skip (exists): data/clinical_connectome/derivatives/UNIPD/WashU/features/sub-STUNIPD0036/func/sub-STUNIPD0036_space-MNI152NLin6Asym_FC-pearson_atlas-Schaefer300TianS2Buckner7N.csv
INFO: skip (exists): data/clinical_connectome/derivatives/UNIPD/WashU/features/sub-STUNIPD0036/func/sub-STUNIPD0036_space-MNI152NLin6Asym_FC-pearson_atlas-Schaefer300TianS3Buckner7N.csv
INFO: skip (exists): data/clinical_connectome/derivatives/UNIPD/WashU/features/sub-STUNIPD0036/func/sub-STUNIPD0036_space-MNI152NLin6Asym_FC-pearson_atlas-Schaefer400TianS1Buckner7N.csv
INFO: skip (exists): data/clinical_connectome/derivatives/UNIPD/WashU/features/sub-STUNIPD0036/func/sub-STUNIPD0036_space-MNI152NLin6Asym_FC-pearson_atlas-Schaefer400TianS2Buckner7N.csv
INFO: skip (exists): data/clinical_connectome/derivatives/UNIPD/WashU/features/sub-STUNIPD0036/func/sub-STUNIPD0036_space-MNI152NLin6Asym_FC-pearson_atlas-Schaefer400TianS3Buckner7N.csv
INFO: skip (exists): data/clinical_connectome/derivatives/UNIPD/WashU/features/sub-STUNIPD0036/func/sub-STUNIPD0036_desc-motion.tsv
INFO: skip (exists): data/clinical_connectome/derivatives/UNIPD/WashU/features/sub-STUNIPD0036/func/sub-STUNIPD0036_desc-motion.json
INFO: skip (exists): data/clinical_connectome/derivatives/UNIPD/WashU/features/sub-STUNIPD0036/func/sub-STUNIPD0036_desc-outliers.tsv
INFO: skip (exists): data/clinical_connectome/derivatives/UNIPD/WashU/features/sub-STUNIPD0036/func/sub-STUNIPD0036_desc-outliers.json
INFO: skip (exists): data/clinical_connectome/derivatives/UNIPD/WashU/features/sub-STUNIPD0038/func/sub-STUNIPD0038_space-MNI152NLin6Asym_FC-pearson_atlas-GlasserTianS1Buckner7N.csv
INFO: skip (exists): data/clinical_connectome/derivatives/UNIPD/WashU/features/sub-STUNIPD0038/func/sub-STUNIPD0038_space-MNI152NLin6Asym_FC-pearson_atlas-GlasserTianS2Buckner7N.csv
INFO: skip (exists): data/clinical_connectome/derivatives/UNIPD/WashU/features/sub-STUNIPD0038/func/sub-STUNIPD0038_space-MNI152NLin6Asym_FC-pearson_atlas-GlasserTianS3Buckner7N.csv
INFO: skip (exists): data/clinical_connectome/derivatives/UNIPD/WashU/features/sub-STUNIPD0038/func/sub-STUNIPD0038_space-MNI152NLin6Asym_FC-pearson_atlas-Schaefer100TianS1Buckner7N.csv
INFO: skip (exists): data/clinical_connectome/derivatives/UNIPD/WashU/features/sub-STUNIPD0038/func/sub-STUNIPD0038_space-MNI152NLin6Asym_FC-pearson_atlas-Schaefer100TianS2Buckner7N.csv
INFO: skip (exists): data/clinical_connectome/derivatives/UNIPD/WashU/features/sub-STUNIPD0038/func/sub-STUNIPD0038_space-MNI152NLin6Asym_FC-pearson_atlas-Schaefer100TianS3Buckner7N.csv
INFO: skip (exists): data/clinical_connectome/derivatives/UNIPD/WashU/features/sub-STUNIPD0038/func/sub-STUNIPD0038_space-MNI152NLin6Asym_FC-pearson_atlas-Schaefer200TianS1Buckner7N.csv
INFO: skip (exists): data/clinical_connectome/derivatives/UNIPD/WashU/features/sub-STUNIPD0038/func/sub-STUNIPD0038_space-MNI152NLin6Asym_FC-pearson_atlas-Schaefer200TianS2Buckner7N.csv
INFO: skip (exists): data/clinical_connectome/derivatives/UNIPD/WashU/features/sub-STUNIPD0038/func/sub-STUNIPD0038_space-MNI152NLin6Asym_FC-pearson_atlas-Schaefer200TianS3Buckner7N.csv
INFO: skip (exists): data/clinical_connectome/derivatives/UNIPD/WashU/features/sub-STUNIPD0038/func/sub-STUNIPD0038_space-MNI152NLin6Asym_FC-pearson_atlas-Schaefer300TianS1Buckner7N.csv
INFO: skip (exists): data/clinical_connectome/derivatives/UNIPD/WashU/features/sub-STUNIPD0038/func/sub-STUNIPD0038_space-MNI152NLin6Asym_FC-pearson_atlas-Schaefer300TianS2Buckner7N.csv
INFO: skip (exists): data/clinical_connectome/derivatives/UNIPD/WashU/features/sub-STUNIPD0038/func/sub-STUNIPD0038_space-MNI152NLin6Asym_FC-pearson_atlas-Schaefer300TianS3Buckner7N.csv
INFO: skip (exists): data/clinical_connectome/derivatives/UNIPD/WashU/features/sub-STUNIPD0038/func/sub-STUNIPD0038_space-MNI152NLin6Asym_FC-pearson_atlas-Schaefer400TianS1Buckner7N.csv
INFO: skip (exists): data/clinical_connectome/derivatives/UNIPD/WashU/features/sub-STUNIPD0038/func/sub-STUNIPD0038_space-MNI152NLin6Asym_FC-pearson_atlas-Schaefer400TianS2Buckner7N.csv
INFO: skip (exists): data/clinical_connectome/derivatives/UNIPD/WashU/features/sub-STUNIPD0038/func/sub-STUNIPD0038_space-MNI152NLin6Asym_FC-pearson_atlas-Schaefer400TianS3Buckner7N.csv
INFO: skip (exists): data/clinical_connectome/derivatives/UNIPD/WashU/features/sub-STUNIPD0038/func/sub-STUNIPD0038_desc-motion.tsv
INFO: skip (exists): data/clinical_connectome/derivatives/UNIPD/WashU/features/sub-STUNIPD0038/func/sub-STUNIPD0038_desc-motion.json
INFO: skip (exists): data/clinical_connectome/derivatives/UNIPD/WashU/features/sub-STUNIPD0038/func/sub-STUNIPD0038_desc-outliers.tsv
INFO: skip (exists): data/clinical_connectome/derivatives/UNIPD/WashU/features/sub-STUNIPD0038/func/sub-STUNIPD0038_desc-outliers.json
INFO: skip (exists): data/clinical_connectome/derivatives/UNIPD/WashU/features/sub-STUNIPD0039/func/sub-STUNIPD0039_space-MNI152NLin6Asym_FC-pearson_atlas-GlasserTianS1Buckner7N.csv
INFO: skip (exists): data/clinical_connectome/derivatives/UNIPD/WashU/features/sub-STUNIPD0039/func/sub-STUNIPD0039_space-MNI152NLin6Asym_FC-pearson_atlas-GlasserTianS2Buckner7N.csv
INFO: skip (exists): data/clinical_connectome/derivatives/UNIPD/WashU/features/sub-STUNIPD0039/func/sub-STUNIPD0039_space-MNI152NLin6Asym_FC-pearson_atlas-GlasserTianS3Buckner7N.csv
INFO: skip (exists): data/clinical_connectome/derivatives/UNIPD/WashU/features/sub-STUNIPD0039/func/sub-STUNIPD0039_space-MNI152NLin6Asym_FC-pearson_atlas-Schaefer100TianS1Buckner7N.csv
INFO: skip (exists): data/clinical_connectome/derivatives/UNIPD/WashU/features/sub-STUNIPD0039/func/sub-STUNIPD0039_space-MNI152NLin6Asym_FC-pearson_atlas-Schaefer100TianS2Buckner7N.csv
INFO: skip (exists): data/clinical_connectome/derivatives/UNIPD/WashU/features/sub-STUNIPD0039/func/sub-STUNIPD0039_space-MNI152NLin6Asym_FC-pearson_atlas-Schaefer100TianS3Buckner7N.csv
INFO: skip (exists): data/clinical_connectome/derivatives/UNIPD/WashU/features/sub-STUNIPD0039/func/sub-STUNIPD0039_space-MNI152NLin6Asym_FC-pearson_atlas-Schaefer200TianS1Buckner7N.csv
INFO: skip (exists): data/clinical_connectome/derivatives/UNIPD/WashU/features/sub-STUNIPD0039/func/sub-STUNIPD0039_space-MNI152NLin6Asym_FC-pearson_atlas-Schaefer200TianS2Buckner7N.csv
INFO: skip (exists): data/clinical_connectome/derivatives/UNIPD/WashU/features/sub-STUNIPD0039/func/sub-STUNIPD0039_space-MNI152NLin6Asym_FC-pearson_atlas-Schaefer200TianS3Buckner7N.csv
INFO: skip (exists): data/clinical_connectome/derivatives/UNIPD/WashU/features/sub-STUNIPD0039/func/sub-STUNIPD0039_space-MNI152NLin6Asym_FC-pearson_atlas-Schaefer300TianS1Buckner7N.csv
INFO: skip (exists): data/clinical_connectome/derivatives/UNIPD/WashU/features/sub-STUNIPD0039/func/sub-STUNIPD0039_space-MNI152NLin6Asym_FC-pearson_atlas-Schaefer300TianS2Buckner7N.csv
INFO: skip (exists): data/clinical_connectome/derivatives/UNIPD/WashU/features/sub-STUNIPD0039/func/sub-STUNIPD0039_space-MNI152NLin6Asym_FC-pearson_atlas-Schaefer300TianS3Buckner7N.csv
INFO: skip (exists): data/clinical_connectome/derivatives/UNIPD/WashU/features/sub-STUNIPD0039/func/sub-STUNIPD0039_space-MNI152NLin6Asym_FC-pearson_atlas-Schaefer400TianS1Buckner7N.csv
INFO: skip (exists): data/clinical_connectome/derivatives/UNIPD/WashU/features/sub-STUNIPD0039/func/sub-STUNIPD0039_space-MNI152NLin6Asym_FC-pearson_atlas-Schaefer400TianS2Buckner7N.csv
INFO: skip (exists): data/clinical_connectome/derivatives/UNIPD/WashU/features/sub-STUNIPD0039/func/sub-STUNIPD0039_space-MNI152NLin6Asym_FC-pearson_atlas-Schaefer400TianS3Buckner7N.csv
INFO: skip (exists): data/clinical_connectome/derivatives/UNIPD/WashU/features/sub-STUNIPD0039/func/sub-STUNIPD0039_desc-motion.tsv
INFO: skip (exists): data/clinical_connectome/derivatives/UNIPD/WashU/features/sub-STUNIPD0039/func/sub-STUNIPD0039_desc-motion.json
INFO: skip (exists): data/clinical_connectome/derivatives/UNIPD/WashU/features/sub-STUNIPD0039/func/sub-STUNIPD0039_desc-outliers.tsv
INFO: skip (exists): data/clinical_connectome/derivatives/UNIPD/WashU/features/sub-STUNIPD0039/func/sub-STUNIPD0039_desc-outliers.json
INFO: skip (exists): data/clinical_connectome/derivatives/UNIPD/WashU/features/sub-STUNIPD0040/func/sub-STUNIPD0040_space-MNI152NLin6Asym_FC-pearson_atlas-GlasserTianS1Buckner7N.csv
INFO: skip (exists): data/clinical_connectome/derivatives/UNIPD/WashU/features/sub-STUNIPD0040/func/sub-STUNIPD0040_space-MNI152NLin6Asym_FC-pearson_atlas-GlasserTianS2Buckner7N.csv
INFO: skip (exists): data/clinical_connectome/derivatives/UNIPD/WashU/features/sub-STUNIPD0040/func/sub-STUNIPD0040_space-MNI152NLin6Asym_FC-pearson_atlas-GlasserTianS3Buckner7N.csv
INFO: skip (exists): data/clinical_connectome/derivatives/UNIPD/WashU/features/sub-STUNIPD0040/func/sub-STUNIPD0040_space-MNI152NLin6Asym_FC-pearson_atlas-Schaefer100TianS1Buckner7N.csv
INFO: skip (exists): data/clinical_connectome/derivatives/UNIPD/WashU/features/sub-STUNIPD0040/func/sub-STUNIPD0040_space-MNI152NLin6Asym_FC-pearson_atlas-Schaefer100TianS2Buckner7N.csv
INFO: skip (exists): data/clinical_connectome/derivatives/UNIPD/WashU/features/sub-STUNIPD0040/func/sub-STUNIPD0040_space-MNI152NLin6Asym_FC-pearson_atlas-Schaefer100TianS3Buckner7N.csv
INFO: skip (exists): data/clinical_connectome/derivatives/UNIPD/WashU/features/sub-STUNIPD0040/func/sub-STUNIPD0040_space-MNI152NLin6Asym_FC-pearson_atlas-Schaefer200TianS1Buckner7N.csv
INFO: skip (exists): data/clinical_connectome/derivatives/UNIPD/WashU/features/sub-STUNIPD0040/func/sub-STUNIPD0040_space-MNI152NLin6Asym_FC-pearson_atlas-Schaefer200TianS2Buckner7N.csv
INFO: skip (exists): data/clinical_connectome/derivatives/UNIPD/WashU/features/sub-STUNIPD0040/func/sub-STUNIPD0040_space-MNI152NLin6Asym_FC-pearson_atlas-Schaefer200TianS3Buckner7N.csv
INFO: skip (exists): data/clinical_connectome/derivatives/UNIPD/WashU/features/sub-STUNIPD0040/func/sub-STUNIPD0040_space-MNI152NLin6Asym_FC-pearson_atlas-Schaefer300TianS1Buckner7N.csv
INFO: skip (exists): data/clinical_connectome/derivatives/UNIPD/WashU/features/sub-STUNIPD0040/func/sub-STUNIPD0040_space-MNI152NLin6Asym_FC-pearson_atlas-Schaefer300TianS2Buckner7N.csv
INFO: skip (exists): data/clinical_connectome/derivatives/UNIPD/WashU/features/sub-STUNIPD0040/func/sub-STUNIPD0040_space-MNI152NLin6Asym_FC-pearson_atlas-Schaefer300TianS3Buckner7N.csv
INFO: skip (exists): data/clinical_connectome/derivatives/UNIPD/WashU/features/sub-STUNIPD0040/func/sub-STUNIPD0040_space-MNI152NLin6Asym_FC-pearson_atlas-Schaefer400TianS1Buckner7N.csv
INFO: skip (exists): data/clinical_connectome/derivatives/UNIPD/WashU/features/sub-STUNIPD0040/func/sub-STUNIPD0040_space-MNI152NLin6Asym_FC-pearson_atlas-Schaefer400TianS2Buckner7N.csv
INFO: skip (exists): data/clinical_connectome/derivatives/UNIPD/WashU/features/sub-STUNIPD0040/func/sub-STUNIPD0040_space-MNI152NLin6Asym_FC-pearson_atlas-Schaefer400TianS3Buckner7N.csv
INFO: skip (exists): data/clinical_connectome/derivatives/UNIPD/WashU/features/sub-STUNIPD0040/func/sub-STUNIPD0040_desc-motion.tsv
INFO: skip (exists): data/clinical_connectome/derivatives/UNIPD/WashU/features/sub-STUNIPD0040/func/sub-STUNIPD0040_desc-motion.json
INFO: skip (exists): data/clinical_connectome/derivatives/UNIPD/WashU/features/sub-STUNIPD0040/func/sub-STUNIPD0040_desc-outliers.tsv
INFO: skip (exists): data/clinical_connectome/derivatives/UNIPD/WashU/features/sub-STUNIPD0040/func/sub-STUNIPD0040_desc-outliers.json
INFO: skip (exists): data/clinical_connectome/derivatives/UNIPD/WashU/features/sub-STUNIPD0041/func/sub-STUNIPD0041_space-MNI152NLin6Asym_FC-pearson_atlas-GlasserTianS1Buckner7N.csv
INFO: skip (exists): data/clinical_connectome/derivatives/UNIPD/WashU/features/sub-STUNIPD0041/func/sub-STUNIPD0041_space-MNI152NLin6Asym_FC-pearson_atlas-GlasserTianS2Buckner7N.csv
INFO: skip (exists): data/clinical_connectome/derivatives/UNIPD/WashU/features/sub-STUNIPD0041/func/sub-STUNIPD0041_space-MNI152NLin6Asym_FC-pearson_atlas-GlasserTianS3Buckner7N.csv
INFO: skip (exists): data/clinical_connectome/derivatives/UNIPD/WashU/features/sub-STUNIPD0041/func/sub-STUNIPD0041_space-MNI152NLin6Asym_FC-pearson_atlas-Schaefer100TianS1Buckner7N.csv
INFO: skip (exists): data/clinical_connectome/derivatives/UNIPD/WashU/features/sub-STUNIPD0041/func/sub-STUNIPD0041_space-MNI152NLin6Asym_FC-pearson_atlas-Schaefer100TianS2Buckner7N.csv
INFO: skip (exists): data/clinical_connectome/derivatives/UNIPD/WashU/features/sub-STUNIPD0041/func/sub-STUNIPD0041_space-MNI152NLin6Asym_FC-pearson_atlas-Schaefer100TianS3Buckner7N.csv
INFO: skip (exists): data/clinical_connectome/derivatives/UNIPD/WashU/features/sub-STUNIPD0041/func/sub-STUNIPD0041_space-MNI152NLin6Asym_FC-pearson_atlas-Schaefer200TianS1Buckner7N.csv
INFO: skip (exists): data/clinical_connectome/derivatives/UNIPD/WashU/features/sub-STUNIPD0041/func/sub-STUNIPD0041_space-MNI152NLin6Asym_FC-pearson_atlas-Schaefer200TianS2Buckner7N.csv
INFO: skip (exists): data/clinical_connectome/derivatives/UNIPD/WashU/features/sub-STUNIPD0041/func/sub-STUNIPD0041_space-MNI152NLin6Asym_FC-pearson_atlas-Schaefer200TianS3Buckner7N.csv
INFO: skip (exists): data/clinical_connectome/derivatives/UNIPD/WashU/features/sub-STUNIPD0041/func/sub-STUNIPD0041_space-MNI152NLin6Asym_FC-pearson_atlas-Schaefer300TianS1Buckner7N.csv
INFO: skip (exists): data/clinical_connectome/derivatives/UNIPD/WashU/features/sub-STUNIPD0041/func/sub-STUNIPD0041_space-MNI152NLin6Asym_FC-pearson_atlas-Schaefer300TianS2Buckner7N.csv
INFO: skip (exists): data/clinical_connectome/derivatives/UNIPD/WashU/features/sub-STUNIPD0041/func/sub-STUNIPD0041_space-MNI152NLin6Asym_FC-pearson_atlas-Schaefer300TianS3Buckner7N.csv
INFO: skip (exists): data/clinical_connectome/derivatives/UNIPD/WashU/features/sub-STUNIPD0041/func/sub-STUNIPD0041_space-MNI152NLin6Asym_FC-pearson_atlas-Schaefer400TianS1Buckner7N.csv
INFO: skip (exists): data/clinical_connectome/derivatives/UNIPD/WashU/features/sub-STUNIPD0041/func/sub-STUNIPD0041_space-MNI152NLin6Asym_FC-pearson_atlas-Schaefer400TianS2Buckner7N.csv
INFO: skip (exists): data/clinical_connectome/derivatives/UNIPD/WashU/features/sub-STUNIPD0041/func/sub-STUNIPD0041_space-MNI152NLin6Asym_FC-pearson_atlas-Schaefer400TianS3Buckner7N.csv
INFO: skip (exists): data/clinical_connectome/derivatives/UNIPD/WashU/features/sub-STUNIPD0041/func/sub-STUNIPD0041_desc-motion.tsv
INFO: skip (exists): data/clinical_connectome/derivatives/UNIPD/WashU/features/sub-STUNIPD0041/func/sub-STUNIPD0041_desc-motion.json
INFO: skip (exists): data/clinical_connectome/derivatives/UNIPD/WashU/features/sub-STUNIPD0041/func/sub-STUNIPD0041_desc-outliers.tsv
INFO: skip (exists): data/clinical_connectome/derivatives/UNIPD/WashU/features/sub-STUNIPD0041/func/sub-STUNIPD0041_desc-outliers.json
INFO: skip (exists): data/clinical_connectome/derivatives/UNIPD/WashU/features/sub-STUNIPD0044/func/sub-STUNIPD0044_space-MNI152NLin6Asym_FC-pearson_atlas-GlasserTianS1Buckner7N.csv
INFO: skip (exists): data/clinical_connectome/derivatives/UNIPD/WashU/features/sub-STUNIPD0044/func/sub-STUNIPD0044_space-MNI152NLin6Asym_FC-pearson_atlas-GlasserTianS2Buckner7N.csv
INFO: skip (exists): data/clinical_connectome/derivatives/UNIPD/WashU/features/sub-STUNIPD0044/func/sub-STUNIPD0044_space-MNI152NLin6Asym_FC-pearson_atlas-GlasserTianS3Buckner7N.csv
INFO: skip (exists): data/clinical_connectome/derivatives/UNIPD/WashU/features/sub-STUNIPD0044/func/sub-STUNIPD0044_space-MNI152NLin6Asym_FC-pearson_atlas-Schaefer100TianS1Buckner7N.csv
INFO: skip (exists): data/clinical_connectome/derivatives/UNIPD/WashU/features/sub-STUNIPD0044/func/sub-STUNIPD0044_space-MNI152NLin6Asym_FC-pearson_atlas-Schaefer100TianS2Buckner7N.csv
INFO: skip (exists): data/clinical_connectome/derivatives/UNIPD/WashU/features/sub-STUNIPD0044/func/sub-STUNIPD0044_space-MNI152NLin6Asym_FC-pearson_atlas-Schaefer100TianS3Buckner7N.csv
INFO: skip (exists): data/clinical_connectome/derivatives/UNIPD/WashU/features/sub-STUNIPD0044/func/sub-STUNIPD0044_space-MNI152NLin6Asym_FC-pearson_atlas-Schaefer200TianS1Buckner7N.csv
INFO: skip (exists): data/clinical_connectome/derivatives/UNIPD/WashU/features/sub-STUNIPD0044/func/sub-STUNIPD0044_space-MNI152NLin6Asym_FC-pearson_atlas-Schaefer200TianS2Buckner7N.csv
INFO: skip (exists): data/clinical_connectome/derivatives/UNIPD/WashU/features/sub-STUNIPD0044/func/sub-STUNIPD0044_space-MNI152NLin6Asym_FC-pearson_atlas-Schaefer200TianS3Buckner7N.csv
INFO: skip (exists): data/clinical_connectome/derivatives/UNIPD/WashU/features/sub-STUNIPD0044/func/sub-STUNIPD0044_space-MNI152NLin6Asym_FC-pearson_atlas-Schaefer300TianS1Buckner7N.csv
INFO: skip (exists): data/clinical_connectome/derivatives/UNIPD/WashU/features/sub-STUNIPD0044/func/sub-STUNIPD0044_space-MNI152NLin6Asym_FC-pearson_atlas-Schaefer300TianS2Buckner7N.csv
INFO: skip (exists): data/clinical_connectome/derivatives/UNIPD/WashU/features/sub-STUNIPD0044/func/sub-STUNIPD0044_space-MNI152NLin6Asym_FC-pearson_atlas-Schaefer300TianS3Buckner7N.csv
INFO: skip (exists): data/clinical_connectome/derivatives/UNIPD/WashU/features/sub-STUNIPD0044/func/sub-STUNIPD0044_space-MNI152NLin6Asym_FC-pearson_atlas-Schaefer400TianS1Buckner7N.csv
INFO: skip (exists): data/clinical_connectome/derivatives/UNIPD/WashU/features/sub-STUNIPD0044/func/sub-STUNIPD0044_space-MNI152NLin6Asym_FC-pearson_atlas-Schaefer400TianS2Buckner7N.csv
INFO: skip (exists): data/clinical_connectome/derivatives/UNIPD/WashU/features/sub-STUNIPD0044/func/sub-STUNIPD0044_space-MNI152NLin6Asym_FC-pearson_atlas-Schaefer400TianS3Buckner7N.csv
INFO: skip (exists): data/clinical_connectome/derivatives/UNIPD/WashU/features/sub-STUNIPD0044/func/sub-STUNIPD0044_desc-motion.tsv
INFO: skip (exists): data/clinical_connectome/derivatives/UNIPD/WashU/features/sub-STUNIPD0044/func/sub-STUNIPD0044_desc-motion.json
INFO: skip (exists): data/clinical_connectome/derivatives/UNIPD/WashU/features/sub-STUNIPD0044/func/sub-STUNIPD0044_desc-outliers.tsv
INFO: skip (exists): data/clinical_connectome/derivatives/UNIPD/WashU/features/sub-STUNIPD0044/func/sub-STUNIPD0044_desc-outliers.json
INFO: skip (exists): data/clinical_connectome/derivatives/UNIPD/WashU/features/sub-STUNIPD0045/func/sub-STUNIPD0045_space-MNI152NLin6Asym_FC-pearson_atlas-GlasserTianS1Buckner7N.csv
INFO: skip (exists): data/clinical_connectome/derivatives/UNIPD/WashU/features/sub-STUNIPD0045/func/sub-STUNIPD0045_space-MNI152NLin6Asym_FC-pearson_atlas-GlasserTianS2Buckner7N.csv
INFO: skip (exists): data/clinical_connectome/derivatives/UNIPD/WashU/features/sub-STUNIPD0045/func/sub-STUNIPD0045_space-MNI152NLin6Asym_FC-pearson_atlas-GlasserTianS3Buckner7N.csv
INFO: skip (exists): data/clinical_connectome/derivatives/UNIPD/WashU/features/sub-STUNIPD0045/func/sub-STUNIPD0045_space-MNI152NLin6Asym_FC-pearson_atlas-Schaefer100TianS1Buckner7N.csv
INFO: skip (exists): data/clinical_connectome/derivatives/UNIPD/WashU/features/sub-STUNIPD0045/func/sub-STUNIPD0045_space-MNI152NLin6Asym_FC-pearson_atlas-Schaefer100TianS2Buckner7N.csv
INFO: skip (exists): data/clinical_connectome/derivatives/UNIPD/WashU/features/sub-STUNIPD0045/func/sub-STUNIPD0045_space-MNI152NLin6Asym_FC-pearson_atlas-Schaefer100TianS3Buckner7N.csv
INFO: skip (exists): data/clinical_connectome/derivatives/UNIPD/WashU/features/sub-STUNIPD0045/func/sub-STUNIPD0045_space-MNI152NLin6Asym_FC-pearson_atlas-Schaefer200TianS1Buckner7N.csv
INFO: skip (exists): data/clinical_connectome/derivatives/UNIPD/WashU/features/sub-STUNIPD0045/func/sub-STUNIPD0045_space-MNI152NLin6Asym_FC-pearson_atlas-Schaefer200TianS2Buckner7N.csv
INFO: skip (exists): data/clinical_connectome/derivatives/UNIPD/WashU/features/sub-STUNIPD0045/func/sub-STUNIPD0045_space-MNI152NLin6Asym_FC-pearson_atlas-Schaefer200TianS3Buckner7N.csv
INFO: skip (exists): data/clinical_connectome/derivatives/UNIPD/WashU/features/sub-STUNIPD0045/func/sub-STUNIPD0045_space-MNI152NLin6Asym_FC-pearson_atlas-Schaefer300TianS1Buckner7N.csv
INFO: skip (exists): data/clinical_connectome/derivatives/UNIPD/WashU/features/sub-STUNIPD0045/func/sub-STUNIPD0045_space-MNI152NLin6Asym_FC-pearson_atlas-Schaefer300TianS2Buckner7N.csv
INFO: skip (exists): data/clinical_connectome/derivatives/UNIPD/WashU/features/sub-STUNIPD0045/func/sub-STUNIPD0045_space-MNI152NLin6Asym_FC-pearson_atlas-Schaefer300TianS3Buckner7N.csv
INFO: skip (exists): data/clinical_connectome/derivatives/UNIPD/WashU/features/sub-STUNIPD0045/func/sub-STUNIPD0045_space-MNI152NLin6Asym_FC-pearson_atlas-Schaefer400TianS1Buckner7N.csv
INFO: skip (exists): data/clinical_connectome/derivatives/UNIPD/WashU/features/sub-STUNIPD0045/func/sub-STUNIPD0045_space-MNI152NLin6Asym_FC-pearson_atlas-Schaefer400TianS2Buckner7N.csv
INFO: skip (exists): data/clinical_connectome/derivatives/UNIPD/WashU/features/sub-STUNIPD0045/func/sub-STUNIPD0045_space-MNI152NLin6Asym_FC-pearson_atlas-Schaefer400TianS3Buckner7N.csv
INFO: skip (exists): data/clinical_connectome/derivatives/UNIPD/WashU/features/sub-STUNIPD0045/func/sub-STUNIPD0045_desc-motion.tsv
INFO: skip (exists): data/clinical_connectome/derivatives/UNIPD/WashU/features/sub-STUNIPD0045/func/sub-STUNIPD0045_desc-motion.json
INFO: skip (exists): data/clinical_connectome/derivatives/UNIPD/WashU/features/sub-STUNIPD0045/func/sub-STUNIPD0045_desc-outliers.tsv
INFO: skip (exists): data/clinical_connectome/derivatives/UNIPD/WashU/features/sub-STUNIPD0045/func/sub-STUNIPD0045_desc-outliers.json
INFO: skip (exists): data/clinical_connectome/derivatives/UNIPD/WashU/features/sub-STUNIPD0047/func/sub-STUNIPD0047_space-MNI152NLin6Asym_FC-pearson_atlas-GlasserTianS1Buckner7N.csv
INFO: skip (exists): data/clinical_connectome/derivatives/UNIPD/WashU/features/sub-STUNIPD0047/func/sub-STUNIPD0047_space-MNI152NLin6Asym_FC-pearson_atlas-GlasserTianS2Buckner7N.csv
INFO: skip (exists): data/clinical_connectome/derivatives/UNIPD/WashU/features/sub-STUNIPD0047/func/sub-STUNIPD0047_space-MNI152NLin6Asym_FC-pearson_atlas-GlasserTianS3Buckner7N.csv
INFO: skip (exists): data/clinical_connectome/derivatives/UNIPD/WashU/features/sub-STUNIPD0047/func/sub-STUNIPD0047_space-MNI152NLin6Asym_FC-pearson_atlas-Schaefer100TianS1Buckner7N.csv
INFO: skip (exists): data/clinical_connectome/derivatives/UNIPD/WashU/features/sub-STUNIPD0047/func/sub-STUNIPD0047_space-MNI152NLin6Asym_FC-pearson_atlas-Schaefer100TianS2Buckner7N.csv
INFO: skip (exists): data/clinical_connectome/derivatives/UNIPD/WashU/features/sub-STUNIPD0047/func/sub-STUNIPD0047_space-MNI152NLin6Asym_FC-pearson_atlas-Schaefer100TianS3Buckner7N.csv
INFO: skip (exists): data/clinical_connectome/derivatives/UNIPD/WashU/features/sub-STUNIPD0047/func/sub-STUNIPD0047_space-MNI152NLin6Asym_FC-pearson_atlas-Schaefer200TianS1Buckner7N.csv
INFO: skip (exists): data/clinical_connectome/derivatives/UNIPD/WashU/features/sub-STUNIPD0047/func/sub-STUNIPD0047_space-MNI152NLin6Asym_FC-pearson_atlas-Schaefer200TianS2Buckner7N.csv
INFO: skip (exists): data/clinical_connectome/derivatives/UNIPD/WashU/features/sub-STUNIPD0047/func/sub-STUNIPD0047_space-MNI152NLin6Asym_FC-pearson_atlas-Schaefer200TianS3Buckner7N.csv
INFO: skip (exists): data/clinical_connectome/derivatives/UNIPD/WashU/features/sub-STUNIPD0047/func/sub-STUNIPD0047_space-MNI152NLin6Asym_FC-pearson_atlas-Schaefer300TianS1Buckner7N.csv
INFO: skip (exists): data/clinical_connectome/derivatives/UNIPD/WashU/features/sub-STUNIPD0047/func/sub-STUNIPD0047_space-MNI152NLin6Asym_FC-pearson_atlas-Schaefer300TianS2Buckner7N.csv
INFO: skip (exists): data/clinical_connectome/derivatives/UNIPD/WashU/features/sub-STUNIPD0047/func/sub-STUNIPD0047_space-MNI152NLin6Asym_FC-pearson_atlas-Schaefer300TianS3Buckner7N.csv
INFO: skip (exists): data/clinical_connectome/derivatives/UNIPD/WashU/features/sub-STUNIPD0047/func/sub-STUNIPD0047_space-MNI152NLin6Asym_FC-pearson_atlas-Schaefer400TianS1Buckner7N.csv
INFO: skip (exists): data/clinical_connectome/derivatives/UNIPD/WashU/features/sub-STUNIPD0047/func/sub-STUNIPD0047_space-MNI152NLin6Asym_FC-pearson_atlas-Schaefer400TianS2Buckner7N.csv
INFO: skip (exists): data/clinical_connectome/derivatives/UNIPD/WashU/features/sub-STUNIPD0047/func/sub-STUNIPD0047_space-MNI152NLin6Asym_FC-pearson_atlas-Schaefer400TianS3Buckner7N.csv
INFO: skip (exists): data/clinical_connectome/derivatives/UNIPD/WashU/features/sub-STUNIPD0047/func/sub-STUNIPD0047_desc-motion.tsv
INFO: skip (exists): data/clinical_connectome/derivatives/UNIPD/WashU/features/sub-STUNIPD0047/func/sub-STUNIPD0047_desc-motion.json
INFO: skip (exists): data/clinical_connectome/derivatives/UNIPD/WashU/features/sub-STUNIPD0047/func/sub-STUNIPD0047_desc-outliers.tsv
INFO: skip (exists): data/clinical_connectome/derivatives/UNIPD/WashU/features/sub-STUNIPD0047/func/sub-STUNIPD0047_desc-outliers.json
INFO: skip (exists): data/clinical_connectome/derivatives/UNIPD/WashU/features/sub-STUNIPD0048/func/sub-STUNIPD0048_space-MNI152NLin6Asym_FC-pearson_atlas-GlasserTianS1Buckner7N.csv
INFO: skip (exists): data/clinical_connectome/derivatives/UNIPD/WashU/features/sub-STUNIPD0048/func/sub-STUNIPD0048_space-MNI152NLin6Asym_FC-pearson_atlas-GlasserTianS2Buckner7N.csv
INFO: skip (exists): data/clinical_connectome/derivatives/UNIPD/WashU/features/sub-STUNIPD0048/func/sub-STUNIPD0048_space-MNI152NLin6Asym_FC-pearson_atlas-GlasserTianS3Buckner7N.csv
INFO: skip (exists): data/clinical_connectome/derivatives/UNIPD/WashU/features/sub-STUNIPD0048/func/sub-STUNIPD0048_space-MNI152NLin6Asym_FC-pearson_atlas-Schaefer100TianS1Buckner7N.csv
INFO: skip (exists): data/clinical_connectome/derivatives/UNIPD/WashU/features/sub-STUNIPD0048/func/sub-STUNIPD0048_space-MNI152NLin6Asym_FC-pearson_atlas-Schaefer100TianS2Buckner7N.csv
INFO: skip (exists): data/clinical_connectome/derivatives/UNIPD/WashU/features/sub-STUNIPD0048/func/sub-STUNIPD0048_space-MNI152NLin6Asym_FC-pearson_atlas-Schaefer100TianS3Buckner7N.csv
INFO: skip (exists): data/clinical_connectome/derivatives/UNIPD/WashU/features/sub-STUNIPD0048/func/sub-STUNIPD0048_space-MNI152NLin6Asym_FC-pearson_atlas-Schaefer200TianS1Buckner7N.csv
INFO: skip (exists): data/clinical_connectome/derivatives/UNIPD/WashU/features/sub-STUNIPD0048/func/sub-STUNIPD0048_space-MNI152NLin6Asym_FC-pearson_atlas-Schaefer200TianS2Buckner7N.csv
INFO: skip (exists): data/clinical_connectome/derivatives/UNIPD/WashU/features/sub-STUNIPD0048/func/sub-STUNIPD0048_space-MNI152NLin6Asym_FC-pearson_atlas-Schaefer200TianS3Buckner7N.csv
INFO: skip (exists): data/clinical_connectome/derivatives/UNIPD/WashU/features/sub-STUNIPD0048/func/sub-STUNIPD0048_space-MNI152NLin6Asym_FC-pearson_atlas-Schaefer300TianS1Buckner7N.csv
INFO: skip (exists): data/clinical_connectome/derivatives/UNIPD/WashU/features/sub-STUNIPD0048/func/sub-STUNIPD0048_space-MNI152NLin6Asym_FC-pearson_atlas-Schaefer300TianS2Buckner7N.csv
INFO: skip (exists): data/clinical_connectome/derivatives/UNIPD/WashU/features/sub-STUNIPD0048/func/sub-STUNIPD0048_space-MNI152NLin6Asym_FC-pearson_atlas-Schaefer300TianS3Buckner7N.csv
INFO: skip (exists): data/clinical_connectome/derivatives/UNIPD/WashU/features/sub-STUNIPD0048/func/sub-STUNIPD0048_space-MNI152NLin6Asym_FC-pearson_atlas-Schaefer400TianS1Buckner7N.csv
INFO: skip (exists): data/clinical_connectome/derivatives/UNIPD/WashU/features/sub-STUNIPD0048/func/sub-STUNIPD0048_space-MNI152NLin6Asym_FC-pearson_atlas-Schaefer400TianS2Buckner7N.csv
INFO: skip (exists): data/clinical_connectome/derivatives/UNIPD/WashU/features/sub-STUNIPD0048/func/sub-STUNIPD0048_space-MNI152NLin6Asym_FC-pearson_atlas-Schaefer400TianS3Buckner7N.csv
INFO: skip (exists): data/clinical_connectome/derivatives/UNIPD/WashU/features/sub-STUNIPD0048/func/sub-STUNIPD0048_desc-motion.tsv
INFO: skip (exists): data/clinical_connectome/derivatives/UNIPD/WashU/features/sub-STUNIPD0048/func/sub-STUNIPD0048_desc-motion.json
INFO: skip (exists): data/clinical_connectome/derivatives/UNIPD/WashU/features/sub-STUNIPD0048/func/sub-STUNIPD0048_desc-outliers.tsv
INFO: skip (exists): data/clinical_connectome/derivatives/UNIPD/WashU/features/sub-STUNIPD0048/func/sub-STUNIPD0048_desc-outliers.json
INFO: skip (exists): data/clinical_connectome/derivatives/UNIPD/WashU/features/sub-STUNIPD0049/func/sub-STUNIPD0049_space-MNI152NLin6Asym_FC-pearson_atlas-GlasserTianS1Buckner7N.csv
INFO: skip (exists): data/clinical_connectome/derivatives/UNIPD/WashU/features/sub-STUNIPD0049/func/sub-STUNIPD0049_space-MNI152NLin6Asym_FC-pearson_atlas-GlasserTianS2Buckner7N.csv
INFO: skip (exists): data/clinical_connectome/derivatives/UNIPD/WashU/features/sub-STUNIPD0049/func/sub-STUNIPD0049_space-MNI152NLin6Asym_FC-pearson_atlas-GlasserTianS3Buckner7N.csv
INFO: skip (exists): data/clinical_connectome/derivatives/UNIPD/WashU/features/sub-STUNIPD0049/func/sub-STUNIPD0049_space-MNI152NLin6Asym_FC-pearson_atlas-Schaefer100TianS1Buckner7N.csv
INFO: skip (exists): data/clinical_connectome/derivatives/UNIPD/WashU/features/sub-STUNIPD0049/func/sub-STUNIPD0049_space-MNI152NLin6Asym_FC-pearson_atlas-Schaefer100TianS2Buckner7N.csv
INFO: skip (exists): data/clinical_connectome/derivatives/UNIPD/WashU/features/sub-STUNIPD0049/func/sub-STUNIPD0049_space-MNI152NLin6Asym_FC-pearson_atlas-Schaefer100TianS3Buckner7N.csv
INFO: skip (exists): data/clinical_connectome/derivatives/UNIPD/WashU/features/sub-STUNIPD0049/func/sub-STUNIPD0049_space-MNI152NLin6Asym_FC-pearson_atlas-Schaefer200TianS1Buckner7N.csv
INFO: skip (exists): data/clinical_connectome/derivatives/UNIPD/WashU/features/sub-STUNIPD0049/func/sub-STUNIPD0049_space-MNI152NLin6Asym_FC-pearson_atlas-Schaefer200TianS2Buckner7N.csv
INFO: skip (exists): data/clinical_connectome/derivatives/UNIPD/WashU/features/sub-STUNIPD0049/func/sub-STUNIPD0049_space-MNI152NLin6Asym_FC-pearson_atlas-Schaefer200TianS3Buckner7N.csv
INFO: skip (exists): data/clinical_connectome/derivatives/UNIPD/WashU/features/sub-STUNIPD0049/func/sub-STUNIPD0049_space-MNI152NLin6Asym_FC-pearson_atlas-Schaefer300TianS1Buckner7N.csv
INFO: skip (exists): data/clinical_connectome/derivatives/UNIPD/WashU/features/sub-STUNIPD0049/func/sub-STUNIPD0049_space-MNI152NLin6Asym_FC-pearson_atlas-Schaefer300TianS2Buckner7N.csv
INFO: skip (exists): data/clinical_connectome/derivatives/UNIPD/WashU/features/sub-STUNIPD0049/func/sub-STUNIPD0049_space-MNI152NLin6Asym_FC-pearson_atlas-Schaefer300TianS3Buckner7N.csv
INFO: skip (exists): data/clinical_connectome/derivatives/UNIPD/WashU/features/sub-STUNIPD0049/func/sub-STUNIPD0049_space-MNI152NLin6Asym_FC-pearson_atlas-Schaefer400TianS1Buckner7N.csv
INFO: skip (exists): data/clinical_connectome/derivatives/UNIPD/WashU/features/sub-STUNIPD0049/func/sub-STUNIPD0049_space-MNI152NLin6Asym_FC-pearson_atlas-Schaefer400TianS2Buckner7N.csv
INFO: skip (exists): data/clinical_connectome/derivatives/UNIPD/WashU/features/sub-STUNIPD0049/func/sub-STUNIPD0049_space-MNI152NLin6Asym_FC-pearson_atlas-Schaefer400TianS3Buckner7N.csv
INFO: skip (exists): data/clinical_connectome/derivatives/UNIPD/WashU/features/sub-STUNIPD0049/func/sub-STUNIPD0049_desc-motion.tsv
INFO: skip (exists): data/clinical_connectome/derivatives/UNIPD/WashU/features/sub-STUNIPD0049/func/sub-STUNIPD0049_desc-motion.json
INFO: skip (exists): data/clinical_connectome/derivatives/UNIPD/WashU/features/sub-STUNIPD0049/func/sub-STUNIPD0049_desc-outliers.tsv
INFO: skip (exists): data/clinical_connectome/derivatives/UNIPD/WashU/features/sub-STUNIPD0049/func/sub-STUNIPD0049_desc-outliers.json
INFO: skip (exists): data/clinical_connectome/derivatives/UNIPD/WashU/features/sub-STUNIPD0050/func/sub-STUNIPD0050_space-MNI152NLin6Asym_FC-pearson_atlas-GlasserTianS1Buckner7N.csv
INFO: skip (exists): data/clinical_connectome/derivatives/UNIPD/WashU/features/sub-STUNIPD0050/func/sub-STUNIPD0050_space-MNI152NLin6Asym_FC-pearson_atlas-GlasserTianS2Buckner7N.csv
INFO: skip (exists): data/clinical_connectome/derivatives/UNIPD/WashU/features/sub-STUNIPD0050/func/sub-STUNIPD0050_space-MNI152NLin6Asym_FC-pearson_atlas-GlasserTianS3Buckner7N.csv
INFO: skip (exists): data/clinical_connectome/derivatives/UNIPD/WashU/features/sub-STUNIPD0050/func/sub-STUNIPD0050_space-MNI152NLin6Asym_FC-pearson_atlas-Schaefer100TianS1Buckner7N.csv
INFO: skip (exists): data/clinical_connectome/derivatives/UNIPD/WashU/features/sub-STUNIPD0050/func/sub-STUNIPD0050_space-MNI152NLin6Asym_FC-pearson_atlas-Schaefer100TianS2Buckner7N.csv
INFO: skip (exists): data/clinical_connectome/derivatives/UNIPD/WashU/features/sub-STUNIPD0050/func/sub-STUNIPD0050_space-MNI152NLin6Asym_FC-pearson_atlas-Schaefer100TianS3Buckner7N.csv
INFO: skip (exists): data/clinical_connectome/derivatives/UNIPD/WashU/features/sub-STUNIPD0050/func/sub-STUNIPD0050_space-MNI152NLin6Asym_FC-pearson_atlas-Schaefer200TianS1Buckner7N.csv
INFO: skip (exists): data/clinical_connectome/derivatives/UNIPD/WashU/features/sub-STUNIPD0050/func/sub-STUNIPD0050_space-MNI152NLin6Asym_FC-pearson_atlas-Schaefer200TianS2Buckner7N.csv
INFO: skip (exists): data/clinical_connectome/derivatives/UNIPD/WashU/features/sub-STUNIPD0050/func/sub-STUNIPD0050_space-MNI152NLin6Asym_FC-pearson_atlas-Schaefer200TianS3Buckner7N.csv
INFO: skip (exists): data/clinical_connectome/derivatives/UNIPD/WashU/features/sub-STUNIPD0050/func/sub-STUNIPD0050_space-MNI152NLin6Asym_FC-pearson_atlas-Schaefer300TianS1Buckner7N.csv
INFO: skip (exists): data/clinical_connectome/derivatives/UNIPD/WashU/features/sub-STUNIPD0050/func/sub-STUNIPD0050_space-MNI152NLin6Asym_FC-pearson_atlas-Schaefer300TianS2Buckner7N.csv
INFO: skip (exists): data/clinical_connectome/derivatives/UNIPD/WashU/features/sub-STUNIPD0050/func/sub-STUNIPD0050_space-MNI152NLin6Asym_FC-pearson_atlas-Schaefer300TianS3Buckner7N.csv
INFO: skip (exists): data/clinical_connectome/derivatives/UNIPD/WashU/features/sub-STUNIPD0050/func/sub-STUNIPD0050_space-MNI152NLin6Asym_FC-pearson_atlas-Schaefer400TianS1Buckner7N.csv
INFO: skip (exists): data/clinical_connectome/derivatives/UNIPD/WashU/features/sub-STUNIPD0050/func/sub-STUNIPD0050_space-MNI152NLin6Asym_FC-pearson_atlas-Schaefer400TianS2Buckner7N.csv
INFO: skip (exists): data/clinical_connectome/derivatives/UNIPD/WashU/features/sub-STUNIPD0050/func/sub-STUNIPD0050_space-MNI152NLin6Asym_FC-pearson_atlas-Schaefer400TianS3Buckner7N.csv
INFO: skip (exists): data/clinical_connectome/derivatives/UNIPD/WashU/features/sub-STUNIPD0050/func/sub-STUNIPD0050_desc-motion.tsv
INFO: skip (exists): data/clinical_connectome/derivatives/UNIPD/WashU/features/sub-STUNIPD0050/func/sub-STUNIPD0050_desc-motion.json
INFO: skip (exists): data/clinical_connectome/derivatives/UNIPD/WashU/features/sub-STUNIPD0050/func/sub-STUNIPD0050_desc-outliers.tsv
INFO: skip (exists): data/clinical_connectome/derivatives/UNIPD/WashU/features/sub-STUNIPD0050/func/sub-STUNIPD0050_desc-outliers.json
INFO: skip (exists): data/clinical_connectome/derivatives/UNIPD/WashU/features/sub-STUNIPD0051/func/sub-STUNIPD0051_space-MNI152NLin6Asym_FC-pearson_atlas-GlasserTianS1Buckner7N.csv
INFO: skip (exists): data/clinical_connectome/derivatives/UNIPD/WashU/features/sub-STUNIPD0051/func/sub-STUNIPD0051_space-MNI152NLin6Asym_FC-pearson_atlas-GlasserTianS2Buckner7N.csv
INFO: skip (exists): data/clinical_connectome/derivatives/UNIPD/WashU/features/sub-STUNIPD0051/func/sub-STUNIPD0051_space-MNI152NLin6Asym_FC-pearson_atlas-GlasserTianS3Buckner7N.csv
INFO: skip (exists): data/clinical_connectome/derivatives/UNIPD/WashU/features/sub-STUNIPD0051/func/sub-STUNIPD0051_space-MNI152NLin6Asym_FC-pearson_atlas-Schaefer100TianS1Buckner7N.csv
INFO: skip (exists): data/clinical_connectome/derivatives/UNIPD/WashU/features/sub-STUNIPD0051/func/sub-STUNIPD0051_space-MNI152NLin6Asym_FC-pearson_atlas-Schaefer100TianS2Buckner7N.csv
INFO: skip (exists): data/clinical_connectome/derivatives/UNIPD/WashU/features/sub-STUNIPD0051/func/sub-STUNIPD0051_space-MNI152NLin6Asym_FC-pearson_atlas-Schaefer100TianS3Buckner7N.csv
INFO: skip (exists): data/clinical_connectome/derivatives/UNIPD/WashU/features/sub-STUNIPD0051/func/sub-STUNIPD0051_space-MNI152NLin6Asym_FC-pearson_atlas-Schaefer200TianS1Buckner7N.csv
INFO: skip (exists): data/clinical_connectome/derivatives/UNIPD/WashU/features/sub-STUNIPD0051/func/sub-STUNIPD0051_space-MNI152NLin6Asym_FC-pearson_atlas-Schaefer200TianS2Buckner7N.csv
INFO: skip (exists): data/clinical_connectome/derivatives/UNIPD/WashU/features/sub-STUNIPD0051/func/sub-STUNIPD0051_space-MNI152NLin6Asym_FC-pearson_atlas-Schaefer200TianS3Buckner7N.csv
INFO: skip (exists): data/clinical_connectome/derivatives/UNIPD/WashU/features/sub-STUNIPD0051/func/sub-STUNIPD0051_space-MNI152NLin6Asym_FC-pearson_atlas-Schaefer300TianS1Buckner7N.csv
INFO: skip (exists): data/clinical_connectome/derivatives/UNIPD/WashU/features/sub-STUNIPD0051/func/sub-STUNIPD0051_space-MNI152NLin6Asym_FC-pearson_atlas-Schaefer300TianS2Buckner7N.csv
INFO: skip (exists): data/clinical_connectome/derivatives/UNIPD/WashU/features/sub-STUNIPD0051/func/sub-STUNIPD0051_space-MNI152NLin6Asym_FC-pearson_atlas-Schaefer300TianS3Buckner7N.csv
INFO: skip (exists): data/clinical_connectome/derivatives/UNIPD/WashU/features/sub-STUNIPD0051/func/sub-STUNIPD0051_space-MNI152NLin6Asym_FC-pearson_atlas-Schaefer400TianS1Buckner7N.csv
INFO: skip (exists): data/clinical_connectome/derivatives/UNIPD/WashU/features/sub-STUNIPD0051/func/sub-STUNIPD0051_space-MNI152NLin6Asym_FC-pearson_atlas-Schaefer400TianS2Buckner7N.csv
INFO: skip (exists): data/clinical_connectome/derivatives/UNIPD/WashU/features/sub-STUNIPD0051/func/sub-STUNIPD0051_space-MNI152NLin6Asym_FC-pearson_atlas-Schaefer400TianS3Buckner7N.csv
INFO: skip (exists): data/clinical_connectome/derivatives/UNIPD/WashU/features/sub-STUNIPD0051/func/sub-STUNIPD0051_desc-motion.tsv
INFO: skip (exists): data/clinical_connectome/derivatives/UNIPD/WashU/features/sub-STUNIPD0051/func/sub-STUNIPD0051_desc-motion.json
INFO: skip (exists): data/clinical_connectome/derivatives/UNIPD/WashU/features/sub-STUNIPD0051/func/sub-STUNIPD0051_desc-outliers.tsv
INFO: skip (exists): data/clinical_connectome/derivatives/UNIPD/WashU/features/sub-STUNIPD0051/func/sub-STUNIPD0051_desc-outliers.json
INFO: skip (exists): data/clinical_connectome/derivatives/UNIPD/WashU/features/sub-STUNIPD0052/func/sub-STUNIPD0052_space-MNI152NLin6Asym_FC-pearson_atlas-GlasserTianS1Buckner7N.csv
INFO: skip (exists): data/clinical_connectome/derivatives/UNIPD/WashU/features/sub-STUNIPD0052/func/sub-STUNIPD0052_space-MNI152NLin6Asym_FC-pearson_atlas-GlasserTianS2Buckner7N.csv
INFO: skip (exists): data/clinical_connectome/derivatives/UNIPD/WashU/features/sub-STUNIPD0052/func/sub-STUNIPD0052_space-MNI152NLin6Asym_FC-pearson_atlas-GlasserTianS3Buckner7N.csv
INFO: skip (exists): data/clinical_connectome/derivatives/UNIPD/WashU/features/sub-STUNIPD0052/func/sub-STUNIPD0052_space-MNI152NLin6Asym_FC-pearson_atlas-Schaefer100TianS1Buckner7N.csv
INFO: skip (exists): data/clinical_connectome/derivatives/UNIPD/WashU/features/sub-STUNIPD0052/func/sub-STUNIPD0052_space-MNI152NLin6Asym_FC-pearson_atlas-Schaefer100TianS2Buckner7N.csv
INFO: skip (exists): data/clinical_connectome/derivatives/UNIPD/WashU/features/sub-STUNIPD0052/func/sub-STUNIPD0052_space-MNI152NLin6Asym_FC-pearson_atlas-Schaefer100TianS3Buckner7N.csv
INFO: skip (exists): data/clinical_connectome/derivatives/UNIPD/WashU/features/sub-STUNIPD0052/func/sub-STUNIPD0052_space-MNI152NLin6Asym_FC-pearson_atlas-Schaefer200TianS1Buckner7N.csv
INFO: skip (exists): data/clinical_connectome/derivatives/UNIPD/WashU/features/sub-STUNIPD0052/func/sub-STUNIPD0052_space-MNI152NLin6Asym_FC-pearson_atlas-Schaefer200TianS2Buckner7N.csv
INFO: skip (exists): data/clinical_connectome/derivatives/UNIPD/WashU/features/sub-STUNIPD0052/func/sub-STUNIPD0052_space-MNI152NLin6Asym_FC-pearson_atlas-Schaefer200TianS3Buckner7N.csv
INFO: skip (exists): data/clinical_connectome/derivatives/UNIPD/WashU/features/sub-STUNIPD0052/func/sub-STUNIPD0052_space-MNI152NLin6Asym_FC-pearson_atlas-Schaefer300TianS1Buckner7N.csv
INFO: skip (exists): data/clinical_connectome/derivatives/UNIPD/WashU/features/sub-STUNIPD0052/func/sub-STUNIPD0052_space-MNI152NLin6Asym_FC-pearson_atlas-Schaefer300TianS2Buckner7N.csv
INFO: skip (exists): data/clinical_connectome/derivatives/UNIPD/WashU/features/sub-STUNIPD0052/func/sub-STUNIPD0052_space-MNI152NLin6Asym_FC-pearson_atlas-Schaefer300TianS3Buckner7N.csv
INFO: skip (exists): data/clinical_connectome/derivatives/UNIPD/WashU/features/sub-STUNIPD0052/func/sub-STUNIPD0052_space-MNI152NLin6Asym_FC-pearson_atlas-Schaefer400TianS1Buckner7N.csv
INFO: skip (exists): data/clinical_connectome/derivatives/UNIPD/WashU/features/sub-STUNIPD0052/func/sub-STUNIPD0052_space-MNI152NLin6Asym_FC-pearson_atlas-Schaefer400TianS2Buckner7N.csv
INFO: skip (exists): data/clinical_connectome/derivatives/UNIPD/WashU/features/sub-STUNIPD0052/func/sub-STUNIPD0052_space-MNI152NLin6Asym_FC-pearson_atlas-Schaefer400TianS3Buckner7N.csv
INFO: skip (exists): data/clinical_connectome/derivatives/UNIPD/WashU/features/sub-STUNIPD0052/func/sub-STUNIPD0052_desc-motion.tsv
INFO: skip (exists): data/clinical_connectome/derivatives/UNIPD/WashU/features/sub-STUNIPD0052/func/sub-STUNIPD0052_desc-motion.json
INFO: skip (exists): data/clinical_connectome/derivatives/UNIPD/WashU/features/sub-STUNIPD0052/func/sub-STUNIPD0052_desc-outliers.tsv
INFO: skip (exists): data/clinical_connectome/derivatives/UNIPD/WashU/features/sub-STUNIPD0052/func/sub-STUNIPD0052_desc-outliers.json
INFO: skip (exists): data/clinical_connectome/derivatives/UNIPD/WashU/features/sub-STUNIPD0053/func/sub-STUNIPD0053_space-MNI152NLin6Asym_FC-pearson_atlas-GlasserTianS1Buckner7N.csv
INFO: skip (exists): data/clinical_connectome/derivatives/UNIPD/WashU/features/sub-STUNIPD0053/func/sub-STUNIPD0053_space-MNI152NLin6Asym_FC-pearson_atlas-GlasserTianS2Buckner7N.csv
INFO: skip (exists): data/clinical_connectome/derivatives/UNIPD/WashU/features/sub-STUNIPD0053/func/sub-STUNIPD0053_space-MNI152NLin6Asym_FC-pearson_atlas-GlasserTianS3Buckner7N.csv
INFO: skip (exists): data/clinical_connectome/derivatives/UNIPD/WashU/features/sub-STUNIPD0053/func/sub-STUNIPD0053_space-MNI152NLin6Asym_FC-pearson_atlas-Schaefer100TianS1Buckner7N.csv
INFO: skip (exists): data/clinical_connectome/derivatives/UNIPD/WashU/features/sub-STUNIPD0053/func/sub-STUNIPD0053_space-MNI152NLin6Asym_FC-pearson_atlas-Schaefer100TianS2Buckner7N.csv
INFO: skip (exists): data/clinical_connectome/derivatives/UNIPD/WashU/features/sub-STUNIPD0053/func/sub-STUNIPD0053_space-MNI152NLin6Asym_FC-pearson_atlas-Schaefer100TianS3Buckner7N.csv
INFO: skip (exists): data/clinical_connectome/derivatives/UNIPD/WashU/features/sub-STUNIPD0053/func/sub-STUNIPD0053_space-MNI152NLin6Asym_FC-pearson_atlas-Schaefer200TianS1Buckner7N.csv
INFO: skip (exists): data/clinical_connectome/derivatives/UNIPD/WashU/features/sub-STUNIPD0053/func/sub-STUNIPD0053_space-MNI152NLin6Asym_FC-pearson_atlas-Schaefer200TianS2Buckner7N.csv
INFO: skip (exists): data/clinical_connectome/derivatives/UNIPD/WashU/features/sub-STUNIPD0053/func/sub-STUNIPD0053_space-MNI152NLin6Asym_FC-pearson_atlas-Schaefer200TianS3Buckner7N.csv
INFO: skip (exists): data/clinical_connectome/derivatives/UNIPD/WashU/features/sub-STUNIPD0053/func/sub-STUNIPD0053_space-MNI152NLin6Asym_FC-pearson_atlas-Schaefer300TianS1Buckner7N.csv
INFO: skip (exists): data/clinical_connectome/derivatives/UNIPD/WashU/features/sub-STUNIPD0053/func/sub-STUNIPD0053_space-MNI152NLin6Asym_FC-pearson_atlas-Schaefer300TianS2Buckner7N.csv
INFO: skip (exists): data/clinical_connectome/derivatives/UNIPD/WashU/features/sub-STUNIPD0053/func/sub-STUNIPD0053_space-MNI152NLin6Asym_FC-pearson_atlas-Schaefer300TianS3Buckner7N.csv
INFO: skip (exists): data/clinical_connectome/derivatives/UNIPD/WashU/features/sub-STUNIPD0053/func/sub-STUNIPD0053_space-MNI152NLin6Asym_FC-pearson_atlas-Schaefer400TianS1Buckner7N.csv
INFO: skip (exists): data/clinical_connectome/derivatives/UNIPD/WashU/features/sub-STUNIPD0053/func/sub-STUNIPD0053_space-MNI152NLin6Asym_FC-pearson_atlas-Schaefer400TianS2Buckner7N.csv
INFO: skip (exists): data/clinical_connectome/derivatives/UNIPD/WashU/features/sub-STUNIPD0053/func/sub-STUNIPD0053_space-MNI152NLin6Asym_FC-pearson_atlas-Schaefer400TianS3Buckner7N.csv
INFO: skip (exists): data/clinical_connectome/derivatives/UNIPD/WashU/features/sub-STUNIPD0053/func/sub-STUNIPD0053_desc-motion.tsv
INFO: skip (exists): data/clinical_connectome/derivatives/UNIPD/WashU/features/sub-STUNIPD0053/func/sub-STUNIPD0053_desc-motion.json
INFO: skip (exists): data/clinical_connectome/derivatives/UNIPD/WashU/features/sub-STUNIPD0053/func/sub-STUNIPD0053_desc-outliers.tsv
INFO: skip (exists): data/clinical_connectome/derivatives/UNIPD/WashU/features/sub-STUNIPD0053/func/sub-STUNIPD0053_desc-outliers.json
INFO: skip (exists): data/clinical_connectome/derivatives/UNIPD/WashU/features/sub-STUNIPD0054/func/sub-STUNIPD0054_space-MNI152NLin6Asym_FC-pearson_atlas-GlasserTianS1Buckner7N.csv
INFO: skip (exists): data/clinical_connectome/derivatives/UNIPD/WashU/features/sub-STUNIPD0054/func/sub-STUNIPD0054_space-MNI152NLin6Asym_FC-pearson_atlas-GlasserTianS2Buckner7N.csv
INFO: skip (exists): data/clinical_connectome/derivatives/UNIPD/WashU/features/sub-STUNIPD0054/func/sub-STUNIPD0054_space-MNI152NLin6Asym_FC-pearson_atlas-GlasserTianS3Buckner7N.csv
INFO: skip (exists): data/clinical_connectome/derivatives/UNIPD/WashU/features/sub-STUNIPD0054/func/sub-STUNIPD0054_space-MNI152NLin6Asym_FC-pearson_atlas-Schaefer100TianS1Buckner7N.csv
INFO: skip (exists): data/clinical_connectome/derivatives/UNIPD/WashU/features/sub-STUNIPD0054/func/sub-STUNIPD0054_space-MNI152NLin6Asym_FC-pearson_atlas-Schaefer100TianS2Buckner7N.csv
INFO: skip (exists): data/clinical_connectome/derivatives/UNIPD/WashU/features/sub-STUNIPD0054/func/sub-STUNIPD0054_space-MNI152NLin6Asym_FC-pearson_atlas-Schaefer100TianS3Buckner7N.csv
INFO: skip (exists): data/clinical_connectome/derivatives/UNIPD/WashU/features/sub-STUNIPD0054/func/sub-STUNIPD0054_space-MNI152NLin6Asym_FC-pearson_atlas-Schaefer200TianS1Buckner7N.csv
INFO: skip (exists): data/clinical_connectome/derivatives/UNIPD/WashU/features/sub-STUNIPD0054/func/sub-STUNIPD0054_space-MNI152NLin6Asym_FC-pearson_atlas-Schaefer200TianS2Buckner7N.csv
INFO: skip (exists): data/clinical_connectome/derivatives/UNIPD/WashU/features/sub-STUNIPD0054/func/sub-STUNIPD0054_space-MNI152NLin6Asym_FC-pearson_atlas-Schaefer200TianS3Buckner7N.csv
INFO: skip (exists): data/clinical_connectome/derivatives/UNIPD/WashU/features/sub-STUNIPD0054/func/sub-STUNIPD0054_space-MNI152NLin6Asym_FC-pearson_atlas-Schaefer300TianS1Buckner7N.csv
INFO: skip (exists): data/clinical_connectome/derivatives/UNIPD/WashU/features/sub-STUNIPD0054/func/sub-STUNIPD0054_space-MNI152NLin6Asym_FC-pearson_atlas-Schaefer300TianS2Buckner7N.csv
INFO: skip (exists): data/clinical_connectome/derivatives/UNIPD/WashU/features/sub-STUNIPD0054/func/sub-STUNIPD0054_space-MNI152NLin6Asym_FC-pearson_atlas-Schaefer300TianS3Buckner7N.csv
INFO: skip (exists): data/clinical_connectome/derivatives/UNIPD/WashU/features/sub-STUNIPD0054/func/sub-STUNIPD0054_space-MNI152NLin6Asym_FC-pearson_atlas-Schaefer400TianS1Buckner7N.csv
INFO: skip (exists): data/clinical_connectome/derivatives/UNIPD/WashU/features/sub-STUNIPD0054/func/sub-STUNIPD0054_space-MNI152NLin6Asym_FC-pearson_atlas-Schaefer400TianS2Buckner7N.csv
INFO: skip (exists): data/clinical_connectome/derivatives/UNIPD/WashU/features/sub-STUNIPD0054/func/sub-STUNIPD0054_space-MNI152NLin6Asym_FC-pearson_atlas-Schaefer400TianS3Buckner7N.csv
INFO: skip (exists): data/clinical_connectome/derivatives/UNIPD/WashU/features/sub-STUNIPD0054/func/sub-STUNIPD0054_desc-motion.tsv
INFO: skip (exists): data/clinical_connectome/derivatives/UNIPD/WashU/features/sub-STUNIPD0054/func/sub-STUNIPD0054_desc-motion.json
INFO: skip (exists): data/clinical_connectome/derivatives/UNIPD/WashU/features/sub-STUNIPD0054/func/sub-STUNIPD0054_desc-outliers.tsv
INFO: skip (exists): data/clinical_connectome/derivatives/UNIPD/WashU/features/sub-STUNIPD0054/func/sub-STUNIPD0054_desc-outliers.json
INFO: skip (exists): data/clinical_connectome/derivatives/UNIPD/WashU/features/sub-STUNIPD0055/func/sub-STUNIPD0055_space-MNI152NLin6Asym_FC-pearson_atlas-GlasserTianS1Buckner7N.csv
INFO: skip (exists): data/clinical_connectome/derivatives/UNIPD/WashU/features/sub-STUNIPD0055/func/sub-STUNIPD0055_space-MNI152NLin6Asym_FC-pearson_atlas-GlasserTianS2Buckner7N.csv
INFO: skip (exists): data/clinical_connectome/derivatives/UNIPD/WashU/features/sub-STUNIPD0055/func/sub-STUNIPD0055_space-MNI152NLin6Asym_FC-pearson_atlas-GlasserTianS3Buckner7N.csv
INFO: skip (exists): data/clinical_connectome/derivatives/UNIPD/WashU/features/sub-STUNIPD0055/func/sub-STUNIPD0055_space-MNI152NLin6Asym_FC-pearson_atlas-Schaefer100TianS1Buckner7N.csv
INFO: skip (exists): data/clinical_connectome/derivatives/UNIPD/WashU/features/sub-STUNIPD0055/func/sub-STUNIPD0055_space-MNI152NLin6Asym_FC-pearson_atlas-Schaefer100TianS2Buckner7N.csv
INFO: skip (exists): data/clinical_connectome/derivatives/UNIPD/WashU/features/sub-STUNIPD0055/func/sub-STUNIPD0055_space-MNI152NLin6Asym_FC-pearson_atlas-Schaefer100TianS3Buckner7N.csv
INFO: skip (exists): data/clinical_connectome/derivatives/UNIPD/WashU/features/sub-STUNIPD0055/func/sub-STUNIPD0055_space-MNI152NLin6Asym_FC-pearson_atlas-Schaefer200TianS1Buckner7N.csv
INFO: skip (exists): data/clinical_connectome/derivatives/UNIPD/WashU/features/sub-STUNIPD0055/func/sub-STUNIPD0055_space-MNI152NLin6Asym_FC-pearson_atlas-Schaefer200TianS2Buckner7N.csv
INFO: skip (exists): data/clinical_connectome/derivatives/UNIPD/WashU/features/sub-STUNIPD0055/func/sub-STUNIPD0055_space-MNI152NLin6Asym_FC-pearson_atlas-Schaefer200TianS3Buckner7N.csv
INFO: skip (exists): data/clinical_connectome/derivatives/UNIPD/WashU/features/sub-STUNIPD0055/func/sub-STUNIPD0055_space-MNI152NLin6Asym_FC-pearson_atlas-Schaefer300TianS1Buckner7N.csv
INFO: skip (exists): data/clinical_connectome/derivatives/UNIPD/WashU/features/sub-STUNIPD0055/func/sub-STUNIPD0055_space-MNI152NLin6Asym_FC-pearson_atlas-Schaefer300TianS2Buckner7N.csv
INFO: skip (exists): data/clinical_connectome/derivatives/UNIPD/WashU/features/sub-STUNIPD0055/func/sub-STUNIPD0055_space-MNI152NLin6Asym_FC-pearson_atlas-Schaefer300TianS3Buckner7N.csv
INFO: skip (exists): data/clinical_connectome/derivatives/UNIPD/WashU/features/sub-STUNIPD0055/func/sub-STUNIPD0055_space-MNI152NLin6Asym_FC-pearson_atlas-Schaefer400TianS1Buckner7N.csv
INFO: skip (exists): data/clinical_connectome/derivatives/UNIPD/WashU/features/sub-STUNIPD0055/func/sub-STUNIPD0055_space-MNI152NLin6Asym_FC-pearson_atlas-Schaefer400TianS2Buckner7N.csv
INFO: skip (exists): data/clinical_connectome/derivatives/UNIPD/WashU/features/sub-STUNIPD0055/func/sub-STUNIPD0055_space-MNI152NLin6Asym_FC-pearson_atlas-Schaefer400TianS3Buckner7N.csv
INFO: skip (exists): data/clinical_connectome/derivatives/UNIPD/WashU/features/sub-STUNIPD0055/func/sub-STUNIPD0055_desc-motion.tsv
INFO: skip (exists): data/clinical_connectome/derivatives/UNIPD/WashU/features/sub-STUNIPD0055/func/sub-STUNIPD0055_desc-motion.json
INFO: skip (exists): data/clinical_connectome/derivatives/UNIPD/WashU/features/sub-STUNIPD0055/func/sub-STUNIPD0055_desc-outliers.tsv
INFO: skip (exists): data/clinical_connectome/derivatives/UNIPD/WashU/features/sub-STUNIPD0055/func/sub-STUNIPD0055_desc-outliers.json
INFO: skip (exists): data/clinical_connectome/derivatives/UNIPD/WashU/features/sub-STUNIPD0056/func/sub-STUNIPD0056_space-MNI152NLin6Asym_FC-pearson_atlas-GlasserTianS1Buckner7N.csv
INFO: skip (exists): data/clinical_connectome/derivatives/UNIPD/WashU/features/sub-STUNIPD0056/func/sub-STUNIPD0056_space-MNI152NLin6Asym_FC-pearson_atlas-GlasserTianS2Buckner7N.csv
INFO: skip (exists): data/clinical_connectome/derivatives/UNIPD/WashU/features/sub-STUNIPD0056/func/sub-STUNIPD0056_space-MNI152NLin6Asym_FC-pearson_atlas-GlasserTianS3Buckner7N.csv
INFO: skip (exists): data/clinical_connectome/derivatives/UNIPD/WashU/features/sub-STUNIPD0056/func/sub-STUNIPD0056_space-MNI152NLin6Asym_FC-pearson_atlas-Schaefer100TianS1Buckner7N.csv
INFO: skip (exists): data/clinical_connectome/derivatives/UNIPD/WashU/features/sub-STUNIPD0056/func/sub-STUNIPD0056_space-MNI152NLin6Asym_FC-pearson_atlas-Schaefer100TianS2Buckner7N.csv
INFO: skip (exists): data/clinical_connectome/derivatives/UNIPD/WashU/features/sub-STUNIPD0056/func/sub-STUNIPD0056_space-MNI152NLin6Asym_FC-pearson_atlas-Schaefer100TianS3Buckner7N.csv
INFO: skip (exists): data/clinical_connectome/derivatives/UNIPD/WashU/features/sub-STUNIPD0056/func/sub-STUNIPD0056_space-MNI152NLin6Asym_FC-pearson_atlas-Schaefer200TianS1Buckner7N.csv
INFO: skip (exists): data/clinical_connectome/derivatives/UNIPD/WashU/features/sub-STUNIPD0056/func/sub-STUNIPD0056_space-MNI152NLin6Asym_FC-pearson_atlas-Schaefer200TianS2Buckner7N.csv
INFO: skip (exists): data/clinical_connectome/derivatives/UNIPD/WashU/features/sub-STUNIPD0056/func/sub-STUNIPD0056_space-MNI152NLin6Asym_FC-pearson_atlas-Schaefer200TianS3Buckner7N.csv
INFO: skip (exists): data/clinical_connectome/derivatives/UNIPD/WashU/features/sub-STUNIPD0056/func/sub-STUNIPD0056_space-MNI152NLin6Asym_FC-pearson_atlas-Schaefer300TianS1Buckner7N.csv
INFO: skip (exists): data/clinical_connectome/derivatives/UNIPD/WashU/features/sub-STUNIPD0056/func/sub-STUNIPD0056_space-MNI152NLin6Asym_FC-pearson_atlas-Schaefer300TianS2Buckner7N.csv
INFO: skip (exists): data/clinical_connectome/derivatives/UNIPD/WashU/features/sub-STUNIPD0056/func/sub-STUNIPD0056_space-MNI152NLin6Asym_FC-pearson_atlas-Schaefer300TianS3Buckner7N.csv
INFO: skip (exists): data/clinical_connectome/derivatives/UNIPD/WashU/features/sub-STUNIPD0056/func/sub-STUNIPD0056_space-MNI152NLin6Asym_FC-pearson_atlas-Schaefer400TianS1Buckner7N.csv
INFO: skip (exists): data/clinical_connectome/derivatives/UNIPD/WashU/features/sub-STUNIPD0056/func/sub-STUNIPD0056_space-MNI152NLin6Asym_FC-pearson_atlas-Schaefer400TianS2Buckner7N.csv
INFO: skip (exists): data/clinical_connectome/derivatives/UNIPD/WashU/features/sub-STUNIPD0056/func/sub-STUNIPD0056_space-MNI152NLin6Asym_FC-pearson_atlas-Schaefer400TianS3Buckner7N.csv
INFO: skip (exists): data/clinical_connectome/derivatives/UNIPD/WashU/features/sub-STUNIPD0056/func/sub-STUNIPD0056_desc-motion.tsv
INFO: skip (exists): data/clinical_connectome/derivatives/UNIPD/WashU/features/sub-STUNIPD0056/func/sub-STUNIPD0056_desc-motion.json
INFO: skip (exists): data/clinical_connectome/derivatives/UNIPD/WashU/features/sub-STUNIPD0056/func/sub-STUNIPD0056_desc-outliers.tsv
INFO: skip (exists): data/clinical_connectome/derivatives/UNIPD/WashU/features/sub-STUNIPD0056/func/sub-STUNIPD0056_desc-outliers.json
INFO: skip (exists): data/clinical_connectome/derivatives/UNIPD/WashU/features/sub-STUNIPD0057/func/sub-STUNIPD0057_space-MNI152NLin6Asym_FC-pearson_atlas-GlasserTianS1Buckner7N.csv
INFO: skip (exists): data/clinical_connectome/derivatives/UNIPD/WashU/features/sub-STUNIPD0057/func/sub-STUNIPD0057_space-MNI152NLin6Asym_FC-pearson_atlas-GlasserTianS2Buckner7N.csv
INFO: skip (exists): data/clinical_connectome/derivatives/UNIPD/WashU/features/sub-STUNIPD0057/func/sub-STUNIPD0057_space-MNI152NLin6Asym_FC-pearson_atlas-GlasserTianS3Buckner7N.csv
INFO: skip (exists): data/clinical_connectome/derivatives/UNIPD/WashU/features/sub-STUNIPD0057/func/sub-STUNIPD0057_space-MNI152NLin6Asym_FC-pearson_atlas-Schaefer100TianS1Buckner7N.csv
INFO: skip (exists): data/clinical_connectome/derivatives/UNIPD/WashU/features/sub-STUNIPD0057/func/sub-STUNIPD0057_space-MNI152NLin6Asym_FC-pearson_atlas-Schaefer100TianS2Buckner7N.csv
INFO: skip (exists): data/clinical_connectome/derivatives/UNIPD/WashU/features/sub-STUNIPD0057/func/sub-STUNIPD0057_space-MNI152NLin6Asym_FC-pearson_atlas-Schaefer100TianS3Buckner7N.csv
INFO: skip (exists): data/clinical_connectome/derivatives/UNIPD/WashU/features/sub-STUNIPD0057/func/sub-STUNIPD0057_space-MNI152NLin6Asym_FC-pearson_atlas-Schaefer200TianS1Buckner7N.csv
INFO: skip (exists): data/clinical_connectome/derivatives/UNIPD/WashU/features/sub-STUNIPD0057/func/sub-STUNIPD0057_space-MNI152NLin6Asym_FC-pearson_atlas-Schaefer200TianS2Buckner7N.csv
INFO: skip (exists): data/clinical_connectome/derivatives/UNIPD/WashU/features/sub-STUNIPD0057/func/sub-STUNIPD0057_space-MNI152NLin6Asym_FC-pearson_atlas-Schaefer200TianS3Buckner7N.csv
INFO: skip (exists): data/clinical_connectome/derivatives/UNIPD/WashU/features/sub-STUNIPD0057/func/sub-STUNIPD0057_space-MNI152NLin6Asym_FC-pearson_atlas-Schaefer300TianS1Buckner7N.csv
INFO: skip (exists): data/clinical_connectome/derivatives/UNIPD/WashU/features/sub-STUNIPD0057/func/sub-STUNIPD0057_space-MNI152NLin6Asym_FC-pearson_atlas-Schaefer300TianS2Buckner7N.csv
INFO: skip (exists): data/clinical_connectome/derivatives/UNIPD/WashU/features/sub-STUNIPD0057/func/sub-STUNIPD0057_space-MNI152NLin6Asym_FC-pearson_atlas-Schaefer300TianS3Buckner7N.csv
INFO: skip (exists): data/clinical_connectome/derivatives/UNIPD/WashU/features/sub-STUNIPD0057/func/sub-STUNIPD0057_space-MNI152NLin6Asym_FC-pearson_atlas-Schaefer400TianS1Buckner7N.csv
INFO: skip (exists): data/clinical_connectome/derivatives/UNIPD/WashU/features/sub-STUNIPD0057/func/sub-STUNIPD0057_space-MNI152NLin6Asym_FC-pearson_atlas-Schaefer400TianS2Buckner7N.csv
INFO: skip (exists): data/clinical_connectome/derivatives/UNIPD/WashU/features/sub-STUNIPD0057/func/sub-STUNIPD0057_space-MNI152NLin6Asym_FC-pearson_atlas-Schaefer400TianS3Buckner7N.csv
INFO: skip (exists): data/clinical_connectome/derivatives/UNIPD/WashU/features/sub-STUNIPD0057/func/sub-STUNIPD0057_desc-motion.tsv
INFO: skip (exists): data/clinical_connectome/derivatives/UNIPD/WashU/features/sub-STUNIPD0057/func/sub-STUNIPD0057_desc-motion.json
INFO: skip (exists): data/clinical_connectome/derivatives/UNIPD/WashU/features/sub-STUNIPD0057/func/sub-STUNIPD0057_desc-outliers.tsv
INFO: skip (exists): data/clinical_connectome/derivatives/UNIPD/WashU/features/sub-STUNIPD0057/func/sub-STUNIPD0057_desc-outliers.json
INFO: skip (exists): data/clinical_connectome/derivatives/UNIPD/WashU/features/sub-STUNIPD0058/func/sub-STUNIPD0058_space-MNI152NLin6Asym_FC-pearson_atlas-GlasserTianS1Buckner7N.csv
INFO: skip (exists): data/clinical_connectome/derivatives/UNIPD/WashU/features/sub-STUNIPD0058/func/sub-STUNIPD0058_space-MNI152NLin6Asym_FC-pearson_atlas-GlasserTianS2Buckner7N.csv
INFO: skip (exists): data/clinical_connectome/derivatives/UNIPD/WashU/features/sub-STUNIPD0058/func/sub-STUNIPD0058_space-MNI152NLin6Asym_FC-pearson_atlas-GlasserTianS3Buckner7N.csv
INFO: skip (exists): data/clinical_connectome/derivatives/UNIPD/WashU/features/sub-STUNIPD0058/func/sub-STUNIPD0058_space-MNI152NLin6Asym_FC-pearson_atlas-Schaefer100TianS1Buckner7N.csv
INFO: skip (exists): data/clinical_connectome/derivatives/UNIPD/WashU/features/sub-STUNIPD0058/func/sub-STUNIPD0058_space-MNI152NLin6Asym_FC-pearson_atlas-Schaefer100TianS2Buckner7N.csv
INFO: skip (exists): data/clinical_connectome/derivatives/UNIPD/WashU/features/sub-STUNIPD0058/func/sub-STUNIPD0058_space-MNI152NLin6Asym_FC-pearson_atlas-Schaefer100TianS3Buckner7N.csv
INFO: skip (exists): data/clinical_connectome/derivatives/UNIPD/WashU/features/sub-STUNIPD0058/func/sub-STUNIPD0058_space-MNI152NLin6Asym_FC-pearson_atlas-Schaefer200TianS1Buckner7N.csv
INFO: skip (exists): data/clinical_connectome/derivatives/UNIPD/WashU/features/sub-STUNIPD0058/func/sub-STUNIPD0058_space-MNI152NLin6Asym_FC-pearson_atlas-Schaefer200TianS2Buckner7N.csv
INFO: skip (exists): data/clinical_connectome/derivatives/UNIPD/WashU/features/sub-STUNIPD0058/func/sub-STUNIPD0058_space-MNI152NLin6Asym_FC-pearson_atlas-Schaefer200TianS3Buckner7N.csv
INFO: skip (exists): data/clinical_connectome/derivatives/UNIPD/WashU/features/sub-STUNIPD0058/func/sub-STUNIPD0058_space-MNI152NLin6Asym_FC-pearson_atlas-Schaefer300TianS1Buckner7N.csv
INFO: skip (exists): data/clinical_connectome/derivatives/UNIPD/WashU/features/sub-STUNIPD0058/func/sub-STUNIPD0058_space-MNI152NLin6Asym_FC-pearson_atlas-Schaefer300TianS2Buckner7N.csv
INFO: skip (exists): data/clinical_connectome/derivatives/UNIPD/WashU/features/sub-STUNIPD0058/func/sub-STUNIPD0058_space-MNI152NLin6Asym_FC-pearson_atlas-Schaefer300TianS3Buckner7N.csv
INFO: skip (exists): data/clinical_connectome/derivatives/UNIPD/WashU/features/sub-STUNIPD0058/func/sub-STUNIPD0058_space-MNI152NLin6Asym_FC-pearson_atlas-Schaefer400TianS1Buckner7N.csv
INFO: skip (exists): data/clinical_connectome/derivatives/UNIPD/WashU/features/sub-STUNIPD0058/func/sub-STUNIPD0058_space-MNI152NLin6Asym_FC-pearson_atlas-Schaefer400TianS2Buckner7N.csv
INFO: skip (exists): data/clinical_connectome/derivatives/UNIPD/WashU/features/sub-STUNIPD0058/func/sub-STUNIPD0058_space-MNI152NLin6Asym_FC-pearson_atlas-Schaefer400TianS3Buckner7N.csv
INFO: skip (exists): data/clinical_connectome/derivatives/UNIPD/WashU/features/sub-STUNIPD0058/func/sub-STUNIPD0058_desc-motion.tsv
INFO: skip (exists): data/clinical_connectome/derivatives/UNIPD/WashU/features/sub-STUNIPD0058/func/sub-STUNIPD0058_desc-motion.json
INFO: skip (exists): data/clinical_connectome/derivatives/UNIPD/WashU/features/sub-STUNIPD0058/func/sub-STUNIPD0058_desc-outliers.tsv
INFO: skip (exists): data/clinical_connectome/derivatives/UNIPD/WashU/features/sub-STUNIPD0058/func/sub-STUNIPD0058_desc-outliers.json
INFO: skip (exists): data/clinical_connectome/derivatives/UNIPD/WashU/features/sub-STUNIPD0059/func/sub-STUNIPD0059_space-MNI152NLin6Asym_FC-pearson_atlas-GlasserTianS1Buckner7N.csv
INFO: skip (exists): data/clinical_connectome/derivatives/UNIPD/WashU/features/sub-STUNIPD0059/func/sub-STUNIPD0059_space-MNI152NLin6Asym_FC-pearson_atlas-GlasserTianS2Buckner7N.csv
INFO: skip (exists): data/clinical_connectome/derivatives/UNIPD/WashU/features/sub-STUNIPD0059/func/sub-STUNIPD0059_space-MNI152NLin6Asym_FC-pearson_atlas-GlasserTianS3Buckner7N.csv
INFO: skip (exists): data/clinical_connectome/derivatives/UNIPD/WashU/features/sub-STUNIPD0059/func/sub-STUNIPD0059_space-MNI152NLin6Asym_FC-pearson_atlas-Schaefer100TianS1Buckner7N.csv
INFO: skip (exists): data/clinical_connectome/derivatives/UNIPD/WashU/features/sub-STUNIPD0059/func/sub-STUNIPD0059_space-MNI152NLin6Asym_FC-pearson_atlas-Schaefer100TianS2Buckner7N.csv
INFO: skip (exists): data/clinical_connectome/derivatives/UNIPD/WashU/features/sub-STUNIPD0059/func/sub-STUNIPD0059_space-MNI152NLin6Asym_FC-pearson_atlas-Schaefer100TianS3Buckner7N.csv
INFO: skip (exists): data/clinical_connectome/derivatives/UNIPD/WashU/features/sub-STUNIPD0059/func/sub-STUNIPD0059_space-MNI152NLin6Asym_FC-pearson_atlas-Schaefer200TianS1Buckner7N.csv
INFO: skip (exists): data/clinical_connectome/derivatives/UNIPD/WashU/features/sub-STUNIPD0059/func/sub-STUNIPD0059_space-MNI152NLin6Asym_FC-pearson_atlas-Schaefer200TianS2Buckner7N.csv
INFO: skip (exists): data/clinical_connectome/derivatives/UNIPD/WashU/features/sub-STUNIPD0059/func/sub-STUNIPD0059_space-MNI152NLin6Asym_FC-pearson_atlas-Schaefer200TianS3Buckner7N.csv
INFO: skip (exists): data/clinical_connectome/derivatives/UNIPD/WashU/features/sub-STUNIPD0059/func/sub-STUNIPD0059_space-MNI152NLin6Asym_FC-pearson_atlas-Schaefer300TianS1Buckner7N.csv
INFO: skip (exists): data/clinical_connectome/derivatives/UNIPD/WashU/features/sub-STUNIPD0059/func/sub-STUNIPD0059_space-MNI152NLin6Asym_FC-pearson_atlas-Schaefer300TianS2Buckner7N.csv
INFO: skip (exists): data/clinical_connectome/derivatives/UNIPD/WashU/features/sub-STUNIPD0059/func/sub-STUNIPD0059_space-MNI152NLin6Asym_FC-pearson_atlas-Schaefer300TianS3Buckner7N.csv
INFO: skip (exists): data/clinical_connectome/derivatives/UNIPD/WashU/features/sub-STUNIPD0059/func/sub-STUNIPD0059_space-MNI152NLin6Asym_FC-pearson_atlas-Schaefer400TianS1Buckner7N.csv
INFO: skip (exists): data/clinical_connectome/derivatives/UNIPD/WashU/features/sub-STUNIPD0059/func/sub-STUNIPD0059_space-MNI152NLin6Asym_FC-pearson_atlas-Schaefer400TianS2Buckner7N.csv
INFO: skip (exists): data/clinical_connectome/derivatives/UNIPD/WashU/features/sub-STUNIPD0059/func/sub-STUNIPD0059_space-MNI152NLin6Asym_FC-pearson_atlas-Schaefer400TianS3Buckner7N.csv
INFO: skip (exists): data/clinical_connectome/derivatives/UNIPD/WashU/features/sub-STUNIPD0059/func/sub-STUNIPD0059_desc-motion.tsv
INFO: skip (exists): data/clinical_connectome/derivatives/UNIPD/WashU/features/sub-STUNIPD0059/func/sub-STUNIPD0059_desc-motion.json
INFO: skip (exists): data/clinical_connectome/derivatives/UNIPD/WashU/features/sub-STUNIPD0059/func/sub-STUNIPD0059_desc-outliers.tsv
INFO: skip (exists): data/clinical_connectome/derivatives/UNIPD/WashU/features/sub-STUNIPD0059/func/sub-STUNIPD0059_desc-outliers.json
INFO: skip (exists): data/clinical_connectome/derivatives/UNIPD/WashU/features/sub-STUNIPD0060/func/sub-STUNIPD0060_space-MNI152NLin6Asym_FC-pearson_atlas-GlasserTianS1Buckner7N.csv
INFO: skip (exists): data/clinical_connectome/derivatives/UNIPD/WashU/features/sub-STUNIPD0060/func/sub-STUNIPD0060_space-MNI152NLin6Asym_FC-pearson_atlas-GlasserTianS2Buckner7N.csv
INFO: skip (exists): data/clinical_connectome/derivatives/UNIPD/WashU/features/sub-STUNIPD0060/func/sub-STUNIPD0060_space-MNI152NLin6Asym_FC-pearson_atlas-GlasserTianS3Buckner7N.csv
INFO: skip (exists): data/clinical_connectome/derivatives/UNIPD/WashU/features/sub-STUNIPD0060/func/sub-STUNIPD0060_space-MNI152NLin6Asym_FC-pearson_atlas-Schaefer100TianS1Buckner7N.csv
INFO: skip (exists): data/clinical_connectome/derivatives/UNIPD/WashU/features/sub-STUNIPD0060/func/sub-STUNIPD0060_space-MNI152NLin6Asym_FC-pearson_atlas-Schaefer100TianS2Buckner7N.csv
INFO: skip (exists): data/clinical_connectome/derivatives/UNIPD/WashU/features/sub-STUNIPD0060/func/sub-STUNIPD0060_space-MNI152NLin6Asym_FC-pearson_atlas-Schaefer100TianS3Buckner7N.csv
INFO: skip (exists): data/clinical_connectome/derivatives/UNIPD/WashU/features/sub-STUNIPD0060/func/sub-STUNIPD0060_space-MNI152NLin6Asym_FC-pearson_atlas-Schaefer200TianS1Buckner7N.csv
INFO: skip (exists): data/clinical_connectome/derivatives/UNIPD/WashU/features/sub-STUNIPD0060/func/sub-STUNIPD0060_space-MNI152NLin6Asym_FC-pearson_atlas-Schaefer200TianS2Buckner7N.csv
INFO: skip (exists): data/clinical_connectome/derivatives/UNIPD/WashU/features/sub-STUNIPD0060/func/sub-STUNIPD0060_space-MNI152NLin6Asym_FC-pearson_atlas-Schaefer200TianS3Buckner7N.csv
INFO: skip (exists): data/clinical_connectome/derivatives/UNIPD/WashU/features/sub-STUNIPD0060/func/sub-STUNIPD0060_space-MNI152NLin6Asym_FC-pearson_atlas-Schaefer300TianS1Buckner7N.csv
INFO: skip (exists): data/clinical_connectome/derivatives/UNIPD/WashU/features/sub-STUNIPD0060/func/sub-STUNIPD0060_space-MNI152NLin6Asym_FC-pearson_atlas-Schaefer300TianS2Buckner7N.csv
INFO: skip (exists): data/clinical_connectome/derivatives/UNIPD/WashU/features/sub-STUNIPD0060/func/sub-STUNIPD0060_space-MNI152NLin6Asym_FC-pearson_atlas-Schaefer300TianS3Buckner7N.csv
INFO: skip (exists): data/clinical_connectome/derivatives/UNIPD/WashU/features/sub-STUNIPD0060/func/sub-STUNIPD0060_space-MNI152NLin6Asym_FC-pearson_atlas-Schaefer400TianS1Buckner7N.csv
INFO: skip (exists): data/clinical_connectome/derivatives/UNIPD/WashU/features/sub-STUNIPD0060/func/sub-STUNIPD0060_space-MNI152NLin6Asym_FC-pearson_atlas-Schaefer400TianS2Buckner7N.csv
INFO: skip (exists): data/clinical_connectome/derivatives/UNIPD/WashU/features/sub-STUNIPD0060/func/sub-STUNIPD0060_space-MNI152NLin6Asym_FC-pearson_atlas-Schaefer400TianS3Buckner7N.csv
INFO: skip (exists): data/clinical_connectome/derivatives/UNIPD/WashU/features/sub-STUNIPD0060/func/sub-STUNIPD0060_desc-motion.tsv
INFO: skip (exists): data/clinical_connectome/derivatives/UNIPD/WashU/features/sub-STUNIPD0060/func/sub-STUNIPD0060_desc-motion.json
INFO: skip (exists): data/clinical_connectome/derivatives/UNIPD/WashU/features/sub-STUNIPD0060/func/sub-STUNIPD0060_desc-outliers.tsv
INFO: skip (exists): data/clinical_connectome/derivatives/UNIPD/WashU/features/sub-STUNIPD0060/func/sub-STUNIPD0060_desc-outliers.json
INFO: skip (exists): data/clinical_connectome/derivatives/UNIPD/WashU/features/sub-STUNIPD0061/func/sub-STUNIPD0061_space-MNI152NLin6Asym_FC-pearson_atlas-GlasserTianS1Buckner7N.csv
INFO: skip (exists): data/clinical_connectome/derivatives/UNIPD/WashU/features/sub-STUNIPD0061/func/sub-STUNIPD0061_space-MNI152NLin6Asym_FC-pearson_atlas-GlasserTianS2Buckner7N.csv
INFO: skip (exists): data/clinical_connectome/derivatives/UNIPD/WashU/features/sub-STUNIPD0061/func/sub-STUNIPD0061_space-MNI152NLin6Asym_FC-pearson_atlas-GlasserTianS3Buckner7N.csv
INFO: skip (exists): data/clinical_connectome/derivatives/UNIPD/WashU/features/sub-STUNIPD0061/func/sub-STUNIPD0061_space-MNI152NLin6Asym_FC-pearson_atlas-Schaefer100TianS1Buckner7N.csv
INFO: skip (exists): data/clinical_connectome/derivatives/UNIPD/WashU/features/sub-STUNIPD0061/func/sub-STUNIPD0061_space-MNI152NLin6Asym_FC-pearson_atlas-Schaefer100TianS2Buckner7N.csv
INFO: skip (exists): data/clinical_connectome/derivatives/UNIPD/WashU/features/sub-STUNIPD0061/func/sub-STUNIPD0061_space-MNI152NLin6Asym_FC-pearson_atlas-Schaefer100TianS3Buckner7N.csv
INFO: skip (exists): data/clinical_connectome/derivatives/UNIPD/WashU/features/sub-STUNIPD0061/func/sub-STUNIPD0061_space-MNI152NLin6Asym_FC-pearson_atlas-Schaefer200TianS1Buckner7N.csv
INFO: skip (exists): data/clinical_connectome/derivatives/UNIPD/WashU/features/sub-STUNIPD0061/func/sub-STUNIPD0061_space-MNI152NLin6Asym_FC-pearson_atlas-Schaefer200TianS2Buckner7N.csv
INFO: skip (exists): data/clinical_connectome/derivatives/UNIPD/WashU/features/sub-STUNIPD0061/func/sub-STUNIPD0061_space-MNI152NLin6Asym_FC-pearson_atlas-Schaefer200TianS3Buckner7N.csv
INFO: skip (exists): data/clinical_connectome/derivatives/UNIPD/WashU/features/sub-STUNIPD0061/func/sub-STUNIPD0061_space-MNI152NLin6Asym_FC-pearson_atlas-Schaefer300TianS1Buckner7N.csv
INFO: skip (exists): data/clinical_connectome/derivatives/UNIPD/WashU/features/sub-STUNIPD0061/func/sub-STUNIPD0061_space-MNI152NLin6Asym_FC-pearson_atlas-Schaefer300TianS2Buckner7N.csv
INFO: skip (exists): data/clinical_connectome/derivatives/UNIPD/WashU/features/sub-STUNIPD0061/func/sub-STUNIPD0061_space-MNI152NLin6Asym_FC-pearson_atlas-Schaefer300TianS3Buckner7N.csv
INFO: skip (exists): data/clinical_connectome/derivatives/UNIPD/WashU/features/sub-STUNIPD0061/func/sub-STUNIPD0061_space-MNI152NLin6Asym_FC-pearson_atlas-Schaefer400TianS1Buckner7N.csv
INFO: skip (exists): data/clinical_connectome/derivatives/UNIPD/WashU/features/sub-STUNIPD0061/func/sub-STUNIPD0061_space-MNI152NLin6Asym_FC-pearson_atlas-Schaefer400TianS2Buckner7N.csv
INFO: skip (exists): data/clinical_connectome/derivatives/UNIPD/WashU/features/sub-STUNIPD0061/func/sub-STUNIPD0061_space-MNI152NLin6Asym_FC-pearson_atlas-Schaefer400TianS3Buckner7N.csv
INFO: skip (exists): data/clinical_connectome/derivatives/UNIPD/WashU/features/sub-STUNIPD0061/func/sub-STUNIPD0061_desc-motion.tsv
INFO: skip (exists): data/clinical_connectome/derivatives/UNIPD/WashU/features/sub-STUNIPD0061/func/sub-STUNIPD0061_desc-motion.json
INFO: skip (exists): data/clinical_connectome/derivatives/UNIPD/WashU/features/sub-STUNIPD0061/func/sub-STUNIPD0061_desc-outliers.tsv
INFO: skip (exists): data/clinical_connectome/derivatives/UNIPD/WashU/features/sub-STUNIPD0061/func/sub-STUNIPD0061_desc-outliers.json
INFO: skip (exists): data/clinical_connectome/derivatives/UNIPD/WashU/features/sub-STUNIPD0063/func/sub-STUNIPD0063_space-MNI152NLin6Asym_FC-pearson_atlas-GlasserTianS1Buckner7N.csv
INFO: skip (exists): data/clinical_connectome/derivatives/UNIPD/WashU/features/sub-STUNIPD0063/func/sub-STUNIPD0063_space-MNI152NLin6Asym_FC-pearson_atlas-GlasserTianS2Buckner7N.csv
INFO: skip (exists): data/clinical_connectome/derivatives/UNIPD/WashU/features/sub-STUNIPD0063/func/sub-STUNIPD0063_space-MNI152NLin6Asym_FC-pearson_atlas-GlasserTianS3Buckner7N.csv
INFO: skip (exists): data/clinical_connectome/derivatives/UNIPD/WashU/features/sub-STUNIPD0063/func/sub-STUNIPD0063_space-MNI152NLin6Asym_FC-pearson_atlas-Schaefer100TianS1Buckner7N.csv
INFO: skip (exists): data/clinical_connectome/derivatives/UNIPD/WashU/features/sub-STUNIPD0063/func/sub-STUNIPD0063_space-MNI152NLin6Asym_FC-pearson_atlas-Schaefer100TianS2Buckner7N.csv
INFO: skip (exists): data/clinical_connectome/derivatives/UNIPD/WashU/features/sub-STUNIPD0063/func/sub-STUNIPD0063_space-MNI152NLin6Asym_FC-pearson_atlas-Schaefer100TianS3Buckner7N.csv
INFO: skip (exists): data/clinical_connectome/derivatives/UNIPD/WashU/features/sub-STUNIPD0063/func/sub-STUNIPD0063_space-MNI152NLin6Asym_FC-pearson_atlas-Schaefer200TianS1Buckner7N.csv
INFO: skip (exists): data/clinical_connectome/derivatives/UNIPD/WashU/features/sub-STUNIPD0063/func/sub-STUNIPD0063_space-MNI152NLin6Asym_FC-pearson_atlas-Schaefer200TianS2Buckner7N.csv
INFO: skip (exists): data/clinical_connectome/derivatives/UNIPD/WashU/features/sub-STUNIPD0063/func/sub-STUNIPD0063_space-MNI152NLin6Asym_FC-pearson_atlas-Schaefer200TianS3Buckner7N.csv
INFO: skip (exists): data/clinical_connectome/derivatives/UNIPD/WashU/features/sub-STUNIPD0063/func/sub-STUNIPD0063_space-MNI152NLin6Asym_FC-pearson_atlas-Schaefer300TianS1Buckner7N.csv
INFO: skip (exists): data/clinical_connectome/derivatives/UNIPD/WashU/features/sub-STUNIPD0063/func/sub-STUNIPD0063_space-MNI152NLin6Asym_FC-pearson_atlas-Schaefer300TianS2Buckner7N.csv
INFO: skip (exists): data/clinical_connectome/derivatives/UNIPD/WashU/features/sub-STUNIPD0063/func/sub-STUNIPD0063_space-MNI152NLin6Asym_FC-pearson_atlas-Schaefer300TianS3Buckner7N.csv
INFO: skip (exists): data/clinical_connectome/derivatives/UNIPD/WashU/features/sub-STUNIPD0063/func/sub-STUNIPD0063_space-MNI152NLin6Asym_FC-pearson_atlas-Schaefer400TianS1Buckner7N.csv
INFO: skip (exists): data/clinical_connectome/derivatives/UNIPD/WashU/features/sub-STUNIPD0063/func/sub-STUNIPD0063_space-MNI152NLin6Asym_FC-pearson_atlas-Schaefer400TianS2Buckner7N.csv
INFO: skip (exists): data/clinical_connectome/derivatives/UNIPD/WashU/features/sub-STUNIPD0063/func/sub-STUNIPD0063_space-MNI152NLin6Asym_FC-pearson_atlas-Schaefer400TianS3Buckner7N.csv
INFO: skip (exists): data/clinical_connectome/derivatives/UNIPD/WashU/features/sub-STUNIPD0063/func/sub-STUNIPD0063_desc-motion.tsv
INFO: skip (exists): data/clinical_connectome/derivatives/UNIPD/WashU/features/sub-STUNIPD0063/func/sub-STUNIPD0063_desc-motion.json
INFO: skip (exists): data/clinical_connectome/derivatives/UNIPD/WashU/features/sub-STUNIPD0063/func/sub-STUNIPD0063_desc-outliers.tsv
INFO: skip (exists): data/clinical_connectome/derivatives/UNIPD/WashU/features/sub-STUNIPD0063/func/sub-STUNIPD0063_desc-outliers.json
INFO: skip (exists): data/clinical_connectome/derivatives/UNIPD/WashU/features/sub-STUNIPD0066/func/sub-STUNIPD0066_space-MNI152NLin6Asym_FC-pearson_atlas-GlasserTianS1Buckner7N.csv
INFO: skip (exists): data/clinical_connectome/derivatives/UNIPD/WashU/features/sub-STUNIPD0066/func/sub-STUNIPD0066_space-MNI152NLin6Asym_FC-pearson_atlas-GlasserTianS2Buckner7N.csv
INFO: skip (exists): data/clinical_connectome/derivatives/UNIPD/WashU/features/sub-STUNIPD0066/func/sub-STUNIPD0066_space-MNI152NLin6Asym_FC-pearson_atlas-GlasserTianS3Buckner7N.csv
INFO: skip (exists): data/clinical_connectome/derivatives/UNIPD/WashU/features/sub-STUNIPD0066/func/sub-STUNIPD0066_space-MNI152NLin6Asym_FC-pearson_atlas-Schaefer100TianS1Buckner7N.csv
INFO: skip (exists): data/clinical_connectome/derivatives/UNIPD/WashU/features/sub-STUNIPD0066/func/sub-STUNIPD0066_space-MNI152NLin6Asym_FC-pearson_atlas-Schaefer100TianS2Buckner7N.csv
INFO: skip (exists): data/clinical_connectome/derivatives/UNIPD/WashU/features/sub-STUNIPD0066/func/sub-STUNIPD0066_space-MNI152NLin6Asym_FC-pearson_atlas-Schaefer100TianS3Buckner7N.csv
INFO: skip (exists): data/clinical_connectome/derivatives/UNIPD/WashU/features/sub-STUNIPD0066/func/sub-STUNIPD0066_space-MNI152NLin6Asym_FC-pearson_atlas-Schaefer200TianS1Buckner7N.csv
INFO: skip (exists): data/clinical_connectome/derivatives/UNIPD/WashU/features/sub-STUNIPD0066/func/sub-STUNIPD0066_space-MNI152NLin6Asym_FC-pearson_atlas-Schaefer200TianS2Buckner7N.csv
INFO: skip (exists): data/clinical_connectome/derivatives/UNIPD/WashU/features/sub-STUNIPD0066/func/sub-STUNIPD0066_space-MNI152NLin6Asym_FC-pearson_atlas-Schaefer200TianS3Buckner7N.csv
INFO: skip (exists): data/clinical_connectome/derivatives/UNIPD/WashU/features/sub-STUNIPD0066/func/sub-STUNIPD0066_space-MNI152NLin6Asym_FC-pearson_atlas-Schaefer300TianS1Buckner7N.csv
INFO: skip (exists): data/clinical_connectome/derivatives/UNIPD/WashU/features/sub-STUNIPD0066/func/sub-STUNIPD0066_space-MNI152NLin6Asym_FC-pearson_atlas-Schaefer300TianS2Buckner7N.csv
INFO: skip (exists): data/clinical_connectome/derivatives/UNIPD/WashU/features/sub-STUNIPD0066/func/sub-STUNIPD0066_space-MNI152NLin6Asym_FC-pearson_atlas-Schaefer300TianS3Buckner7N.csv
INFO: skip (exists): data/clinical_connectome/derivatives/UNIPD/WashU/features/sub-STUNIPD0066/func/sub-STUNIPD0066_space-MNI152NLin6Asym_FC-pearson_atlas-Schaefer400TianS1Buckner7N.csv
INFO: skip (exists): data/clinical_connectome/derivatives/UNIPD/WashU/features/sub-STUNIPD0066/func/sub-STUNIPD0066_space-MNI152NLin6Asym_FC-pearson_atlas-Schaefer400TianS2Buckner7N.csv
INFO: skip (exists): data/clinical_connectome/derivatives/UNIPD/WashU/features/sub-STUNIPD0066/func/sub-STUNIPD0066_space-MNI152NLin6Asym_FC-pearson_atlas-Schaefer400TianS3Buckner7N.csv
INFO: skip (exists): data/clinical_connectome/derivatives/UNIPD/WashU/features/sub-STUNIPD0066/func/sub-STUNIPD0066_desc-motion.tsv
INFO: skip (exists): data/clinical_connectome/derivatives/UNIPD/WashU/features/sub-STUNIPD0066/func/sub-STUNIPD0066_desc-motion.json
INFO: skip (exists): data/clinical_connectome/derivatives/UNIPD/WashU/features/sub-STUNIPD0066/func/sub-STUNIPD0066_desc-outliers.tsv
INFO: skip (exists): data/clinical_connectome/derivatives/UNIPD/WashU/features/sub-STUNIPD0066/func/sub-STUNIPD0066_desc-outliers.json
INFO: skip (exists): data/clinical_connectome/derivatives/UNIPD/WashU/features/sub-STUNIPD0068/func/sub-STUNIPD0068_space-MNI152NLin6Asym_FC-pearson_atlas-GlasserTianS1Buckner7N.csv
INFO: skip (exists): data/clinical_connectome/derivatives/UNIPD/WashU/features/sub-STUNIPD0068/func/sub-STUNIPD0068_space-MNI152NLin6Asym_FC-pearson_atlas-GlasserTianS2Buckner7N.csv
INFO: skip (exists): data/clinical_connectome/derivatives/UNIPD/WashU/features/sub-STUNIPD0068/func/sub-STUNIPD0068_space-MNI152NLin6Asym_FC-pearson_atlas-GlasserTianS3Buckner7N.csv
INFO: skip (exists): data/clinical_connectome/derivatives/UNIPD/WashU/features/sub-STUNIPD0068/func/sub-STUNIPD0068_space-MNI152NLin6Asym_FC-pearson_atlas-Schaefer100TianS1Buckner7N.csv
INFO: skip (exists): data/clinical_connectome/derivatives/UNIPD/WashU/features/sub-STUNIPD0068/func/sub-STUNIPD0068_space-MNI152NLin6Asym_FC-pearson_atlas-Schaefer100TianS2Buckner7N.csv
INFO: skip (exists): data/clinical_connectome/derivatives/UNIPD/WashU/features/sub-STUNIPD0068/func/sub-STUNIPD0068_space-MNI152NLin6Asym_FC-pearson_atlas-Schaefer100TianS3Buckner7N.csv
INFO: skip (exists): data/clinical_connectome/derivatives/UNIPD/WashU/features/sub-STUNIPD0068/func/sub-STUNIPD0068_space-MNI152NLin6Asym_FC-pearson_atlas-Schaefer200TianS1Buckner7N.csv
INFO: skip (exists): data/clinical_connectome/derivatives/UNIPD/WashU/features/sub-STUNIPD0068/func/sub-STUNIPD0068_space-MNI152NLin6Asym_FC-pearson_atlas-Schaefer200TianS2Buckner7N.csv
INFO: skip (exists): data/clinical_connectome/derivatives/UNIPD/WashU/features/sub-STUNIPD0068/func/sub-STUNIPD0068_space-MNI152NLin6Asym_FC-pearson_atlas-Schaefer200TianS3Buckner7N.csv
INFO: skip (exists): data/clinical_connectome/derivatives/UNIPD/WashU/features/sub-STUNIPD0068/func/sub-STUNIPD0068_space-MNI152NLin6Asym_FC-pearson_atlas-Schaefer300TianS1Buckner7N.csv
INFO: skip (exists): data/clinical_connectome/derivatives/UNIPD/WashU/features/sub-STUNIPD0068/func/sub-STUNIPD0068_space-MNI152NLin6Asym_FC-pearson_atlas-Schaefer300TianS2Buckner7N.csv
INFO: skip (exists): data/clinical_connectome/derivatives/UNIPD/WashU/features/sub-STUNIPD0068/func/sub-STUNIPD0068_space-MNI152NLin6Asym_FC-pearson_atlas-Schaefer300TianS3Buckner7N.csv
INFO: skip (exists): data/clinical_connectome/derivatives/UNIPD/WashU/features/sub-STUNIPD0068/func/sub-STUNIPD0068_space-MNI152NLin6Asym_FC-pearson_atlas-Schaefer400TianS1Buckner7N.csv
INFO: skip (exists): data/clinical_connectome/derivatives/UNIPD/WashU/features/sub-STUNIPD0068/func/sub-STUNIPD0068_space-MNI152NLin6Asym_FC-pearson_atlas-Schaefer400TianS2Buckner7N.csv
INFO: skip (exists): data/clinical_connectome/derivatives/UNIPD/WashU/features/sub-STUNIPD0068/func/sub-STUNIPD0068_space-MNI152NLin6Asym_FC-pearson_atlas-Schaefer400TianS3Buckner7N.csv
INFO: skip (exists): data/clinical_connectome/derivatives/UNIPD/WashU/features/sub-STUNIPD0068/func/sub-STUNIPD0068_desc-motion.tsv
INFO: skip (exists): data/clinical_connectome/derivatives/UNIPD/WashU/features/sub-STUNIPD0068/func/sub-STUNIPD0068_desc-motion.json
INFO: skip (exists): data/clinical_connectome/derivatives/UNIPD/WashU/features/sub-STUNIPD0068/func/sub-STUNIPD0068_desc-outliers.tsv
INFO: skip (exists): data/clinical_connectome/derivatives/UNIPD/WashU/features/sub-STUNIPD0068/func/sub-STUNIPD0068_desc-outliers.json
INFO: skip (exists): data/clinical_connectome/derivatives/UNIPD/WashU/features/sub-STUNIPD0069/func/sub-STUNIPD0069_space-MNI152NLin6Asym_FC-pearson_atlas-GlasserTianS1Buckner7N.csv
INFO: skip (exists): data/clinical_connectome/derivatives/UNIPD/WashU/features/sub-STUNIPD0069/func/sub-STUNIPD0069_space-MNI152NLin6Asym_FC-pearson_atlas-GlasserTianS2Buckner7N.csv
INFO: skip (exists): data/clinical_connectome/derivatives/UNIPD/WashU/features/sub-STUNIPD0069/func/sub-STUNIPD0069_space-MNI152NLin6Asym_FC-pearson_atlas-GlasserTianS3Buckner7N.csv
INFO: skip (exists): data/clinical_connectome/derivatives/UNIPD/WashU/features/sub-STUNIPD0069/func/sub-STUNIPD0069_space-MNI152NLin6Asym_FC-pearson_atlas-Schaefer100TianS1Buckner7N.csv
INFO: skip (exists): data/clinical_connectome/derivatives/UNIPD/WashU/features/sub-STUNIPD0069/func/sub-STUNIPD0069_space-MNI152NLin6Asym_FC-pearson_atlas-Schaefer100TianS2Buckner7N.csv
INFO: skip (exists): data/clinical_connectome/derivatives/UNIPD/WashU/features/sub-STUNIPD0069/func/sub-STUNIPD0069_space-MNI152NLin6Asym_FC-pearson_atlas-Schaefer100TianS3Buckner7N.csv
INFO: skip (exists): data/clinical_connectome/derivatives/UNIPD/WashU/features/sub-STUNIPD0069/func/sub-STUNIPD0069_space-MNI152NLin6Asym_FC-pearson_atlas-Schaefer200TianS1Buckner7N.csv
INFO: skip (exists): data/clinical_connectome/derivatives/UNIPD/WashU/features/sub-STUNIPD0069/func/sub-STUNIPD0069_space-MNI152NLin6Asym_FC-pearson_atlas-Schaefer200TianS2Buckner7N.csv
INFO: skip (exists): data/clinical_connectome/derivatives/UNIPD/WashU/features/sub-STUNIPD0069/func/sub-STUNIPD0069_space-MNI152NLin6Asym_FC-pearson_atlas-Schaefer200TianS3Buckner7N.csv
INFO: skip (exists): data/clinical_connectome/derivatives/UNIPD/WashU/features/sub-STUNIPD0069/func/sub-STUNIPD0069_space-MNI152NLin6Asym_FC-pearson_atlas-Schaefer300TianS1Buckner7N.csv
INFO: skip (exists): data/clinical_connectome/derivatives/UNIPD/WashU/features/sub-STUNIPD0069/func/sub-STUNIPD0069_space-MNI152NLin6Asym_FC-pearson_atlas-Schaefer300TianS2Buckner7N.csv
INFO: skip (exists): data/clinical_connectome/derivatives/UNIPD/WashU/features/sub-STUNIPD0069/func/sub-STUNIPD0069_space-MNI152NLin6Asym_FC-pearson_atlas-Schaefer300TianS3Buckner7N.csv
INFO: skip (exists): data/clinical_connectome/derivatives/UNIPD/WashU/features/sub-STUNIPD0069/func/sub-STUNIPD0069_space-MNI152NLin6Asym_FC-pearson_atlas-Schaefer400TianS1Buckner7N.csv
INFO: skip (exists): data/clinical_connectome/derivatives/UNIPD/WashU/features/sub-STUNIPD0069/func/sub-STUNIPD0069_space-MNI152NLin6Asym_FC-pearson_atlas-Schaefer400TianS2Buckner7N.csv
INFO: skip (exists): data/clinical_connectome/derivatives/UNIPD/WashU/features/sub-STUNIPD0069/func/sub-STUNIPD0069_space-MNI152NLin6Asym_FC-pearson_atlas-Schaefer400TianS3Buckner7N.csv
INFO: skip (exists): data/clinical_connectome/derivatives/UNIPD/WashU/features/sub-STUNIPD0069/func/sub-STUNIPD0069_desc-motion.tsv
INFO: skip (exists): data/clinical_connectome/derivatives/UNIPD/WashU/features/sub-STUNIPD0069/func/sub-STUNIPD0069_desc-motion.json
INFO: skip (exists): data/clinical_connectome/derivatives/UNIPD/WashU/features/sub-STUNIPD0069/func/sub-STUNIPD0069_desc-outliers.tsv
INFO: skip (exists): data/clinical_connectome/derivatives/UNIPD/WashU/features/sub-STUNIPD0069/func/sub-STUNIPD0069_desc-outliers.json
INFO: skip (exists): data/clinical_connectome/derivatives/UNIPD/WashU/features/sub-STUNIPD0071/func/sub-STUNIPD0071_space-MNI152NLin6Asym_FC-pearson_atlas-GlasserTianS1Buckner7N.csv
INFO: skip (exists): data/clinical_connectome/derivatives/UNIPD/WashU/features/sub-STUNIPD0071/func/sub-STUNIPD0071_space-MNI152NLin6Asym_FC-pearson_atlas-GlasserTianS2Buckner7N.csv
INFO: skip (exists): data/clinical_connectome/derivatives/UNIPD/WashU/features/sub-STUNIPD0071/func/sub-STUNIPD0071_space-MNI152NLin6Asym_FC-pearson_atlas-GlasserTianS3Buckner7N.csv
INFO: skip (exists): data/clinical_connectome/derivatives/UNIPD/WashU/features/sub-STUNIPD0071/func/sub-STUNIPD0071_space-MNI152NLin6Asym_FC-pearson_atlas-Schaefer100TianS1Buckner7N.csv
INFO: skip (exists): data/clinical_connectome/derivatives/UNIPD/WashU/features/sub-STUNIPD0071/func/sub-STUNIPD0071_space-MNI152NLin6Asym_FC-pearson_atlas-Schaefer100TianS2Buckner7N.csv
INFO: skip (exists): data/clinical_connectome/derivatives/UNIPD/WashU/features/sub-STUNIPD0071/func/sub-STUNIPD0071_space-MNI152NLin6Asym_FC-pearson_atlas-Schaefer100TianS3Buckner7N.csv
INFO: skip (exists): data/clinical_connectome/derivatives/UNIPD/WashU/features/sub-STUNIPD0071/func/sub-STUNIPD0071_space-MNI152NLin6Asym_FC-pearson_atlas-Schaefer200TianS1Buckner7N.csv
INFO: skip (exists): data/clinical_connectome/derivatives/UNIPD/WashU/features/sub-STUNIPD0071/func/sub-STUNIPD0071_space-MNI152NLin6Asym_FC-pearson_atlas-Schaefer200TianS2Buckner7N.csv
INFO: skip (exists): data/clinical_connectome/derivatives/UNIPD/WashU/features/sub-STUNIPD0071/func/sub-STUNIPD0071_space-MNI152NLin6Asym_FC-pearson_atlas-Schaefer200TianS3Buckner7N.csv
INFO: skip (exists): data/clinical_connectome/derivatives/UNIPD/WashU/features/sub-STUNIPD0071/func/sub-STUNIPD0071_space-MNI152NLin6Asym_FC-pearson_atlas-Schaefer300TianS1Buckner7N.csv
INFO: skip (exists): data/clinical_connectome/derivatives/UNIPD/WashU/features/sub-STUNIPD0071/func/sub-STUNIPD0071_space-MNI152NLin6Asym_FC-pearson_atlas-Schaefer300TianS2Buckner7N.csv
INFO: skip (exists): data/clinical_connectome/derivatives/UNIPD/WashU/features/sub-STUNIPD0071/func/sub-STUNIPD0071_space-MNI152NLin6Asym_FC-pearson_atlas-Schaefer300TianS3Buckner7N.csv
INFO: skip (exists): data/clinical_connectome/derivatives/UNIPD/WashU/features/sub-STUNIPD0071/func/sub-STUNIPD0071_space-MNI152NLin6Asym_FC-pearson_atlas-Schaefer400TianS1Buckner7N.csv
INFO: skip (exists): data/clinical_connectome/derivatives/UNIPD/WashU/features/sub-STUNIPD0071/func/sub-STUNIPD0071_space-MNI152NLin6Asym_FC-pearson_atlas-Schaefer400TianS2Buckner7N.csv
INFO: skip (exists): data/clinical_connectome/derivatives/UNIPD/WashU/features/sub-STUNIPD0071/func/sub-STUNIPD0071_space-MNI152NLin6Asym_FC-pearson_atlas-Schaefer400TianS3Buckner7N.csv
INFO: skip (exists): data/clinical_connectome/derivatives/UNIPD/WashU/features/sub-STUNIPD0071/func/sub-STUNIPD0071_desc-motion.tsv
INFO: skip (exists): data/clinical_connectome/derivatives/UNIPD/WashU/features/sub-STUNIPD0071/func/sub-STUNIPD0071_desc-motion.json
INFO: skip (exists): data/clinical_connectome/derivatives/UNIPD/WashU/features/sub-STUNIPD0071/func/sub-STUNIPD0071_desc-outliers.tsv
INFO: skip (exists): data/clinical_connectome/derivatives/UNIPD/WashU/features/sub-STUNIPD0071/func/sub-STUNIPD0071_desc-outliers.json
INFO: skip (exists): data/clinical_connectome/derivatives/UNIPD/WashU/features/sub-STUNIPD0073/func/sub-STUNIPD0073_space-MNI152NLin6Asym_FC-pearson_atlas-GlasserTianS1Buckner7N.csv
INFO: skip (exists): data/clinical_connectome/derivatives/UNIPD/WashU/features/sub-STUNIPD0073/func/sub-STUNIPD0073_space-MNI152NLin6Asym_FC-pearson_atlas-GlasserTianS2Buckner7N.csv
INFO: skip (exists): data/clinical_connectome/derivatives/UNIPD/WashU/features/sub-STUNIPD0073/func/sub-STUNIPD0073_space-MNI152NLin6Asym_FC-pearson_atlas-GlasserTianS3Buckner7N.csv
INFO: skip (exists): data/clinical_connectome/derivatives/UNIPD/WashU/features/sub-STUNIPD0073/func/sub-STUNIPD0073_space-MNI152NLin6Asym_FC-pearson_atlas-Schaefer100TianS1Buckner7N.csv
INFO: skip (exists): data/clinical_connectome/derivatives/UNIPD/WashU/features/sub-STUNIPD0073/func/sub-STUNIPD0073_space-MNI152NLin6Asym_FC-pearson_atlas-Schaefer100TianS2Buckner7N.csv
INFO: skip (exists): data/clinical_connectome/derivatives/UNIPD/WashU/features/sub-STUNIPD0073/func/sub-STUNIPD0073_space-MNI152NLin6Asym_FC-pearson_atlas-Schaefer100TianS3Buckner7N.csv
INFO: skip (exists): data/clinical_connectome/derivatives/UNIPD/WashU/features/sub-STUNIPD0073/func/sub-STUNIPD0073_space-MNI152NLin6Asym_FC-pearson_atlas-Schaefer200TianS1Buckner7N.csv
INFO: skip (exists): data/clinical_connectome/derivatives/UNIPD/WashU/features/sub-STUNIPD0073/func/sub-STUNIPD0073_space-MNI152NLin6Asym_FC-pearson_atlas-Schaefer200TianS2Buckner7N.csv
INFO: skip (exists): data/clinical_connectome/derivatives/UNIPD/WashU/features/sub-STUNIPD0073/func/sub-STUNIPD0073_space-MNI152NLin6Asym_FC-pearson_atlas-Schaefer200TianS3Buckner7N.csv
INFO: skip (exists): data/clinical_connectome/derivatives/UNIPD/WashU/features/sub-STUNIPD0073/func/sub-STUNIPD0073_space-MNI152NLin6Asym_FC-pearson_atlas-Schaefer300TianS1Buckner7N.csv
INFO: skip (exists): data/clinical_connectome/derivatives/UNIPD/WashU/features/sub-STUNIPD0073/func/sub-STUNIPD0073_space-MNI152NLin6Asym_FC-pearson_atlas-Schaefer300TianS2Buckner7N.csv
INFO: skip (exists): data/clinical_connectome/derivatives/UNIPD/WashU/features/sub-STUNIPD0073/func/sub-STUNIPD0073_space-MNI152NLin6Asym_FC-pearson_atlas-Schaefer300TianS3Buckner7N.csv
INFO: skip (exists): data/clinical_connectome/derivatives/UNIPD/WashU/features/sub-STUNIPD0073/func/sub-STUNIPD0073_space-MNI152NLin6Asym_FC-pearson_atlas-Schaefer400TianS1Buckner7N.csv
INFO: skip (exists): data/clinical_connectome/derivatives/UNIPD/WashU/features/sub-STUNIPD0073/func/sub-STUNIPD0073_space-MNI152NLin6Asym_FC-pearson_atlas-Schaefer400TianS2Buckner7N.csv
INFO: skip (exists): data/clinical_connectome/derivatives/UNIPD/WashU/features/sub-STUNIPD0073/func/sub-STUNIPD0073_space-MNI152NLin6Asym_FC-pearson_atlas-Schaefer400TianS3Buckner7N.csv
INFO: skip (exists): data/clinical_connectome/derivatives/UNIPD/WashU/features/sub-STUNIPD0073/func/sub-STUNIPD0073_desc-motion.tsv
INFO: skip (exists): data/clinical_connectome/derivatives/UNIPD/WashU/features/sub-STUNIPD0073/func/sub-STUNIPD0073_desc-motion.json
INFO: skip (exists): data/clinical_connectome/derivatives/UNIPD/WashU/features/sub-STUNIPD0073/func/sub-STUNIPD0073_desc-outliers.tsv
INFO: skip (exists): data/clinical_connectome/derivatives/UNIPD/WashU/features/sub-STUNIPD0073/func/sub-STUNIPD0073_desc-outliers.json
INFO: skip (exists): data/clinical_connectome/derivatives/UNIPD/WashU/features/sub-STUNIPD0074/func/sub-STUNIPD0074_space-MNI152NLin6Asym_FC-pearson_atlas-GlasserTianS1Buckner7N.csv
INFO: skip (exists): data/clinical_connectome/derivatives/UNIPD/WashU/features/sub-STUNIPD0074/func/sub-STUNIPD0074_space-MNI152NLin6Asym_FC-pearson_atlas-GlasserTianS2Buckner7N.csv
INFO: skip (exists): data/clinical_connectome/derivatives/UNIPD/WashU/features/sub-STUNIPD0074/func/sub-STUNIPD0074_space-MNI152NLin6Asym_FC-pearson_atlas-GlasserTianS3Buckner7N.csv
INFO: skip (exists): data/clinical_connectome/derivatives/UNIPD/WashU/features/sub-STUNIPD0074/func/sub-STUNIPD0074_space-MNI152NLin6Asym_FC-pearson_atlas-Schaefer100TianS1Buckner7N.csv
INFO: skip (exists): data/clinical_connectome/derivatives/UNIPD/WashU/features/sub-STUNIPD0074/func/sub-STUNIPD0074_space-MNI152NLin6Asym_FC-pearson_atlas-Schaefer100TianS2Buckner7N.csv
INFO: skip (exists): data/clinical_connectome/derivatives/UNIPD/WashU/features/sub-STUNIPD0074/func/sub-STUNIPD0074_space-MNI152NLin6Asym_FC-pearson_atlas-Schaefer100TianS3Buckner7N.csv
INFO: skip (exists): data/clinical_connectome/derivatives/UNIPD/WashU/features/sub-STUNIPD0074/func/sub-STUNIPD0074_space-MNI152NLin6Asym_FC-pearson_atlas-Schaefer200TianS1Buckner7N.csv
INFO: skip (exists): data/clinical_connectome/derivatives/UNIPD/WashU/features/sub-STUNIPD0074/func/sub-STUNIPD0074_space-MNI152NLin6Asym_FC-pearson_atlas-Schaefer200TianS2Buckner7N.csv
INFO: skip (exists): data/clinical_connectome/derivatives/UNIPD/WashU/features/sub-STUNIPD0074/func/sub-STUNIPD0074_space-MNI152NLin6Asym_FC-pearson_atlas-Schaefer200TianS3Buckner7N.csv
INFO: skip (exists): data/clinical_connectome/derivatives/UNIPD/WashU/features/sub-STUNIPD0074/func/sub-STUNIPD0074_space-MNI152NLin6Asym_FC-pearson_atlas-Schaefer300TianS1Buckner7N.csv
INFO: skip (exists): data/clinical_connectome/derivatives/UNIPD/WashU/features/sub-STUNIPD0074/func/sub-STUNIPD0074_space-MNI152NLin6Asym_FC-pearson_atlas-Schaefer300TianS2Buckner7N.csv
INFO: skip (exists): data/clinical_connectome/derivatives/UNIPD/WashU/features/sub-STUNIPD0074/func/sub-STUNIPD0074_space-MNI152NLin6Asym_FC-pearson_atlas-Schaefer300TianS3Buckner7N.csv
INFO: skip (exists): data/clinical_connectome/derivatives/UNIPD/WashU/features/sub-STUNIPD0074/func/sub-STUNIPD0074_space-MNI152NLin6Asym_FC-pearson_atlas-Schaefer400TianS1Buckner7N.csv
INFO: skip (exists): data/clinical_connectome/derivatives/UNIPD/WashU/features/sub-STUNIPD0074/func/sub-STUNIPD0074_space-MNI152NLin6Asym_FC-pearson_atlas-Schaefer400TianS2Buckner7N.csv
INFO: skip (exists): data/clinical_connectome/derivatives/UNIPD/WashU/features/sub-STUNIPD0074/func/sub-STUNIPD0074_space-MNI152NLin6Asym_FC-pearson_atlas-Schaefer400TianS3Buckner7N.csv
INFO: skip (exists): data/clinical_connectome/derivatives/UNIPD/WashU/features/sub-STUNIPD0074/func/sub-STUNIPD0074_desc-motion.tsv
INFO: skip (exists): data/clinical_connectome/derivatives/UNIPD/WashU/features/sub-STUNIPD0074/func/sub-STUNIPD0074_desc-motion.json
INFO: skip (exists): data/clinical_connectome/derivatives/UNIPD/WashU/features/sub-STUNIPD0074/func/sub-STUNIPD0074_desc-outliers.tsv
INFO: skip (exists): data/clinical_connectome/derivatives/UNIPD/WashU/features/sub-STUNIPD0074/func/sub-STUNIPD0074_desc-outliers.json
INFO: skip (exists): data/clinical_connectome/derivatives/UNIPD/WashU/features/sub-STUNIPD0075/func/sub-STUNIPD0075_space-MNI152NLin6Asym_FC-pearson_atlas-GlasserTianS1Buckner7N.csv
INFO: skip (exists): data/clinical_connectome/derivatives/UNIPD/WashU/features/sub-STUNIPD0075/func/sub-STUNIPD0075_space-MNI152NLin6Asym_FC-pearson_atlas-GlasserTianS2Buckner7N.csv
INFO: skip (exists): data/clinical_connectome/derivatives/UNIPD/WashU/features/sub-STUNIPD0075/func/sub-STUNIPD0075_space-MNI152NLin6Asym_FC-pearson_atlas-GlasserTianS3Buckner7N.csv
INFO: skip (exists): data/clinical_connectome/derivatives/UNIPD/WashU/features/sub-STUNIPD0075/func/sub-STUNIPD0075_space-MNI152NLin6Asym_FC-pearson_atlas-Schaefer100TianS1Buckner7N.csv
INFO: skip (exists): data/clinical_connectome/derivatives/UNIPD/WashU/features/sub-STUNIPD0075/func/sub-STUNIPD0075_space-MNI152NLin6Asym_FC-pearson_atlas-Schaefer100TianS2Buckner7N.csv
INFO: skip (exists): data/clinical_connectome/derivatives/UNIPD/WashU/features/sub-STUNIPD0075/func/sub-STUNIPD0075_space-MNI152NLin6Asym_FC-pearson_atlas-Schaefer100TianS3Buckner7N.csv
INFO: skip (exists): data/clinical_connectome/derivatives/UNIPD/WashU/features/sub-STUNIPD0075/func/sub-STUNIPD0075_space-MNI152NLin6Asym_FC-pearson_atlas-Schaefer200TianS1Buckner7N.csv
INFO: skip (exists): data/clinical_connectome/derivatives/UNIPD/WashU/features/sub-STUNIPD0075/func/sub-STUNIPD0075_space-MNI152NLin6Asym_FC-pearson_atlas-Schaefer200TianS2Buckner7N.csv
INFO: skip (exists): data/clinical_connectome/derivatives/UNIPD/WashU/features/sub-STUNIPD0075/func/sub-STUNIPD0075_space-MNI152NLin6Asym_FC-pearson_atlas-Schaefer200TianS3Buckner7N.csv
INFO: skip (exists): data/clinical_connectome/derivatives/UNIPD/WashU/features/sub-STUNIPD0075/func/sub-STUNIPD0075_space-MNI152NLin6Asym_FC-pearson_atlas-Schaefer300TianS1Buckner7N.csv
INFO: skip (exists): data/clinical_connectome/derivatives/UNIPD/WashU/features/sub-STUNIPD0075/func/sub-STUNIPD0075_space-MNI152NLin6Asym_FC-pearson_atlas-Schaefer300TianS2Buckner7N.csv
INFO: skip (exists): data/clinical_connectome/derivatives/UNIPD/WashU/features/sub-STUNIPD0075/func/sub-STUNIPD0075_space-MNI152NLin6Asym_FC-pearson_atlas-Schaefer300TianS3Buckner7N.csv
INFO: skip (exists): data/clinical_connectome/derivatives/UNIPD/WashU/features/sub-STUNIPD0075/func/sub-STUNIPD0075_space-MNI152NLin6Asym_FC-pearson_atlas-Schaefer400TianS1Buckner7N.csv
INFO: skip (exists): data/clinical_connectome/derivatives/UNIPD/WashU/features/sub-STUNIPD0075/func/sub-STUNIPD0075_space-MNI152NLin6Asym_FC-pearson_atlas-Schaefer400TianS2Buckner7N.csv
INFO: skip (exists): data/clinical_connectome/derivatives/UNIPD/WashU/features/sub-STUNIPD0075/func/sub-STUNIPD0075_space-MNI152NLin6Asym_FC-pearson_atlas-Schaefer400TianS3Buckner7N.csv
INFO: skip (exists): data/clinical_connectome/derivatives/UNIPD/WashU/features/sub-STUNIPD0075/func/sub-STUNIPD0075_desc-motion.tsv
INFO: skip (exists): data/clinical_connectome/derivatives/UNIPD/WashU/features/sub-STUNIPD0075/func/sub-STUNIPD0075_desc-motion.json
INFO: skip (exists): data/clinical_connectome/derivatives/UNIPD/WashU/features/sub-STUNIPD0075/func/sub-STUNIPD0075_desc-outliers.tsv
INFO: skip (exists): data/clinical_connectome/derivatives/UNIPD/WashU/features/sub-STUNIPD0075/func/sub-STUNIPD0075_desc-outliers.json
INFO: skip (exists): data/clinical_connectome/derivatives/UNIPD/WashU/features/sub-STUNIPD0076/func/sub-STUNIPD0076_space-MNI152NLin6Asym_FC-pearson_atlas-GlasserTianS1Buckner7N.csv
INFO: skip (exists): data/clinical_connectome/derivatives/UNIPD/WashU/features/sub-STUNIPD0076/func/sub-STUNIPD0076_space-MNI152NLin6Asym_FC-pearson_atlas-GlasserTianS2Buckner7N.csv
INFO: skip (exists): data/clinical_connectome/derivatives/UNIPD/WashU/features/sub-STUNIPD0076/func/sub-STUNIPD0076_space-MNI152NLin6Asym_FC-pearson_atlas-GlasserTianS3Buckner7N.csv
INFO: skip (exists): data/clinical_connectome/derivatives/UNIPD/WashU/features/sub-STUNIPD0076/func/sub-STUNIPD0076_space-MNI152NLin6Asym_FC-pearson_atlas-Schaefer100TianS1Buckner7N.csv
INFO: skip (exists): data/clinical_connectome/derivatives/UNIPD/WashU/features/sub-STUNIPD0076/func/sub-STUNIPD0076_space-MNI152NLin6Asym_FC-pearson_atlas-Schaefer100TianS2Buckner7N.csv
INFO: skip (exists): data/clinical_connectome/derivatives/UNIPD/WashU/features/sub-STUNIPD0076/func/sub-STUNIPD0076_space-MNI152NLin6Asym_FC-pearson_atlas-Schaefer100TianS3Buckner7N.csv
INFO: skip (exists): data/clinical_connectome/derivatives/UNIPD/WashU/features/sub-STUNIPD0076/func/sub-STUNIPD0076_space-MNI152NLin6Asym_FC-pearson_atlas-Schaefer200TianS1Buckner7N.csv
INFO: skip (exists): data/clinical_connectome/derivatives/UNIPD/WashU/features/sub-STUNIPD0076/func/sub-STUNIPD0076_space-MNI152NLin6Asym_FC-pearson_atlas-Schaefer200TianS2Buckner7N.csv
INFO: skip (exists): data/clinical_connectome/derivatives/UNIPD/WashU/features/sub-STUNIPD0076/func/sub-STUNIPD0076_space-MNI152NLin6Asym_FC-pearson_atlas-Schaefer200TianS3Buckner7N.csv
INFO: skip (exists): data/clinical_connectome/derivatives/UNIPD/WashU/features/sub-STUNIPD0076/func/sub-STUNIPD0076_space-MNI152NLin6Asym_FC-pearson_atlas-Schaefer300TianS1Buckner7N.csv
INFO: skip (exists): data/clinical_connectome/derivatives/UNIPD/WashU/features/sub-STUNIPD0076/func/sub-STUNIPD0076_space-MNI152NLin6Asym_FC-pearson_atlas-Schaefer300TianS2Buckner7N.csv
INFO: skip (exists): data/clinical_connectome/derivatives/UNIPD/WashU/features/sub-STUNIPD0076/func/sub-STUNIPD0076_space-MNI152NLin6Asym_FC-pearson_atlas-Schaefer300TianS3Buckner7N.csv
INFO: skip (exists): data/clinical_connectome/derivatives/UNIPD/WashU/features/sub-STUNIPD0076/func/sub-STUNIPD0076_space-MNI152NLin6Asym_FC-pearson_atlas-Schaefer400TianS1Buckner7N.csv
INFO: skip (exists): data/clinical_connectome/derivatives/UNIPD/WashU/features/sub-STUNIPD0076/func/sub-STUNIPD0076_space-MNI152NLin6Asym_FC-pearson_atlas-Schaefer400TianS2Buckner7N.csv
INFO: skip (exists): data/clinical_connectome/derivatives/UNIPD/WashU/features/sub-STUNIPD0076/func/sub-STUNIPD0076_space-MNI152NLin6Asym_FC-pearson_atlas-Schaefer400TianS3Buckner7N.csv
INFO: skip (exists): data/clinical_connectome/derivatives/UNIPD/WashU/features/sub-STUNIPD0076/func/sub-STUNIPD0076_desc-motion.tsv
INFO: skip (exists): data/clinical_connectome/derivatives/UNIPD/WashU/features/sub-STUNIPD0076/func/sub-STUNIPD0076_desc-motion.json
INFO: skip (exists): data/clinical_connectome/derivatives/UNIPD/WashU/features/sub-STUNIPD0076/func/sub-STUNIPD0076_desc-outliers.tsv
INFO: skip (exists): data/clinical_connectome/derivatives/UNIPD/WashU/features/sub-STUNIPD0076/func/sub-STUNIPD0076_desc-outliers.json
INFO: skip (exists): data/clinical_connectome/derivatives/UNIPD/WashU/features/sub-STUNIPD0077/func/sub-STUNIPD0077_space-MNI152NLin6Asym_FC-pearson_atlas-GlasserTianS1Buckner7N.csv
INFO: skip (exists): data/clinical_connectome/derivatives/UNIPD/WashU/features/sub-STUNIPD0077/func/sub-STUNIPD0077_space-MNI152NLin6Asym_FC-pearson_atlas-GlasserTianS2Buckner7N.csv
INFO: skip (exists): data/clinical_connectome/derivatives/UNIPD/WashU/features/sub-STUNIPD0077/func/sub-STUNIPD0077_space-MNI152NLin6Asym_FC-pearson_atlas-GlasserTianS3Buckner7N.csv
INFO: skip (exists): data/clinical_connectome/derivatives/UNIPD/WashU/features/sub-STUNIPD0077/func/sub-STUNIPD0077_space-MNI152NLin6Asym_FC-pearson_atlas-Schaefer100TianS1Buckner7N.csv
INFO: skip (exists): data/clinical_connectome/derivatives/UNIPD/WashU/features/sub-STUNIPD0077/func/sub-STUNIPD0077_space-MNI152NLin6Asym_FC-pearson_atlas-Schaefer100TianS2Buckner7N.csv
INFO: skip (exists): data/clinical_connectome/derivatives/UNIPD/WashU/features/sub-STUNIPD0077/func/sub-STUNIPD0077_space-MNI152NLin6Asym_FC-pearson_atlas-Schaefer100TianS3Buckner7N.csv
INFO: skip (exists): data/clinical_connectome/derivatives/UNIPD/WashU/features/sub-STUNIPD0077/func/sub-STUNIPD0077_space-MNI152NLin6Asym_FC-pearson_atlas-Schaefer200TianS1Buckner7N.csv
INFO: skip (exists): data/clinical_connectome/derivatives/UNIPD/WashU/features/sub-STUNIPD0077/func/sub-STUNIPD0077_space-MNI152NLin6Asym_FC-pearson_atlas-Schaefer200TianS2Buckner7N.csv
INFO: skip (exists): data/clinical_connectome/derivatives/UNIPD/WashU/features/sub-STUNIPD0077/func/sub-STUNIPD0077_space-MNI152NLin6Asym_FC-pearson_atlas-Schaefer200TianS3Buckner7N.csv
INFO: skip (exists): data/clinical_connectome/derivatives/UNIPD/WashU/features/sub-STUNIPD0077/func/sub-STUNIPD0077_space-MNI152NLin6Asym_FC-pearson_atlas-Schaefer300TianS1Buckner7N.csv
INFO: skip (exists): data/clinical_connectome/derivatives/UNIPD/WashU/features/sub-STUNIPD0077/func/sub-STUNIPD0077_space-MNI152NLin6Asym_FC-pearson_atlas-Schaefer300TianS2Buckner7N.csv
INFO: skip (exists): data/clinical_connectome/derivatives/UNIPD/WashU/features/sub-STUNIPD0077/func/sub-STUNIPD0077_space-MNI152NLin6Asym_FC-pearson_atlas-Schaefer300TianS3Buckner7N.csv
INFO: skip (exists): data/clinical_connectome/derivatives/UNIPD/WashU/features/sub-STUNIPD0077/func/sub-STUNIPD0077_space-MNI152NLin6Asym_FC-pearson_atlas-Schaefer400TianS1Buckner7N.csv
INFO: skip (exists): data/clinical_connectome/derivatives/UNIPD/WashU/features/sub-STUNIPD0077/func/sub-STUNIPD0077_space-MNI152NLin6Asym_FC-pearson_atlas-Schaefer400TianS2Buckner7N.csv
INFO: skip (exists): data/clinical_connectome/derivatives/UNIPD/WashU/features/sub-STUNIPD0077/func/sub-STUNIPD0077_space-MNI152NLin6Asym_FC-pearson_atlas-Schaefer400TianS3Buckner7N.csv
INFO: skip (exists): data/clinical_connectome/derivatives/UNIPD/WashU/features/sub-STUNIPD0077/func/sub-STUNIPD0077_desc-motion.tsv
INFO: skip (exists): data/clinical_connectome/derivatives/UNIPD/WashU/features/sub-STUNIPD0077/func/sub-STUNIPD0077_desc-motion.json
INFO: skip (exists): data/clinical_connectome/derivatives/UNIPD/WashU/features/sub-STUNIPD0077/func/sub-STUNIPD0077_desc-outliers.tsv
INFO: skip (exists): data/clinical_connectome/derivatives/UNIPD/WashU/features/sub-STUNIPD0077/func/sub-STUNIPD0077_desc-outliers.json
INFO: skip (exists): data/clinical_connectome/derivatives/UNIPD/WashU/features/sub-STUNIPD0078/func/sub-STUNIPD0078_space-MNI152NLin6Asym_FC-pearson_atlas-GlasserTianS1Buckner7N.csv
INFO: skip (exists): data/clinical_connectome/derivatives/UNIPD/WashU/features/sub-STUNIPD0078/func/sub-STUNIPD0078_space-MNI152NLin6Asym_FC-pearson_atlas-GlasserTianS2Buckner7N.csv
INFO: skip (exists): data/clinical_connectome/derivatives/UNIPD/WashU/features/sub-STUNIPD0078/func/sub-STUNIPD0078_space-MNI152NLin6Asym_FC-pearson_atlas-GlasserTianS3Buckner7N.csv
INFO: skip (exists): data/clinical_connectome/derivatives/UNIPD/WashU/features/sub-STUNIPD0078/func/sub-STUNIPD0078_space-MNI152NLin6Asym_FC-pearson_atlas-Schaefer100TianS1Buckner7N.csv
INFO: skip (exists): data/clinical_connectome/derivatives/UNIPD/WashU/features/sub-STUNIPD0078/func/sub-STUNIPD0078_space-MNI152NLin6Asym_FC-pearson_atlas-Schaefer100TianS2Buckner7N.csv
INFO: skip (exists): data/clinical_connectome/derivatives/UNIPD/WashU/features/sub-STUNIPD0078/func/sub-STUNIPD0078_space-MNI152NLin6Asym_FC-pearson_atlas-Schaefer100TianS3Buckner7N.csv
INFO: skip (exists): data/clinical_connectome/derivatives/UNIPD/WashU/features/sub-STUNIPD0078/func/sub-STUNIPD0078_space-MNI152NLin6Asym_FC-pearson_atlas-Schaefer200TianS1Buckner7N.csv
INFO: skip (exists): data/clinical_connectome/derivatives/UNIPD/WashU/features/sub-STUNIPD0078/func/sub-STUNIPD0078_space-MNI152NLin6Asym_FC-pearson_atlas-Schaefer200TianS2Buckner7N.csv
INFO: skip (exists): data/clinical_connectome/derivatives/UNIPD/WashU/features/sub-STUNIPD0078/func/sub-STUNIPD0078_space-MNI152NLin6Asym_FC-pearson_atlas-Schaefer200TianS3Buckner7N.csv
INFO: skip (exists): data/clinical_connectome/derivatives/UNIPD/WashU/features/sub-STUNIPD0078/func/sub-STUNIPD0078_space-MNI152NLin6Asym_FC-pearson_atlas-Schaefer300TianS1Buckner7N.csv
INFO: skip (exists): data/clinical_connectome/derivatives/UNIPD/WashU/features/sub-STUNIPD0078/func/sub-STUNIPD0078_space-MNI152NLin6Asym_FC-pearson_atlas-Schaefer300TianS2Buckner7N.csv
INFO: skip (exists): data/clinical_connectome/derivatives/UNIPD/WashU/features/sub-STUNIPD0078/func/sub-STUNIPD0078_space-MNI152NLin6Asym_FC-pearson_atlas-Schaefer300TianS3Buckner7N.csv
INFO: skip (exists): data/clinical_connectome/derivatives/UNIPD/WashU/features/sub-STUNIPD0078/func/sub-STUNIPD0078_space-MNI152NLin6Asym_FC-pearson_atlas-Schaefer400TianS1Buckner7N.csv
INFO: skip (exists): data/clinical_connectome/derivatives/UNIPD/WashU/features/sub-STUNIPD0078/func/sub-STUNIPD0078_space-MNI152NLin6Asym_FC-pearson_atlas-Schaefer400TianS2Buckner7N.csv
INFO: skip (exists): data/clinical_connectome/derivatives/UNIPD/WashU/features/sub-STUNIPD0078/func/sub-STUNIPD0078_space-MNI152NLin6Asym_FC-pearson_atlas-Schaefer400TianS3Buckner7N.csv
INFO: skip (exists): data/clinical_connectome/derivatives/UNIPD/WashU/features/sub-STUNIPD0078/func/sub-STUNIPD0078_desc-motion.tsv
INFO: skip (exists): data/clinical_connectome/derivatives/UNIPD/WashU/features/sub-STUNIPD0078/func/sub-STUNIPD0078_desc-motion.json
INFO: skip (exists): data/clinical_connectome/derivatives/UNIPD/WashU/features/sub-STUNIPD0078/func/sub-STUNIPD0078_desc-outliers.tsv
INFO: skip (exists): data/clinical_connectome/derivatives/UNIPD/WashU/features/sub-STUNIPD0078/func/sub-STUNIPD0078_desc-outliers.json
INFO: skip (exists): data/clinical_connectome/derivatives/UNIPD/WashU/features/sub-STUNIPD0079/func/sub-STUNIPD0079_space-MNI152NLin6Asym_FC-pearson_atlas-GlasserTianS1Buckner7N.csv
INFO: skip (exists): data/clinical_connectome/derivatives/UNIPD/WashU/features/sub-STUNIPD0079/func/sub-STUNIPD0079_space-MNI152NLin6Asym_FC-pearson_atlas-GlasserTianS2Buckner7N.csv
INFO: skip (exists): data/clinical_connectome/derivatives/UNIPD/WashU/features/sub-STUNIPD0079/func/sub-STUNIPD0079_space-MNI152NLin6Asym_FC-pearson_atlas-GlasserTianS3Buckner7N.csv
INFO: skip (exists): data/clinical_connectome/derivatives/UNIPD/WashU/features/sub-STUNIPD0079/func/sub-STUNIPD0079_space-MNI152NLin6Asym_FC-pearson_atlas-Schaefer100TianS1Buckner7N.csv
INFO: skip (exists): data/clinical_connectome/derivatives/UNIPD/WashU/features/sub-STUNIPD0079/func/sub-STUNIPD0079_space-MNI152NLin6Asym_FC-pearson_atlas-Schaefer100TianS2Buckner7N.csv
INFO: skip (exists): data/clinical_connectome/derivatives/UNIPD/WashU/features/sub-STUNIPD0079/func/sub-STUNIPD0079_space-MNI152NLin6Asym_FC-pearson_atlas-Schaefer100TianS3Buckner7N.csv
INFO: skip (exists): data/clinical_connectome/derivatives/UNIPD/WashU/features/sub-STUNIPD0079/func/sub-STUNIPD0079_space-MNI152NLin6Asym_FC-pearson_atlas-Schaefer200TianS1Buckner7N.csv
INFO: skip (exists): data/clinical_connectome/derivatives/UNIPD/WashU/features/sub-STUNIPD0079/func/sub-STUNIPD0079_space-MNI152NLin6Asym_FC-pearson_atlas-Schaefer200TianS2Buckner7N.csv
INFO: skip (exists): data/clinical_connectome/derivatives/UNIPD/WashU/features/sub-STUNIPD0079/func/sub-STUNIPD0079_space-MNI152NLin6Asym_FC-pearson_atlas-Schaefer200TianS3Buckner7N.csv
INFO: skip (exists): data/clinical_connectome/derivatives/UNIPD/WashU/features/sub-STUNIPD0079/func/sub-STUNIPD0079_space-MNI152NLin6Asym_FC-pearson_atlas-Schaefer300TianS1Buckner7N.csv
INFO: skip (exists): data/clinical_connectome/derivatives/UNIPD/WashU/features/sub-STUNIPD0079/func/sub-STUNIPD0079_space-MNI152NLin6Asym_FC-pearson_atlas-Schaefer300TianS2Buckner7N.csv
INFO: skip (exists): data/clinical_connectome/derivatives/UNIPD/WashU/features/sub-STUNIPD0079/func/sub-STUNIPD0079_space-MNI152NLin6Asym_FC-pearson_atlas-Schaefer300TianS3Buckner7N.csv
INFO: skip (exists): data/clinical_connectome/derivatives/UNIPD/WashU/features/sub-STUNIPD0079/func/sub-STUNIPD0079_space-MNI152NLin6Asym_FC-pearson_atlas-Schaefer400TianS1Buckner7N.csv
INFO: skip (exists): data/clinical_connectome/derivatives/UNIPD/WashU/features/sub-STUNIPD0079/func/sub-STUNIPD0079_space-MNI152NLin6Asym_FC-pearson_atlas-Schaefer400TianS2Buckner7N.csv
INFO: skip (exists): data/clinical_connectome/derivatives/UNIPD/WashU/features/sub-STUNIPD0079/func/sub-STUNIPD0079_space-MNI152NLin6Asym_FC-pearson_atlas-Schaefer400TianS3Buckner7N.csv
INFO: skip (exists): data/clinical_connectome/derivatives/UNIPD/WashU/features/sub-STUNIPD0079/func/sub-STUNIPD0079_desc-motion.tsv
INFO: skip (exists): data/clinical_connectome/derivatives/UNIPD/WashU/features/sub-STUNIPD0079/func/sub-STUNIPD0079_desc-motion.json
INFO: skip (exists): data/clinical_connectome/derivatives/UNIPD/WashU/features/sub-STUNIPD0079/func/sub-STUNIPD0079_desc-outliers.tsv
INFO: skip (exists): data/clinical_connectome/derivatives/UNIPD/WashU/features/sub-STUNIPD0079/func/sub-STUNIPD0079_desc-outliers.json
INFO: skip (exists): data/clinical_connectome/derivatives/UNIPD/WashU/features/sub-STUNIPD0080/func/sub-STUNIPD0080_space-MNI152NLin6Asym_FC-pearson_atlas-GlasserTianS1Buckner7N.csv
INFO: skip (exists): data/clinical_connectome/derivatives/UNIPD/WashU/features/sub-STUNIPD0080/func/sub-STUNIPD0080_space-MNI152NLin6Asym_FC-pearson_atlas-GlasserTianS2Buckner7N.csv
INFO: skip (exists): data/clinical_connectome/derivatives/UNIPD/WashU/features/sub-STUNIPD0080/func/sub-STUNIPD0080_space-MNI152NLin6Asym_FC-pearson_atlas-GlasserTianS3Buckner7N.csv
INFO: skip (exists): data/clinical_connectome/derivatives/UNIPD/WashU/features/sub-STUNIPD0080/func/sub-STUNIPD0080_space-MNI152NLin6Asym_FC-pearson_atlas-Schaefer100TianS1Buckner7N.csv
INFO: skip (exists): data/clinical_connectome/derivatives/UNIPD/WashU/features/sub-STUNIPD0080/func/sub-STUNIPD0080_space-MNI152NLin6Asym_FC-pearson_atlas-Schaefer100TianS2Buckner7N.csv
INFO: skip (exists): data/clinical_connectome/derivatives/UNIPD/WashU/features/sub-STUNIPD0080/func/sub-STUNIPD0080_space-MNI152NLin6Asym_FC-pearson_atlas-Schaefer100TianS3Buckner7N.csv
INFO: skip (exists): data/clinical_connectome/derivatives/UNIPD/WashU/features/sub-STUNIPD0080/func/sub-STUNIPD0080_space-MNI152NLin6Asym_FC-pearson_atlas-Schaefer200TianS1Buckner7N.csv
INFO: skip (exists): data/clinical_connectome/derivatives/UNIPD/WashU/features/sub-STUNIPD0080/func/sub-STUNIPD0080_space-MNI152NLin6Asym_FC-pearson_atlas-Schaefer200TianS2Buckner7N.csv
INFO: skip (exists): data/clinical_connectome/derivatives/UNIPD/WashU/features/sub-STUNIPD0080/func/sub-STUNIPD0080_space-MNI152NLin6Asym_FC-pearson_atlas-Schaefer200TianS3Buckner7N.csv
INFO: skip (exists): data/clinical_connectome/derivatives/UNIPD/WashU/features/sub-STUNIPD0080/func/sub-STUNIPD0080_space-MNI152NLin6Asym_FC-pearson_atlas-Schaefer300TianS1Buckner7N.csv
INFO: skip (exists): data/clinical_connectome/derivatives/UNIPD/WashU/features/sub-STUNIPD0080/func/sub-STUNIPD0080_space-MNI152NLin6Asym_FC-pearson_atlas-Schaefer300TianS2Buckner7N.csv
INFO: skip (exists): data/clinical_connectome/derivatives/UNIPD/WashU/features/sub-STUNIPD0080/func/sub-STUNIPD0080_space-MNI152NLin6Asym_FC-pearson_atlas-Schaefer300TianS3Buckner7N.csv
INFO: skip (exists): data/clinical_connectome/derivatives/UNIPD/WashU/features/sub-STUNIPD0080/func/sub-STUNIPD0080_space-MNI152NLin6Asym_FC-pearson_atlas-Schaefer400TianS1Buckner7N.csv
INFO: skip (exists): data/clinical_connectome/derivatives/UNIPD/WashU/features/sub-STUNIPD0080/func/sub-STUNIPD0080_space-MNI152NLin6Asym_FC-pearson_atlas-Schaefer400TianS2Buckner7N.csv
INFO: skip (exists): data/clinical_connectome/derivatives/UNIPD/WashU/features/sub-STUNIPD0080/func/sub-STUNIPD0080_space-MNI152NLin6Asym_FC-pearson_atlas-Schaefer400TianS3Buckner7N.csv
INFO: skip (exists): data/clinical_connectome/derivatives/UNIPD/WashU/features/sub-STUNIPD0080/func/sub-STUNIPD0080_desc-motion.tsv
INFO: skip (exists): data/clinical_connectome/derivatives/UNIPD/WashU/features/sub-STUNIPD0080/func/sub-STUNIPD0080_desc-motion.json
INFO: skip (exists): data/clinical_connectome/derivatives/UNIPD/WashU/features/sub-STUNIPD0080/func/sub-STUNIPD0080_desc-outliers.tsv
INFO: skip (exists): data/clinical_connectome/derivatives/UNIPD/WashU/features/sub-STUNIPD0080/func/sub-STUNIPD0080_desc-outliers.json
INFO: skip (exists): data/clinical_connectome/derivatives/UNIPD/WashU/features/sub-STUNIPD0081/func/sub-STUNIPD0081_space-MNI152NLin6Asym_FC-pearson_atlas-GlasserTianS1Buckner7N.csv
INFO: skip (exists): data/clinical_connectome/derivatives/UNIPD/WashU/features/sub-STUNIPD0081/func/sub-STUNIPD0081_space-MNI152NLin6Asym_FC-pearson_atlas-GlasserTianS2Buckner7N.csv
INFO: skip (exists): data/clinical_connectome/derivatives/UNIPD/WashU/features/sub-STUNIPD0081/func/sub-STUNIPD0081_space-MNI152NLin6Asym_FC-pearson_atlas-GlasserTianS3Buckner7N.csv
INFO: skip (exists): data/clinical_connectome/derivatives/UNIPD/WashU/features/sub-STUNIPD0081/func/sub-STUNIPD0081_space-MNI152NLin6Asym_FC-pearson_atlas-Schaefer100TianS1Buckner7N.csv
INFO: skip (exists): data/clinical_connectome/derivatives/UNIPD/WashU/features/sub-STUNIPD0081/func/sub-STUNIPD0081_space-MNI152NLin6Asym_FC-pearson_atlas-Schaefer100TianS2Buckner7N.csv
INFO: skip (exists): data/clinical_connectome/derivatives/UNIPD/WashU/features/sub-STUNIPD0081/func/sub-STUNIPD0081_space-MNI152NLin6Asym_FC-pearson_atlas-Schaefer100TianS3Buckner7N.csv
INFO: skip (exists): data/clinical_connectome/derivatives/UNIPD/WashU/features/sub-STUNIPD0081/func/sub-STUNIPD0081_space-MNI152NLin6Asym_FC-pearson_atlas-Schaefer200TianS1Buckner7N.csv
INFO: skip (exists): data/clinical_connectome/derivatives/UNIPD/WashU/features/sub-STUNIPD0081/func/sub-STUNIPD0081_space-MNI152NLin6Asym_FC-pearson_atlas-Schaefer200TianS2Buckner7N.csv
INFO: skip (exists): data/clinical_connectome/derivatives/UNIPD/WashU/features/sub-STUNIPD0081/func/sub-STUNIPD0081_space-MNI152NLin6Asym_FC-pearson_atlas-Schaefer200TianS3Buckner7N.csv
INFO: skip (exists): data/clinical_connectome/derivatives/UNIPD/WashU/features/sub-STUNIPD0081/func/sub-STUNIPD0081_space-MNI152NLin6Asym_FC-pearson_atlas-Schaefer300TianS1Buckner7N.csv
INFO: skip (exists): data/clinical_connectome/derivatives/UNIPD/WashU/features/sub-STUNIPD0081/func/sub-STUNIPD0081_space-MNI152NLin6Asym_FC-pearson_atlas-Schaefer300TianS2Buckner7N.csv
INFO: skip (exists): data/clinical_connectome/derivatives/UNIPD/WashU/features/sub-STUNIPD0081/func/sub-STUNIPD0081_space-MNI152NLin6Asym_FC-pearson_atlas-Schaefer300TianS3Buckner7N.csv
INFO: skip (exists): data/clinical_connectome/derivatives/UNIPD/WashU/features/sub-STUNIPD0081/func/sub-STUNIPD0081_space-MNI152NLin6Asym_FC-pearson_atlas-Schaefer400TianS1Buckner7N.csv
INFO: skip (exists): data/clinical_connectome/derivatives/UNIPD/WashU/features/sub-STUNIPD0081/func/sub-STUNIPD0081_space-MNI152NLin6Asym_FC-pearson_atlas-Schaefer400TianS2Buckner7N.csv
INFO: skip (exists): data/clinical_connectome/derivatives/UNIPD/WashU/features/sub-STUNIPD0081/func/sub-STUNIPD0081_space-MNI152NLin6Asym_FC-pearson_atlas-Schaefer400TianS3Buckner7N.csv
INFO: skip (exists): data/clinical_connectome/derivatives/UNIPD/WashU/features/sub-STUNIPD0081/func/sub-STUNIPD0081_desc-motion.tsv
INFO: skip (exists): data/clinical_connectome/derivatives/UNIPD/WashU/features/sub-STUNIPD0081/func/sub-STUNIPD0081_desc-motion.json
INFO: skip (exists): data/clinical_connectome/derivatives/UNIPD/WashU/features/sub-STUNIPD0081/func/sub-STUNIPD0081_desc-outliers.tsv
INFO: skip (exists): data/clinical_connectome/derivatives/UNIPD/WashU/features/sub-STUNIPD0081/func/sub-STUNIPD0081_desc-outliers.json
INFO: skip (exists): data/clinical_connectome/derivatives/UNIPD/WashU/features/sub-STUNIPD0082/func/sub-STUNIPD0082_space-MNI152NLin6Asym_FC-pearson_atlas-GlasserTianS1Buckner7N.csv
INFO: skip (exists): data/clinical_connectome/derivatives/UNIPD/WashU/features/sub-STUNIPD0082/func/sub-STUNIPD0082_space-MNI152NLin6Asym_FC-pearson_atlas-GlasserTianS2Buckner7N.csv
INFO: skip (exists): data/clinical_connectome/derivatives/UNIPD/WashU/features/sub-STUNIPD0082/func/sub-STUNIPD0082_space-MNI152NLin6Asym_FC-pearson_atlas-GlasserTianS3Buckner7N.csv
INFO: skip (exists): data/clinical_connectome/derivatives/UNIPD/WashU/features/sub-STUNIPD0082/func/sub-STUNIPD0082_space-MNI152NLin6Asym_FC-pearson_atlas-Schaefer100TianS1Buckner7N.csv
INFO: skip (exists): data/clinical_connectome/derivatives/UNIPD/WashU/features/sub-STUNIPD0082/func/sub-STUNIPD0082_space-MNI152NLin6Asym_FC-pearson_atlas-Schaefer100TianS2Buckner7N.csv
INFO: skip (exists): data/clinical_connectome/derivatives/UNIPD/WashU/features/sub-STUNIPD0082/func/sub-STUNIPD0082_space-MNI152NLin6Asym_FC-pearson_atlas-Schaefer100TianS3Buckner7N.csv
INFO: skip (exists): data/clinical_connectome/derivatives/UNIPD/WashU/features/sub-STUNIPD0082/func/sub-STUNIPD0082_space-MNI152NLin6Asym_FC-pearson_atlas-Schaefer200TianS1Buckner7N.csv
INFO: skip (exists): data/clinical_connectome/derivatives/UNIPD/WashU/features/sub-STUNIPD0082/func/sub-STUNIPD0082_space-MNI152NLin6Asym_FC-pearson_atlas-Schaefer200TianS2Buckner7N.csv
INFO: skip (exists): data/clinical_connectome/derivatives/UNIPD/WashU/features/sub-STUNIPD0082/func/sub-STUNIPD0082_space-MNI152NLin6Asym_FC-pearson_atlas-Schaefer200TianS3Buckner7N.csv
INFO: skip (exists): data/clinical_connectome/derivatives/UNIPD/WashU/features/sub-STUNIPD0082/func/sub-STUNIPD0082_space-MNI152NLin6Asym_FC-pearson_atlas-Schaefer300TianS1Buckner7N.csv
INFO: skip (exists): data/clinical_connectome/derivatives/UNIPD/WashU/features/sub-STUNIPD0082/func/sub-STUNIPD0082_space-MNI152NLin6Asym_FC-pearson_atlas-Schaefer300TianS2Buckner7N.csv
INFO: skip (exists): data/clinical_connectome/derivatives/UNIPD/WashU/features/sub-STUNIPD0082/func/sub-STUNIPD0082_space-MNI152NLin6Asym_FC-pearson_atlas-Schaefer300TianS3Buckner7N.csv
INFO: skip (exists): data/clinical_connectome/derivatives/UNIPD/WashU/features/sub-STUNIPD0082/func/sub-STUNIPD0082_space-MNI152NLin6Asym_FC-pearson_atlas-Schaefer400TianS1Buckner7N.csv
INFO: skip (exists): data/clinical_connectome/derivatives/UNIPD/WashU/features/sub-STUNIPD0082/func/sub-STUNIPD0082_space-MNI152NLin6Asym_FC-pearson_atlas-Schaefer400TianS2Buckner7N.csv
INFO: skip (exists): data/clinical_connectome/derivatives/UNIPD/WashU/features/sub-STUNIPD0082/func/sub-STUNIPD0082_space-MNI152NLin6Asym_FC-pearson_atlas-Schaefer400TianS3Buckner7N.csv
INFO: skip (exists): data/clinical_connectome/derivatives/UNIPD/WashU/features/sub-STUNIPD0082/func/sub-STUNIPD0082_desc-motion.tsv
INFO: skip (exists): data/clinical_connectome/derivatives/UNIPD/WashU/features/sub-STUNIPD0082/func/sub-STUNIPD0082_desc-motion.json
INFO: skip (exists): data/clinical_connectome/derivatives/UNIPD/WashU/features/sub-STUNIPD0082/func/sub-STUNIPD0082_desc-outliers.tsv
INFO: skip (exists): data/clinical_connectome/derivatives/UNIPD/WashU/features/sub-STUNIPD0082/func/sub-STUNIPD0082_desc-outliers.json
INFO: skip (exists): data/clinical_connectome/derivatives/UNIPD/WashU/features/sub-STUNIPD0083/func/sub-STUNIPD0083_space-MNI152NLin6Asym_FC-pearson_atlas-GlasserTianS1Buckner7N.csv
INFO: skip (exists): data/clinical_connectome/derivatives/UNIPD/WashU/features/sub-STUNIPD0083/func/sub-STUNIPD0083_space-MNI152NLin6Asym_FC-pearson_atlas-GlasserTianS2Buckner7N.csv
INFO: skip (exists): data/clinical_connectome/derivatives/UNIPD/WashU/features/sub-STUNIPD0083/func/sub-STUNIPD0083_space-MNI152NLin6Asym_FC-pearson_atlas-GlasserTianS3Buckner7N.csv
INFO: skip (exists): data/clinical_connectome/derivatives/UNIPD/WashU/features/sub-STUNIPD0083/func/sub-STUNIPD0083_space-MNI152NLin6Asym_FC-pearson_atlas-Schaefer100TianS1Buckner7N.csv
INFO: skip (exists): data/clinical_connectome/derivatives/UNIPD/WashU/features/sub-STUNIPD0083/func/sub-STUNIPD0083_space-MNI152NLin6Asym_FC-pearson_atlas-Schaefer100TianS2Buckner7N.csv
INFO: skip (exists): data/clinical_connectome/derivatives/UNIPD/WashU/features/sub-STUNIPD0083/func/sub-STUNIPD0083_space-MNI152NLin6Asym_FC-pearson_atlas-Schaefer100TianS3Buckner7N.csv
INFO: skip (exists): data/clinical_connectome/derivatives/UNIPD/WashU/features/sub-STUNIPD0083/func/sub-STUNIPD0083_space-MNI152NLin6Asym_FC-pearson_atlas-Schaefer200TianS1Buckner7N.csv
INFO: skip (exists): data/clinical_connectome/derivatives/UNIPD/WashU/features/sub-STUNIPD0083/func/sub-STUNIPD0083_space-MNI152NLin6Asym_FC-pearson_atlas-Schaefer200TianS2Buckner7N.csv
INFO: skip (exists): data/clinical_connectome/derivatives/UNIPD/WashU/features/sub-STUNIPD0083/func/sub-STUNIPD0083_space-MNI152NLin6Asym_FC-pearson_atlas-Schaefer200TianS3Buckner7N.csv
INFO: skip (exists): data/clinical_connectome/derivatives/UNIPD/WashU/features/sub-STUNIPD0083/func/sub-STUNIPD0083_space-MNI152NLin6Asym_FC-pearson_atlas-Schaefer300TianS1Buckner7N.csv
INFO: skip (exists): data/clinical_connectome/derivatives/UNIPD/WashU/features/sub-STUNIPD0083/func/sub-STUNIPD0083_space-MNI152NLin6Asym_FC-pearson_atlas-Schaefer300TianS2Buckner7N.csv
INFO: skip (exists): data/clinical_connectome/derivatives/UNIPD/WashU/features/sub-STUNIPD0083/func/sub-STUNIPD0083_space-MNI152NLin6Asym_FC-pearson_atlas-Schaefer300TianS3Buckner7N.csv
INFO: skip (exists): data/clinical_connectome/derivatives/UNIPD/WashU/features/sub-STUNIPD0083/func/sub-STUNIPD0083_space-MNI152NLin6Asym_FC-pearson_atlas-Schaefer400TianS1Buckner7N.csv
INFO: skip (exists): data/clinical_connectome/derivatives/UNIPD/WashU/features/sub-STUNIPD0083/func/sub-STUNIPD0083_space-MNI152NLin6Asym_FC-pearson_atlas-Schaefer400TianS2Buckner7N.csv
INFO: skip (exists): data/clinical_connectome/derivatives/UNIPD/WashU/features/sub-STUNIPD0083/func/sub-STUNIPD0083_space-MNI152NLin6Asym_FC-pearson_atlas-Schaefer400TianS3Buckner7N.csv
INFO: skip (exists): data/clinical_connectome/derivatives/UNIPD/WashU/features/sub-STUNIPD0083/func/sub-STUNIPD0083_desc-motion.tsv
INFO: skip (exists): data/clinical_connectome/derivatives/UNIPD/WashU/features/sub-STUNIPD0083/func/sub-STUNIPD0083_desc-motion.json
INFO: skip (exists): data/clinical_connectome/derivatives/UNIPD/WashU/features/sub-STUNIPD0083/func/sub-STUNIPD0083_desc-outliers.tsv
INFO: skip (exists): data/clinical_connectome/derivatives/UNIPD/WashU/features/sub-STUNIPD0083/func/sub-STUNIPD0083_desc-outliers.json
INFO: skip (exists): data/clinical_connectome/derivatives/UNIPD/WashU/features/sub-STUNIPD0084/func/sub-STUNIPD0084_space-MNI152NLin6Asym_FC-pearson_atlas-GlasserTianS1Buckner7N.csv
INFO: skip (exists): data/clinical_connectome/derivatives/UNIPD/WashU/features/sub-STUNIPD0084/func/sub-STUNIPD0084_space-MNI152NLin6Asym_FC-pearson_atlas-GlasserTianS2Buckner7N.csv
INFO: skip (exists): data/clinical_connectome/derivatives/UNIPD/WashU/features/sub-STUNIPD0084/func/sub-STUNIPD0084_space-MNI152NLin6Asym_FC-pearson_atlas-GlasserTianS3Buckner7N.csv
INFO: skip (exists): data/clinical_connectome/derivatives/UNIPD/WashU/features/sub-STUNIPD0084/func/sub-STUNIPD0084_space-MNI152NLin6Asym_FC-pearson_atlas-Schaefer100TianS1Buckner7N.csv
INFO: skip (exists): data/clinical_connectome/derivatives/UNIPD/WashU/features/sub-STUNIPD0084/func/sub-STUNIPD0084_space-MNI152NLin6Asym_FC-pearson_atlas-Schaefer100TianS2Buckner7N.csv
INFO: skip (exists): data/clinical_connectome/derivatives/UNIPD/WashU/features/sub-STUNIPD0084/func/sub-STUNIPD0084_space-MNI152NLin6Asym_FC-pearson_atlas-Schaefer100TianS3Buckner7N.csv
INFO: skip (exists): data/clinical_connectome/derivatives/UNIPD/WashU/features/sub-STUNIPD0084/func/sub-STUNIPD0084_space-MNI152NLin6Asym_FC-pearson_atlas-Schaefer200TianS1Buckner7N.csv
INFO: skip (exists): data/clinical_connectome/derivatives/UNIPD/WashU/features/sub-STUNIPD0084/func/sub-STUNIPD0084_space-MNI152NLin6Asym_FC-pearson_atlas-Schaefer200TianS2Buckner7N.csv
INFO: skip (exists): data/clinical_connectome/derivatives/UNIPD/WashU/features/sub-STUNIPD0084/func/sub-STUNIPD0084_space-MNI152NLin6Asym_FC-pearson_atlas-Schaefer200TianS3Buckner7N.csv
INFO: skip (exists): data/clinical_connectome/derivatives/UNIPD/WashU/features/sub-STUNIPD0084/func/sub-STUNIPD0084_space-MNI152NLin6Asym_FC-pearson_atlas-Schaefer300TianS1Buckner7N.csv
INFO: skip (exists): data/clinical_connectome/derivatives/UNIPD/WashU/features/sub-STUNIPD0084/func/sub-STUNIPD0084_space-MNI152NLin6Asym_FC-pearson_atlas-Schaefer300TianS2Buckner7N.csv
INFO: skip (exists): data/clinical_connectome/derivatives/UNIPD/WashU/features/sub-STUNIPD0084/func/sub-STUNIPD0084_space-MNI152NLin6Asym_FC-pearson_atlas-Schaefer300TianS3Buckner7N.csv
INFO: skip (exists): data/clinical_connectome/derivatives/UNIPD/WashU/features/sub-STUNIPD0084/func/sub-STUNIPD0084_space-MNI152NLin6Asym_FC-pearson_atlas-Schaefer400TianS1Buckner7N.csv
INFO: skip (exists): data/clinical_connectome/derivatives/UNIPD/WashU/features/sub-STUNIPD0084/func/sub-STUNIPD0084_space-MNI152NLin6Asym_FC-pearson_atlas-Schaefer400TianS2Buckner7N.csv
INFO: skip (exists): data/clinical_connectome/derivatives/UNIPD/WashU/features/sub-STUNIPD0084/func/sub-STUNIPD0084_space-MNI152NLin6Asym_FC-pearson_atlas-Schaefer400TianS3Buckner7N.csv
INFO: skip (exists): data/clinical_connectome/derivatives/UNIPD/WashU/features/sub-STUNIPD0084/func/sub-STUNIPD0084_desc-motion.tsv
INFO: skip (exists): data/clinical_connectome/derivatives/UNIPD/WashU/features/sub-STUNIPD0084/func/sub-STUNIPD0084_desc-motion.json
INFO: skip (exists): data/clinical_connectome/derivatives/UNIPD/WashU/features/sub-STUNIPD0084/func/sub-STUNIPD0084_desc-outliers.tsv
INFO: skip (exists): data/clinical_connectome/derivatives/UNIPD/WashU/features/sub-STUNIPD0084/func/sub-STUNIPD0084_desc-outliers.json
INFO: skip (exists): data/clinical_connectome/derivatives/UNIPD/WashU/features/sub-STUNIPD0085/func/sub-STUNIPD0085_space-MNI152NLin6Asym_FC-pearson_atlas-GlasserTianS1Buckner7N.csv
INFO: skip (exists): data/clinical_connectome/derivatives/UNIPD/WashU/features/sub-STUNIPD0085/func/sub-STUNIPD0085_space-MNI152NLin6Asym_FC-pearson_atlas-GlasserTianS2Buckner7N.csv
INFO: skip (exists): data/clinical_connectome/derivatives/UNIPD/WashU/features/sub-STUNIPD0085/func/sub-STUNIPD0085_space-MNI152NLin6Asym_FC-pearson_atlas-GlasserTianS3Buckner7N.csv
INFO: skip (exists): data/clinical_connectome/derivatives/UNIPD/WashU/features/sub-STUNIPD0085/func/sub-STUNIPD0085_space-MNI152NLin6Asym_FC-pearson_atlas-Schaefer100TianS1Buckner7N.csv
INFO: skip (exists): data/clinical_connectome/derivatives/UNIPD/WashU/features/sub-STUNIPD0085/func/sub-STUNIPD0085_space-MNI152NLin6Asym_FC-pearson_atlas-Schaefer100TianS2Buckner7N.csv
INFO: skip (exists): data/clinical_connectome/derivatives/UNIPD/WashU/features/sub-STUNIPD0085/func/sub-STUNIPD0085_space-MNI152NLin6Asym_FC-pearson_atlas-Schaefer100TianS3Buckner7N.csv
INFO: skip (exists): data/clinical_connectome/derivatives/UNIPD/WashU/features/sub-STUNIPD0085/func/sub-STUNIPD0085_space-MNI152NLin6Asym_FC-pearson_atlas-Schaefer200TianS1Buckner7N.csv
INFO: skip (exists): data/clinical_connectome/derivatives/UNIPD/WashU/features/sub-STUNIPD0085/func/sub-STUNIPD0085_space-MNI152NLin6Asym_FC-pearson_atlas-Schaefer200TianS2Buckner7N.csv
INFO: skip (exists): data/clinical_connectome/derivatives/UNIPD/WashU/features/sub-STUNIPD0085/func/sub-STUNIPD0085_space-MNI152NLin6Asym_FC-pearson_atlas-Schaefer200TianS3Buckner7N.csv
INFO: skip (exists): data/clinical_connectome/derivatives/UNIPD/WashU/features/sub-STUNIPD0085/func/sub-STUNIPD0085_space-MNI152NLin6Asym_FC-pearson_atlas-Schaefer300TianS1Buckner7N.csv
INFO: skip (exists): data/clinical_connectome/derivatives/UNIPD/WashU/features/sub-STUNIPD0085/func/sub-STUNIPD0085_space-MNI152NLin6Asym_FC-pearson_atlas-Schaefer300TianS2Buckner7N.csv
INFO: skip (exists): data/clinical_connectome/derivatives/UNIPD/WashU/features/sub-STUNIPD0085/func/sub-STUNIPD0085_space-MNI152NLin6Asym_FC-pearson_atlas-Schaefer300TianS3Buckner7N.csv
INFO: skip (exists): data/clinical_connectome/derivatives/UNIPD/WashU/features/sub-STUNIPD0085/func/sub-STUNIPD0085_space-MNI152NLin6Asym_FC-pearson_atlas-Schaefer400TianS1Buckner7N.csv
INFO: skip (exists): data/clinical_connectome/derivatives/UNIPD/WashU/features/sub-STUNIPD0085/func/sub-STUNIPD0085_space-MNI152NLin6Asym_FC-pearson_atlas-Schaefer400TianS2Buckner7N.csv
INFO: skip (exists): data/clinical_connectome/derivatives/UNIPD/WashU/features/sub-STUNIPD0085/func/sub-STUNIPD0085_space-MNI152NLin6Asym_FC-pearson_atlas-Schaefer400TianS3Buckner7N.csv
INFO: skip (exists): data/clinical_connectome/derivatives/UNIPD/WashU/features/sub-STUNIPD0085/func/sub-STUNIPD0085_desc-motion.tsv
INFO: skip (exists): data/clinical_connectome/derivatives/UNIPD/WashU/features/sub-STUNIPD0085/func/sub-STUNIPD0085_desc-motion.json
INFO: skip (exists): data/clinical_connectome/derivatives/UNIPD/WashU/features/sub-STUNIPD0085/func/sub-STUNIPD0085_desc-outliers.tsv
INFO: skip (exists): data/clinical_connectome/derivatives/UNIPD/WashU/features/sub-STUNIPD0085/func/sub-STUNIPD0085_desc-outliers.json
INFO: skip (exists): data/clinical_connectome/derivatives/UNIPD/WashU/features/sub-STUNIPD0088/func/sub-STUNIPD0088_space-MNI152NLin6Asym_FC-pearson_atlas-GlasserTianS1Buckner7N.csv
INFO: skip (exists): data/clinical_connectome/derivatives/UNIPD/WashU/features/sub-STUNIPD0088/func/sub-STUNIPD0088_space-MNI152NLin6Asym_FC-pearson_atlas-GlasserTianS2Buckner7N.csv
INFO: skip (exists): data/clinical_connectome/derivatives/UNIPD/WashU/features/sub-STUNIPD0088/func/sub-STUNIPD0088_space-MNI152NLin6Asym_FC-pearson_atlas-GlasserTianS3Buckner7N.csv
INFO: skip (exists): data/clinical_connectome/derivatives/UNIPD/WashU/features/sub-STUNIPD0088/func/sub-STUNIPD0088_space-MNI152NLin6Asym_FC-pearson_atlas-Schaefer100TianS1Buckner7N.csv
INFO: skip (exists): data/clinical_connectome/derivatives/UNIPD/WashU/features/sub-STUNIPD0088/func/sub-STUNIPD0088_space-MNI152NLin6Asym_FC-pearson_atlas-Schaefer100TianS2Buckner7N.csv
INFO: skip (exists): data/clinical_connectome/derivatives/UNIPD/WashU/features/sub-STUNIPD0088/func/sub-STUNIPD0088_space-MNI152NLin6Asym_FC-pearson_atlas-Schaefer100TianS3Buckner7N.csv
INFO: skip (exists): data/clinical_connectome/derivatives/UNIPD/WashU/features/sub-STUNIPD0088/func/sub-STUNIPD0088_space-MNI152NLin6Asym_FC-pearson_atlas-Schaefer200TianS1Buckner7N.csv
INFO: skip (exists): data/clinical_connectome/derivatives/UNIPD/WashU/features/sub-STUNIPD0088/func/sub-STUNIPD0088_space-MNI152NLin6Asym_FC-pearson_atlas-Schaefer200TianS2Buckner7N.csv
INFO: skip (exists): data/clinical_connectome/derivatives/UNIPD/WashU/features/sub-STUNIPD0088/func/sub-STUNIPD0088_space-MNI152NLin6Asym_FC-pearson_atlas-Schaefer200TianS3Buckner7N.csv
INFO: skip (exists): data/clinical_connectome/derivatives/UNIPD/WashU/features/sub-STUNIPD0088/func/sub-STUNIPD0088_space-MNI152NLin6Asym_FC-pearson_atlas-Schaefer300TianS1Buckner7N.csv
INFO: skip (exists): data/clinical_connectome/derivatives/UNIPD/WashU/features/sub-STUNIPD0088/func/sub-STUNIPD0088_space-MNI152NLin6Asym_FC-pearson_atlas-Schaefer300TianS2Buckner7N.csv
INFO: skip (exists): data/clinical_connectome/derivatives/UNIPD/WashU/features/sub-STUNIPD0088/func/sub-STUNIPD0088_space-MNI152NLin6Asym_FC-pearson_atlas-Schaefer300TianS3Buckner7N.csv
INFO: skip (exists): data/clinical_connectome/derivatives/UNIPD/WashU/features/sub-STUNIPD0088/func/sub-STUNIPD0088_space-MNI152NLin6Asym_FC-pearson_atlas-Schaefer400TianS1Buckner7N.csv
INFO: skip (exists): data/clinical_connectome/derivatives/UNIPD/WashU/features/sub-STUNIPD0088/func/sub-STUNIPD0088_space-MNI152NLin6Asym_FC-pearson_atlas-Schaefer400TianS2Buckner7N.csv
INFO: skip (exists): data/clinical_connectome/derivatives/UNIPD/WashU/features/sub-STUNIPD0088/func/sub-STUNIPD0088_space-MNI152NLin6Asym_FC-pearson_atlas-Schaefer400TianS3Buckner7N.csv
INFO: skip (exists): data/clinical_connectome/derivatives/UNIPD/WashU/features/sub-STUNIPD0088/func/sub-STUNIPD0088_desc-motion.tsv
INFO: skip (exists): data/clinical_connectome/derivatives/UNIPD/WashU/features/sub-STUNIPD0088/func/sub-STUNIPD0088_desc-motion.json
INFO: skip (exists): data/clinical_connectome/derivatives/UNIPD/WashU/features/sub-STUNIPD0088/func/sub-STUNIPD0088_desc-outliers.tsv
INFO: skip (exists): data/clinical_connectome/derivatives/UNIPD/WashU/features/sub-STUNIPD0088/func/sub-STUNIPD0088_desc-outliers.json
INFO: skip (exists): data/clinical_connectome/derivatives/UNIPD/WashU/features/sub-STUNIPD0091/func/sub-STUNIPD0091_space-MNI152NLin6Asym_FC-pearson_atlas-GlasserTianS1Buckner7N.csv
INFO: skip (exists): data/clinical_connectome/derivatives/UNIPD/WashU/features/sub-STUNIPD0091/func/sub-STUNIPD0091_space-MNI152NLin6Asym_FC-pearson_atlas-GlasserTianS2Buckner7N.csv
INFO: skip (exists): data/clinical_connectome/derivatives/UNIPD/WashU/features/sub-STUNIPD0091/func/sub-STUNIPD0091_space-MNI152NLin6Asym_FC-pearson_atlas-GlasserTianS3Buckner7N.csv
INFO: skip (exists): data/clinical_connectome/derivatives/UNIPD/WashU/features/sub-STUNIPD0091/func/sub-STUNIPD0091_space-MNI152NLin6Asym_FC-pearson_atlas-Schaefer100TianS1Buckner7N.csv
INFO: skip (exists): data/clinical_connectome/derivatives/UNIPD/WashU/features/sub-STUNIPD0091/func/sub-STUNIPD0091_space-MNI152NLin6Asym_FC-pearson_atlas-Schaefer100TianS2Buckner7N.csv
INFO: skip (exists): data/clinical_connectome/derivatives/UNIPD/WashU/features/sub-STUNIPD0091/func/sub-STUNIPD0091_space-MNI152NLin6Asym_FC-pearson_atlas-Schaefer100TianS3Buckner7N.csv
INFO: skip (exists): data/clinical_connectome/derivatives/UNIPD/WashU/features/sub-STUNIPD0091/func/sub-STUNIPD0091_space-MNI152NLin6Asym_FC-pearson_atlas-Schaefer200TianS1Buckner7N.csv
INFO: skip (exists): data/clinical_connectome/derivatives/UNIPD/WashU/features/sub-STUNIPD0091/func/sub-STUNIPD0091_space-MNI152NLin6Asym_FC-pearson_atlas-Schaefer200TianS2Buckner7N.csv
INFO: skip (exists): data/clinical_connectome/derivatives/UNIPD/WashU/features/sub-STUNIPD0091/func/sub-STUNIPD0091_space-MNI152NLin6Asym_FC-pearson_atlas-Schaefer200TianS3Buckner7N.csv
INFO: skip (exists): data/clinical_connectome/derivatives/UNIPD/WashU/features/sub-STUNIPD0091/func/sub-STUNIPD0091_space-MNI152NLin6Asym_FC-pearson_atlas-Schaefer300TianS1Buckner7N.csv
INFO: skip (exists): data/clinical_connectome/derivatives/UNIPD/WashU/features/sub-STUNIPD0091/func/sub-STUNIPD0091_space-MNI152NLin6Asym_FC-pearson_atlas-Schaefer300TianS2Buckner7N.csv
INFO: skip (exists): data/clinical_connectome/derivatives/UNIPD/WashU/features/sub-STUNIPD0091/func/sub-STUNIPD0091_space-MNI152NLin6Asym_FC-pearson_atlas-Schaefer300TianS3Buckner7N.csv
INFO: skip (exists): data/clinical_connectome/derivatives/UNIPD/WashU/features/sub-STUNIPD0091/func/sub-STUNIPD0091_space-MNI152NLin6Asym_FC-pearson_atlas-Schaefer400TianS1Buckner7N.csv
INFO: skip (exists): data/clinical_connectome/derivatives/UNIPD/WashU/features/sub-STUNIPD0091/func/sub-STUNIPD0091_space-MNI152NLin6Asym_FC-pearson_atlas-Schaefer400TianS2Buckner7N.csv
INFO: skip (exists): data/clinical_connectome/derivatives/UNIPD/WashU/features/sub-STUNIPD0091/func/sub-STUNIPD0091_space-MNI152NLin6Asym_FC-pearson_atlas-Schaefer400TianS3Buckner7N.csv
INFO: skip (exists): data/clinical_connectome/derivatives/UNIPD/WashU/features/sub-STUNIPD0091/func/sub-STUNIPD0091_desc-motion.tsv
INFO: skip (exists): data/clinical_connectome/derivatives/UNIPD/WashU/features/sub-STUNIPD0091/func/sub-STUNIPD0091_desc-motion.json
INFO: skip (exists): data/clinical_connectome/derivatives/UNIPD/WashU/features/sub-STUNIPD0091/func/sub-STUNIPD0091_desc-outliers.tsv
INFO: skip (exists): data/clinical_connectome/derivatives/UNIPD/WashU/features/sub-STUNIPD0091/func/sub-STUNIPD0091_desc-outliers.json
INFO: skip (exists): data/clinical_connectome/derivatives/UNIPD/WashU/features/sub-STUNIPD0092/func/sub-STUNIPD0092_space-MNI152NLin6Asym_FC-pearson_atlas-GlasserTianS1Buckner7N.csv
INFO: skip (exists): data/clinical_connectome/derivatives/UNIPD/WashU/features/sub-STUNIPD0092/func/sub-STUNIPD0092_space-MNI152NLin6Asym_FC-pearson_atlas-GlasserTianS2Buckner7N.csv
INFO: skip (exists): data/clinical_connectome/derivatives/UNIPD/WashU/features/sub-STUNIPD0092/func/sub-STUNIPD0092_space-MNI152NLin6Asym_FC-pearson_atlas-GlasserTianS3Buckner7N.csv
INFO: skip (exists): data/clinical_connectome/derivatives/UNIPD/WashU/features/sub-STUNIPD0092/func/sub-STUNIPD0092_space-MNI152NLin6Asym_FC-pearson_atlas-Schaefer100TianS1Buckner7N.csv
INFO: skip (exists): data/clinical_connectome/derivatives/UNIPD/WashU/features/sub-STUNIPD0092/func/sub-STUNIPD0092_space-MNI152NLin6Asym_FC-pearson_atlas-Schaefer100TianS2Buckner7N.csv
INFO: skip (exists): data/clinical_connectome/derivatives/UNIPD/WashU/features/sub-STUNIPD0092/func/sub-STUNIPD0092_space-MNI152NLin6Asym_FC-pearson_atlas-Schaefer100TianS3Buckner7N.csv
INFO: skip (exists): data/clinical_connectome/derivatives/UNIPD/WashU/features/sub-STUNIPD0092/func/sub-STUNIPD0092_space-MNI152NLin6Asym_FC-pearson_atlas-Schaefer200TianS1Buckner7N.csv
INFO: skip (exists): data/clinical_connectome/derivatives/UNIPD/WashU/features/sub-STUNIPD0092/func/sub-STUNIPD0092_space-MNI152NLin6Asym_FC-pearson_atlas-Schaefer200TianS2Buckner7N.csv
INFO: skip (exists): data/clinical_connectome/derivatives/UNIPD/WashU/features/sub-STUNIPD0092/func/sub-STUNIPD0092_space-MNI152NLin6Asym_FC-pearson_atlas-Schaefer200TianS3Buckner7N.csv
INFO: skip (exists): data/clinical_connectome/derivatives/UNIPD/WashU/features/sub-STUNIPD0092/func/sub-STUNIPD0092_space-MNI152NLin6Asym_FC-pearson_atlas-Schaefer300TianS1Buckner7N.csv
INFO: skip (exists): data/clinical_connectome/derivatives/UNIPD/WashU/features/sub-STUNIPD0092/func/sub-STUNIPD0092_space-MNI152NLin6Asym_FC-pearson_atlas-Schaefer300TianS2Buckner7N.csv
INFO: skip (exists): data/clinical_connectome/derivatives/UNIPD/WashU/features/sub-STUNIPD0092/func/sub-STUNIPD0092_space-MNI152NLin6Asym_FC-pearson_atlas-Schaefer300TianS3Buckner7N.csv
INFO: skip (exists): data/clinical_connectome/derivatives/UNIPD/WashU/features/sub-STUNIPD0092/func/sub-STUNIPD0092_space-MNI152NLin6Asym_FC-pearson_atlas-Schaefer400TianS1Buckner7N.csv
INFO: skip (exists): data/clinical_connectome/derivatives/UNIPD/WashU/features/sub-STUNIPD0092/func/sub-STUNIPD0092_space-MNI152NLin6Asym_FC-pearson_atlas-Schaefer400TianS2Buckner7N.csv
INFO: skip (exists): data/clinical_connectome/derivatives/UNIPD/WashU/features/sub-STUNIPD0092/func/sub-STUNIPD0092_space-MNI152NLin6Asym_FC-pearson_atlas-Schaefer400TianS3Buckner7N.csv
INFO: skip (exists): data/clinical_connectome/derivatives/UNIPD/WashU/features/sub-STUNIPD0092/func/sub-STUNIPD0092_desc-motion.tsv
INFO: skip (exists): data/clinical_connectome/derivatives/UNIPD/WashU/features/sub-STUNIPD0092/func/sub-STUNIPD0092_desc-motion.json
INFO: skip (exists): data/clinical_connectome/derivatives/UNIPD/WashU/features/sub-STUNIPD0092/func/sub-STUNIPD0092_desc-outliers.tsv
INFO: skip (exists): data/clinical_connectome/derivatives/UNIPD/WashU/features/sub-STUNIPD0092/func/sub-STUNIPD0092_desc-outliers.json
INFO: skip (exists): data/clinical_connectome/derivatives/UNIPD/WashU/features/sub-STUNIPD0094/func/sub-STUNIPD0094_space-MNI152NLin6Asym_FC-pearson_atlas-GlasserTianS1Buckner7N.csv
INFO: skip (exists): data/clinical_connectome/derivatives/UNIPD/WashU/features/sub-STUNIPD0094/func/sub-STUNIPD0094_space-MNI152NLin6Asym_FC-pearson_atlas-GlasserTianS2Buckner7N.csv
INFO: skip (exists): data/clinical_connectome/derivatives/UNIPD/WashU/features/sub-STUNIPD0094/func/sub-STUNIPD0094_space-MNI152NLin6Asym_FC-pearson_atlas-GlasserTianS3Buckner7N.csv
INFO: skip (exists): data/clinical_connectome/derivatives/UNIPD/WashU/features/sub-STUNIPD0094/func/sub-STUNIPD0094_space-MNI152NLin6Asym_FC-pearson_atlas-Schaefer100TianS1Buckner7N.csv
INFO: skip (exists): data/clinical_connectome/derivatives/UNIPD/WashU/features/sub-STUNIPD0094/func/sub-STUNIPD0094_space-MNI152NLin6Asym_FC-pearson_atlas-Schaefer100TianS2Buckner7N.csv
INFO: skip (exists): data/clinical_connectome/derivatives/UNIPD/WashU/features/sub-STUNIPD0094/func/sub-STUNIPD0094_space-MNI152NLin6Asym_FC-pearson_atlas-Schaefer100TianS3Buckner7N.csv
INFO: skip (exists): data/clinical_connectome/derivatives/UNIPD/WashU/features/sub-STUNIPD0094/func/sub-STUNIPD0094_space-MNI152NLin6Asym_FC-pearson_atlas-Schaefer200TianS1Buckner7N.csv
INFO: skip (exists): data/clinical_connectome/derivatives/UNIPD/WashU/features/sub-STUNIPD0094/func/sub-STUNIPD0094_space-MNI152NLin6Asym_FC-pearson_atlas-Schaefer200TianS2Buckner7N.csv
INFO: skip (exists): data/clinical_connectome/derivatives/UNIPD/WashU/features/sub-STUNIPD0094/func/sub-STUNIPD0094_space-MNI152NLin6Asym_FC-pearson_atlas-Schaefer200TianS3Buckner7N.csv
INFO: skip (exists): data/clinical_connectome/derivatives/UNIPD/WashU/features/sub-STUNIPD0094/func/sub-STUNIPD0094_space-MNI152NLin6Asym_FC-pearson_atlas-Schaefer300TianS1Buckner7N.csv
INFO: skip (exists): data/clinical_connectome/derivatives/UNIPD/WashU/features/sub-STUNIPD0094/func/sub-STUNIPD0094_space-MNI152NLin6Asym_FC-pearson_atlas-Schaefer300TianS2Buckner7N.csv
INFO: skip (exists): data/clinical_connectome/derivatives/UNIPD/WashU/features/sub-STUNIPD0094/func/sub-STUNIPD0094_space-MNI152NLin6Asym_FC-pearson_atlas-Schaefer300TianS3Buckner7N.csv
INFO: skip (exists): data/clinical_connectome/derivatives/UNIPD/WashU/features/sub-STUNIPD0094/func/sub-STUNIPD0094_space-MNI152NLin6Asym_FC-pearson_atlas-Schaefer400TianS1Buckner7N.csv
INFO: skip (exists): data/clinical_connectome/derivatives/UNIPD/WashU/features/sub-STUNIPD0094/func/sub-STUNIPD0094_space-MNI152NLin6Asym_FC-pearson_atlas-Schaefer400TianS2Buckner7N.csv
INFO: skip (exists): data/clinical_connectome/derivatives/UNIPD/WashU/features/sub-STUNIPD0094/func/sub-STUNIPD0094_space-MNI152NLin6Asym_FC-pearson_atlas-Schaefer400TianS3Buckner7N.csv
INFO: skip (exists): data/clinical_connectome/derivatives/UNIPD/WashU/features/sub-STUNIPD0094/func/sub-STUNIPD0094_desc-motion.tsv
INFO: skip (exists): data/clinical_connectome/derivatives/UNIPD/WashU/features/sub-STUNIPD0094/func/sub-STUNIPD0094_desc-motion.json
INFO: skip (exists): data/clinical_connectome/derivatives/UNIPD/WashU/features/sub-STUNIPD0094/func/sub-STUNIPD0094_desc-outliers.tsv
INFO: skip (exists): data/clinical_connectome/derivatives/UNIPD/WashU/features/sub-STUNIPD0094/func/sub-STUNIPD0094_desc-outliers.json
INFO: skip (exists): data/clinical_connectome/derivatives/UNIPD/WashU/features/sub-STUNIPD0095/func/sub-STUNIPD0095_space-MNI152NLin6Asym_FC-pearson_atlas-GlasserTianS1Buckner7N.csv
INFO: skip (exists): data/clinical_connectome/derivatives/UNIPD/WashU/features/sub-STUNIPD0095/func/sub-STUNIPD0095_space-MNI152NLin6Asym_FC-pearson_atlas-GlasserTianS2Buckner7N.csv
INFO: skip (exists): data/clinical_connectome/derivatives/UNIPD/WashU/features/sub-STUNIPD0095/func/sub-STUNIPD0095_space-MNI152NLin6Asym_FC-pearson_atlas-GlasserTianS3Buckner7N.csv
INFO: skip (exists): data/clinical_connectome/derivatives/UNIPD/WashU/features/sub-STUNIPD0095/func/sub-STUNIPD0095_space-MNI152NLin6Asym_FC-pearson_atlas-Schaefer100TianS1Buckner7N.csv
INFO: skip (exists): data/clinical_connectome/derivatives/UNIPD/WashU/features/sub-STUNIPD0095/func/sub-STUNIPD0095_space-MNI152NLin6Asym_FC-pearson_atlas-Schaefer100TianS2Buckner7N.csv
INFO: skip (exists): data/clinical_connectome/derivatives/UNIPD/WashU/features/sub-STUNIPD0095/func/sub-STUNIPD0095_space-MNI152NLin6Asym_FC-pearson_atlas-Schaefer100TianS3Buckner7N.csv
INFO: skip (exists): data/clinical_connectome/derivatives/UNIPD/WashU/features/sub-STUNIPD0095/func/sub-STUNIPD0095_space-MNI152NLin6Asym_FC-pearson_atlas-Schaefer200TianS1Buckner7N.csv
INFO: skip (exists): data/clinical_connectome/derivatives/UNIPD/WashU/features/sub-STUNIPD0095/func/sub-STUNIPD0095_space-MNI152NLin6Asym_FC-pearson_atlas-Schaefer200TianS2Buckner7N.csv
INFO: skip (exists): data/clinical_connectome/derivatives/UNIPD/WashU/features/sub-STUNIPD0095/func/sub-STUNIPD0095_space-MNI152NLin6Asym_FC-pearson_atlas-Schaefer200TianS3Buckner7N.csv
INFO: skip (exists): data/clinical_connectome/derivatives/UNIPD/WashU/features/sub-STUNIPD0095/func/sub-STUNIPD0095_space-MNI152NLin6Asym_FC-pearson_atlas-Schaefer300TianS1Buckner7N.csv
INFO: skip (exists): data/clinical_connectome/derivatives/UNIPD/WashU/features/sub-STUNIPD0095/func/sub-STUNIPD0095_space-MNI152NLin6Asym_FC-pearson_atlas-Schaefer300TianS2Buckner7N.csv
INFO: skip (exists): data/clinical_connectome/derivatives/UNIPD/WashU/features/sub-STUNIPD0095/func/sub-STUNIPD0095_space-MNI152NLin6Asym_FC-pearson_atlas-Schaefer300TianS3Buckner7N.csv
INFO: skip (exists): data/clinical_connectome/derivatives/UNIPD/WashU/features/sub-STUNIPD0095/func/sub-STUNIPD0095_space-MNI152NLin6Asym_FC-pearson_atlas-Schaefer400TianS1Buckner7N.csv
INFO: skip (exists): data/clinical_connectome/derivatives/UNIPD/WashU/features/sub-STUNIPD0095/func/sub-STUNIPD0095_space-MNI152NLin6Asym_FC-pearson_atlas-Schaefer400TianS2Buckner7N.csv
INFO: skip (exists): data/clinical_connectome/derivatives/UNIPD/WashU/features/sub-STUNIPD0095/func/sub-STUNIPD0095_space-MNI152NLin6Asym_FC-pearson_atlas-Schaefer400TianS3Buckner7N.csv
INFO: skip (exists): data/clinical_connectome/derivatives/UNIPD/WashU/features/sub-STUNIPD0095/func/sub-STUNIPD0095_desc-motion.tsv
INFO: skip (exists): data/clinical_connectome/derivatives/UNIPD/WashU/features/sub-STUNIPD0095/func/sub-STUNIPD0095_desc-motion.json
INFO: skip (exists): data/clinical_connectome/derivatives/UNIPD/WashU/features/sub-STUNIPD0095/func/sub-STUNIPD0095_desc-outliers.tsv
INFO: skip (exists): data/clinical_connectome/derivatives/UNIPD/WashU/features/sub-STUNIPD0095/func/sub-STUNIPD0095_desc-outliers.json
INFO: skip (exists): data/clinical_connectome/derivatives/UNIPD/WashU/features/sub-STUNIPD0096/func/sub-STUNIPD0096_space-MNI152NLin6Asym_FC-pearson_atlas-GlasserTianS1Buckner7N.csv
INFO: skip (exists): data/clinical_connectome/derivatives/UNIPD/WashU/features/sub-STUNIPD0096/func/sub-STUNIPD0096_space-MNI152NLin6Asym_FC-pearson_atlas-GlasserTianS2Buckner7N.csv
INFO: skip (exists): data/clinical_connectome/derivatives/UNIPD/WashU/features/sub-STUNIPD0096/func/sub-STUNIPD0096_space-MNI152NLin6Asym_FC-pearson_atlas-GlasserTianS3Buckner7N.csv
INFO: skip (exists): data/clinical_connectome/derivatives/UNIPD/WashU/features/sub-STUNIPD0096/func/sub-STUNIPD0096_space-MNI152NLin6Asym_FC-pearson_atlas-Schaefer100TianS1Buckner7N.csv
INFO: skip (exists): data/clinical_connectome/derivatives/UNIPD/WashU/features/sub-STUNIPD0096/func/sub-STUNIPD0096_space-MNI152NLin6Asym_FC-pearson_atlas-Schaefer100TianS2Buckner7N.csv
INFO: skip (exists): data/clinical_connectome/derivatives/UNIPD/WashU/features/sub-STUNIPD0096/func/sub-STUNIPD0096_space-MNI152NLin6Asym_FC-pearson_atlas-Schaefer100TianS3Buckner7N.csv
INFO: skip (exists): data/clinical_connectome/derivatives/UNIPD/WashU/features/sub-STUNIPD0096/func/sub-STUNIPD0096_space-MNI152NLin6Asym_FC-pearson_atlas-Schaefer200TianS1Buckner7N.csv
INFO: skip (exists): data/clinical_connectome/derivatives/UNIPD/WashU/features/sub-STUNIPD0096/func/sub-STUNIPD0096_space-MNI152NLin6Asym_FC-pearson_atlas-Schaefer200TianS2Buckner7N.csv
INFO: skip (exists): data/clinical_connectome/derivatives/UNIPD/WashU/features/sub-STUNIPD0096/func/sub-STUNIPD0096_space-MNI152NLin6Asym_FC-pearson_atlas-Schaefer200TianS3Buckner7N.csv
INFO: skip (exists): data/clinical_connectome/derivatives/UNIPD/WashU/features/sub-STUNIPD0096/func/sub-STUNIPD0096_space-MNI152NLin6Asym_FC-pearson_atlas-Schaefer300TianS1Buckner7N.csv
INFO: skip (exists): data/clinical_connectome/derivatives/UNIPD/WashU/features/sub-STUNIPD0096/func/sub-STUNIPD0096_space-MNI152NLin6Asym_FC-pearson_atlas-Schaefer300TianS2Buckner7N.csv
INFO: skip (exists): data/clinical_connectome/derivatives/UNIPD/WashU/features/sub-STUNIPD0096/func/sub-STUNIPD0096_space-MNI152NLin6Asym_FC-pearson_atlas-Schaefer300TianS3Buckner7N.csv
INFO: skip (exists): data/clinical_connectome/derivatives/UNIPD/WashU/features/sub-STUNIPD0096/func/sub-STUNIPD0096_space-MNI152NLin6Asym_FC-pearson_atlas-Schaefer400TianS1Buckner7N.csv
INFO: skip (exists): data/clinical_connectome/derivatives/UNIPD/WashU/features/sub-STUNIPD0096/func/sub-STUNIPD0096_space-MNI152NLin6Asym_FC-pearson_atlas-Schaefer400TianS2Buckner7N.csv
INFO: skip (exists): data/clinical_connectome/derivatives/UNIPD/WashU/features/sub-STUNIPD0096/func/sub-STUNIPD0096_space-MNI152NLin6Asym_FC-pearson_atlas-Schaefer400TianS3Buckner7N.csv
INFO: skip (exists): data/clinical_connectome/derivatives/UNIPD/WashU/features/sub-STUNIPD0096/func/sub-STUNIPD0096_desc-motion.tsv
INFO: skip (exists): data/clinical_connectome/derivatives/UNIPD/WashU/features/sub-STUNIPD0096/func/sub-STUNIPD0096_desc-motion.json
INFO: skip (exists): data/clinical_connectome/derivatives/UNIPD/WashU/features/sub-STUNIPD0096/func/sub-STUNIPD0096_desc-outliers.tsv
INFO: skip (exists): data/clinical_connectome/derivatives/UNIPD/WashU/features/sub-STUNIPD0096/func/sub-STUNIPD0096_desc-outliers.json
INFO: skip (exists): data/clinical_connectome/derivatives/UNIPD/WashU/features/sub-STUNIPD0098/func/sub-STUNIPD0098_space-MNI152NLin6Asym_FC-pearson_atlas-GlasserTianS1Buckner7N.csv
INFO: skip (exists): data/clinical_connectome/derivatives/UNIPD/WashU/features/sub-STUNIPD0098/func/sub-STUNIPD0098_space-MNI152NLin6Asym_FC-pearson_atlas-GlasserTianS2Buckner7N.csv
INFO: skip (exists): data/clinical_connectome/derivatives/UNIPD/WashU/features/sub-STUNIPD0098/func/sub-STUNIPD0098_space-MNI152NLin6Asym_FC-pearson_atlas-GlasserTianS3Buckner7N.csv
INFO: skip (exists): data/clinical_connectome/derivatives/UNIPD/WashU/features/sub-STUNIPD0098/func/sub-STUNIPD0098_space-MNI152NLin6Asym_FC-pearson_atlas-Schaefer100TianS1Buckner7N.csv
INFO: skip (exists): data/clinical_connectome/derivatives/UNIPD/WashU/features/sub-STUNIPD0098/func/sub-STUNIPD0098_space-MNI152NLin6Asym_FC-pearson_atlas-Schaefer100TianS2Buckner7N.csv
INFO: skip (exists): data/clinical_connectome/derivatives/UNIPD/WashU/features/sub-STUNIPD0098/func/sub-STUNIPD0098_space-MNI152NLin6Asym_FC-pearson_atlas-Schaefer100TianS3Buckner7N.csv
INFO: skip (exists): data/clinical_connectome/derivatives/UNIPD/WashU/features/sub-STUNIPD0098/func/sub-STUNIPD0098_space-MNI152NLin6Asym_FC-pearson_atlas-Schaefer200TianS1Buckner7N.csv
INFO: skip (exists): data/clinical_connectome/derivatives/UNIPD/WashU/features/sub-STUNIPD0098/func/sub-STUNIPD0098_space-MNI152NLin6Asym_FC-pearson_atlas-Schaefer200TianS2Buckner7N.csv
INFO: skip (exists): data/clinical_connectome/derivatives/UNIPD/WashU/features/sub-STUNIPD0098/func/sub-STUNIPD0098_space-MNI152NLin6Asym_FC-pearson_atlas-Schaefer200TianS3Buckner7N.csv
INFO: skip (exists): data/clinical_connectome/derivatives/UNIPD/WashU/features/sub-STUNIPD0098/func/sub-STUNIPD0098_space-MNI152NLin6Asym_FC-pearson_atlas-Schaefer300TianS1Buckner7N.csv
INFO: skip (exists): data/clinical_connectome/derivatives/UNIPD/WashU/features/sub-STUNIPD0098/func/sub-STUNIPD0098_space-MNI152NLin6Asym_FC-pearson_atlas-Schaefer300TianS2Buckner7N.csv
INFO: skip (exists): data/clinical_connectome/derivatives/UNIPD/WashU/features/sub-STUNIPD0098/func/sub-STUNIPD0098_space-MNI152NLin6Asym_FC-pearson_atlas-Schaefer300TianS3Buckner7N.csv
INFO: skip (exists): data/clinical_connectome/derivatives/UNIPD/WashU/features/sub-STUNIPD0098/func/sub-STUNIPD0098_space-MNI152NLin6Asym_FC-pearson_atlas-Schaefer400TianS1Buckner7N.csv
INFO: skip (exists): data/clinical_connectome/derivatives/UNIPD/WashU/features/sub-STUNIPD0098/func/sub-STUNIPD0098_space-MNI152NLin6Asym_FC-pearson_atlas-Schaefer400TianS2Buckner7N.csv
INFO: skip (exists): data/clinical_connectome/derivatives/UNIPD/WashU/features/sub-STUNIPD0098/func/sub-STUNIPD0098_space-MNI152NLin6Asym_FC-pearson_atlas-Schaefer400TianS3Buckner7N.csv
INFO: skip (exists): data/clinical_connectome/derivatives/UNIPD/WashU/features/sub-STUNIPD0098/func/sub-STUNIPD0098_desc-motion.tsv
INFO: skip (exists): data/clinical_connectome/derivatives/UNIPD/WashU/features/sub-STUNIPD0098/func/sub-STUNIPD0098_desc-motion.json
INFO: skip (exists): data/clinical_connectome/derivatives/UNIPD/WashU/features/sub-STUNIPD0098/func/sub-STUNIPD0098_desc-outliers.tsv
INFO: skip (exists): data/clinical_connectome/derivatives/UNIPD/WashU/features/sub-STUNIPD0098/func/sub-STUNIPD0098_desc-outliers.json
INFO: skip (exists): data/clinical_connectome/derivatives/UNIPD/WashU/features/sub-STUNIPD0099/func/sub-STUNIPD0099_space-MNI152NLin6Asym_FC-pearson_atlas-GlasserTianS1Buckner7N.csv
INFO: skip (exists): data/clinical_connectome/derivatives/UNIPD/WashU/features/sub-STUNIPD0099/func/sub-STUNIPD0099_space-MNI152NLin6Asym_FC-pearson_atlas-GlasserTianS2Buckner7N.csv
INFO: skip (exists): data/clinical_connectome/derivatives/UNIPD/WashU/features/sub-STUNIPD0099/func/sub-STUNIPD0099_space-MNI152NLin6Asym_FC-pearson_atlas-GlasserTianS3Buckner7N.csv
INFO: skip (exists): data/clinical_connectome/derivatives/UNIPD/WashU/features/sub-STUNIPD0099/func/sub-STUNIPD0099_space-MNI152NLin6Asym_FC-pearson_atlas-Schaefer100TianS1Buckner7N.csv
INFO: skip (exists): data/clinical_connectome/derivatives/UNIPD/WashU/features/sub-STUNIPD0099/func/sub-STUNIPD0099_space-MNI152NLin6Asym_FC-pearson_atlas-Schaefer100TianS2Buckner7N.csv
INFO: skip (exists): data/clinical_connectome/derivatives/UNIPD/WashU/features/sub-STUNIPD0099/func/sub-STUNIPD0099_space-MNI152NLin6Asym_FC-pearson_atlas-Schaefer100TianS3Buckner7N.csv
INFO: skip (exists): data/clinical_connectome/derivatives/UNIPD/WashU/features/sub-STUNIPD0099/func/sub-STUNIPD0099_space-MNI152NLin6Asym_FC-pearson_atlas-Schaefer200TianS1Buckner7N.csv
INFO: skip (exists): data/clinical_connectome/derivatives/UNIPD/WashU/features/sub-STUNIPD0099/func/sub-STUNIPD0099_space-MNI152NLin6Asym_FC-pearson_atlas-Schaefer200TianS2Buckner7N.csv
INFO: skip (exists): data/clinical_connectome/derivatives/UNIPD/WashU/features/sub-STUNIPD0099/func/sub-STUNIPD0099_space-MNI152NLin6Asym_FC-pearson_atlas-Schaefer200TianS3Buckner7N.csv
INFO: skip (exists): data/clinical_connectome/derivatives/UNIPD/WashU/features/sub-STUNIPD0099/func/sub-STUNIPD0099_space-MNI152NLin6Asym_FC-pearson_atlas-Schaefer300TianS1Buckner7N.csv
INFO: skip (exists): data/clinical_connectome/derivatives/UNIPD/WashU/features/sub-STUNIPD0099/func/sub-STUNIPD0099_space-MNI152NLin6Asym_FC-pearson_atlas-Schaefer300TianS2Buckner7N.csv
INFO: skip (exists): data/clinical_connectome/derivatives/UNIPD/WashU/features/sub-STUNIPD0099/func/sub-STUNIPD0099_space-MNI152NLin6Asym_FC-pearson_atlas-Schaefer300TianS3Buckner7N.csv
INFO: skip (exists): data/clinical_connectome/derivatives/UNIPD/WashU/features/sub-STUNIPD0099/func/sub-STUNIPD0099_space-MNI152NLin6Asym_FC-pearson_atlas-Schaefer400TianS1Buckner7N.csv
INFO: skip (exists): data/clinical_connectome/derivatives/UNIPD/WashU/features/sub-STUNIPD0099/func/sub-STUNIPD0099_space-MNI152NLin6Asym_FC-pearson_atlas-Schaefer400TianS2Buckner7N.csv
INFO: skip (exists): data/clinical_connectome/derivatives/UNIPD/WashU/features/sub-STUNIPD0099/func/sub-STUNIPD0099_space-MNI152NLin6Asym_FC-pearson_atlas-Schaefer400TianS3Buckner7N.csv
INFO: skip (exists): data/clinical_connectome/derivatives/UNIPD/WashU/features/sub-STUNIPD0099/func/sub-STUNIPD0099_desc-motion.tsv
INFO: skip (exists): data/clinical_connectome/derivatives/UNIPD/WashU/features/sub-STUNIPD0099/func/sub-STUNIPD0099_desc-motion.json
INFO: skip (exists): data/clinical_connectome/derivatives/UNIPD/WashU/features/sub-STUNIPD0099/func/sub-STUNIPD0099_desc-outliers.tsv
INFO: skip (exists): data/clinical_connectome/derivatives/UNIPD/WashU/features/sub-STUNIPD0099/func/sub-STUNIPD0099_desc-outliers.json
INFO: skip (exists): data/clinical_connectome/derivatives/UNIPD/WashU/features/sub-STUNIPD0100/func/sub-STUNIPD0100_space-MNI152NLin6Asym_FC-pearson_atlas-GlasserTianS1Buckner7N.csv
INFO: skip (exists): data/clinical_connectome/derivatives/UNIPD/WashU/features/sub-STUNIPD0100/func/sub-STUNIPD0100_space-MNI152NLin6Asym_FC-pearson_atlas-GlasserTianS2Buckner7N.csv
INFO: skip (exists): data/clinical_connectome/derivatives/UNIPD/WashU/features/sub-STUNIPD0100/func/sub-STUNIPD0100_space-MNI152NLin6Asym_FC-pearson_atlas-GlasserTianS3Buckner7N.csv
INFO: skip (exists): data/clinical_connectome/derivatives/UNIPD/WashU/features/sub-STUNIPD0100/func/sub-STUNIPD0100_space-MNI152NLin6Asym_FC-pearson_atlas-Schaefer100TianS1Buckner7N.csv
INFO: skip (exists): data/clinical_connectome/derivatives/UNIPD/WashU/features/sub-STUNIPD0100/func/sub-STUNIPD0100_space-MNI152NLin6Asym_FC-pearson_atlas-Schaefer100TianS2Buckner7N.csv
INFO: skip (exists): data/clinical_connectome/derivatives/UNIPD/WashU/features/sub-STUNIPD0100/func/sub-STUNIPD0100_space-MNI152NLin6Asym_FC-pearson_atlas-Schaefer100TianS3Buckner7N.csv
INFO: skip (exists): data/clinical_connectome/derivatives/UNIPD/WashU/features/sub-STUNIPD0100/func/sub-STUNIPD0100_space-MNI152NLin6Asym_FC-pearson_atlas-Schaefer200TianS1Buckner7N.csv
INFO: skip (exists): data/clinical_connectome/derivatives/UNIPD/WashU/features/sub-STUNIPD0100/func/sub-STUNIPD0100_space-MNI152NLin6Asym_FC-pearson_atlas-Schaefer200TianS2Buckner7N.csv
INFO: skip (exists): data/clinical_connectome/derivatives/UNIPD/WashU/features/sub-STUNIPD0100/func/sub-STUNIPD0100_space-MNI152NLin6Asym_FC-pearson_atlas-Schaefer200TianS3Buckner7N.csv
INFO: skip (exists): data/clinical_connectome/derivatives/UNIPD/WashU/features/sub-STUNIPD0100/func/sub-STUNIPD0100_space-MNI152NLin6Asym_FC-pearson_atlas-Schaefer300TianS1Buckner7N.csv
INFO: skip (exists): data/clinical_connectome/derivatives/UNIPD/WashU/features/sub-STUNIPD0100/func/sub-STUNIPD0100_space-MNI152NLin6Asym_FC-pearson_atlas-Schaefer300TianS2Buckner7N.csv
INFO: skip (exists): data/clinical_connectome/derivatives/UNIPD/WashU/features/sub-STUNIPD0100/func/sub-STUNIPD0100_space-MNI152NLin6Asym_FC-pearson_atlas-Schaefer300TianS3Buckner7N.csv
INFO: skip (exists): data/clinical_connectome/derivatives/UNIPD/WashU/features/sub-STUNIPD0100/func/sub-STUNIPD0100_space-MNI152NLin6Asym_FC-pearson_atlas-Schaefer400TianS1Buckner7N.csv
INFO: skip (exists): data/clinical_connectome/derivatives/UNIPD/WashU/features/sub-STUNIPD0100/func/sub-STUNIPD0100_space-MNI152NLin6Asym_FC-pearson_atlas-Schaefer400TianS2Buckner7N.csv
INFO: skip (exists): data/clinical_connectome/derivatives/UNIPD/WashU/features/sub-STUNIPD0100/func/sub-STUNIPD0100_space-MNI152NLin6Asym_FC-pearson_atlas-Schaefer400TianS3Buckner7N.csv
INFO: skip (exists): data/clinical_connectome/derivatives/UNIPD/WashU/features/sub-STUNIPD0100/func/sub-STUNIPD0100_desc-motion.tsv
INFO: skip (exists): data/clinical_connectome/derivatives/UNIPD/WashU/features/sub-STUNIPD0100/func/sub-STUNIPD0100_desc-motion.json
INFO: skip (exists): data/clinical_connectome/derivatives/UNIPD/WashU/features/sub-STUNIPD0100/func/sub-STUNIPD0100_desc-outliers.tsv
INFO: skip (exists): data/clinical_connectome/derivatives/UNIPD/WashU/features/sub-STUNIPD0100/func/sub-STUNIPD0100_desc-outliers.json
INFO: skip (exists): data/clinical_connectome/derivatives/UNIPD/WashU/features/sub-STUNIPD0102/func/sub-STUNIPD0102_space-MNI152NLin6Asym_FC-pearson_atlas-GlasserTianS1Buckner7N.csv
INFO: skip (exists): data/clinical_connectome/derivatives/UNIPD/WashU/features/sub-STUNIPD0102/func/sub-STUNIPD0102_space-MNI152NLin6Asym_FC-pearson_atlas-GlasserTianS2Buckner7N.csv
INFO: skip (exists): data/clinical_connectome/derivatives/UNIPD/WashU/features/sub-STUNIPD0102/func/sub-STUNIPD0102_space-MNI152NLin6Asym_FC-pearson_atlas-GlasserTianS3Buckner7N.csv
INFO: skip (exists): data/clinical_connectome/derivatives/UNIPD/WashU/features/sub-STUNIPD0102/func/sub-STUNIPD0102_space-MNI152NLin6Asym_FC-pearson_atlas-Schaefer100TianS1Buckner7N.csv
INFO: skip (exists): data/clinical_connectome/derivatives/UNIPD/WashU/features/sub-STUNIPD0102/func/sub-STUNIPD0102_space-MNI152NLin6Asym_FC-pearson_atlas-Schaefer100TianS2Buckner7N.csv
INFO: skip (exists): data/clinical_connectome/derivatives/UNIPD/WashU/features/sub-STUNIPD0102/func/sub-STUNIPD0102_space-MNI152NLin6Asym_FC-pearson_atlas-Schaefer100TianS3Buckner7N.csv
INFO: skip (exists): data/clinical_connectome/derivatives/UNIPD/WashU/features/sub-STUNIPD0102/func/sub-STUNIPD0102_space-MNI152NLin6Asym_FC-pearson_atlas-Schaefer200TianS1Buckner7N.csv
INFO: skip (exists): data/clinical_connectome/derivatives/UNIPD/WashU/features/sub-STUNIPD0102/func/sub-STUNIPD0102_space-MNI152NLin6Asym_FC-pearson_atlas-Schaefer200TianS2Buckner7N.csv
INFO: skip (exists): data/clinical_connectome/derivatives/UNIPD/WashU/features/sub-STUNIPD0102/func/sub-STUNIPD0102_space-MNI152NLin6Asym_FC-pearson_atlas-Schaefer200TianS3Buckner7N.csv
INFO: skip (exists): data/clinical_connectome/derivatives/UNIPD/WashU/features/sub-STUNIPD0102/func/sub-STUNIPD0102_space-MNI152NLin6Asym_FC-pearson_atlas-Schaefer300TianS1Buckner7N.csv
INFO: skip (exists): data/clinical_connectome/derivatives/UNIPD/WashU/features/sub-STUNIPD0102/func/sub-STUNIPD0102_space-MNI152NLin6Asym_FC-pearson_atlas-Schaefer300TianS2Buckner7N.csv
INFO: skip (exists): data/clinical_connectome/derivatives/UNIPD/WashU/features/sub-STUNIPD0102/func/sub-STUNIPD0102_space-MNI152NLin6Asym_FC-pearson_atlas-Schaefer300TianS3Buckner7N.csv
INFO: skip (exists): data/clinical_connectome/derivatives/UNIPD/WashU/features/sub-STUNIPD0102/func/sub-STUNIPD0102_space-MNI152NLin6Asym_FC-pearson_atlas-Schaefer400TianS1Buckner7N.csv
INFO: skip (exists): data/clinical_connectome/derivatives/UNIPD/WashU/features/sub-STUNIPD0102/func/sub-STUNIPD0102_space-MNI152NLin6Asym_FC-pearson_atlas-Schaefer400TianS2Buckner7N.csv
INFO: skip (exists): data/clinical_connectome/derivatives/UNIPD/WashU/features/sub-STUNIPD0102/func/sub-STUNIPD0102_space-MNI152NLin6Asym_FC-pearson_atlas-Schaefer400TianS3Buckner7N.csv
INFO: skip (exists): data/clinical_connectome/derivatives/UNIPD/WashU/features/sub-STUNIPD0102/func/sub-STUNIPD0102_desc-motion.tsv
INFO: skip (exists): data/clinical_connectome/derivatives/UNIPD/WashU/features/sub-STUNIPD0102/func/sub-STUNIPD0102_desc-motion.json
INFO: skip (exists): data/clinical_connectome/derivatives/UNIPD/WashU/features/sub-STUNIPD0102/func/sub-STUNIPD0102_desc-outliers.tsv
INFO: skip (exists): data/clinical_connectome/derivatives/UNIPD/WashU/features/sub-STUNIPD0102/func/sub-STUNIPD0102_desc-outliers.json
INFO: skip (exists): data/clinical_connectome/derivatives/UNIPD/WashU/features/sub-STUNIPD0104/func/sub-STUNIPD0104_space-MNI152NLin6Asym_FC-pearson_atlas-GlasserTianS1Buckner7N.csv
INFO: skip (exists): data/clinical_connectome/derivatives/UNIPD/WashU/features/sub-STUNIPD0104/func/sub-STUNIPD0104_space-MNI152NLin6Asym_FC-pearson_atlas-GlasserTianS2Buckner7N.csv
INFO: skip (exists): data/clinical_connectome/derivatives/UNIPD/WashU/features/sub-STUNIPD0104/func/sub-STUNIPD0104_space-MNI152NLin6Asym_FC-pearson_atlas-GlasserTianS3Buckner7N.csv
INFO: skip (exists): data/clinical_connectome/derivatives/UNIPD/WashU/features/sub-STUNIPD0104/func/sub-STUNIPD0104_space-MNI152NLin6Asym_FC-pearson_atlas-Schaefer100TianS1Buckner7N.csv
INFO: skip (exists): data/clinical_connectome/derivatives/UNIPD/WashU/features/sub-STUNIPD0104/func/sub-STUNIPD0104_space-MNI152NLin6Asym_FC-pearson_atlas-Schaefer100TianS2Buckner7N.csv
INFO: skip (exists): data/clinical_connectome/derivatives/UNIPD/WashU/features/sub-STUNIPD0104/func/sub-STUNIPD0104_space-MNI152NLin6Asym_FC-pearson_atlas-Schaefer100TianS3Buckner7N.csv
INFO: skip (exists): data/clinical_connectome/derivatives/UNIPD/WashU/features/sub-STUNIPD0104/func/sub-STUNIPD0104_space-MNI152NLin6Asym_FC-pearson_atlas-Schaefer200TianS1Buckner7N.csv
INFO: skip (exists): data/clinical_connectome/derivatives/UNIPD/WashU/features/sub-STUNIPD0104/func/sub-STUNIPD0104_space-MNI152NLin6Asym_FC-pearson_atlas-Schaefer200TianS2Buckner7N.csv
INFO: skip (exists): data/clinical_connectome/derivatives/UNIPD/WashU/features/sub-STUNIPD0104/func/sub-STUNIPD0104_space-MNI152NLin6Asym_FC-pearson_atlas-Schaefer200TianS3Buckner7N.csv
INFO: skip (exists): data/clinical_connectome/derivatives/UNIPD/WashU/features/sub-STUNIPD0104/func/sub-STUNIPD0104_space-MNI152NLin6Asym_FC-pearson_atlas-Schaefer300TianS1Buckner7N.csv
INFO: skip (exists): data/clinical_connectome/derivatives/UNIPD/WashU/features/sub-STUNIPD0104/func/sub-STUNIPD0104_space-MNI152NLin6Asym_FC-pearson_atlas-Schaefer300TianS2Buckner7N.csv
INFO: skip (exists): data/clinical_connectome/derivatives/UNIPD/WashU/features/sub-STUNIPD0104/func/sub-STUNIPD0104_space-MNI152NLin6Asym_FC-pearson_atlas-Schaefer300TianS3Buckner7N.csv
INFO: skip (exists): data/clinical_connectome/derivatives/UNIPD/WashU/features/sub-STUNIPD0104/func/sub-STUNIPD0104_space-MNI152NLin6Asym_FC-pearson_atlas-Schaefer400TianS1Buckner7N.csv
INFO: skip (exists): data/clinical_connectome/derivatives/UNIPD/WashU/features/sub-STUNIPD0104/func/sub-STUNIPD0104_space-MNI152NLin6Asym_FC-pearson_atlas-Schaefer400TianS2Buckner7N.csv
INFO: skip (exists): data/clinical_connectome/derivatives/UNIPD/WashU/features/sub-STUNIPD0104/func/sub-STUNIPD0104_space-MNI152NLin6Asym_FC-pearson_atlas-Schaefer400TianS3Buckner7N.csv
INFO: skip (exists): data/clinical_connectome/derivatives/UNIPD/WashU/features/sub-STUNIPD0104/func/sub-STUNIPD0104_desc-motion.tsv
INFO: skip (exists): data/clinical_connectome/derivatives/UNIPD/WashU/features/sub-STUNIPD0104/func/sub-STUNIPD0104_desc-motion.json
INFO: skip (exists): data/clinical_connectome/derivatives/UNIPD/WashU/features/sub-STUNIPD0104/func/sub-STUNIPD0104_desc-outliers.tsv
INFO: skip (exists): data/clinical_connectome/derivatives/UNIPD/WashU/features/sub-STUNIPD0104/func/sub-STUNIPD0104_desc-outliers.json
INFO: skip (exists): data/clinical_connectome/derivatives/UNIPD/WashU/features/sub-STUNIPD0105/func/sub-STUNIPD0105_space-MNI152NLin6Asym_FC-pearson_atlas-GlasserTianS1Buckner7N.csv
INFO: skip (exists): data/clinical_connectome/derivatives/UNIPD/WashU/features/sub-STUNIPD0105/func/sub-STUNIPD0105_space-MNI152NLin6Asym_FC-pearson_atlas-GlasserTianS2Buckner7N.csv
INFO: skip (exists): data/clinical_connectome/derivatives/UNIPD/WashU/features/sub-STUNIPD0105/func/sub-STUNIPD0105_space-MNI152NLin6Asym_FC-pearson_atlas-GlasserTianS3Buckner7N.csv
INFO: skip (exists): data/clinical_connectome/derivatives/UNIPD/WashU/features/sub-STUNIPD0105/func/sub-STUNIPD0105_space-MNI152NLin6Asym_FC-pearson_atlas-Schaefer100TianS1Buckner7N.csv
INFO: skip (exists): data/clinical_connectome/derivatives/UNIPD/WashU/features/sub-STUNIPD0105/func/sub-STUNIPD0105_space-MNI152NLin6Asym_FC-pearson_atlas-Schaefer100TianS2Buckner7N.csv
INFO: skip (exists): data/clinical_connectome/derivatives/UNIPD/WashU/features/sub-STUNIPD0105/func/sub-STUNIPD0105_space-MNI152NLin6Asym_FC-pearson_atlas-Schaefer100TianS3Buckner7N.csv
INFO: skip (exists): data/clinical_connectome/derivatives/UNIPD/WashU/features/sub-STUNIPD0105/func/sub-STUNIPD0105_space-MNI152NLin6Asym_FC-pearson_atlas-Schaefer200TianS1Buckner7N.csv
INFO: skip (exists): data/clinical_connectome/derivatives/UNIPD/WashU/features/sub-STUNIPD0105/func/sub-STUNIPD0105_space-MNI152NLin6Asym_FC-pearson_atlas-Schaefer200TianS2Buckner7N.csv
INFO: skip (exists): data/clinical_connectome/derivatives/UNIPD/WashU/features/sub-STUNIPD0105/func/sub-STUNIPD0105_space-MNI152NLin6Asym_FC-pearson_atlas-Schaefer200TianS3Buckner7N.csv
INFO: skip (exists): data/clinical_connectome/derivatives/UNIPD/WashU/features/sub-STUNIPD0105/func/sub-STUNIPD0105_space-MNI152NLin6Asym_FC-pearson_atlas-Schaefer300TianS1Buckner7N.csv
INFO: skip (exists): data/clinical_connectome/derivatives/UNIPD/WashU/features/sub-STUNIPD0105/func/sub-STUNIPD0105_space-MNI152NLin6Asym_FC-pearson_atlas-Schaefer300TianS2Buckner7N.csv
INFO: skip (exists): data/clinical_connectome/derivatives/UNIPD/WashU/features/sub-STUNIPD0105/func/sub-STUNIPD0105_space-MNI152NLin6Asym_FC-pearson_atlas-Schaefer300TianS3Buckner7N.csv
INFO: skip (exists): data/clinical_connectome/derivatives/UNIPD/WashU/features/sub-STUNIPD0105/func/sub-STUNIPD0105_space-MNI152NLin6Asym_FC-pearson_atlas-Schaefer400TianS1Buckner7N.csv
INFO: skip (exists): data/clinical_connectome/derivatives/UNIPD/WashU/features/sub-STUNIPD0105/func/sub-STUNIPD0105_space-MNI152NLin6Asym_FC-pearson_atlas-Schaefer400TianS2Buckner7N.csv
INFO: skip (exists): data/clinical_connectome/derivatives/UNIPD/WashU/features/sub-STUNIPD0105/func/sub-STUNIPD0105_space-MNI152NLin6Asym_FC-pearson_atlas-Schaefer400TianS3Buckner7N.csv
INFO: skip (exists): data/clinical_connectome/derivatives/UNIPD/WashU/features/sub-STUNIPD0105/func/sub-STUNIPD0105_desc-motion.tsv
INFO: skip (exists): data/clinical_connectome/derivatives/UNIPD/WashU/features/sub-STUNIPD0105/func/sub-STUNIPD0105_desc-motion.json
INFO: skip (exists): data/clinical_connectome/derivatives/UNIPD/WashU/features/sub-STUNIPD0105/func/sub-STUNIPD0105_desc-outliers.tsv
INFO: skip (exists): data/clinical_connectome/derivatives/UNIPD/WashU/features/sub-STUNIPD0105/func/sub-STUNIPD0105_desc-outliers.json
INFO: skip (exists): data/clinical_connectome/derivatives/UNIPD/WashU/features/sub-STUNIPD0109/func/sub-STUNIPD0109_space-MNI152NLin6Asym_FC-pearson_atlas-GlasserTianS1Buckner7N.csv
INFO: skip (exists): data/clinical_connectome/derivatives/UNIPD/WashU/features/sub-STUNIPD0109/func/sub-STUNIPD0109_space-MNI152NLin6Asym_FC-pearson_atlas-GlasserTianS2Buckner7N.csv
INFO: skip (exists): data/clinical_connectome/derivatives/UNIPD/WashU/features/sub-STUNIPD0109/func/sub-STUNIPD0109_space-MNI152NLin6Asym_FC-pearson_atlas-GlasserTianS3Buckner7N.csv
INFO: skip (exists): data/clinical_connectome/derivatives/UNIPD/WashU/features/sub-STUNIPD0109/func/sub-STUNIPD0109_space-MNI152NLin6Asym_FC-pearson_atlas-Schaefer100TianS1Buckner7N.csv
INFO: skip (exists): data/clinical_connectome/derivatives/UNIPD/WashU/features/sub-STUNIPD0109/func/sub-STUNIPD0109_space-MNI152NLin6Asym_FC-pearson_atlas-Schaefer100TianS2Buckner7N.csv
INFO: skip (exists): data/clinical_connectome/derivatives/UNIPD/WashU/features/sub-STUNIPD0109/func/sub-STUNIPD0109_space-MNI152NLin6Asym_FC-pearson_atlas-Schaefer100TianS3Buckner7N.csv
INFO: skip (exists): data/clinical_connectome/derivatives/UNIPD/WashU/features/sub-STUNIPD0109/func/sub-STUNIPD0109_space-MNI152NLin6Asym_FC-pearson_atlas-Schaefer200TianS1Buckner7N.csv
INFO: skip (exists): data/clinical_connectome/derivatives/UNIPD/WashU/features/sub-STUNIPD0109/func/sub-STUNIPD0109_space-MNI152NLin6Asym_FC-pearson_atlas-Schaefer200TianS2Buckner7N.csv
INFO: skip (exists): data/clinical_connectome/derivatives/UNIPD/WashU/features/sub-STUNIPD0109/func/sub-STUNIPD0109_space-MNI152NLin6Asym_FC-pearson_atlas-Schaefer200TianS3Buckner7N.csv
INFO: skip (exists): data/clinical_connectome/derivatives/UNIPD/WashU/features/sub-STUNIPD0109/func/sub-STUNIPD0109_space-MNI152NLin6Asym_FC-pearson_atlas-Schaefer300TianS1Buckner7N.csv
INFO: skip (exists): data/clinical_connectome/derivatives/UNIPD/WashU/features/sub-STUNIPD0109/func/sub-STUNIPD0109_space-MNI152NLin6Asym_FC-pearson_atlas-Schaefer300TianS2Buckner7N.csv
INFO: skip (exists): data/clinical_connectome/derivatives/UNIPD/WashU/features/sub-STUNIPD0109/func/sub-STUNIPD0109_space-MNI152NLin6Asym_FC-pearson_atlas-Schaefer300TianS3Buckner7N.csv
INFO: skip (exists): data/clinical_connectome/derivatives/UNIPD/WashU/features/sub-STUNIPD0109/func/sub-STUNIPD0109_space-MNI152NLin6Asym_FC-pearson_atlas-Schaefer400TianS1Buckner7N.csv
INFO: skip (exists): data/clinical_connectome/derivatives/UNIPD/WashU/features/sub-STUNIPD0109/func/sub-STUNIPD0109_space-MNI152NLin6Asym_FC-pearson_atlas-Schaefer400TianS2Buckner7N.csv
INFO: skip (exists): data/clinical_connectome/derivatives/UNIPD/WashU/features/sub-STUNIPD0109/func/sub-STUNIPD0109_space-MNI152NLin6Asym_FC-pearson_atlas-Schaefer400TianS3Buckner7N.csv
INFO: skip (exists): data/clinical_connectome/derivatives/UNIPD/WashU/features/sub-STUNIPD0109/func/sub-STUNIPD0109_desc-motion.tsv
INFO: skip (exists): data/clinical_connectome/derivatives/UNIPD/WashU/features/sub-STUNIPD0109/func/sub-STUNIPD0109_desc-motion.json
INFO: skip (exists): data/clinical_connectome/derivatives/UNIPD/WashU/features/sub-STUNIPD0109/func/sub-STUNIPD0109_desc-outliers.tsv
INFO: skip (exists): data/clinical_connectome/derivatives/UNIPD/WashU/features/sub-STUNIPD0109/func/sub-STUNIPD0109_desc-outliers.json
INFO: skip (exists): data/clinical_connectome/derivatives/UNIPD/WashU/features/sub-STUNIPD0111/func/sub-STUNIPD0111_space-MNI152NLin6Asym_FC-pearson_atlas-GlasserTianS1Buckner7N.csv
INFO: skip (exists): data/clinical_connectome/derivatives/UNIPD/WashU/features/sub-STUNIPD0111/func/sub-STUNIPD0111_space-MNI152NLin6Asym_FC-pearson_atlas-GlasserTianS2Buckner7N.csv
INFO: skip (exists): data/clinical_connectome/derivatives/UNIPD/WashU/features/sub-STUNIPD0111/func/sub-STUNIPD0111_space-MNI152NLin6Asym_FC-pearson_atlas-GlasserTianS3Buckner7N.csv
INFO: skip (exists): data/clinical_connectome/derivatives/UNIPD/WashU/features/sub-STUNIPD0111/func/sub-STUNIPD0111_space-MNI152NLin6Asym_FC-pearson_atlas-Schaefer100TianS1Buckner7N.csv
INFO: skip (exists): data/clinical_connectome/derivatives/UNIPD/WashU/features/sub-STUNIPD0111/func/sub-STUNIPD0111_space-MNI152NLin6Asym_FC-pearson_atlas-Schaefer100TianS2Buckner7N.csv
INFO: skip (exists): data/clinical_connectome/derivatives/UNIPD/WashU/features/sub-STUNIPD0111/func/sub-STUNIPD0111_space-MNI152NLin6Asym_FC-pearson_atlas-Schaefer100TianS3Buckner7N.csv
INFO: skip (exists): data/clinical_connectome/derivatives/UNIPD/WashU/features/sub-STUNIPD0111/func/sub-STUNIPD0111_space-MNI152NLin6Asym_FC-pearson_atlas-Schaefer200TianS1Buckner7N.csv
INFO: skip (exists): data/clinical_connectome/derivatives/UNIPD/WashU/features/sub-STUNIPD0111/func/sub-STUNIPD0111_space-MNI152NLin6Asym_FC-pearson_atlas-Schaefer200TianS2Buckner7N.csv
INFO: skip (exists): data/clinical_connectome/derivatives/UNIPD/WashU/features/sub-STUNIPD0111/func/sub-STUNIPD0111_space-MNI152NLin6Asym_FC-pearson_atlas-Schaefer200TianS3Buckner7N.csv
INFO: skip (exists): data/clinical_connectome/derivatives/UNIPD/WashU/features/sub-STUNIPD0111/func/sub-STUNIPD0111_space-MNI152NLin6Asym_FC-pearson_atlas-Schaefer300TianS1Buckner7N.csv
INFO: skip (exists): data/clinical_connectome/derivatives/UNIPD/WashU/features/sub-STUNIPD0111/func/sub-STUNIPD0111_space-MNI152NLin6Asym_FC-pearson_atlas-Schaefer300TianS2Buckner7N.csv
INFO: skip (exists): data/clinical_connectome/derivatives/UNIPD/WashU/features/sub-STUNIPD0111/func/sub-STUNIPD0111_space-MNI152NLin6Asym_FC-pearson_atlas-Schaefer300TianS3Buckner7N.csv
INFO: skip (exists): data/clinical_connectome/derivatives/UNIPD/WashU/features/sub-STUNIPD0111/func/sub-STUNIPD0111_space-MNI152NLin6Asym_FC-pearson_atlas-Schaefer400TianS1Buckner7N.csv
INFO: skip (exists): data/clinical_connectome/derivatives/UNIPD/WashU/features/sub-STUNIPD0111/func/sub-STUNIPD0111_space-MNI152NLin6Asym_FC-pearson_atlas-Schaefer400TianS2Buckner7N.csv
INFO: skip (exists): data/clinical_connectome/derivatives/UNIPD/WashU/features/sub-STUNIPD0111/func/sub-STUNIPD0111_space-MNI152NLin6Asym_FC-pearson_atlas-Schaefer400TianS3Buckner7N.csv
INFO: skip (exists): data/clinical_connectome/derivatives/UNIPD/WashU/features/sub-STUNIPD0111/func/sub-STUNIPD0111_desc-motion.tsv
INFO: skip (exists): data/clinical_connectome/derivatives/UNIPD/WashU/features/sub-STUNIPD0111/func/sub-STUNIPD0111_desc-motion.json
INFO: skip (exists): data/clinical_connectome/derivatives/UNIPD/WashU/features/sub-STUNIPD0111/func/sub-STUNIPD0111_desc-outliers.tsv
INFO: skip (exists): data/clinical_connectome/derivatives/UNIPD/WashU/features/sub-STUNIPD0111/func/sub-STUNIPD0111_desc-outliers.json
INFO: skip (exists): data/clinical_connectome/derivatives/UNIPD/WashU/features/sub-STUNIPD0112/func/sub-STUNIPD0112_space-MNI152NLin6Asym_FC-pearson_atlas-GlasserTianS1Buckner7N.csv
INFO: skip (exists): data/clinical_connectome/derivatives/UNIPD/WashU/features/sub-STUNIPD0112/func/sub-STUNIPD0112_space-MNI152NLin6Asym_FC-pearson_atlas-GlasserTianS2Buckner7N.csv
INFO: skip (exists): data/clinical_connectome/derivatives/UNIPD/WashU/features/sub-STUNIPD0112/func/sub-STUNIPD0112_space-MNI152NLin6Asym_FC-pearson_atlas-GlasserTianS3Buckner7N.csv
INFO: skip (exists): data/clinical_connectome/derivatives/UNIPD/WashU/features/sub-STUNIPD0112/func/sub-STUNIPD0112_space-MNI152NLin6Asym_FC-pearson_atlas-Schaefer100TianS1Buckner7N.csv
INFO: skip (exists): data/clinical_connectome/derivatives/UNIPD/WashU/features/sub-STUNIPD0112/func/sub-STUNIPD0112_space-MNI152NLin6Asym_FC-pearson_atlas-Schaefer100TianS2Buckner7N.csv
INFO: skip (exists): data/clinical_connectome/derivatives/UNIPD/WashU/features/sub-STUNIPD0112/func/sub-STUNIPD0112_space-MNI152NLin6Asym_FC-pearson_atlas-Schaefer100TianS3Buckner7N.csv
INFO: skip (exists): data/clinical_connectome/derivatives/UNIPD/WashU/features/sub-STUNIPD0112/func/sub-STUNIPD0112_space-MNI152NLin6Asym_FC-pearson_atlas-Schaefer200TianS1Buckner7N.csv
INFO: skip (exists): data/clinical_connectome/derivatives/UNIPD/WashU/features/sub-STUNIPD0112/func/sub-STUNIPD0112_space-MNI152NLin6Asym_FC-pearson_atlas-Schaefer200TianS2Buckner7N.csv
INFO: skip (exists): data/clinical_connectome/derivatives/UNIPD/WashU/features/sub-STUNIPD0112/func/sub-STUNIPD0112_space-MNI152NLin6Asym_FC-pearson_atlas-Schaefer200TianS3Buckner7N.csv
INFO: skip (exists): data/clinical_connectome/derivatives/UNIPD/WashU/features/sub-STUNIPD0112/func/sub-STUNIPD0112_space-MNI152NLin6Asym_FC-pearson_atlas-Schaefer300TianS1Buckner7N.csv
INFO: skip (exists): data/clinical_connectome/derivatives/UNIPD/WashU/features/sub-STUNIPD0112/func/sub-STUNIPD0112_space-MNI152NLin6Asym_FC-pearson_atlas-Schaefer300TianS2Buckner7N.csv
INFO: skip (exists): data/clinical_connectome/derivatives/UNIPD/WashU/features/sub-STUNIPD0112/func/sub-STUNIPD0112_space-MNI152NLin6Asym_FC-pearson_atlas-Schaefer300TianS3Buckner7N.csv
INFO: skip (exists): data/clinical_connectome/derivatives/UNIPD/WashU/features/sub-STUNIPD0112/func/sub-STUNIPD0112_space-MNI152NLin6Asym_FC-pearson_atlas-Schaefer400TianS1Buckner7N.csv
INFO: skip (exists): data/clinical_connectome/derivatives/UNIPD/WashU/features/sub-STUNIPD0112/func/sub-STUNIPD0112_space-MNI152NLin6Asym_FC-pearson_atlas-Schaefer400TianS2Buckner7N.csv
INFO: skip (exists): data/clinical_connectome/derivatives/UNIPD/WashU/features/sub-STUNIPD0112/func/sub-STUNIPD0112_space-MNI152NLin6Asym_FC-pearson_atlas-Schaefer400TianS3Buckner7N.csv
INFO: skip (exists): data/clinical_connectome/derivatives/UNIPD/WashU/features/sub-STUNIPD0112/func/sub-STUNIPD0112_desc-motion.tsv
INFO: skip (exists): data/clinical_connectome/derivatives/UNIPD/WashU/features/sub-STUNIPD0112/func/sub-STUNIPD0112_desc-motion.json
INFO: skip (exists): data/clinical_connectome/derivatives/UNIPD/WashU/features/sub-STUNIPD0112/func/sub-STUNIPD0112_desc-outliers.tsv
INFO: skip (exists): data/clinical_connectome/derivatives/UNIPD/WashU/features/sub-STUNIPD0112/func/sub-STUNIPD0112_desc-outliers.json
INFO: skip (exists): data/clinical_connectome/derivatives/UNIPD/WashU/features/sub-STUNIPD0114/func/sub-STUNIPD0114_space-MNI152NLin6Asym_FC-pearson_atlas-GlasserTianS1Buckner7N.csv
INFO: skip (exists): data/clinical_connectome/derivatives/UNIPD/WashU/features/sub-STUNIPD0114/func/sub-STUNIPD0114_space-MNI152NLin6Asym_FC-pearson_atlas-GlasserTianS2Buckner7N.csv
INFO: skip (exists): data/clinical_connectome/derivatives/UNIPD/WashU/features/sub-STUNIPD0114/func/sub-STUNIPD0114_space-MNI152NLin6Asym_FC-pearson_atlas-GlasserTianS3Buckner7N.csv
INFO: skip (exists): data/clinical_connectome/derivatives/UNIPD/WashU/features/sub-STUNIPD0114/func/sub-STUNIPD0114_space-MNI152NLin6Asym_FC-pearson_atlas-Schaefer100TianS1Buckner7N.csv
INFO: skip (exists): data/clinical_connectome/derivatives/UNIPD/WashU/features/sub-STUNIPD0114/func/sub-STUNIPD0114_space-MNI152NLin6Asym_FC-pearson_atlas-Schaefer100TianS2Buckner7N.csv
INFO: skip (exists): data/clinical_connectome/derivatives/UNIPD/WashU/features/sub-STUNIPD0114/func/sub-STUNIPD0114_space-MNI152NLin6Asym_FC-pearson_atlas-Schaefer100TianS3Buckner7N.csv
INFO: skip (exists): data/clinical_connectome/derivatives/UNIPD/WashU/features/sub-STUNIPD0114/func/sub-STUNIPD0114_space-MNI152NLin6Asym_FC-pearson_atlas-Schaefer200TianS1Buckner7N.csv
INFO: skip (exists): data/clinical_connectome/derivatives/UNIPD/WashU/features/sub-STUNIPD0114/func/sub-STUNIPD0114_space-MNI152NLin6Asym_FC-pearson_atlas-Schaefer200TianS2Buckner7N.csv
INFO: skip (exists): data/clinical_connectome/derivatives/UNIPD/WashU/features/sub-STUNIPD0114/func/sub-STUNIPD0114_space-MNI152NLin6Asym_FC-pearson_atlas-Schaefer200TianS3Buckner7N.csv
INFO: skip (exists): data/clinical_connectome/derivatives/UNIPD/WashU/features/sub-STUNIPD0114/func/sub-STUNIPD0114_space-MNI152NLin6Asym_FC-pearson_atlas-Schaefer300TianS1Buckner7N.csv
INFO: skip (exists): data/clinical_connectome/derivatives/UNIPD/WashU/features/sub-STUNIPD0114/func/sub-STUNIPD0114_space-MNI152NLin6Asym_FC-pearson_atlas-Schaefer300TianS2Buckner7N.csv
INFO: skip (exists): data/clinical_connectome/derivatives/UNIPD/WashU/features/sub-STUNIPD0114/func/sub-STUNIPD0114_space-MNI152NLin6Asym_FC-pearson_atlas-Schaefer300TianS3Buckner7N.csv
INFO: skip (exists): data/clinical_connectome/derivatives/UNIPD/WashU/features/sub-STUNIPD0114/func/sub-STUNIPD0114_space-MNI152NLin6Asym_FC-pearson_atlas-Schaefer400TianS1Buckner7N.csv
INFO: skip (exists): data/clinical_connectome/derivatives/UNIPD/WashU/features/sub-STUNIPD0114/func/sub-STUNIPD0114_space-MNI152NLin6Asym_FC-pearson_atlas-Schaefer400TianS2Buckner7N.csv
INFO: skip (exists): data/clinical_connectome/derivatives/UNIPD/WashU/features/sub-STUNIPD0114/func/sub-STUNIPD0114_space-MNI152NLin6Asym_FC-pearson_atlas-Schaefer400TianS3Buckner7N.csv
INFO: skip (exists): data/clinical_connectome/derivatives/UNIPD/WashU/features/sub-STUNIPD0114/func/sub-STUNIPD0114_desc-motion.tsv
INFO: skip (exists): data/clinical_connectome/derivatives/UNIPD/WashU/features/sub-STUNIPD0114/func/sub-STUNIPD0114_desc-motion.json
INFO: skip (exists): data/clinical_connectome/derivatives/UNIPD/WashU/features/sub-STUNIPD0114/func/sub-STUNIPD0114_desc-outliers.tsv
INFO: skip (exists): data/clinical_connectome/derivatives/UNIPD/WashU/features/sub-STUNIPD0114/func/sub-STUNIPD0114_desc-outliers.json
INFO: skip (exists): data/clinical_connectome/derivatives/UNIPD/WashU/features/sub-STUNIPD0116/func/sub-STUNIPD0116_space-MNI152NLin6Asym_FC-pearson_atlas-GlasserTianS1Buckner7N.csv
INFO: skip (exists): data/clinical_connectome/derivatives/UNIPD/WashU/features/sub-STUNIPD0116/func/sub-STUNIPD0116_space-MNI152NLin6Asym_FC-pearson_atlas-GlasserTianS2Buckner7N.csv
INFO: skip (exists): data/clinical_connectome/derivatives/UNIPD/WashU/features/sub-STUNIPD0116/func/sub-STUNIPD0116_space-MNI152NLin6Asym_FC-pearson_atlas-GlasserTianS3Buckner7N.csv
INFO: skip (exists): data/clinical_connectome/derivatives/UNIPD/WashU/features/sub-STUNIPD0116/func/sub-STUNIPD0116_space-MNI152NLin6Asym_FC-pearson_atlas-Schaefer100TianS1Buckner7N.csv
INFO: skip (exists): data/clinical_connectome/derivatives/UNIPD/WashU/features/sub-STUNIPD0116/func/sub-STUNIPD0116_space-MNI152NLin6Asym_FC-pearson_atlas-Schaefer100TianS2Buckner7N.csv
INFO: skip (exists): data/clinical_connectome/derivatives/UNIPD/WashU/features/sub-STUNIPD0116/func/sub-STUNIPD0116_space-MNI152NLin6Asym_FC-pearson_atlas-Schaefer100TianS3Buckner7N.csv
INFO: skip (exists): data/clinical_connectome/derivatives/UNIPD/WashU/features/sub-STUNIPD0116/func/sub-STUNIPD0116_space-MNI152NLin6Asym_FC-pearson_atlas-Schaefer200TianS1Buckner7N.csv
INFO: skip (exists): data/clinical_connectome/derivatives/UNIPD/WashU/features/sub-STUNIPD0116/func/sub-STUNIPD0116_space-MNI152NLin6Asym_FC-pearson_atlas-Schaefer200TianS2Buckner7N.csv
INFO: skip (exists): data/clinical_connectome/derivatives/UNIPD/WashU/features/sub-STUNIPD0116/func/sub-STUNIPD0116_space-MNI152NLin6Asym_FC-pearson_atlas-Schaefer200TianS3Buckner7N.csv
INFO: skip (exists): data/clinical_connectome/derivatives/UNIPD/WashU/features/sub-STUNIPD0116/func/sub-STUNIPD0116_space-MNI152NLin6Asym_FC-pearson_atlas-Schaefer300TianS1Buckner7N.csv
INFO: skip (exists): data/clinical_connectome/derivatives/UNIPD/WashU/features/sub-STUNIPD0116/func/sub-STUNIPD0116_space-MNI152NLin6Asym_FC-pearson_atlas-Schaefer300TianS2Buckner7N.csv
INFO: skip (exists): data/clinical_connectome/derivatives/UNIPD/WashU/features/sub-STUNIPD0116/func/sub-STUNIPD0116_space-MNI152NLin6Asym_FC-pearson_atlas-Schaefer300TianS3Buckner7N.csv
INFO: skip (exists): data/clinical_connectome/derivatives/UNIPD/WashU/features/sub-STUNIPD0116/func/sub-STUNIPD0116_space-MNI152NLin6Asym_FC-pearson_atlas-Schaefer400TianS1Buckner7N.csv
INFO: skip (exists): data/clinical_connectome/derivatives/UNIPD/WashU/features/sub-STUNIPD0116/func/sub-STUNIPD0116_space-MNI152NLin6Asym_FC-pearson_atlas-Schaefer400TianS2Buckner7N.csv
INFO: skip (exists): data/clinical_connectome/derivatives/UNIPD/WashU/features/sub-STUNIPD0116/func/sub-STUNIPD0116_space-MNI152NLin6Asym_FC-pearson_atlas-Schaefer400TianS3Buckner7N.csv
INFO: skip (exists): data/clinical_connectome/derivatives/UNIPD/WashU/features/sub-STUNIPD0116/func/sub-STUNIPD0116_desc-motion.tsv
INFO: skip (exists): data/clinical_connectome/derivatives/UNIPD/WashU/features/sub-STUNIPD0116/func/sub-STUNIPD0116_desc-motion.json
INFO: skip (exists): data/clinical_connectome/derivatives/UNIPD/WashU/features/sub-STUNIPD0116/func/sub-STUNIPD0116_desc-outliers.tsv
INFO: skip (exists): data/clinical_connectome/derivatives/UNIPD/WashU/features/sub-STUNIPD0116/func/sub-STUNIPD0116_desc-outliers.json
INFO: skip (exists): data/clinical_connectome/derivatives/UNIPD/WashU/features/sub-STUNIPD0118/func/sub-STUNIPD0118_space-MNI152NLin6Asym_FC-pearson_atlas-GlasserTianS1Buckner7N.csv
INFO: skip (exists): data/clinical_connectome/derivatives/UNIPD/WashU/features/sub-STUNIPD0118/func/sub-STUNIPD0118_space-MNI152NLin6Asym_FC-pearson_atlas-GlasserTianS2Buckner7N.csv
INFO: skip (exists): data/clinical_connectome/derivatives/UNIPD/WashU/features/sub-STUNIPD0118/func/sub-STUNIPD0118_space-MNI152NLin6Asym_FC-pearson_atlas-GlasserTianS3Buckner7N.csv
INFO: skip (exists): data/clinical_connectome/derivatives/UNIPD/WashU/features/sub-STUNIPD0118/func/sub-STUNIPD0118_space-MNI152NLin6Asym_FC-pearson_atlas-Schaefer100TianS1Buckner7N.csv
INFO: skip (exists): data/clinical_connectome/derivatives/UNIPD/WashU/features/sub-STUNIPD0118/func/sub-STUNIPD0118_space-MNI152NLin6Asym_FC-pearson_atlas-Schaefer100TianS2Buckner7N.csv
INFO: skip (exists): data/clinical_connectome/derivatives/UNIPD/WashU/features/sub-STUNIPD0118/func/sub-STUNIPD0118_space-MNI152NLin6Asym_FC-pearson_atlas-Schaefer100TianS3Buckner7N.csv
INFO: skip (exists): data/clinical_connectome/derivatives/UNIPD/WashU/features/sub-STUNIPD0118/func/sub-STUNIPD0118_space-MNI152NLin6Asym_FC-pearson_atlas-Schaefer200TianS1Buckner7N.csv
INFO: skip (exists): data/clinical_connectome/derivatives/UNIPD/WashU/features/sub-STUNIPD0118/func/sub-STUNIPD0118_space-MNI152NLin6Asym_FC-pearson_atlas-Schaefer200TianS2Buckner7N.csv
INFO: skip (exists): data/clinical_connectome/derivatives/UNIPD/WashU/features/sub-STUNIPD0118/func/sub-STUNIPD0118_space-MNI152NLin6Asym_FC-pearson_atlas-Schaefer200TianS3Buckner7N.csv
INFO: skip (exists): data/clinical_connectome/derivatives/UNIPD/WashU/features/sub-STUNIPD0118/func/sub-STUNIPD0118_space-MNI152NLin6Asym_FC-pearson_atlas-Schaefer300TianS1Buckner7N.csv
INFO: skip (exists): data/clinical_connectome/derivatives/UNIPD/WashU/features/sub-STUNIPD0118/func/sub-STUNIPD0118_space-MNI152NLin6Asym_FC-pearson_atlas-Schaefer300TianS2Buckner7N.csv
INFO: skip (exists): data/clinical_connectome/derivatives/UNIPD/WashU/features/sub-STUNIPD0118/func/sub-STUNIPD0118_space-MNI152NLin6Asym_FC-pearson_atlas-Schaefer300TianS3Buckner7N.csv
INFO: skip (exists): data/clinical_connectome/derivatives/UNIPD/WashU/features/sub-STUNIPD0118/func/sub-STUNIPD0118_space-MNI152NLin6Asym_FC-pearson_atlas-Schaefer400TianS1Buckner7N.csv
INFO: skip (exists): data/clinical_connectome/derivatives/UNIPD/WashU/features/sub-STUNIPD0118/func/sub-STUNIPD0118_space-MNI152NLin6Asym_FC-pearson_atlas-Schaefer400TianS2Buckner7N.csv
INFO: skip (exists): data/clinical_connectome/derivatives/UNIPD/WashU/features/sub-STUNIPD0118/func/sub-STUNIPD0118_space-MNI152NLin6Asym_FC-pearson_atlas-Schaefer400TianS3Buckner7N.csv
INFO: skip (exists): data/clinical_connectome/derivatives/UNIPD/WashU/features/sub-STUNIPD0118/func/sub-STUNIPD0118_desc-motion.tsv
INFO: skip (exists): data/clinical_connectome/derivatives/UNIPD/WashU/features/sub-STUNIPD0118/func/sub-STUNIPD0118_desc-motion.json
INFO: skip (exists): data/clinical_connectome/derivatives/UNIPD/WashU/features/sub-STUNIPD0118/func/sub-STUNIPD0118_desc-outliers.tsv
INFO: skip (exists): data/clinical_connectome/derivatives/UNIPD/WashU/features/sub-STUNIPD0118/func/sub-STUNIPD0118_desc-outliers.json
INFO: skip (exists): data/clinical_connectome/derivatives/UNIPD/WashU/features/sub-STUNIPD0120/func/sub-STUNIPD0120_space-MNI152NLin6Asym_FC-pearson_atlas-GlasserTianS1Buckner7N.csv
INFO: skip (exists): data/clinical_connectome/derivatives/UNIPD/WashU/features/sub-STUNIPD0120/func/sub-STUNIPD0120_space-MNI152NLin6Asym_FC-pearson_atlas-GlasserTianS2Buckner7N.csv
INFO: skip (exists): data/clinical_connectome/derivatives/UNIPD/WashU/features/sub-STUNIPD0120/func/sub-STUNIPD0120_space-MNI152NLin6Asym_FC-pearson_atlas-GlasserTianS3Buckner7N.csv
INFO: skip (exists): data/clinical_connectome/derivatives/UNIPD/WashU/features/sub-STUNIPD0120/func/sub-STUNIPD0120_space-MNI152NLin6Asym_FC-pearson_atlas-Schaefer100TianS1Buckner7N.csv
INFO: skip (exists): data/clinical_connectome/derivatives/UNIPD/WashU/features/sub-STUNIPD0120/func/sub-STUNIPD0120_space-MNI152NLin6Asym_FC-pearson_atlas-Schaefer100TianS2Buckner7N.csv
INFO: skip (exists): data/clinical_connectome/derivatives/UNIPD/WashU/features/sub-STUNIPD0120/func/sub-STUNIPD0120_space-MNI152NLin6Asym_FC-pearson_atlas-Schaefer100TianS3Buckner7N.csv
INFO: skip (exists): data/clinical_connectome/derivatives/UNIPD/WashU/features/sub-STUNIPD0120/func/sub-STUNIPD0120_space-MNI152NLin6Asym_FC-pearson_atlas-Schaefer200TianS1Buckner7N.csv
INFO: skip (exists): data/clinical_connectome/derivatives/UNIPD/WashU/features/sub-STUNIPD0120/func/sub-STUNIPD0120_space-MNI152NLin6Asym_FC-pearson_atlas-Schaefer200TianS2Buckner7N.csv
INFO: skip (exists): data/clinical_connectome/derivatives/UNIPD/WashU/features/sub-STUNIPD0120/func/sub-STUNIPD0120_space-MNI152NLin6Asym_FC-pearson_atlas-Schaefer200TianS3Buckner7N.csv
INFO: skip (exists): data/clinical_connectome/derivatives/UNIPD/WashU/features/sub-STUNIPD0120/func/sub-STUNIPD0120_space-MNI152NLin6Asym_FC-pearson_atlas-Schaefer300TianS1Buckner7N.csv
INFO: skip (exists): data/clinical_connectome/derivatives/UNIPD/WashU/features/sub-STUNIPD0120/func/sub-STUNIPD0120_space-MNI152NLin6Asym_FC-pearson_atlas-Schaefer300TianS2Buckner7N.csv
INFO: skip (exists): data/clinical_connectome/derivatives/UNIPD/WashU/features/sub-STUNIPD0120/func/sub-STUNIPD0120_space-MNI152NLin6Asym_FC-pearson_atlas-Schaefer300TianS3Buckner7N.csv
INFO: skip (exists): data/clinical_connectome/derivatives/UNIPD/WashU/features/sub-STUNIPD0120/func/sub-STUNIPD0120_space-MNI152NLin6Asym_FC-pearson_atlas-Schaefer400TianS1Buckner7N.csv
INFO: skip (exists): data/clinical_connectome/derivatives/UNIPD/WashU/features/sub-STUNIPD0120/func/sub-STUNIPD0120_space-MNI152NLin6Asym_FC-pearson_atlas-Schaefer400TianS2Buckner7N.csv
INFO: skip (exists): data/clinical_connectome/derivatives/UNIPD/WashU/features/sub-STUNIPD0120/func/sub-STUNIPD0120_space-MNI152NLin6Asym_FC-pearson_atlas-Schaefer400TianS3Buckner7N.csv
INFO: skip (exists): data/clinical_connectome/derivatives/UNIPD/WashU/features/sub-STUNIPD0120/func/sub-STUNIPD0120_desc-motion.tsv
INFO: skip (exists): data/clinical_connectome/derivatives/UNIPD/WashU/features/sub-STUNIPD0120/func/sub-STUNIPD0120_desc-motion.json
INFO: skip (exists): data/clinical_connectome/derivatives/UNIPD/WashU/features/sub-STUNIPD0120/func/sub-STUNIPD0120_desc-outliers.tsv
INFO: skip (exists): data/clinical_connectome/derivatives/UNIPD/WashU/features/sub-STUNIPD0120/func/sub-STUNIPD0120_desc-outliers.json
INFO: skip (exists): data/clinical_connectome/derivatives/UNIPD/WashU/features/sub-STUNIPD0121/func/sub-STUNIPD0121_space-MNI152NLin6Asym_FC-pearson_atlas-GlasserTianS1Buckner7N.csv
INFO: skip (exists): data/clinical_connectome/derivatives/UNIPD/WashU/features/sub-STUNIPD0121/func/sub-STUNIPD0121_space-MNI152NLin6Asym_FC-pearson_atlas-GlasserTianS2Buckner7N.csv
INFO: skip (exists): data/clinical_connectome/derivatives/UNIPD/WashU/features/sub-STUNIPD0121/func/sub-STUNIPD0121_space-MNI152NLin6Asym_FC-pearson_atlas-GlasserTianS3Buckner7N.csv
INFO: skip (exists): data/clinical_connectome/derivatives/UNIPD/WashU/features/sub-STUNIPD0121/func/sub-STUNIPD0121_space-MNI152NLin6Asym_FC-pearson_atlas-Schaefer100TianS1Buckner7N.csv
INFO: skip (exists): data/clinical_connectome/derivatives/UNIPD/WashU/features/sub-STUNIPD0121/func/sub-STUNIPD0121_space-MNI152NLin6Asym_FC-pearson_atlas-Schaefer100TianS2Buckner7N.csv
INFO: skip (exists): data/clinical_connectome/derivatives/UNIPD/WashU/features/sub-STUNIPD0121/func/sub-STUNIPD0121_space-MNI152NLin6Asym_FC-pearson_atlas-Schaefer100TianS3Buckner7N.csv
INFO: skip (exists): data/clinical_connectome/derivatives/UNIPD/WashU/features/sub-STUNIPD0121/func/sub-STUNIPD0121_space-MNI152NLin6Asym_FC-pearson_atlas-Schaefer200TianS1Buckner7N.csv
INFO: skip (exists): data/clinical_connectome/derivatives/UNIPD/WashU/features/sub-STUNIPD0121/func/sub-STUNIPD0121_space-MNI152NLin6Asym_FC-pearson_atlas-Schaefer200TianS2Buckner7N.csv
INFO: skip (exists): data/clinical_connectome/derivatives/UNIPD/WashU/features/sub-STUNIPD0121/func/sub-STUNIPD0121_space-MNI152NLin6Asym_FC-pearson_atlas-Schaefer200TianS3Buckner7N.csv
INFO: skip (exists): data/clinical_connectome/derivatives/UNIPD/WashU/features/sub-STUNIPD0121/func/sub-STUNIPD0121_space-MNI152NLin6Asym_FC-pearson_atlas-Schaefer300TianS1Buckner7N.csv
INFO: skip (exists): data/clinical_connectome/derivatives/UNIPD/WashU/features/sub-STUNIPD0121/func/sub-STUNIPD0121_space-MNI152NLin6Asym_FC-pearson_atlas-Schaefer300TianS2Buckner7N.csv
INFO: skip (exists): data/clinical_connectome/derivatives/UNIPD/WashU/features/sub-STUNIPD0121/func/sub-STUNIPD0121_space-MNI152NLin6Asym_FC-pearson_atlas-Schaefer300TianS3Buckner7N.csv
INFO: skip (exists): data/clinical_connectome/derivatives/UNIPD/WashU/features/sub-STUNIPD0121/func/sub-STUNIPD0121_space-MNI152NLin6Asym_FC-pearson_atlas-Schaefer400TianS1Buckner7N.csv
INFO: skip (exists): data/clinical_connectome/derivatives/UNIPD/WashU/features/sub-STUNIPD0121/func/sub-STUNIPD0121_space-MNI152NLin6Asym_FC-pearson_atlas-Schaefer400TianS2Buckner7N.csv
INFO: skip (exists): data/clinical_connectome/derivatives/UNIPD/WashU/features/sub-STUNIPD0121/func/sub-STUNIPD0121_space-MNI152NLin6Asym_FC-pearson_atlas-Schaefer400TianS3Buckner7N.csv
INFO: skip (exists): data/clinical_connectome/derivatives/UNIPD/WashU/features/sub-STUNIPD0121/func/sub-STUNIPD0121_desc-motion.tsv
INFO: skip (exists): data/clinical_connectome/derivatives/UNIPD/WashU/features/sub-STUNIPD0121/func/sub-STUNIPD0121_desc-motion.json
INFO: skip (exists): data/clinical_connectome/derivatives/UNIPD/WashU/features/sub-STUNIPD0121/func/sub-STUNIPD0121_desc-outliers.tsv
INFO: skip (exists): data/clinical_connectome/derivatives/UNIPD/WashU/features/sub-STUNIPD0121/func/sub-STUNIPD0121_desc-outliers.json
INFO: skip (exists): data/clinical_connectome/derivatives/UNIPD/WashU/features/sub-STUNIPD0126/func/sub-STUNIPD0126_space-MNI152NLin6Asym_FC-pearson_atlas-GlasserTianS1Buckner7N.csv
INFO: skip (exists): data/clinical_connectome/derivatives/UNIPD/WashU/features/sub-STUNIPD0126/func/sub-STUNIPD0126_space-MNI152NLin6Asym_FC-pearson_atlas-GlasserTianS2Buckner7N.csv
INFO: skip (exists): data/clinical_connectome/derivatives/UNIPD/WashU/features/sub-STUNIPD0126/func/sub-STUNIPD0126_space-MNI152NLin6Asym_FC-pearson_atlas-GlasserTianS3Buckner7N.csv
INFO: skip (exists): data/clinical_connectome/derivatives/UNIPD/WashU/features/sub-STUNIPD0126/func/sub-STUNIPD0126_space-MNI152NLin6Asym_FC-pearson_atlas-Schaefer100TianS1Buckner7N.csv
INFO: skip (exists): data/clinical_connectome/derivatives/UNIPD/WashU/features/sub-STUNIPD0126/func/sub-STUNIPD0126_space-MNI152NLin6Asym_FC-pearson_atlas-Schaefer100TianS2Buckner7N.csv
INFO: skip (exists): data/clinical_connectome/derivatives/UNIPD/WashU/features/sub-STUNIPD0126/func/sub-STUNIPD0126_space-MNI152NLin6Asym_FC-pearson_atlas-Schaefer100TianS3Buckner7N.csv
INFO: skip (exists): data/clinical_connectome/derivatives/UNIPD/WashU/features/sub-STUNIPD0126/func/sub-STUNIPD0126_space-MNI152NLin6Asym_FC-pearson_atlas-Schaefer200TianS1Buckner7N.csv
INFO: skip (exists): data/clinical_connectome/derivatives/UNIPD/WashU/features/sub-STUNIPD0126/func/sub-STUNIPD0126_space-MNI152NLin6Asym_FC-pearson_atlas-Schaefer200TianS2Buckner7N.csv
INFO: skip (exists): data/clinical_connectome/derivatives/UNIPD/WashU/features/sub-STUNIPD0126/func/sub-STUNIPD0126_space-MNI152NLin6Asym_FC-pearson_atlas-Schaefer200TianS3Buckner7N.csv
INFO: skip (exists): data/clinical_connectome/derivatives/UNIPD/WashU/features/sub-STUNIPD0126/func/sub-STUNIPD0126_space-MNI152NLin6Asym_FC-pearson_atlas-Schaefer300TianS1Buckner7N.csv
INFO: skip (exists): data/clinical_connectome/derivatives/UNIPD/WashU/features/sub-STUNIPD0126/func/sub-STUNIPD0126_space-MNI152NLin6Asym_FC-pearson_atlas-Schaefer300TianS2Buckner7N.csv
INFO: skip (exists): data/clinical_connectome/derivatives/UNIPD/WashU/features/sub-STUNIPD0126/func/sub-STUNIPD0126_space-MNI152NLin6Asym_FC-pearson_atlas-Schaefer300TianS3Buckner7N.csv
INFO: skip (exists): data/clinical_connectome/derivatives/UNIPD/WashU/features/sub-STUNIPD0126/func/sub-STUNIPD0126_space-MNI152NLin6Asym_FC-pearson_atlas-Schaefer400TianS1Buckner7N.csv
INFO: skip (exists): data/clinical_connectome/derivatives/UNIPD/WashU/features/sub-STUNIPD0126/func/sub-STUNIPD0126_space-MNI152NLin6Asym_FC-pearson_atlas-Schaefer400TianS2Buckner7N.csv
INFO: skip (exists): data/clinical_connectome/derivatives/UNIPD/WashU/features/sub-STUNIPD0126/func/sub-STUNIPD0126_space-MNI152NLin6Asym_FC-pearson_atlas-Schaefer400TianS3Buckner7N.csv
INFO: skip (exists): data/clinical_connectome/derivatives/UNIPD/WashU/features/sub-STUNIPD0126/func/sub-STUNIPD0126_desc-motion.tsv
INFO: skip (exists): data/clinical_connectome/derivatives/UNIPD/WashU/features/sub-STUNIPD0126/func/sub-STUNIPD0126_desc-motion.json
INFO: skip (exists): data/clinical_connectome/derivatives/UNIPD/WashU/features/sub-STUNIPD0126/func/sub-STUNIPD0126_desc-outliers.tsv
INFO: skip (exists): data/clinical_connectome/derivatives/UNIPD/WashU/features/sub-STUNIPD0126/func/sub-STUNIPD0126_desc-outliers.json
INFO: skip (exists): data/clinical_connectome/derivatives/UNIPD/WashU/features/sub-STUNIPD0127/func/sub-STUNIPD0127_space-MNI152NLin6Asym_FC-pearson_atlas-GlasserTianS1Buckner7N.csv
INFO: skip (exists): data/clinical_connectome/derivatives/UNIPD/WashU/features/sub-STUNIPD0127/func/sub-STUNIPD0127_space-MNI152NLin6Asym_FC-pearson_atlas-GlasserTianS2Buckner7N.csv
INFO: skip (exists): data/clinical_connectome/derivatives/UNIPD/WashU/features/sub-STUNIPD0127/func/sub-STUNIPD0127_space-MNI152NLin6Asym_FC-pearson_atlas-GlasserTianS3Buckner7N.csv
INFO: skip (exists): data/clinical_connectome/derivatives/UNIPD/WashU/features/sub-STUNIPD0127/func/sub-STUNIPD0127_space-MNI152NLin6Asym_FC-pearson_atlas-Schaefer100TianS1Buckner7N.csv
INFO: skip (exists): data/clinical_connectome/derivatives/UNIPD/WashU/features/sub-STUNIPD0127/func/sub-STUNIPD0127_space-MNI152NLin6Asym_FC-pearson_atlas-Schaefer100TianS2Buckner7N.csv
INFO: skip (exists): data/clinical_connectome/derivatives/UNIPD/WashU/features/sub-STUNIPD0127/func/sub-STUNIPD0127_space-MNI152NLin6Asym_FC-pearson_atlas-Schaefer100TianS3Buckner7N.csv
INFO: skip (exists): data/clinical_connectome/derivatives/UNIPD/WashU/features/sub-STUNIPD0127/func/sub-STUNIPD0127_space-MNI152NLin6Asym_FC-pearson_atlas-Schaefer200TianS1Buckner7N.csv
INFO: skip (exists): data/clinical_connectome/derivatives/UNIPD/WashU/features/sub-STUNIPD0127/func/sub-STUNIPD0127_space-MNI152NLin6Asym_FC-pearson_atlas-Schaefer200TianS2Buckner7N.csv
INFO: skip (exists): data/clinical_connectome/derivatives/UNIPD/WashU/features/sub-STUNIPD0127/func/sub-STUNIPD0127_space-MNI152NLin6Asym_FC-pearson_atlas-Schaefer200TianS3Buckner7N.csv
INFO: skip (exists): data/clinical_connectome/derivatives/UNIPD/WashU/features/sub-STUNIPD0127/func/sub-STUNIPD0127_space-MNI152NLin6Asym_FC-pearson_atlas-Schaefer300TianS1Buckner7N.csv
INFO: skip (exists): data/clinical_connectome/derivatives/UNIPD/WashU/features/sub-STUNIPD0127/func/sub-STUNIPD0127_space-MNI152NLin6Asym_FC-pearson_atlas-Schaefer300TianS2Buckner7N.csv
INFO: skip (exists): data/clinical_connectome/derivatives/UNIPD/WashU/features/sub-STUNIPD0127/func/sub-STUNIPD0127_space-MNI152NLin6Asym_FC-pearson_atlas-Schaefer300TianS3Buckner7N.csv
INFO: skip (exists): data/clinical_connectome/derivatives/UNIPD/WashU/features/sub-STUNIPD0127/func/sub-STUNIPD0127_space-MNI152NLin6Asym_FC-pearson_atlas-Schaefer400TianS1Buckner7N.csv
INFO: skip (exists): data/clinical_connectome/derivatives/UNIPD/WashU/features/sub-STUNIPD0127/func/sub-STUNIPD0127_space-MNI152NLin6Asym_FC-pearson_atlas-Schaefer400TianS2Buckner7N.csv
INFO: skip (exists): data/clinical_connectome/derivatives/UNIPD/WashU/features/sub-STUNIPD0127/func/sub-STUNIPD0127_space-MNI152NLin6Asym_FC-pearson_atlas-Schaefer400TianS3Buckner7N.csv
INFO: skip (exists): data/clinical_connectome/derivatives/UNIPD/WashU/features/sub-STUNIPD0127/func/sub-STUNIPD0127_desc-motion.tsv
INFO: skip (exists): data/clinical_connectome/derivatives/UNIPD/WashU/features/sub-STUNIPD0127/func/sub-STUNIPD0127_desc-motion.json
INFO: skip (exists): data/clinical_connectome/derivatives/UNIPD/WashU/features/sub-STUNIPD0127/func/sub-STUNIPD0127_desc-outliers.tsv
INFO: skip (exists): data/clinical_connectome/derivatives/UNIPD/WashU/features/sub-STUNIPD0127/func/sub-STUNIPD0127_desc-outliers.json
INFO: skip (exists): data/clinical_connectome/derivatives/UNIPD/WashU/features/sub-STUNIPD0131/func/sub-STUNIPD0131_space-MNI152NLin6Asym_FC-pearson_atlas-GlasserTianS1Buckner7N.csv
INFO: skip (exists): data/clinical_connectome/derivatives/UNIPD/WashU/features/sub-STUNIPD0131/func/sub-STUNIPD0131_space-MNI152NLin6Asym_FC-pearson_atlas-GlasserTianS2Buckner7N.csv
INFO: skip (exists): data/clinical_connectome/derivatives/UNIPD/WashU/features/sub-STUNIPD0131/func/sub-STUNIPD0131_space-MNI152NLin6Asym_FC-pearson_atlas-GlasserTianS3Buckner7N.csv
INFO: skip (exists): data/clinical_connectome/derivatives/UNIPD/WashU/features/sub-STUNIPD0131/func/sub-STUNIPD0131_space-MNI152NLin6Asym_FC-pearson_atlas-Schaefer100TianS1Buckner7N.csv
INFO: skip (exists): data/clinical_connectome/derivatives/UNIPD/WashU/features/sub-STUNIPD0131/func/sub-STUNIPD0131_space-MNI152NLin6Asym_FC-pearson_atlas-Schaefer100TianS2Buckner7N.csv
INFO: skip (exists): data/clinical_connectome/derivatives/UNIPD/WashU/features/sub-STUNIPD0131/func/sub-STUNIPD0131_space-MNI152NLin6Asym_FC-pearson_atlas-Schaefer100TianS3Buckner7N.csv
INFO: skip (exists): data/clinical_connectome/derivatives/UNIPD/WashU/features/sub-STUNIPD0131/func/sub-STUNIPD0131_space-MNI152NLin6Asym_FC-pearson_atlas-Schaefer200TianS1Buckner7N.csv
INFO: skip (exists): data/clinical_connectome/derivatives/UNIPD/WashU/features/sub-STUNIPD0131/func/sub-STUNIPD0131_space-MNI152NLin6Asym_FC-pearson_atlas-Schaefer200TianS2Buckner7N.csv
INFO: skip (exists): data/clinical_connectome/derivatives/UNIPD/WashU/features/sub-STUNIPD0131/func/sub-STUNIPD0131_space-MNI152NLin6Asym_FC-pearson_atlas-Schaefer200TianS3Buckner7N.csv
INFO: skip (exists): data/clinical_connectome/derivatives/UNIPD/WashU/features/sub-STUNIPD0131/func/sub-STUNIPD0131_space-MNI152NLin6Asym_FC-pearson_atlas-Schaefer300TianS1Buckner7N.csv
INFO: skip (exists): data/clinical_connectome/derivatives/UNIPD/WashU/features/sub-STUNIPD0131/func/sub-STUNIPD0131_space-MNI152NLin6Asym_FC-pearson_atlas-Schaefer300TianS2Buckner7N.csv
INFO: skip (exists): data/clinical_connectome/derivatives/UNIPD/WashU/features/sub-STUNIPD0131/func/sub-STUNIPD0131_space-MNI152NLin6Asym_FC-pearson_atlas-Schaefer300TianS3Buckner7N.csv
INFO: skip (exists): data/clinical_connectome/derivatives/UNIPD/WashU/features/sub-STUNIPD0131/func/sub-STUNIPD0131_space-MNI152NLin6Asym_FC-pearson_atlas-Schaefer400TianS1Buckner7N.csv
INFO: skip (exists): data/clinical_connectome/derivatives/UNIPD/WashU/features/sub-STUNIPD0131/func/sub-STUNIPD0131_space-MNI152NLin6Asym_FC-pearson_atlas-Schaefer400TianS2Buckner7N.csv
INFO: skip (exists): data/clinical_connectome/derivatives/UNIPD/WashU/features/sub-STUNIPD0131/func/sub-STUNIPD0131_space-MNI152NLin6Asym_FC-pearson_atlas-Schaefer400TianS3Buckner7N.csv
INFO: skip (exists): data/clinical_connectome/derivatives/UNIPD/WashU/features/sub-STUNIPD0131/func/sub-STUNIPD0131_desc-motion.tsv
INFO: skip (exists): data/clinical_connectome/derivatives/UNIPD/WashU/features/sub-STUNIPD0131/func/sub-STUNIPD0131_desc-motion.json
INFO: skip (exists): data/clinical_connectome/derivatives/UNIPD/WashU/features/sub-STUNIPD0131/func/sub-STUNIPD0131_desc-outliers.tsv
INFO: skip (exists): data/clinical_connectome/derivatives/UNIPD/WashU/features/sub-STUNIPD0131/func/sub-STUNIPD0131_desc-outliers.json
INFO: skip (exists): data/clinical_connectome/derivatives/UNIPD/WashU/features/sub-STUNIPD0133/func/sub-STUNIPD0133_space-MNI152NLin6Asym_FC-pearson_atlas-GlasserTianS1Buckner7N.csv
INFO: skip (exists): data/clinical_connectome/derivatives/UNIPD/WashU/features/sub-STUNIPD0133/func/sub-STUNIPD0133_space-MNI152NLin6Asym_FC-pearson_atlas-GlasserTianS2Buckner7N.csv
INFO: copied: data/clinical_connectome/derivatives/UNIPD/WashU/features/sub-STUNIPD0133/func/sub-STUNIPD0133_space-MNI152NLin6Asym_FC-pearson_atlas-GlasserTianS3Buckner7N.csv
INFO: copied: data/clinical_connectome/derivatives/UNIPD/WashU/features/sub-STUNIPD0133/func/sub-STUNIPD0133_space-MNI152NLin6Asym_FC-pearson_atlas-Schaefer100TianS1Buckner7N.csv
INFO: copied: data/clinical_connectome/derivatives/UNIPD/WashU/features/sub-STUNIPD0133/func/sub-STUNIPD0133_space-MNI152NLin6Asym_FC-pearson_atlas-Schaefer100TianS2Buckner7N.csv
INFO: copied: data/clinical_connectome/derivatives/UNIPD/WashU/features/sub-STUNIPD0133/func/sub-STUNIPD0133_space-MNI152NLin6Asym_FC-pearson_atlas-Schaefer100TianS3Buckner7N.csv
INFO: copied: data/clinical_connectome/derivatives/UNIPD/WashU/features/sub-STUNIPD0133/func/sub-STUNIPD0133_space-MNI152NLin6Asym_FC-pearson_atlas-Schaefer200TianS1Buckner7N.csv
INFO: copied: data/clinical_connectome/derivatives/UNIPD/WashU/features/sub-STUNIPD0133/func/sub-STUNIPD0133_space-MNI152NLin6Asym_FC-pearson_atlas-Schaefer200TianS2Buckner7N.csv
INFO: copied: data/clinical_connectome/derivatives/UNIPD/WashU/features/sub-STUNIPD0133/func/sub-STUNIPD0133_space-MNI152NLin6Asym_FC-pearson_atlas-Schaefer200TianS3Buckner7N.csv
INFO: copied: data/clinical_connectome/derivatives/UNIPD/WashU/features/sub-STUNIPD0133/func/sub-STUNIPD0133_space-MNI152NLin6Asym_FC-pearson_atlas-Schaefer300TianS1Buckner7N.csv
INFO: copied: data/clinical_connectome/derivatives/UNIPD/WashU/features/sub-STUNIPD0133/func/sub-STUNIPD0133_space-MNI152NLin6Asym_FC-pearson_atlas-Schaefer300TianS2Buckner7N.csv
INFO: copied: data/clinical_connectome/derivatives/UNIPD/WashU/features/sub-STUNIPD0133/func/sub-STUNIPD0133_space-MNI152NLin6Asym_FC-pearson_atlas-Schaefer300TianS3Buckner7N.csv
INFO: copied: data/clinical_connectome/derivatives/UNIPD/WashU/features/sub-STUNIPD0133/func/sub-STUNIPD0133_space-MNI152NLin6Asym_FC-pearson_atlas-Schaefer400TianS1Buckner7N.csv
INFO: copied: data/clinical_connectome/derivatives/UNIPD/WashU/features/sub-STUNIPD0133/func/sub-STUNIPD0133_space-MNI152NLin6Asym_FC-pearson_atlas-Schaefer400TianS2Buckner7N.csv
INFO: copied: data/clinical_connectome/derivatives/UNIPD/WashU/features/sub-STUNIPD0133/func/sub-STUNIPD0133_space-MNI152NLin6Asym_FC-pearson_atlas-Schaefer400TianS3Buckner7N.csv
INFO: copied: data/clinical_connectome/derivatives/UNIPD/WashU/features/sub-STUNIPD0133/func/sub-STUNIPD0133_desc-motion.tsv
INFO: copied: data/clinical_connectome/derivatives/UNIPD/WashU/features/sub-STUNIPD0133/func/sub-STUNIPD0133_desc-motion.json
INFO: copied: data/clinical_connectome/derivatives/UNIPD/WashU/features/sub-STUNIPD0133/func/sub-STUNIPD0133_desc-outliers.tsv
INFO: copied: data/clinical_connectome/derivatives/UNIPD/WashU/features/sub-STUNIPD0133/func/sub-STUNIPD0133_desc-outliers.json
INFO: copied: data/clinical_connectome/derivatives/UNIPD/WashU/features/sub-STUNIPD0138/func/sub-STUNIPD0138_space-MNI152NLin6Asym_FC-pearson_atlas-GlasserTianS1Buckner7N.csv
INFO: copied: data/clinical_connectome/derivatives/UNIPD/WashU/features/sub-STUNIPD0138/func/sub-STUNIPD0138_space-MNI152NLin6Asym_FC-pearson_atlas-GlasserTianS2Buckner7N.csv
INFO: copied: data/clinical_connectome/derivatives/UNIPD/WashU/features/sub-STUNIPD0138/func/sub-STUNIPD0138_space-MNI152NLin6Asym_FC-pearson_atlas-GlasserTianS3Buckner7N.csv
INFO: copied: data/clinical_connectome/derivatives/UNIPD/WashU/features/sub-STUNIPD0138/func/sub-STUNIPD0138_space-MNI152NLin6Asym_FC-pearson_atlas-Schaefer100TianS1Buckner7N.csv
INFO: copied: data/clinical_connectome/derivatives/UNIPD/WashU/features/sub-STUNIPD0138/func/sub-STUNIPD0138_space-MNI152NLin6Asym_FC-pearson_atlas-Schaefer100TianS2Buckner7N.csv
INFO: copied: data/clinical_connectome/derivatives/UNIPD/WashU/features/sub-STUNIPD0138/func/sub-STUNIPD0138_space-MNI152NLin6Asym_FC-pearson_atlas-Schaefer100TianS3Buckner7N.csv
INFO: copied: data/clinical_connectome/derivatives/UNIPD/WashU/features/sub-STUNIPD0138/func/sub-STUNIPD0138_space-MNI152NLin6Asym_FC-pearson_atlas-Schaefer200TianS1Buckner7N.csv
INFO: copied: data/clinical_connectome/derivatives/UNIPD/WashU/features/sub-STUNIPD0138/func/sub-STUNIPD0138_space-MNI152NLin6Asym_FC-pearson_atlas-Schaefer200TianS2Buckner7N.csv
INFO: copied: data/clinical_connectome/derivatives/UNIPD/WashU/features/sub-STUNIPD0138/func/sub-STUNIPD0138_space-MNI152NLin6Asym_FC-pearson_atlas-Schaefer200TianS3Buckner7N.csv
INFO: copied: data/clinical_connectome/derivatives/UNIPD/WashU/features/sub-STUNIPD0138/func/sub-STUNIPD0138_space-MNI152NLin6Asym_FC-pearson_atlas-Schaefer300TianS1Buckner7N.csv
INFO: copied: data/clinical_connectome/derivatives/UNIPD/WashU/features/sub-STUNIPD0138/func/sub-STUNIPD0138_space-MNI152NLin6Asym_FC-pearson_atlas-Schaefer300TianS2Buckner7N.csv
INFO: copied: data/clinical_connectome/derivatives/UNIPD/WashU/features/sub-STUNIPD0138/func/sub-STUNIPD0138_space-MNI152NLin6Asym_FC-pearson_atlas-Schaefer300TianS3Buckner7N.csv
INFO: copied: data/clinical_connectome/derivatives/UNIPD/WashU/features/sub-STUNIPD0138/func/sub-STUNIPD0138_space-MNI152NLin6Asym_FC-pearson_atlas-Schaefer400TianS1Buckner7N.csv
INFO: copied: data/clinical_connectome/derivatives/UNIPD/WashU/features/sub-STUNIPD0138/func/sub-STUNIPD0138_space-MNI152NLin6Asym_FC-pearson_atlas-Schaefer400TianS2Buckner7N.csv
INFO: copied: data/clinical_connectome/derivatives/UNIPD/WashU/features/sub-STUNIPD0138/func/sub-STUNIPD0138_space-MNI152NLin6Asym_FC-pearson_atlas-Schaefer400TianS3Buckner7N.csv
INFO: copied: data/clinical_connectome/derivatives/UNIPD/WashU/features/sub-STUNIPD0138/func/sub-STUNIPD0138_desc-motion.tsv
INFO: copied: data/clinical_connectome/derivatives/UNIPD/WashU/features/sub-STUNIPD0138/func/sub-STUNIPD0138_desc-motion.json
INFO: copied: data/clinical_connectome/derivatives/UNIPD/WashU/features/sub-STUNIPD0138/func/sub-STUNIPD0138_desc-outliers.tsv
INFO: copied: data/clinical_connectome/derivatives/UNIPD/WashU/features/sub-STUNIPD0138/func/sub-STUNIPD0138_desc-outliers.json
INFO: copied: data/clinical_connectome/derivatives/UNIPD/WashU/features/sub-STUNIPD0140/func/sub-STUNIPD0140_space-MNI152NLin6Asym_FC-pearson_atlas-GlasserTianS1Buckner7N.csv
INFO: copied: data/clinical_connectome/derivatives/UNIPD/WashU/features/sub-STUNIPD0140/func/sub-STUNIPD0140_space-MNI152NLin6Asym_FC-pearson_atlas-GlasserTianS2Buckner7N.csv
INFO: copied: data/clinical_connectome/derivatives/UNIPD/WashU/features/sub-STUNIPD0140/func/sub-STUNIPD0140_space-MNI152NLin6Asym_FC-pearson_atlas-GlasserTianS3Buckner7N.csv
INFO: copied: data/clinical_connectome/derivatives/UNIPD/WashU/features/sub-STUNIPD0140/func/sub-STUNIPD0140_space-MNI152NLin6Asym_FC-pearson_atlas-Schaefer100TianS1Buckner7N.csv
INFO: copied: data/clinical_connectome/derivatives/UNIPD/WashU/features/sub-STUNIPD0140/func/sub-STUNIPD0140_space-MNI152NLin6Asym_FC-pearson_atlas-Schaefer100TianS2Buckner7N.csv
INFO: copied: data/clinical_connectome/derivatives/UNIPD/WashU/features/sub-STUNIPD0140/func/sub-STUNIPD0140_space-MNI152NLin6Asym_FC-pearson_atlas-Schaefer100TianS3Buckner7N.csv
INFO: copied: data/clinical_connectome/derivatives/UNIPD/WashU/features/sub-STUNIPD0140/func/sub-STUNIPD0140_space-MNI152NLin6Asym_FC-pearson_atlas-Schaefer200TianS1Buckner7N.csv
INFO: copied: data/clinical_connectome/derivatives/UNIPD/WashU/features/sub-STUNIPD0140/func/sub-STUNIPD0140_space-MNI152NLin6Asym_FC-pearson_atlas-Schaefer200TianS2Buckner7N.csv
INFO: copied: data/clinical_connectome/derivatives/UNIPD/WashU/features/sub-STUNIPD0140/func/sub-STUNIPD0140_space-MNI152NLin6Asym_FC-pearson_atlas-Schaefer200TianS3Buckner7N.csv
INFO: copied: data/clinical_connectome/derivatives/UNIPD/WashU/features/sub-STUNIPD0140/func/sub-STUNIPD0140_space-MNI152NLin6Asym_FC-pearson_atlas-Schaefer300TianS1Buckner7N.csv
INFO: copied: data/clinical_connectome/derivatives/UNIPD/WashU/features/sub-STUNIPD0140/func/sub-STUNIPD0140_space-MNI152NLin6Asym_FC-pearson_atlas-Schaefer300TianS2Buckner7N.csv
INFO: copied: data/clinical_connectome/derivatives/UNIPD/WashU/features/sub-STUNIPD0140/func/sub-STUNIPD0140_space-MNI152NLin6Asym_FC-pearson_atlas-Schaefer300TianS3Buckner7N.csv
INFO: copied: data/clinical_connectome/derivatives/UNIPD/WashU/features/sub-STUNIPD0140/func/sub-STUNIPD0140_space-MNI152NLin6Asym_FC-pearson_atlas-Schaefer400TianS1Buckner7N.csv
INFO: copied: data/clinical_connectome/derivatives/UNIPD/WashU/features/sub-STUNIPD0140/func/sub-STUNIPD0140_space-MNI152NLin6Asym_FC-pearson_atlas-Schaefer400TianS2Buckner7N.csv
INFO: copied: data/clinical_connectome/derivatives/UNIPD/WashU/features/sub-STUNIPD0140/func/sub-STUNIPD0140_space-MNI152NLin6Asym_FC-pearson_atlas-Schaefer400TianS3Buckner7N.csv
INFO: copied: data/clinical_connectome/derivatives/UNIPD/WashU/features/sub-STUNIPD0140/func/sub-STUNIPD0140_desc-motion.tsv
INFO: copied: data/clinical_connectome/derivatives/UNIPD/WashU/features/sub-STUNIPD0140/func/sub-STUNIPD0140_desc-motion.json
INFO: copied: data/clinical_connectome/derivatives/UNIPD/WashU/features/sub-STUNIPD0140/func/sub-STUNIPD0140_desc-outliers.tsv
INFO: copied: data/clinical_connectome/derivatives/UNIPD/WashU/features/sub-STUNIPD0140/func/sub-STUNIPD0140_desc-outliers.json
INFO: copied: data/clinical_connectome/derivatives/UNIPD/WashU/features/sub-STUNIPD0141/func/sub-STUNIPD0141_space-MNI152NLin6Asym_FC-pearson_atlas-GlasserTianS1Buckner7N.csv
INFO: copied: data/clinical_connectome/derivatives/UNIPD/WashU/features/sub-STUNIPD0141/func/sub-STUNIPD0141_space-MNI152NLin6Asym_FC-pearson_atlas-GlasserTianS2Buckner7N.csv
INFO: copied: data/clinical_connectome/derivatives/UNIPD/WashU/features/sub-STUNIPD0141/func/sub-STUNIPD0141_space-MNI152NLin6Asym_FC-pearson_atlas-GlasserTianS3Buckner7N.csv
INFO: copied: data/clinical_connectome/derivatives/UNIPD/WashU/features/sub-STUNIPD0141/func/sub-STUNIPD0141_space-MNI152NLin6Asym_FC-pearson_atlas-Schaefer100TianS1Buckner7N.csv
INFO: copied: data/clinical_connectome/derivatives/UNIPD/WashU/features/sub-STUNIPD0141/func/sub-STUNIPD0141_space-MNI152NLin6Asym_FC-pearson_atlas-Schaefer100TianS2Buckner7N.csv
INFO: copied: data/clinical_connectome/derivatives/UNIPD/WashU/features/sub-STUNIPD0141/func/sub-STUNIPD0141_space-MNI152NLin6Asym_FC-pearson_atlas-Schaefer100TianS3Buckner7N.csv
INFO: copied: data/clinical_connectome/derivatives/UNIPD/WashU/features/sub-STUNIPD0141/func/sub-STUNIPD0141_space-MNI152NLin6Asym_FC-pearson_atlas-Schaefer200TianS1Buckner7N.csv
INFO: copied: data/clinical_connectome/derivatives/UNIPD/WashU/features/sub-STUNIPD0141/func/sub-STUNIPD0141_space-MNI152NLin6Asym_FC-pearson_atlas-Schaefer200TianS2Buckner7N.csv
INFO: copied: data/clinical_connectome/derivatives/UNIPD/WashU/features/sub-STUNIPD0141/func/sub-STUNIPD0141_space-MNI152NLin6Asym_FC-pearson_atlas-Schaefer200TianS3Buckner7N.csv
INFO: copied: data/clinical_connectome/derivatives/UNIPD/WashU/features/sub-STUNIPD0141/func/sub-STUNIPD0141_space-MNI152NLin6Asym_FC-pearson_atlas-Schaefer300TianS1Buckner7N.csv
INFO: copied: data/clinical_connectome/derivatives/UNIPD/WashU/features/sub-STUNIPD0141/func/sub-STUNIPD0141_space-MNI152NLin6Asym_FC-pearson_atlas-Schaefer300TianS2Buckner7N.csv
INFO: copied: data/clinical_connectome/derivatives/UNIPD/WashU/features/sub-STUNIPD0141/func/sub-STUNIPD0141_space-MNI152NLin6Asym_FC-pearson_atlas-Schaefer300TianS3Buckner7N.csv
INFO: copied: data/clinical_connectome/derivatives/UNIPD/WashU/features/sub-STUNIPD0141/func/sub-STUNIPD0141_space-MNI152NLin6Asym_FC-pearson_atlas-Schaefer400TianS1Buckner7N.csv
INFO: copied: data/clinical_connectome/derivatives/UNIPD/WashU/features/sub-STUNIPD0141/func/sub-STUNIPD0141_space-MNI152NLin6Asym_FC-pearson_atlas-Schaefer400TianS2Buckner7N.csv
INFO: copied: data/clinical_connectome/derivatives/UNIPD/WashU/features/sub-STUNIPD0141/func/sub-STUNIPD0141_space-MNI152NLin6Asym_FC-pearson_atlas-Schaefer400TianS3Buckner7N.csv
INFO: copied: data/clinical_connectome/derivatives/UNIPD/WashU/features/sub-STUNIPD0141/func/sub-STUNIPD0141_desc-motion.tsv
INFO: copied: data/clinical_connectome/derivatives/UNIPD/WashU/features/sub-STUNIPD0141/func/sub-STUNIPD0141_desc-motion.json
INFO: copied: data/clinical_connectome/derivatives/UNIPD/WashU/features/sub-STUNIPD0141/func/sub-STUNIPD0141_desc-outliers.tsv
INFO: copied: data/clinical_connectome/derivatives/UNIPD/WashU/features/sub-STUNIPD0141/func/sub-STUNIPD0141_desc-outliers.json
INFO: copied: data/clinical_connectome/derivatives/UNIPD/WashU/features/sub-STUNIPD0142/func/sub-STUNIPD0142_space-MNI152NLin6Asym_FC-pearson_atlas-GlasserTianS1Buckner7N.csv
INFO: copied: data/clinical_connectome/derivatives/UNIPD/WashU/features/sub-STUNIPD0142/func/sub-STUNIPD0142_space-MNI152NLin6Asym_FC-pearson_atlas-GlasserTianS2Buckner7N.csv
INFO: copied: data/clinical_connectome/derivatives/UNIPD/WashU/features/sub-STUNIPD0142/func/sub-STUNIPD0142_space-MNI152NLin6Asym_FC-pearson_atlas-GlasserTianS3Buckner7N.csv
INFO: copied: data/clinical_connectome/derivatives/UNIPD/WashU/features/sub-STUNIPD0142/func/sub-STUNIPD0142_space-MNI152NLin6Asym_FC-pearson_atlas-Schaefer100TianS1Buckner7N.csv
INFO: copied: data/clinical_connectome/derivatives/UNIPD/WashU/features/sub-STUNIPD0142/func/sub-STUNIPD0142_space-MNI152NLin6Asym_FC-pearson_atlas-Schaefer100TianS2Buckner7N.csv
INFO: copied: data/clinical_connectome/derivatives/UNIPD/WashU/features/sub-STUNIPD0142/func/sub-STUNIPD0142_space-MNI152NLin6Asym_FC-pearson_atlas-Schaefer100TianS3Buckner7N.csv
INFO: copied: data/clinical_connectome/derivatives/UNIPD/WashU/features/sub-STUNIPD0142/func/sub-STUNIPD0142_space-MNI152NLin6Asym_FC-pearson_atlas-Schaefer200TianS1Buckner7N.csv
INFO: copied: data/clinical_connectome/derivatives/UNIPD/WashU/features/sub-STUNIPD0142/func/sub-STUNIPD0142_space-MNI152NLin6Asym_FC-pearson_atlas-Schaefer200TianS2Buckner7N.csv
INFO: copied: data/clinical_connectome/derivatives/UNIPD/WashU/features/sub-STUNIPD0142/func/sub-STUNIPD0142_space-MNI152NLin6Asym_FC-pearson_atlas-Schaefer200TianS3Buckner7N.csv
INFO: copied: data/clinical_connectome/derivatives/UNIPD/WashU/features/sub-STUNIPD0142/func/sub-STUNIPD0142_space-MNI152NLin6Asym_FC-pearson_atlas-Schaefer300TianS1Buckner7N.csv
INFO: copied: data/clinical_connectome/derivatives/UNIPD/WashU/features/sub-STUNIPD0142/func/sub-STUNIPD0142_space-MNI152NLin6Asym_FC-pearson_atlas-Schaefer300TianS2Buckner7N.csv
INFO: copied: data/clinical_connectome/derivatives/UNIPD/WashU/features/sub-STUNIPD0142/func/sub-STUNIPD0142_space-MNI152NLin6Asym_FC-pearson_atlas-Schaefer300TianS3Buckner7N.csv
INFO: copied: data/clinical_connectome/derivatives/UNIPD/WashU/features/sub-STUNIPD0142/func/sub-STUNIPD0142_space-MNI152NLin6Asym_FC-pearson_atlas-Schaefer400TianS1Buckner7N.csv
INFO: copied: data/clinical_connectome/derivatives/UNIPD/WashU/features/sub-STUNIPD0142/func/sub-STUNIPD0142_space-MNI152NLin6Asym_FC-pearson_atlas-Schaefer400TianS2Buckner7N.csv
INFO: copied: data/clinical_connectome/derivatives/UNIPD/WashU/features/sub-STUNIPD0142/func/sub-STUNIPD0142_space-MNI152NLin6Asym_FC-pearson_atlas-Schaefer400TianS3Buckner7N.csv
INFO: copied: data/clinical_connectome/derivatives/UNIPD/WashU/features/sub-STUNIPD0142/func/sub-STUNIPD0142_desc-motion.tsv
INFO: copied: data/clinical_connectome/derivatives/UNIPD/WashU/features/sub-STUNIPD0142/func/sub-STUNIPD0142_desc-motion.json
INFO: copied: data/clinical_connectome/derivatives/UNIPD/WashU/features/sub-STUNIPD0142/func/sub-STUNIPD0142_desc-outliers.tsv
INFO: copied: data/clinical_connectome/derivatives/UNIPD/WashU/features/sub-STUNIPD0142/func/sub-STUNIPD0142_desc-outliers.json
INFO: copied: data/clinical_connectome/derivatives/UNIPD/WashU/features/sub-STUNIPD0143/func/sub-STUNIPD0143_space-MNI152NLin6Asym_FC-pearson_atlas-GlasserTianS1Buckner7N.csv
INFO: copied: data/clinical_connectome/derivatives/UNIPD/WashU/features/sub-STUNIPD0143/func/sub-STUNIPD0143_space-MNI152NLin6Asym_FC-pearson_atlas-GlasserTianS2Buckner7N.csv
INFO: copied: data/clinical_connectome/derivatives/UNIPD/WashU/features/sub-STUNIPD0143/func/sub-STUNIPD0143_space-MNI152NLin6Asym_FC-pearson_atlas-GlasserTianS3Buckner7N.csv
INFO: copied: data/clinical_connectome/derivatives/UNIPD/WashU/features/sub-STUNIPD0143/func/sub-STUNIPD0143_space-MNI152NLin6Asym_FC-pearson_atlas-Schaefer100TianS1Buckner7N.csv
INFO: copied: data/clinical_connectome/derivatives/UNIPD/WashU/features/sub-STUNIPD0143/func/sub-STUNIPD0143_space-MNI152NLin6Asym_FC-pearson_atlas-Schaefer100TianS2Buckner7N.csv
INFO: copied: data/clinical_connectome/derivatives/UNIPD/WashU/features/sub-STUNIPD0143/func/sub-STUNIPD0143_space-MNI152NLin6Asym_FC-pearson_atlas-Schaefer100TianS3Buckner7N.csv
INFO: copied: data/clinical_connectome/derivatives/UNIPD/WashU/features/sub-STUNIPD0143/func/sub-STUNIPD0143_space-MNI152NLin6Asym_FC-pearson_atlas-Schaefer200TianS1Buckner7N.csv
INFO: copied: data/clinical_connectome/derivatives/UNIPD/WashU/features/sub-STUNIPD0143/func/sub-STUNIPD0143_space-MNI152NLin6Asym_FC-pearson_atlas-Schaefer200TianS2Buckner7N.csv
INFO: copied: data/clinical_connectome/derivatives/UNIPD/WashU/features/sub-STUNIPD0143/func/sub-STUNIPD0143_space-MNI152NLin6Asym_FC-pearson_atlas-Schaefer200TianS3Buckner7N.csv
INFO: copied: data/clinical_connectome/derivatives/UNIPD/WashU/features/sub-STUNIPD0143/func/sub-STUNIPD0143_space-MNI152NLin6Asym_FC-pearson_atlas-Schaefer300TianS1Buckner7N.csv
INFO: copied: data/clinical_connectome/derivatives/UNIPD/WashU/features/sub-STUNIPD0143/func/sub-STUNIPD0143_space-MNI152NLin6Asym_FC-pearson_atlas-Schaefer300TianS2Buckner7N.csv
INFO: copied: data/clinical_connectome/derivatives/UNIPD/WashU/features/sub-STUNIPD0143/func/sub-STUNIPD0143_space-MNI152NLin6Asym_FC-pearson_atlas-Schaefer300TianS3Buckner7N.csv
INFO: copied: data/clinical_connectome/derivatives/UNIPD/WashU/features/sub-STUNIPD0143/func/sub-STUNIPD0143_space-MNI152NLin6Asym_FC-pearson_atlas-Schaefer400TianS1Buckner7N.csv
INFO: copied: data/clinical_connectome/derivatives/UNIPD/WashU/features/sub-STUNIPD0143/func/sub-STUNIPD0143_space-MNI152NLin6Asym_FC-pearson_atlas-Schaefer400TianS2Buckner7N.csv
INFO: copied: data/clinical_connectome/derivatives/UNIPD/WashU/features/sub-STUNIPD0143/func/sub-STUNIPD0143_space-MNI152NLin6Asym_FC-pearson_atlas-Schaefer400TianS3Buckner7N.csv
INFO: copied: data/clinical_connectome/derivatives/UNIPD/WashU/features/sub-STUNIPD0143/func/sub-STUNIPD0143_desc-motion.tsv
INFO: copied: data/clinical_connectome/derivatives/UNIPD/WashU/features/sub-STUNIPD0143/func/sub-STUNIPD0143_desc-motion.json
INFO: copied: data/clinical_connectome/derivatives/UNIPD/WashU/features/sub-STUNIPD0143/func/sub-STUNIPD0143_desc-outliers.tsv
INFO: copied: data/clinical_connectome/derivatives/UNIPD/WashU/features/sub-STUNIPD0143/func/sub-STUNIPD0143_desc-outliers.json
INFO: copied: data/clinical_connectome/derivatives/UNIPD/WashU/features/sub-STUNIPD0144/func/sub-STUNIPD0144_space-MNI152NLin6Asym_FC-pearson_atlas-GlasserTianS1Buckner7N.csv
INFO: copied: data/clinical_connectome/derivatives/UNIPD/WashU/features/sub-STUNIPD0144/func/sub-STUNIPD0144_space-MNI152NLin6Asym_FC-pearson_atlas-GlasserTianS2Buckner7N.csv
INFO: copied: data/clinical_connectome/derivatives/UNIPD/WashU/features/sub-STUNIPD0144/func/sub-STUNIPD0144_space-MNI152NLin6Asym_FC-pearson_atlas-GlasserTianS3Buckner7N.csv
INFO: copied: data/clinical_connectome/derivatives/UNIPD/WashU/features/sub-STUNIPD0144/func/sub-STUNIPD0144_space-MNI152NLin6Asym_FC-pearson_atlas-Schaefer100TianS1Buckner7N.csv
INFO: copied: data/clinical_connectome/derivatives/UNIPD/WashU/features/sub-STUNIPD0144/func/sub-STUNIPD0144_space-MNI152NLin6Asym_FC-pearson_atlas-Schaefer100TianS2Buckner7N.csv
INFO: copied: data/clinical_connectome/derivatives/UNIPD/WashU/features/sub-STUNIPD0144/func/sub-STUNIPD0144_space-MNI152NLin6Asym_FC-pearson_atlas-Schaefer100TianS3Buckner7N.csv
INFO: copied: data/clinical_connectome/derivatives/UNIPD/WashU/features/sub-STUNIPD0144/func/sub-STUNIPD0144_space-MNI152NLin6Asym_FC-pearson_atlas-Schaefer200TianS1Buckner7N.csv
INFO: copied: data/clinical_connectome/derivatives/UNIPD/WashU/features/sub-STUNIPD0144/func/sub-STUNIPD0144_space-MNI152NLin6Asym_FC-pearson_atlas-Schaefer200TianS2Buckner7N.csv
INFO: copied: data/clinical_connectome/derivatives/UNIPD/WashU/features/sub-STUNIPD0144/func/sub-STUNIPD0144_space-MNI152NLin6Asym_FC-pearson_atlas-Schaefer200TianS3Buckner7N.csv
INFO: copied: data/clinical_connectome/derivatives/UNIPD/WashU/features/sub-STUNIPD0144/func/sub-STUNIPD0144_space-MNI152NLin6Asym_FC-pearson_atlas-Schaefer300TianS1Buckner7N.csv
INFO: copied: data/clinical_connectome/derivatives/UNIPD/WashU/features/sub-STUNIPD0144/func/sub-STUNIPD0144_space-MNI152NLin6Asym_FC-pearson_atlas-Schaefer300TianS2Buckner7N.csv
INFO: copied: data/clinical_connectome/derivatives/UNIPD/WashU/features/sub-STUNIPD0144/func/sub-STUNIPD0144_space-MNI152NLin6Asym_FC-pearson_atlas-Schaefer300TianS3Buckner7N.csv
INFO: copied: data/clinical_connectome/derivatives/UNIPD/WashU/features/sub-STUNIPD0144/func/sub-STUNIPD0144_space-MNI152NLin6Asym_FC-pearson_atlas-Schaefer400TianS1Buckner7N.csv
INFO: copied: data/clinical_connectome/derivatives/UNIPD/WashU/features/sub-STUNIPD0144/func/sub-STUNIPD0144_space-MNI152NLin6Asym_FC-pearson_atlas-Schaefer400TianS2Buckner7N.csv
INFO: copied: data/clinical_connectome/derivatives/UNIPD/WashU/features/sub-STUNIPD0144/func/sub-STUNIPD0144_space-MNI152NLin6Asym_FC-pearson_atlas-Schaefer400TianS3Buckner7N.csv
INFO: copied: data/clinical_connectome/derivatives/UNIPD/WashU/features/sub-STUNIPD0144/func/sub-STUNIPD0144_desc-motion.tsv
INFO: copied: data/clinical_connectome/derivatives/UNIPD/WashU/features/sub-STUNIPD0144/func/sub-STUNIPD0144_desc-motion.json
INFO: copied: data/clinical_connectome/derivatives/UNIPD/WashU/features/sub-STUNIPD0144/func/sub-STUNIPD0144_desc-outliers.tsv
INFO: copied: data/clinical_connectome/derivatives/UNIPD/WashU/features/sub-STUNIPD0144/func/sub-STUNIPD0144_desc-outliers.json
INFO: copied: data/clinical_connectome/derivatives/UNIPD/WashU/features/sub-STUNIPD0145/func/sub-STUNIPD0145_space-MNI152NLin6Asym_FC-pearson_atlas-GlasserTianS1Buckner7N.csv
INFO: copied: data/clinical_connectome/derivatives/UNIPD/WashU/features/sub-STUNIPD0145/func/sub-STUNIPD0145_space-MNI152NLin6Asym_FC-pearson_atlas-GlasserTianS2Buckner7N.csv
INFO: copied: data/clinical_connectome/derivatives/UNIPD/WashU/features/sub-STUNIPD0145/func/sub-STUNIPD0145_space-MNI152NLin6Asym_FC-pearson_atlas-GlasserTianS3Buckner7N.csv
INFO: copied: data/clinical_connectome/derivatives/UNIPD/WashU/features/sub-STUNIPD0145/func/sub-STUNIPD0145_space-MNI152NLin6Asym_FC-pearson_atlas-Schaefer100TianS1Buckner7N.csv
INFO: copied: data/clinical_connectome/derivatives/UNIPD/WashU/features/sub-STUNIPD0145/func/sub-STUNIPD0145_space-MNI152NLin6Asym_FC-pearson_atlas-Schaefer100TianS2Buckner7N.csv
INFO: copied: data/clinical_connectome/derivatives/UNIPD/WashU/features/sub-STUNIPD0145/func/sub-STUNIPD0145_space-MNI152NLin6Asym_FC-pearson_atlas-Schaefer100TianS3Buckner7N.csv
INFO: copied: data/clinical_connectome/derivatives/UNIPD/WashU/features/sub-STUNIPD0145/func/sub-STUNIPD0145_space-MNI152NLin6Asym_FC-pearson_atlas-Schaefer200TianS1Buckner7N.csv
INFO: copied: data/clinical_connectome/derivatives/UNIPD/WashU/features/sub-STUNIPD0145/func/sub-STUNIPD0145_space-MNI152NLin6Asym_FC-pearson_atlas-Schaefer200TianS2Buckner7N.csv
INFO: copied: data/clinical_connectome/derivatives/UNIPD/WashU/features/sub-STUNIPD0145/func/sub-STUNIPD0145_space-MNI152NLin6Asym_FC-pearson_atlas-Schaefer200TianS3Buckner7N.csv
INFO: copied: data/clinical_connectome/derivatives/UNIPD/WashU/features/sub-STUNIPD0145/func/sub-STUNIPD0145_space-MNI152NLin6Asym_FC-pearson_atlas-Schaefer300TianS1Buckner7N.csv
INFO: copied: data/clinical_connectome/derivatives/UNIPD/WashU/features/sub-STUNIPD0145/func/sub-STUNIPD0145_space-MNI152NLin6Asym_FC-pearson_atlas-Schaefer300TianS2Buckner7N.csv
INFO: copied: data/clinical_connectome/derivatives/UNIPD/WashU/features/sub-STUNIPD0145/func/sub-STUNIPD0145_space-MNI152NLin6Asym_FC-pearson_atlas-Schaefer300TianS3Buckner7N.csv
INFO: copied: data/clinical_connectome/derivatives/UNIPD/WashU/features/sub-STUNIPD0145/func/sub-STUNIPD0145_space-MNI152NLin6Asym_FC-pearson_atlas-Schaefer400TianS1Buckner7N.csv
INFO: copied: data/clinical_connectome/derivatives/UNIPD/WashU/features/sub-STUNIPD0145/func/sub-STUNIPD0145_space-MNI152NLin6Asym_FC-pearson_atlas-Schaefer400TianS2Buckner7N.csv
INFO: copied: data/clinical_connectome/derivatives/UNIPD/WashU/features/sub-STUNIPD0145/func/sub-STUNIPD0145_space-MNI152NLin6Asym_FC-pearson_atlas-Schaefer400TianS3Buckner7N.csv
INFO: copied: data/clinical_connectome/derivatives/UNIPD/WashU/features/sub-STUNIPD0145/func/sub-STUNIPD0145_desc-motion.tsv
INFO: copied: data/clinical_connectome/derivatives/UNIPD/WashU/features/sub-STUNIPD0145/func/sub-STUNIPD0145_desc-motion.json
INFO: copied: data/clinical_connectome/derivatives/UNIPD/WashU/features/sub-STUNIPD0145/func/sub-STUNIPD0145_desc-outliers.tsv
INFO: copied: data/clinical_connectome/derivatives/UNIPD/WashU/features/sub-STUNIPD0145/func/sub-STUNIPD0145_desc-outliers.json
INFO: copied: data/clinical_connectome/derivatives/UNIPD/WashU/features/sub-STUNIPD0146/func/sub-STUNIPD0146_space-MNI152NLin6Asym_FC-pearson_atlas-GlasserTianS1Buckner7N.csv
INFO: copied: data/clinical_connectome/derivatives/UNIPD/WashU/features/sub-STUNIPD0146/func/sub-STUNIPD0146_space-MNI152NLin6Asym_FC-pearson_atlas-GlasserTianS2Buckner7N.csv
INFO: copied: data/clinical_connectome/derivatives/UNIPD/WashU/features/sub-STUNIPD0146/func/sub-STUNIPD0146_space-MNI152NLin6Asym_FC-pearson_atlas-GlasserTianS3Buckner7N.csv
INFO: copied: data/clinical_connectome/derivatives/UNIPD/WashU/features/sub-STUNIPD0146/func/sub-STUNIPD0146_space-MNI152NLin6Asym_FC-pearson_atlas-Schaefer100TianS1Buckner7N.csv
INFO: copied: data/clinical_connectome/derivatives/UNIPD/WashU/features/sub-STUNIPD0146/func/sub-STUNIPD0146_space-MNI152NLin6Asym_FC-pearson_atlas-Schaefer100TianS2Buckner7N.csv
INFO: copied: data/clinical_connectome/derivatives/UNIPD/WashU/features/sub-STUNIPD0146/func/sub-STUNIPD0146_space-MNI152NLin6Asym_FC-pearson_atlas-Schaefer100TianS3Buckner7N.csv
INFO: copied: data/clinical_connectome/derivatives/UNIPD/WashU/features/sub-STUNIPD0146/func/sub-STUNIPD0146_space-MNI152NLin6Asym_FC-pearson_atlas-Schaefer200TianS1Buckner7N.csv
INFO: copied: data/clinical_connectome/derivatives/UNIPD/WashU/features/sub-STUNIPD0146/func/sub-STUNIPD0146_space-MNI152NLin6Asym_FC-pearson_atlas-Schaefer200TianS2Buckner7N.csv
INFO: copied: data/clinical_connectome/derivatives/UNIPD/WashU/features/sub-STUNIPD0146/func/sub-STUNIPD0146_space-MNI152NLin6Asym_FC-pearson_atlas-Schaefer200TianS3Buckner7N.csv
INFO: copied: data/clinical_connectome/derivatives/UNIPD/WashU/features/sub-STUNIPD0146/func/sub-STUNIPD0146_space-MNI152NLin6Asym_FC-pearson_atlas-Schaefer300TianS1Buckner7N.csv
INFO: copied: data/clinical_connectome/derivatives/UNIPD/WashU/features/sub-STUNIPD0146/func/sub-STUNIPD0146_space-MNI152NLin6Asym_FC-pearson_atlas-Schaefer300TianS2Buckner7N.csv
INFO: copied: data/clinical_connectome/derivatives/UNIPD/WashU/features/sub-STUNIPD0146/func/sub-STUNIPD0146_space-MNI152NLin6Asym_FC-pearson_atlas-Schaefer300TianS3Buckner7N.csv
INFO: copied: data/clinical_connectome/derivatives/UNIPD/WashU/features/sub-STUNIPD0146/func/sub-STUNIPD0146_space-MNI152NLin6Asym_FC-pearson_atlas-Schaefer400TianS1Buckner7N.csv
INFO: copied: data/clinical_connectome/derivatives/UNIPD/WashU/features/sub-STUNIPD0146/func/sub-STUNIPD0146_space-MNI152NLin6Asym_FC-pearson_atlas-Schaefer400TianS2Buckner7N.csv
INFO: copied: data/clinical_connectome/derivatives/UNIPD/WashU/features/sub-STUNIPD0146/func/sub-STUNIPD0146_space-MNI152NLin6Asym_FC-pearson_atlas-Schaefer400TianS3Buckner7N.csv
INFO: copied: data/clinical_connectome/derivatives/UNIPD/WashU/features/sub-STUNIPD0146/func/sub-STUNIPD0146_desc-motion.tsv
INFO: copied: data/clinical_connectome/derivatives/UNIPD/WashU/features/sub-STUNIPD0146/func/sub-STUNIPD0146_desc-motion.json
INFO: copied: data/clinical_connectome/derivatives/UNIPD/WashU/features/sub-STUNIPD0146/func/sub-STUNIPD0146_desc-outliers.tsv
INFO: copied: data/clinical_connectome/derivatives/UNIPD/WashU/features/sub-STUNIPD0146/func/sub-STUNIPD0146_desc-outliers.json
INFO: copied: data/clinical_connectome/derivatives/UNIPD/WashU/features/sub-STUNIPD0147/func/sub-STUNIPD0147_space-MNI152NLin6Asym_FC-pearson_atlas-GlasserTianS1Buckner7N.csv
INFO: copied: data/clinical_connectome/derivatives/UNIPD/WashU/features/sub-STUNIPD0147/func/sub-STUNIPD0147_space-MNI152NLin6Asym_FC-pearson_atlas-GlasserTianS2Buckner7N.csv
INFO: copied: data/clinical_connectome/derivatives/UNIPD/WashU/features/sub-STUNIPD0147/func/sub-STUNIPD0147_space-MNI152NLin6Asym_FC-pearson_atlas-GlasserTianS3Buckner7N.csv
INFO: copied: data/clinical_connectome/derivatives/UNIPD/WashU/features/sub-STUNIPD0147/func/sub-STUNIPD0147_space-MNI152NLin6Asym_FC-pearson_atlas-Schaefer100TianS1Buckner7N.csv
INFO: copied: data/clinical_connectome/derivatives/UNIPD/WashU/features/sub-STUNIPD0147/func/sub-STUNIPD0147_space-MNI152NLin6Asym_FC-pearson_atlas-Schaefer100TianS2Buckner7N.csv
INFO: copied: data/clinical_connectome/derivatives/UNIPD/WashU/features/sub-STUNIPD0147/func/sub-STUNIPD0147_space-MNI152NLin6Asym_FC-pearson_atlas-Schaefer100TianS3Buckner7N.csv
INFO: copied: data/clinical_connectome/derivatives/UNIPD/WashU/features/sub-STUNIPD0147/func/sub-STUNIPD0147_space-MNI152NLin6Asym_FC-pearson_atlas-Schaefer200TianS1Buckner7N.csv
INFO: copied: data/clinical_connectome/derivatives/UNIPD/WashU/features/sub-STUNIPD0147/func/sub-STUNIPD0147_space-MNI152NLin6Asym_FC-pearson_atlas-Schaefer200TianS2Buckner7N.csv
INFO: copied: data/clinical_connectome/derivatives/UNIPD/WashU/features/sub-STUNIPD0147/func/sub-STUNIPD0147_space-MNI152NLin6Asym_FC-pearson_atlas-Schaefer200TianS3Buckner7N.csv
INFO: copied: data/clinical_connectome/derivatives/UNIPD/WashU/features/sub-STUNIPD0147/func/sub-STUNIPD0147_space-MNI152NLin6Asym_FC-pearson_atlas-Schaefer300TianS1Buckner7N.csv
INFO: copied: data/clinical_connectome/derivatives/UNIPD/WashU/features/sub-STUNIPD0147/func/sub-STUNIPD0147_space-MNI152NLin6Asym_FC-pearson_atlas-Schaefer300TianS2Buckner7N.csv
INFO: copied: data/clinical_connectome/derivatives/UNIPD/WashU/features/sub-STUNIPD0147/func/sub-STUNIPD0147_space-MNI152NLin6Asym_FC-pearson_atlas-Schaefer300TianS3Buckner7N.csv
INFO: copied: data/clinical_connectome/derivatives/UNIPD/WashU/features/sub-STUNIPD0147/func/sub-STUNIPD0147_space-MNI152NLin6Asym_FC-pearson_atlas-Schaefer400TianS1Buckner7N.csv
INFO: copied: data/clinical_connectome/derivatives/UNIPD/WashU/features/sub-STUNIPD0147/func/sub-STUNIPD0147_space-MNI152NLin6Asym_FC-pearson_atlas-Schaefer400TianS2Buckner7N.csv
INFO: copied: data/clinical_connectome/derivatives/UNIPD/WashU/features/sub-STUNIPD0147/func/sub-STUNIPD0147_space-MNI152NLin6Asym_FC-pearson_atlas-Schaefer400TianS3Buckner7N.csv
INFO: copied: data/clinical_connectome/derivatives/UNIPD/WashU/features/sub-STUNIPD0147/func/sub-STUNIPD0147_desc-motion.tsv
INFO: copied: data/clinical_connectome/derivatives/UNIPD/WashU/features/sub-STUNIPD0147/func/sub-STUNIPD0147_desc-motion.json
INFO: copied: data/clinical_connectome/derivatives/UNIPD/WashU/features/sub-STUNIPD0147/func/sub-STUNIPD0147_desc-outliers.tsv
INFO: copied: data/clinical_connectome/derivatives/UNIPD/WashU/features/sub-STUNIPD0147/func/sub-STUNIPD0147_desc-outliers.json
INFO: copied: data/clinical_connectome/derivatives/UNIPD/WashU/features/sub-STUNIPD0148/func/sub-STUNIPD0148_space-MNI152NLin6Asym_FC-pearson_atlas-GlasserTianS1Buckner7N.csv
INFO: copied: data/clinical_connectome/derivatives/UNIPD/WashU/features/sub-STUNIPD0148/func/sub-STUNIPD0148_space-MNI152NLin6Asym_FC-pearson_atlas-GlasserTianS2Buckner7N.csv
INFO: copied: data/clinical_connectome/derivatives/UNIPD/WashU/features/sub-STUNIPD0148/func/sub-STUNIPD0148_space-MNI152NLin6Asym_FC-pearson_atlas-GlasserTianS3Buckner7N.csv
INFO: copied: data/clinical_connectome/derivatives/UNIPD/WashU/features/sub-STUNIPD0148/func/sub-STUNIPD0148_space-MNI152NLin6Asym_FC-pearson_atlas-Schaefer100TianS1Buckner7N.csv
INFO: copied: data/clinical_connectome/derivatives/UNIPD/WashU/features/sub-STUNIPD0148/func/sub-STUNIPD0148_space-MNI152NLin6Asym_FC-pearson_atlas-Schaefer100TianS2Buckner7N.csv
INFO: copied: data/clinical_connectome/derivatives/UNIPD/WashU/features/sub-STUNIPD0148/func/sub-STUNIPD0148_space-MNI152NLin6Asym_FC-pearson_atlas-Schaefer100TianS3Buckner7N.csv
INFO: copied: data/clinical_connectome/derivatives/UNIPD/WashU/features/sub-STUNIPD0148/func/sub-STUNIPD0148_space-MNI152NLin6Asym_FC-pearson_atlas-Schaefer200TianS1Buckner7N.csv
INFO: copied: data/clinical_connectome/derivatives/UNIPD/WashU/features/sub-STUNIPD0148/func/sub-STUNIPD0148_space-MNI152NLin6Asym_FC-pearson_atlas-Schaefer200TianS2Buckner7N.csv
INFO: copied: data/clinical_connectome/derivatives/UNIPD/WashU/features/sub-STUNIPD0148/func/sub-STUNIPD0148_space-MNI152NLin6Asym_FC-pearson_atlas-Schaefer200TianS3Buckner7N.csv
INFO: copied: data/clinical_connectome/derivatives/UNIPD/WashU/features/sub-STUNIPD0148/func/sub-STUNIPD0148_space-MNI152NLin6Asym_FC-pearson_atlas-Schaefer300TianS1Buckner7N.csv
INFO: copied: data/clinical_connectome/derivatives/UNIPD/WashU/features/sub-STUNIPD0148/func/sub-STUNIPD0148_space-MNI152NLin6Asym_FC-pearson_atlas-Schaefer300TianS2Buckner7N.csv
INFO: copied: data/clinical_connectome/derivatives/UNIPD/WashU/features/sub-STUNIPD0148/func/sub-STUNIPD0148_space-MNI152NLin6Asym_FC-pearson_atlas-Schaefer300TianS3Buckner7N.csv
INFO: copied: data/clinical_connectome/derivatives/UNIPD/WashU/features/sub-STUNIPD0148/func/sub-STUNIPD0148_space-MNI152NLin6Asym_FC-pearson_atlas-Schaefer400TianS1Buckner7N.csv
INFO: copied: data/clinical_connectome/derivatives/UNIPD/WashU/features/sub-STUNIPD0148/func/sub-STUNIPD0148_space-MNI152NLin6Asym_FC-pearson_atlas-Schaefer400TianS2Buckner7N.csv
INFO: copied: data/clinical_connectome/derivatives/UNIPD/WashU/features/sub-STUNIPD0148/func/sub-STUNIPD0148_space-MNI152NLin6Asym_FC-pearson_atlas-Schaefer400TianS3Buckner7N.csv
INFO: copied: data/clinical_connectome/derivatives/UNIPD/WashU/features/sub-STUNIPD0148/func/sub-STUNIPD0148_desc-motion.tsv
INFO: copied: data/clinical_connectome/derivatives/UNIPD/WashU/features/sub-STUNIPD0148/func/sub-STUNIPD0148_desc-motion.json
INFO: copied: data/clinical_connectome/derivatives/UNIPD/WashU/features/sub-STUNIPD0148/func/sub-STUNIPD0148_desc-outliers.tsv
INFO: copied: data/clinical_connectome/derivatives/UNIPD/WashU/features/sub-STUNIPD0148/func/sub-STUNIPD0148_desc-outliers.json
INFO: copied: data/clinical_connectome/derivatives/UNIPD/WashU/features/sub-STUNIPD0149/func/sub-STUNIPD0149_space-MNI152NLin6Asym_FC-pearson_atlas-GlasserTianS1Buckner7N.csv
INFO: copied: data/clinical_connectome/derivatives/UNIPD/WashU/features/sub-STUNIPD0149/func/sub-STUNIPD0149_space-MNI152NLin6Asym_FC-pearson_atlas-GlasserTianS2Buckner7N.csv
INFO: copied: data/clinical_connectome/derivatives/UNIPD/WashU/features/sub-STUNIPD0149/func/sub-STUNIPD0149_space-MNI152NLin6Asym_FC-pearson_atlas-GlasserTianS3Buckner7N.csv
INFO: copied: data/clinical_connectome/derivatives/UNIPD/WashU/features/sub-STUNIPD0149/func/sub-STUNIPD0149_space-MNI152NLin6Asym_FC-pearson_atlas-Schaefer100TianS1Buckner7N.csv
INFO: copied: data/clinical_connectome/derivatives/UNIPD/WashU/features/sub-STUNIPD0149/func/sub-STUNIPD0149_space-MNI152NLin6Asym_FC-pearson_atlas-Schaefer100TianS2Buckner7N.csv
INFO: copied: data/clinical_connectome/derivatives/UNIPD/WashU/features/sub-STUNIPD0149/func/sub-STUNIPD0149_space-MNI152NLin6Asym_FC-pearson_atlas-Schaefer100TianS3Buckner7N.csv
INFO: copied: data/clinical_connectome/derivatives/UNIPD/WashU/features/sub-STUNIPD0149/func/sub-STUNIPD0149_space-MNI152NLin6Asym_FC-pearson_atlas-Schaefer200TianS1Buckner7N.csv
INFO: copied: data/clinical_connectome/derivatives/UNIPD/WashU/features/sub-STUNIPD0149/func/sub-STUNIPD0149_space-MNI152NLin6Asym_FC-pearson_atlas-Schaefer200TianS2Buckner7N.csv
INFO: copied: data/clinical_connectome/derivatives/UNIPD/WashU/features/sub-STUNIPD0149/func/sub-STUNIPD0149_space-MNI152NLin6Asym_FC-pearson_atlas-Schaefer200TianS3Buckner7N.csv
INFO: copied: data/clinical_connectome/derivatives/UNIPD/WashU/features/sub-STUNIPD0149/func/sub-STUNIPD0149_space-MNI152NLin6Asym_FC-pearson_atlas-Schaefer300TianS1Buckner7N.csv
INFO: copied: data/clinical_connectome/derivatives/UNIPD/WashU/features/sub-STUNIPD0149/func/sub-STUNIPD0149_space-MNI152NLin6Asym_FC-pearson_atlas-Schaefer300TianS2Buckner7N.csv
INFO: copied: data/clinical_connectome/derivatives/UNIPD/WashU/features/sub-STUNIPD0149/func/sub-STUNIPD0149_space-MNI152NLin6Asym_FC-pearson_atlas-Schaefer300TianS3Buckner7N.csv
INFO: copied: data/clinical_connectome/derivatives/UNIPD/WashU/features/sub-STUNIPD0149/func/sub-STUNIPD0149_space-MNI152NLin6Asym_FC-pearson_atlas-Schaefer400TianS1Buckner7N.csv
INFO: copied: data/clinical_connectome/derivatives/UNIPD/WashU/features/sub-STUNIPD0149/func/sub-STUNIPD0149_space-MNI152NLin6Asym_FC-pearson_atlas-Schaefer400TianS2Buckner7N.csv
INFO: copied: data/clinical_connectome/derivatives/UNIPD/WashU/features/sub-STUNIPD0149/func/sub-STUNIPD0149_space-MNI152NLin6Asym_FC-pearson_atlas-Schaefer400TianS3Buckner7N.csv
INFO: copied: data/clinical_connectome/derivatives/UNIPD/WashU/features/sub-STUNIPD0149/func/sub-STUNIPD0149_desc-motion.tsv
INFO: copied: data/clinical_connectome/derivatives/UNIPD/WashU/features/sub-STUNIPD0149/func/sub-STUNIPD0149_desc-motion.json
INFO: copied: data/clinical_connectome/derivatives/UNIPD/WashU/features/sub-STUNIPD0149/func/sub-STUNIPD0149_desc-outliers.tsv
INFO: copied: data/clinical_connectome/derivatives/UNIPD/WashU/features/sub-STUNIPD0149/func/sub-STUNIPD0149_desc-outliers.json
INFO: copied: data/clinical_connectome/derivatives/UNIPD/WashU/features/sub-STUNIPD0150/func/sub-STUNIPD0150_space-MNI152NLin6Asym_FC-pearson_atlas-GlasserTianS1Buckner7N.csv
INFO: copied: data/clinical_connectome/derivatives/UNIPD/WashU/features/sub-STUNIPD0150/func/sub-STUNIPD0150_space-MNI152NLin6Asym_FC-pearson_atlas-GlasserTianS2Buckner7N.csv
INFO: copied: data/clinical_connectome/derivatives/UNIPD/WashU/features/sub-STUNIPD0150/func/sub-STUNIPD0150_space-MNI152NLin6Asym_FC-pearson_atlas-GlasserTianS3Buckner7N.csv
INFO: copied: data/clinical_connectome/derivatives/UNIPD/WashU/features/sub-STUNIPD0150/func/sub-STUNIPD0150_space-MNI152NLin6Asym_FC-pearson_atlas-Schaefer100TianS1Buckner7N.csv
INFO: copied: data/clinical_connectome/derivatives/UNIPD/WashU/features/sub-STUNIPD0150/func/sub-STUNIPD0150_space-MNI152NLin6Asym_FC-pearson_atlas-Schaefer100TianS2Buckner7N.csv
INFO: copied: data/clinical_connectome/derivatives/UNIPD/WashU/features/sub-STUNIPD0150/func/sub-STUNIPD0150_space-MNI152NLin6Asym_FC-pearson_atlas-Schaefer100TianS3Buckner7N.csv
INFO: copied: data/clinical_connectome/derivatives/UNIPD/WashU/features/sub-STUNIPD0150/func/sub-STUNIPD0150_space-MNI152NLin6Asym_FC-pearson_atlas-Schaefer200TianS1Buckner7N.csv
INFO: copied: data/clinical_connectome/derivatives/UNIPD/WashU/features/sub-STUNIPD0150/func/sub-STUNIPD0150_space-MNI152NLin6Asym_FC-pearson_atlas-Schaefer200TianS2Buckner7N.csv
INFO: copied: data/clinical_connectome/derivatives/UNIPD/WashU/features/sub-STUNIPD0150/func/sub-STUNIPD0150_space-MNI152NLin6Asym_FC-pearson_atlas-Schaefer200TianS3Buckner7N.csv
INFO: copied: data/clinical_connectome/derivatives/UNIPD/WashU/features/sub-STUNIPD0150/func/sub-STUNIPD0150_space-MNI152NLin6Asym_FC-pearson_atlas-Schaefer300TianS1Buckner7N.csv
INFO: copied: data/clinical_connectome/derivatives/UNIPD/WashU/features/sub-STUNIPD0150/func/sub-STUNIPD0150_space-MNI152NLin6Asym_FC-pearson_atlas-Schaefer300TianS2Buckner7N.csv
INFO: copied: data/clinical_connectome/derivatives/UNIPD/WashU/features/sub-STUNIPD0150/func/sub-STUNIPD0150_space-MNI152NLin6Asym_FC-pearson_atlas-Schaefer300TianS3Buckner7N.csv
INFO: copied: data/clinical_connectome/derivatives/UNIPD/WashU/features/sub-STUNIPD0150/func/sub-STUNIPD0150_space-MNI152NLin6Asym_FC-pearson_atlas-Schaefer400TianS1Buckner7N.csv
INFO: copied: data/clinical_connectome/derivatives/UNIPD/WashU/features/sub-STUNIPD0150/func/sub-STUNIPD0150_space-MNI152NLin6Asym_FC-pearson_atlas-Schaefer400TianS2Buckner7N.csv
INFO: copied: data/clinical_connectome/derivatives/UNIPD/WashU/features/sub-STUNIPD0150/func/sub-STUNIPD0150_space-MNI152NLin6Asym_FC-pearson_atlas-Schaefer400TianS3Buckner7N.csv
INFO: copied: data/clinical_connectome/derivatives/UNIPD/WashU/features/sub-STUNIPD0150/func/sub-STUNIPD0150_desc-motion.tsv
INFO: copied: data/clinical_connectome/derivatives/UNIPD/WashU/features/sub-STUNIPD0150/func/sub-STUNIPD0150_desc-motion.json
INFO: copied: data/clinical_connectome/derivatives/UNIPD/WashU/features/sub-STUNIPD0150/func/sub-STUNIPD0150_desc-outliers.tsv
INFO: copied: data/clinical_connectome/derivatives/UNIPD/WashU/features/sub-STUNIPD0150/func/sub-STUNIPD0150_desc-outliers.json
INFO: copied: data/clinical_connectome/derivatives/UNIPD/WashU/features/sub-STUNIPD0151/func/sub-STUNIPD0151_space-MNI152NLin6Asym_FC-pearson_atlas-GlasserTianS1Buckner7N.csv
INFO: copied: data/clinical_connectome/derivatives/UNIPD/WashU/features/sub-STUNIPD0151/func/sub-STUNIPD0151_space-MNI152NLin6Asym_FC-pearson_atlas-GlasserTianS2Buckner7N.csv
INFO: copied: data/clinical_connectome/derivatives/UNIPD/WashU/features/sub-STUNIPD0151/func/sub-STUNIPD0151_space-MNI152NLin6Asym_FC-pearson_atlas-GlasserTianS3Buckner7N.csv
INFO: copied: data/clinical_connectome/derivatives/UNIPD/WashU/features/sub-STUNIPD0151/func/sub-STUNIPD0151_space-MNI152NLin6Asym_FC-pearson_atlas-Schaefer100TianS1Buckner7N.csv
INFO: copied: data/clinical_connectome/derivatives/UNIPD/WashU/features/sub-STUNIPD0151/func/sub-STUNIPD0151_space-MNI152NLin6Asym_FC-pearson_atlas-Schaefer100TianS2Buckner7N.csv
INFO: copied: data/clinical_connectome/derivatives/UNIPD/WashU/features/sub-STUNIPD0151/func/sub-STUNIPD0151_space-MNI152NLin6Asym_FC-pearson_atlas-Schaefer100TianS3Buckner7N.csv
INFO: copied: data/clinical_connectome/derivatives/UNIPD/WashU/features/sub-STUNIPD0151/func/sub-STUNIPD0151_space-MNI152NLin6Asym_FC-pearson_atlas-Schaefer200TianS1Buckner7N.csv
INFO: copied: data/clinical_connectome/derivatives/UNIPD/WashU/features/sub-STUNIPD0151/func/sub-STUNIPD0151_space-MNI152NLin6Asym_FC-pearson_atlas-Schaefer200TianS2Buckner7N.csv
INFO: copied: data/clinical_connectome/derivatives/UNIPD/WashU/features/sub-STUNIPD0151/func/sub-STUNIPD0151_space-MNI152NLin6Asym_FC-pearson_atlas-Schaefer200TianS3Buckner7N.csv
INFO: copied: data/clinical_connectome/derivatives/UNIPD/WashU/features/sub-STUNIPD0151/func/sub-STUNIPD0151_space-MNI152NLin6Asym_FC-pearson_atlas-Schaefer300TianS1Buckner7N.csv
INFO: copied: data/clinical_connectome/derivatives/UNIPD/WashU/features/sub-STUNIPD0151/func/sub-STUNIPD0151_space-MNI152NLin6Asym_FC-pearson_atlas-Schaefer300TianS2Buckner7N.csv
INFO: copied: data/clinical_connectome/derivatives/UNIPD/WashU/features/sub-STUNIPD0151/func/sub-STUNIPD0151_space-MNI152NLin6Asym_FC-pearson_atlas-Schaefer300TianS3Buckner7N.csv
INFO: copied: data/clinical_connectome/derivatives/UNIPD/WashU/features/sub-STUNIPD0151/func/sub-STUNIPD0151_space-MNI152NLin6Asym_FC-pearson_atlas-Schaefer400TianS1Buckner7N.csv
INFO: copied: data/clinical_connectome/derivatives/UNIPD/WashU/features/sub-STUNIPD0151/func/sub-STUNIPD0151_space-MNI152NLin6Asym_FC-pearson_atlas-Schaefer400TianS2Buckner7N.csv
INFO: copied: data/clinical_connectome/derivatives/UNIPD/WashU/features/sub-STUNIPD0151/func/sub-STUNIPD0151_space-MNI152NLin6Asym_FC-pearson_atlas-Schaefer400TianS3Buckner7N.csv
INFO: copied: data/clinical_connectome/derivatives/UNIPD/WashU/features/sub-STUNIPD0151/func/sub-STUNIPD0151_desc-motion.tsv
INFO: copied: data/clinical_connectome/derivatives/UNIPD/WashU/features/sub-STUNIPD0151/func/sub-STUNIPD0151_desc-motion.json
INFO: copied: data/clinical_connectome/derivatives/UNIPD/WashU/features/sub-STUNIPD0151/func/sub-STUNIPD0151_desc-outliers.tsv
INFO: copied: data/clinical_connectome/derivatives/UNIPD/WashU/features/sub-STUNIPD0151/func/sub-STUNIPD0151_desc-outliers.json
INFO: copied: data/clinical_connectome/derivatives/UNIPD/WashU/features/sub-STUNIPD0154/func/sub-STUNIPD0154_space-MNI152NLin6Asym_FC-pearson_atlas-GlasserTianS1Buckner7N.csv
INFO: copied: data/clinical_connectome/derivatives/UNIPD/WashU/features/sub-STUNIPD0154/func/sub-STUNIPD0154_space-MNI152NLin6Asym_FC-pearson_atlas-GlasserTianS2Buckner7N.csv
INFO: copied: data/clinical_connectome/derivatives/UNIPD/WashU/features/sub-STUNIPD0154/func/sub-STUNIPD0154_space-MNI152NLin6Asym_FC-pearson_atlas-GlasserTianS3Buckner7N.csv
INFO: copied: data/clinical_connectome/derivatives/UNIPD/WashU/features/sub-STUNIPD0154/func/sub-STUNIPD0154_space-MNI152NLin6Asym_FC-pearson_atlas-Schaefer100TianS1Buckner7N.csv
INFO: copied: data/clinical_connectome/derivatives/UNIPD/WashU/features/sub-STUNIPD0154/func/sub-STUNIPD0154_space-MNI152NLin6Asym_FC-pearson_atlas-Schaefer100TianS2Buckner7N.csv
INFO: copied: data/clinical_connectome/derivatives/UNIPD/WashU/features/sub-STUNIPD0154/func/sub-STUNIPD0154_space-MNI152NLin6Asym_FC-pearson_atlas-Schaefer100TianS3Buckner7N.csv
INFO: copied: data/clinical_connectome/derivatives/UNIPD/WashU/features/sub-STUNIPD0154/func/sub-STUNIPD0154_space-MNI152NLin6Asym_FC-pearson_atlas-Schaefer200TianS1Buckner7N.csv
INFO: copied: data/clinical_connectome/derivatives/UNIPD/WashU/features/sub-STUNIPD0154/func/sub-STUNIPD0154_space-MNI152NLin6Asym_FC-pearson_atlas-Schaefer200TianS2Buckner7N.csv
INFO: copied: data/clinical_connectome/derivatives/UNIPD/WashU/features/sub-STUNIPD0154/func/sub-STUNIPD0154_space-MNI152NLin6Asym_FC-pearson_atlas-Schaefer200TianS3Buckner7N.csv
INFO: copied: data/clinical_connectome/derivatives/UNIPD/WashU/features/sub-STUNIPD0154/func/sub-STUNIPD0154_space-MNI152NLin6Asym_FC-pearson_atlas-Schaefer300TianS1Buckner7N.csv
INFO: copied: data/clinical_connectome/derivatives/UNIPD/WashU/features/sub-STUNIPD0154/func/sub-STUNIPD0154_space-MNI152NLin6Asym_FC-pearson_atlas-Schaefer300TianS2Buckner7N.csv
INFO: copied: data/clinical_connectome/derivatives/UNIPD/WashU/features/sub-STUNIPD0154/func/sub-STUNIPD0154_space-MNI152NLin6Asym_FC-pearson_atlas-Schaefer300TianS3Buckner7N.csv
INFO: copied: data/clinical_connectome/derivatives/UNIPD/WashU/features/sub-STUNIPD0154/func/sub-STUNIPD0154_space-MNI152NLin6Asym_FC-pearson_atlas-Schaefer400TianS1Buckner7N.csv
INFO: copied: data/clinical_connectome/derivatives/UNIPD/WashU/features/sub-STUNIPD0154/func/sub-STUNIPD0154_space-MNI152NLin6Asym_FC-pearson_atlas-Schaefer400TianS2Buckner7N.csv
INFO: copied: data/clinical_connectome/derivatives/UNIPD/WashU/features/sub-STUNIPD0154/func/sub-STUNIPD0154_space-MNI152NLin6Asym_FC-pearson_atlas-Schaefer400TianS3Buckner7N.csv
INFO: copied: data/clinical_connectome/derivatives/UNIPD/WashU/features/sub-STUNIPD0154/func/sub-STUNIPD0154_desc-motion.tsv
INFO: copied: data/clinical_connectome/derivatives/UNIPD/WashU/features/sub-STUNIPD0154/func/sub-STUNIPD0154_desc-motion.json
INFO: copied: data/clinical_connectome/derivatives/UNIPD/WashU/features/sub-STUNIPD0154/func/sub-STUNIPD0154_desc-outliers.tsv
INFO: copied: data/clinical_connectome/derivatives/UNIPD/WashU/features/sub-STUNIPD0154/func/sub-STUNIPD0154_desc-outliers.json
INFO: copied: data/clinical_connectome/derivatives/UNIPD/WashU/features/sub-STUNIPD0155/func/sub-STUNIPD0155_space-MNI152NLin6Asym_FC-pearson_atlas-GlasserTianS1Buckner7N.csv
INFO: copied: data/clinical_connectome/derivatives/UNIPD/WashU/features/sub-STUNIPD0155/func/sub-STUNIPD0155_space-MNI152NLin6Asym_FC-pearson_atlas-GlasserTianS2Buckner7N.csv
INFO: copied: data/clinical_connectome/derivatives/UNIPD/WashU/features/sub-STUNIPD0155/func/sub-STUNIPD0155_space-MNI152NLin6Asym_FC-pearson_atlas-GlasserTianS3Buckner7N.csv
INFO: copied: data/clinical_connectome/derivatives/UNIPD/WashU/features/sub-STUNIPD0155/func/sub-STUNIPD0155_space-MNI152NLin6Asym_FC-pearson_atlas-Schaefer100TianS1Buckner7N.csv
INFO: copied: data/clinical_connectome/derivatives/UNIPD/WashU/features/sub-STUNIPD0155/func/sub-STUNIPD0155_space-MNI152NLin6Asym_FC-pearson_atlas-Schaefer100TianS2Buckner7N.csv
INFO: copied: data/clinical_connectome/derivatives/UNIPD/WashU/features/sub-STUNIPD0155/func/sub-STUNIPD0155_space-MNI152NLin6Asym_FC-pearson_atlas-Schaefer100TianS3Buckner7N.csv
INFO: copied: data/clinical_connectome/derivatives/UNIPD/WashU/features/sub-STUNIPD0155/func/sub-STUNIPD0155_space-MNI152NLin6Asym_FC-pearson_atlas-Schaefer200TianS1Buckner7N.csv
INFO: copied: data/clinical_connectome/derivatives/UNIPD/WashU/features/sub-STUNIPD0155/func/sub-STUNIPD0155_space-MNI152NLin6Asym_FC-pearson_atlas-Schaefer200TianS2Buckner7N.csv
INFO: copied: data/clinical_connectome/derivatives/UNIPD/WashU/features/sub-STUNIPD0155/func/sub-STUNIPD0155_space-MNI152NLin6Asym_FC-pearson_atlas-Schaefer200TianS3Buckner7N.csv
INFO: copied: data/clinical_connectome/derivatives/UNIPD/WashU/features/sub-STUNIPD0155/func/sub-STUNIPD0155_space-MNI152NLin6Asym_FC-pearson_atlas-Schaefer300TianS1Buckner7N.csv
INFO: copied: data/clinical_connectome/derivatives/UNIPD/WashU/features/sub-STUNIPD0155/func/sub-STUNIPD0155_space-MNI152NLin6Asym_FC-pearson_atlas-Schaefer300TianS2Buckner7N.csv
INFO: copied: data/clinical_connectome/derivatives/UNIPD/WashU/features/sub-STUNIPD0155/func/sub-STUNIPD0155_space-MNI152NLin6Asym_FC-pearson_atlas-Schaefer300TianS3Buckner7N.csv
INFO: copied: data/clinical_connectome/derivatives/UNIPD/WashU/features/sub-STUNIPD0155/func/sub-STUNIPD0155_space-MNI152NLin6Asym_FC-pearson_atlas-Schaefer400TianS1Buckner7N.csv
INFO: copied: data/clinical_connectome/derivatives/UNIPD/WashU/features/sub-STUNIPD0155/func/sub-STUNIPD0155_space-MNI152NLin6Asym_FC-pearson_atlas-Schaefer400TianS2Buckner7N.csv
INFO: copied: data/clinical_connectome/derivatives/UNIPD/WashU/features/sub-STUNIPD0155/func/sub-STUNIPD0155_space-MNI152NLin6Asym_FC-pearson_atlas-Schaefer400TianS3Buckner7N.csv
INFO: copied: data/clinical_connectome/derivatives/UNIPD/WashU/features/sub-STUNIPD0155/func/sub-STUNIPD0155_desc-motion.tsv
INFO: copied: data/clinical_connectome/derivatives/UNIPD/WashU/features/sub-STUNIPD0155/func/sub-STUNIPD0155_desc-motion.json
INFO: copied: data/clinical_connectome/derivatives/UNIPD/WashU/features/sub-STUNIPD0155/func/sub-STUNIPD0155_desc-outliers.tsv
INFO: copied: data/clinical_connectome/derivatives/UNIPD/WashU/features/sub-STUNIPD0155/func/sub-STUNIPD0155_desc-outliers.json
INFO: copied: data/clinical_connectome/derivatives/UNIPD/WashU/features/sub-STUNIPD0156/func/sub-STUNIPD0156_space-MNI152NLin6Asym_FC-pearson_atlas-GlasserTianS1Buckner7N.csv
INFO: copied: data/clinical_connectome/derivatives/UNIPD/WashU/features/sub-STUNIPD0156/func/sub-STUNIPD0156_space-MNI152NLin6Asym_FC-pearson_atlas-GlasserTianS2Buckner7N.csv
INFO: copied: data/clinical_connectome/derivatives/UNIPD/WashU/features/sub-STUNIPD0156/func/sub-STUNIPD0156_space-MNI152NLin6Asym_FC-pearson_atlas-GlasserTianS3Buckner7N.csv
INFO: copied: data/clinical_connectome/derivatives/UNIPD/WashU/features/sub-STUNIPD0156/func/sub-STUNIPD0156_space-MNI152NLin6Asym_FC-pearson_atlas-Schaefer100TianS1Buckner7N.csv
INFO: copied: data/clinical_connectome/derivatives/UNIPD/WashU/features/sub-STUNIPD0156/func/sub-STUNIPD0156_space-MNI152NLin6Asym_FC-pearson_atlas-Schaefer100TianS2Buckner7N.csv
INFO: copied: data/clinical_connectome/derivatives/UNIPD/WashU/features/sub-STUNIPD0156/func/sub-STUNIPD0156_space-MNI152NLin6Asym_FC-pearson_atlas-Schaefer100TianS3Buckner7N.csv
INFO: copied: data/clinical_connectome/derivatives/UNIPD/WashU/features/sub-STUNIPD0156/func/sub-STUNIPD0156_space-MNI152NLin6Asym_FC-pearson_atlas-Schaefer200TianS1Buckner7N.csv
INFO: copied: data/clinical_connectome/derivatives/UNIPD/WashU/features/sub-STUNIPD0156/func/sub-STUNIPD0156_space-MNI152NLin6Asym_FC-pearson_atlas-Schaefer200TianS2Buckner7N.csv
INFO: copied: data/clinical_connectome/derivatives/UNIPD/WashU/features/sub-STUNIPD0156/func/sub-STUNIPD0156_space-MNI152NLin6Asym_FC-pearson_atlas-Schaefer200TianS3Buckner7N.csv
INFO: copied: data/clinical_connectome/derivatives/UNIPD/WashU/features/sub-STUNIPD0156/func/sub-STUNIPD0156_space-MNI152NLin6Asym_FC-pearson_atlas-Schaefer300TianS1Buckner7N.csv
INFO: copied: data/clinical_connectome/derivatives/UNIPD/WashU/features/sub-STUNIPD0156/func/sub-STUNIPD0156_space-MNI152NLin6Asym_FC-pearson_atlas-Schaefer300TianS2Buckner7N.csv
INFO: copied: data/clinical_connectome/derivatives/UNIPD/WashU/features/sub-STUNIPD0156/func/sub-STUNIPD0156_space-MNI152NLin6Asym_FC-pearson_atlas-Schaefer300TianS3Buckner7N.csv
INFO: copied: data/clinical_connectome/derivatives/UNIPD/WashU/features/sub-STUNIPD0156/func/sub-STUNIPD0156_space-MNI152NLin6Asym_FC-pearson_atlas-Schaefer400TianS1Buckner7N.csv
INFO: copied: data/clinical_connectome/derivatives/UNIPD/WashU/features/sub-STUNIPD0156/func/sub-STUNIPD0156_space-MNI152NLin6Asym_FC-pearson_atlas-Schaefer400TianS2Buckner7N.csv
INFO: copied: data/clinical_connectome/derivatives/UNIPD/WashU/features/sub-STUNIPD0156/func/sub-STUNIPD0156_space-MNI152NLin6Asym_FC-pearson_atlas-Schaefer400TianS3Buckner7N.csv
INFO: copied: data/clinical_connectome/derivatives/UNIPD/WashU/features/sub-STUNIPD0156/func/sub-STUNIPD0156_desc-motion.tsv
INFO: copied: data/clinical_connectome/derivatives/UNIPD/WashU/features/sub-STUNIPD0156/func/sub-STUNIPD0156_desc-motion.json
INFO: copied: data/clinical_connectome/derivatives/UNIPD/WashU/features/sub-STUNIPD0156/func/sub-STUNIPD0156_desc-outliers.tsv
INFO: copied: data/clinical_connectome/derivatives/UNIPD/WashU/features/sub-STUNIPD0156/func/sub-STUNIPD0156_desc-outliers.json
INFO: copied: data/clinical_connectome/derivatives/UNIPD/WashU/features/sub-STUNIPD0157/func/sub-STUNIPD0157_space-MNI152NLin6Asym_FC-pearson_atlas-GlasserTianS1Buckner7N.csv
INFO: copied: data/clinical_connectome/derivatives/UNIPD/WashU/features/sub-STUNIPD0157/func/sub-STUNIPD0157_space-MNI152NLin6Asym_FC-pearson_atlas-GlasserTianS2Buckner7N.csv
INFO: copied: data/clinical_connectome/derivatives/UNIPD/WashU/features/sub-STUNIPD0157/func/sub-STUNIPD0157_space-MNI152NLin6Asym_FC-pearson_atlas-GlasserTianS3Buckner7N.csv
INFO: copied: data/clinical_connectome/derivatives/UNIPD/WashU/features/sub-STUNIPD0157/func/sub-STUNIPD0157_space-MNI152NLin6Asym_FC-pearson_atlas-Schaefer100TianS1Buckner7N.csv
INFO: copied: data/clinical_connectome/derivatives/UNIPD/WashU/features/sub-STUNIPD0157/func/sub-STUNIPD0157_space-MNI152NLin6Asym_FC-pearson_atlas-Schaefer100TianS2Buckner7N.csv
INFO: copied: data/clinical_connectome/derivatives/UNIPD/WashU/features/sub-STUNIPD0157/func/sub-STUNIPD0157_space-MNI152NLin6Asym_FC-pearson_atlas-Schaefer100TianS3Buckner7N.csv
INFO: copied: data/clinical_connectome/derivatives/UNIPD/WashU/features/sub-STUNIPD0157/func/sub-STUNIPD0157_space-MNI152NLin6Asym_FC-pearson_atlas-Schaefer200TianS1Buckner7N.csv
INFO: copied: data/clinical_connectome/derivatives/UNIPD/WashU/features/sub-STUNIPD0157/func/sub-STUNIPD0157_space-MNI152NLin6Asym_FC-pearson_atlas-Schaefer200TianS2Buckner7N.csv
INFO: copied: data/clinical_connectome/derivatives/UNIPD/WashU/features/sub-STUNIPD0157/func/sub-STUNIPD0157_space-MNI152NLin6Asym_FC-pearson_atlas-Schaefer200TianS3Buckner7N.csv
INFO: copied: data/clinical_connectome/derivatives/UNIPD/WashU/features/sub-STUNIPD0157/func/sub-STUNIPD0157_space-MNI152NLin6Asym_FC-pearson_atlas-Schaefer300TianS1Buckner7N.csv
INFO: copied: data/clinical_connectome/derivatives/UNIPD/WashU/features/sub-STUNIPD0157/func/sub-STUNIPD0157_space-MNI152NLin6Asym_FC-pearson_atlas-Schaefer300TianS2Buckner7N.csv
INFO: copied: data/clinical_connectome/derivatives/UNIPD/WashU/features/sub-STUNIPD0157/func/sub-STUNIPD0157_space-MNI152NLin6Asym_FC-pearson_atlas-Schaefer300TianS3Buckner7N.csv
INFO: copied: data/clinical_connectome/derivatives/UNIPD/WashU/features/sub-STUNIPD0157/func/sub-STUNIPD0157_space-MNI152NLin6Asym_FC-pearson_atlas-Schaefer400TianS1Buckner7N.csv
INFO: copied: data/clinical_connectome/derivatives/UNIPD/WashU/features/sub-STUNIPD0157/func/sub-STUNIPD0157_space-MNI152NLin6Asym_FC-pearson_atlas-Schaefer400TianS2Buckner7N.csv
INFO: copied: data/clinical_connectome/derivatives/UNIPD/WashU/features/sub-STUNIPD0157/func/sub-STUNIPD0157_space-MNI152NLin6Asym_FC-pearson_atlas-Schaefer400TianS3Buckner7N.csv
INFO: copied: data/clinical_connectome/derivatives/UNIPD/WashU/features/sub-STUNIPD0157/func/sub-STUNIPD0157_desc-motion.tsv
INFO: copied: data/clinical_connectome/derivatives/UNIPD/WashU/features/sub-STUNIPD0157/func/sub-STUNIPD0157_desc-motion.json
INFO: copied: data/clinical_connectome/derivatives/UNIPD/WashU/features/sub-STUNIPD0157/func/sub-STUNIPD0157_desc-outliers.tsv
INFO: copied: data/clinical_connectome/derivatives/UNIPD/WashU/features/sub-STUNIPD0157/func/sub-STUNIPD0157_desc-outliers.json
INFO: copied: data/clinical_connectome/derivatives/UNIPD/WashU/features/sub-STUNIPD0158/func/sub-STUNIPD0158_space-MNI152NLin6Asym_FC-pearson_atlas-GlasserTianS1Buckner7N.csv
INFO: copied: data/clinical_connectome/derivatives/UNIPD/WashU/features/sub-STUNIPD0158/func/sub-STUNIPD0158_space-MNI152NLin6Asym_FC-pearson_atlas-GlasserTianS2Buckner7N.csv
INFO: copied: data/clinical_connectome/derivatives/UNIPD/WashU/features/sub-STUNIPD0158/func/sub-STUNIPD0158_space-MNI152NLin6Asym_FC-pearson_atlas-GlasserTianS3Buckner7N.csv
INFO: copied: data/clinical_connectome/derivatives/UNIPD/WashU/features/sub-STUNIPD0158/func/sub-STUNIPD0158_space-MNI152NLin6Asym_FC-pearson_atlas-Schaefer100TianS1Buckner7N.csv
INFO: copied: data/clinical_connectome/derivatives/UNIPD/WashU/features/sub-STUNIPD0158/func/sub-STUNIPD0158_space-MNI152NLin6Asym_FC-pearson_atlas-Schaefer100TianS2Buckner7N.csv
INFO: copied: data/clinical_connectome/derivatives/UNIPD/WashU/features/sub-STUNIPD0158/func/sub-STUNIPD0158_space-MNI152NLin6Asym_FC-pearson_atlas-Schaefer100TianS3Buckner7N.csv
INFO: copied: data/clinical_connectome/derivatives/UNIPD/WashU/features/sub-STUNIPD0158/func/sub-STUNIPD0158_space-MNI152NLin6Asym_FC-pearson_atlas-Schaefer200TianS1Buckner7N.csv
INFO: copied: data/clinical_connectome/derivatives/UNIPD/WashU/features/sub-STUNIPD0158/func/sub-STUNIPD0158_space-MNI152NLin6Asym_FC-pearson_atlas-Schaefer200TianS2Buckner7N.csv
INFO: copied: data/clinical_connectome/derivatives/UNIPD/WashU/features/sub-STUNIPD0158/func/sub-STUNIPD0158_space-MNI152NLin6Asym_FC-pearson_atlas-Schaefer200TianS3Buckner7N.csv
INFO: copied: data/clinical_connectome/derivatives/UNIPD/WashU/features/sub-STUNIPD0158/func/sub-STUNIPD0158_space-MNI152NLin6Asym_FC-pearson_atlas-Schaefer300TianS1Buckner7N.csv
INFO: copied: data/clinical_connectome/derivatives/UNIPD/WashU/features/sub-STUNIPD0158/func/sub-STUNIPD0158_space-MNI152NLin6Asym_FC-pearson_atlas-Schaefer300TianS2Buckner7N.csv
INFO: copied: data/clinical_connectome/derivatives/UNIPD/WashU/features/sub-STUNIPD0158/func/sub-STUNIPD0158_space-MNI152NLin6Asym_FC-pearson_atlas-Schaefer300TianS3Buckner7N.csv
INFO: copied: data/clinical_connectome/derivatives/UNIPD/WashU/features/sub-STUNIPD0158/func/sub-STUNIPD0158_space-MNI152NLin6Asym_FC-pearson_atlas-Schaefer400TianS1Buckner7N.csv
INFO: copied: data/clinical_connectome/derivatives/UNIPD/WashU/features/sub-STUNIPD0158/func/sub-STUNIPD0158_space-MNI152NLin6Asym_FC-pearson_atlas-Schaefer400TianS2Buckner7N.csv
INFO: copied: data/clinical_connectome/derivatives/UNIPD/WashU/features/sub-STUNIPD0158/func/sub-STUNIPD0158_space-MNI152NLin6Asym_FC-pearson_atlas-Schaefer400TianS3Buckner7N.csv
INFO: copied: data/clinical_connectome/derivatives/UNIPD/WashU/features/sub-STUNIPD0158/func/sub-STUNIPD0158_desc-motion.tsv
INFO: copied: data/clinical_connectome/derivatives/UNIPD/WashU/features/sub-STUNIPD0158/func/sub-STUNIPD0158_desc-motion.json
INFO: copied: data/clinical_connectome/derivatives/UNIPD/WashU/features/sub-STUNIPD0158/func/sub-STUNIPD0158_desc-outliers.tsv
INFO: copied: data/clinical_connectome/derivatives/UNIPD/WashU/features/sub-STUNIPD0158/func/sub-STUNIPD0158_desc-outliers.json
INFO: copied: data/clinical_connectome/derivatives/UNIPD/WashU/features/sub-STUNIPD0159/func/sub-STUNIPD0159_space-MNI152NLin6Asym_FC-pearson_atlas-GlasserTianS1Buckner7N.csv
INFO: copied: data/clinical_connectome/derivatives/UNIPD/WashU/features/sub-STUNIPD0159/func/sub-STUNIPD0159_space-MNI152NLin6Asym_FC-pearson_atlas-GlasserTianS2Buckner7N.csv
INFO: copied: data/clinical_connectome/derivatives/UNIPD/WashU/features/sub-STUNIPD0159/func/sub-STUNIPD0159_space-MNI152NLin6Asym_FC-pearson_atlas-GlasserTianS3Buckner7N.csv
INFO: copied: data/clinical_connectome/derivatives/UNIPD/WashU/features/sub-STUNIPD0159/func/sub-STUNIPD0159_space-MNI152NLin6Asym_FC-pearson_atlas-Schaefer100TianS1Buckner7N.csv
INFO: copied: data/clinical_connectome/derivatives/UNIPD/WashU/features/sub-STUNIPD0159/func/sub-STUNIPD0159_space-MNI152NLin6Asym_FC-pearson_atlas-Schaefer100TianS2Buckner7N.csv
INFO: copied: data/clinical_connectome/derivatives/UNIPD/WashU/features/sub-STUNIPD0159/func/sub-STUNIPD0159_space-MNI152NLin6Asym_FC-pearson_atlas-Schaefer100TianS3Buckner7N.csv
INFO: copied: data/clinical_connectome/derivatives/UNIPD/WashU/features/sub-STUNIPD0159/func/sub-STUNIPD0159_space-MNI152NLin6Asym_FC-pearson_atlas-Schaefer200TianS1Buckner7N.csv
INFO: copied: data/clinical_connectome/derivatives/UNIPD/WashU/features/sub-STUNIPD0159/func/sub-STUNIPD0159_space-MNI152NLin6Asym_FC-pearson_atlas-Schaefer200TianS2Buckner7N.csv
INFO: copied: data/clinical_connectome/derivatives/UNIPD/WashU/features/sub-STUNIPD0159/func/sub-STUNIPD0159_space-MNI152NLin6Asym_FC-pearson_atlas-Schaefer200TianS3Buckner7N.csv
INFO: copied: data/clinical_connectome/derivatives/UNIPD/WashU/features/sub-STUNIPD0159/func/sub-STUNIPD0159_space-MNI152NLin6Asym_FC-pearson_atlas-Schaefer300TianS1Buckner7N.csv
INFO: copied: data/clinical_connectome/derivatives/UNIPD/WashU/features/sub-STUNIPD0159/func/sub-STUNIPD0159_space-MNI152NLin6Asym_FC-pearson_atlas-Schaefer300TianS2Buckner7N.csv
INFO: copied: data/clinical_connectome/derivatives/UNIPD/WashU/features/sub-STUNIPD0159/func/sub-STUNIPD0159_space-MNI152NLin6Asym_FC-pearson_atlas-Schaefer300TianS3Buckner7N.csv
INFO: copied: data/clinical_connectome/derivatives/UNIPD/WashU/features/sub-STUNIPD0159/func/sub-STUNIPD0159_space-MNI152NLin6Asym_FC-pearson_atlas-Schaefer400TianS1Buckner7N.csv
INFO: copied: data/clinical_connectome/derivatives/UNIPD/WashU/features/sub-STUNIPD0159/func/sub-STUNIPD0159_space-MNI152NLin6Asym_FC-pearson_atlas-Schaefer400TianS2Buckner7N.csv
INFO: copied: data/clinical_connectome/derivatives/UNIPD/WashU/features/sub-STUNIPD0159/func/sub-STUNIPD0159_space-MNI152NLin6Asym_FC-pearson_atlas-Schaefer400TianS3Buckner7N.csv
INFO: copied: data/clinical_connectome/derivatives/UNIPD/WashU/features/sub-STUNIPD0159/func/sub-STUNIPD0159_desc-motion.tsv
INFO: copied: data/clinical_connectome/derivatives/UNIPD/WashU/features/sub-STUNIPD0159/func/sub-STUNIPD0159_desc-motion.json
INFO: copied: data/clinical_connectome/derivatives/UNIPD/WashU/features/sub-STUNIPD0159/func/sub-STUNIPD0159_desc-outliers.tsv
INFO: copied: data/clinical_connectome/derivatives/UNIPD/WashU/features/sub-STUNIPD0159/func/sub-STUNIPD0159_desc-outliers.json
INFO: copied: data/clinical_connectome/derivatives/UNIPD/WashU/features/sub-STUNIPD0162/func/sub-STUNIPD0162_space-MNI152NLin6Asym_FC-pearson_atlas-GlasserTianS1Buckner7N.csv
INFO: copied: data/clinical_connectome/derivatives/UNIPD/WashU/features/sub-STUNIPD0162/func/sub-STUNIPD0162_space-MNI152NLin6Asym_FC-pearson_atlas-GlasserTianS2Buckner7N.csv
INFO: copied: data/clinical_connectome/derivatives/UNIPD/WashU/features/sub-STUNIPD0162/func/sub-STUNIPD0162_space-MNI152NLin6Asym_FC-pearson_atlas-GlasserTianS3Buckner7N.csv
INFO: copied: data/clinical_connectome/derivatives/UNIPD/WashU/features/sub-STUNIPD0162/func/sub-STUNIPD0162_space-MNI152NLin6Asym_FC-pearson_atlas-Schaefer100TianS1Buckner7N.csv
INFO: copied: data/clinical_connectome/derivatives/UNIPD/WashU/features/sub-STUNIPD0162/func/sub-STUNIPD0162_space-MNI152NLin6Asym_FC-pearson_atlas-Schaefer100TianS2Buckner7N.csv
INFO: copied: data/clinical_connectome/derivatives/UNIPD/WashU/features/sub-STUNIPD0162/func/sub-STUNIPD0162_space-MNI152NLin6Asym_FC-pearson_atlas-Schaefer100TianS3Buckner7N.csv
INFO: copied: data/clinical_connectome/derivatives/UNIPD/WashU/features/sub-STUNIPD0162/func/sub-STUNIPD0162_space-MNI152NLin6Asym_FC-pearson_atlas-Schaefer200TianS1Buckner7N.csv
INFO: copied: data/clinical_connectome/derivatives/UNIPD/WashU/features/sub-STUNIPD0162/func/sub-STUNIPD0162_space-MNI152NLin6Asym_FC-pearson_atlas-Schaefer200TianS2Buckner7N.csv
INFO: copied: data/clinical_connectome/derivatives/UNIPD/WashU/features/sub-STUNIPD0162/func/sub-STUNIPD0162_space-MNI152NLin6Asym_FC-pearson_atlas-Schaefer200TianS3Buckner7N.csv
INFO: copied: data/clinical_connectome/derivatives/UNIPD/WashU/features/sub-STUNIPD0162/func/sub-STUNIPD0162_space-MNI152NLin6Asym_FC-pearson_atlas-Schaefer300TianS1Buckner7N.csv
INFO: copied: data/clinical_connectome/derivatives/UNIPD/WashU/features/sub-STUNIPD0162/func/sub-STUNIPD0162_space-MNI152NLin6Asym_FC-pearson_atlas-Schaefer300TianS2Buckner7N.csv
INFO: copied: data/clinical_connectome/derivatives/UNIPD/WashU/features/sub-STUNIPD0162/func/sub-STUNIPD0162_space-MNI152NLin6Asym_FC-pearson_atlas-Schaefer300TianS3Buckner7N.csv
INFO: copied: data/clinical_connectome/derivatives/UNIPD/WashU/features/sub-STUNIPD0162/func/sub-STUNIPD0162_space-MNI152NLin6Asym_FC-pearson_atlas-Schaefer400TianS1Buckner7N.csv
INFO: copied: data/clinical_connectome/derivatives/UNIPD/WashU/features/sub-STUNIPD0162/func/sub-STUNIPD0162_space-MNI152NLin6Asym_FC-pearson_atlas-Schaefer400TianS2Buckner7N.csv
INFO: copied: data/clinical_connectome/derivatives/UNIPD/WashU/features/sub-STUNIPD0162/func/sub-STUNIPD0162_space-MNI152NLin6Asym_FC-pearson_atlas-Schaefer400TianS3Buckner7N.csv
INFO: copied: data/clinical_connectome/derivatives/UNIPD/WashU/features/sub-STUNIPD0162/func/sub-STUNIPD0162_desc-motion.tsv
INFO: copied: data/clinical_connectome/derivatives/UNIPD/WashU/features/sub-STUNIPD0162/func/sub-STUNIPD0162_desc-motion.json
INFO: copied: data/clinical_connectome/derivatives/UNIPD/WashU/features/sub-STUNIPD0162/func/sub-STUNIPD0162_desc-outliers.tsv
INFO: copied: data/clinical_connectome/derivatives/UNIPD/WashU/features/sub-STUNIPD0162/func/sub-STUNIPD0162_desc-outliers.json
INFO: copied: data/clinical_connectome/derivatives/UNIPD/WashU/features/sub-STUNIPD0164/func/sub-STUNIPD0164_space-MNI152NLin6Asym_FC-pearson_atlas-GlasserTianS1Buckner7N.csv
INFO: copied: data/clinical_connectome/derivatives/UNIPD/WashU/features/sub-STUNIPD0164/func/sub-STUNIPD0164_space-MNI152NLin6Asym_FC-pearson_atlas-GlasserTianS2Buckner7N.csv
INFO: copied: data/clinical_connectome/derivatives/UNIPD/WashU/features/sub-STUNIPD0164/func/sub-STUNIPD0164_space-MNI152NLin6Asym_FC-pearson_atlas-GlasserTianS3Buckner7N.csv
INFO: copied: data/clinical_connectome/derivatives/UNIPD/WashU/features/sub-STUNIPD0164/func/sub-STUNIPD0164_space-MNI152NLin6Asym_FC-pearson_atlas-Schaefer100TianS1Buckner7N.csv
INFO: copied: data/clinical_connectome/derivatives/UNIPD/WashU/features/sub-STUNIPD0164/func/sub-STUNIPD0164_space-MNI152NLin6Asym_FC-pearson_atlas-Schaefer100TianS2Buckner7N.csv
INFO: copied: data/clinical_connectome/derivatives/UNIPD/WashU/features/sub-STUNIPD0164/func/sub-STUNIPD0164_space-MNI152NLin6Asym_FC-pearson_atlas-Schaefer100TianS3Buckner7N.csv
INFO: copied: data/clinical_connectome/derivatives/UNIPD/WashU/features/sub-STUNIPD0164/func/sub-STUNIPD0164_space-MNI152NLin6Asym_FC-pearson_atlas-Schaefer200TianS1Buckner7N.csv
INFO: copied: data/clinical_connectome/derivatives/UNIPD/WashU/features/sub-STUNIPD0164/func/sub-STUNIPD0164_space-MNI152NLin6Asym_FC-pearson_atlas-Schaefer200TianS2Buckner7N.csv
INFO: copied: data/clinical_connectome/derivatives/UNIPD/WashU/features/sub-STUNIPD0164/func/sub-STUNIPD0164_space-MNI152NLin6Asym_FC-pearson_atlas-Schaefer200TianS3Buckner7N.csv
INFO: copied: data/clinical_connectome/derivatives/UNIPD/WashU/features/sub-STUNIPD0164/func/sub-STUNIPD0164_space-MNI152NLin6Asym_FC-pearson_atlas-Schaefer300TianS1Buckner7N.csv
INFO: copied: data/clinical_connectome/derivatives/UNIPD/WashU/features/sub-STUNIPD0164/func/sub-STUNIPD0164_space-MNI152NLin6Asym_FC-pearson_atlas-Schaefer300TianS2Buckner7N.csv
INFO: copied: data/clinical_connectome/derivatives/UNIPD/WashU/features/sub-STUNIPD0164/func/sub-STUNIPD0164_space-MNI152NLin6Asym_FC-pearson_atlas-Schaefer300TianS3Buckner7N.csv
INFO: copied: data/clinical_connectome/derivatives/UNIPD/WashU/features/sub-STUNIPD0164/func/sub-STUNIPD0164_space-MNI152NLin6Asym_FC-pearson_atlas-Schaefer400TianS1Buckner7N.csv
INFO: copied: data/clinical_connectome/derivatives/UNIPD/WashU/features/sub-STUNIPD0164/func/sub-STUNIPD0164_space-MNI152NLin6Asym_FC-pearson_atlas-Schaefer400TianS2Buckner7N.csv
INFO: copied: data/clinical_connectome/derivatives/UNIPD/WashU/features/sub-STUNIPD0164/func/sub-STUNIPD0164_space-MNI152NLin6Asym_FC-pearson_atlas-Schaefer400TianS3Buckner7N.csv
INFO: copied: data/clinical_connectome/derivatives/UNIPD/WashU/features/sub-STUNIPD0164/func/sub-STUNIPD0164_desc-motion.tsv
INFO: copied: data/clinical_connectome/derivatives/UNIPD/WashU/features/sub-STUNIPD0164/func/sub-STUNIPD0164_desc-motion.json
INFO: copied: data/clinical_connectome/derivatives/UNIPD/WashU/features/sub-STUNIPD0164/func/sub-STUNIPD0164_desc-outliers.tsv
INFO: copied: data/clinical_connectome/derivatives/UNIPD/WashU/features/sub-STUNIPD0164/func/sub-STUNIPD0164_desc-outliers.json
INFO: copied: data/clinical_connectome/derivatives/UNIPD/WashU/features/sub-STUNIPD0166/func/sub-STUNIPD0166_space-MNI152NLin6Asym_FC-pearson_atlas-GlasserTianS1Buckner7N.csv
INFO: copied: data/clinical_connectome/derivatives/UNIPD/WashU/features/sub-STUNIPD0166/func/sub-STUNIPD0166_space-MNI152NLin6Asym_FC-pearson_atlas-GlasserTianS2Buckner7N.csv
INFO: copied: data/clinical_connectome/derivatives/UNIPD/WashU/features/sub-STUNIPD0166/func/sub-STUNIPD0166_space-MNI152NLin6Asym_FC-pearson_atlas-GlasserTianS3Buckner7N.csv
INFO: copied: data/clinical_connectome/derivatives/UNIPD/WashU/features/sub-STUNIPD0166/func/sub-STUNIPD0166_space-MNI152NLin6Asym_FC-pearson_atlas-Schaefer100TianS1Buckner7N.csv
INFO: copied: data/clinical_connectome/derivatives/UNIPD/WashU/features/sub-STUNIPD0166/func/sub-STUNIPD0166_space-MNI152NLin6Asym_FC-pearson_atlas-Schaefer100TianS2Buckner7N.csv
INFO: copied: data/clinical_connectome/derivatives/UNIPD/WashU/features/sub-STUNIPD0166/func/sub-STUNIPD0166_space-MNI152NLin6Asym_FC-pearson_atlas-Schaefer100TianS3Buckner7N.csv
INFO: copied: data/clinical_connectome/derivatives/UNIPD/WashU/features/sub-STUNIPD0166/func/sub-STUNIPD0166_space-MNI152NLin6Asym_FC-pearson_atlas-Schaefer200TianS1Buckner7N.csv
INFO: copied: data/clinical_connectome/derivatives/UNIPD/WashU/features/sub-STUNIPD0166/func/sub-STUNIPD0166_space-MNI152NLin6Asym_FC-pearson_atlas-Schaefer200TianS2Buckner7N.csv
INFO: copied: data/clinical_connectome/derivatives/UNIPD/WashU/features/sub-STUNIPD0166/func/sub-STUNIPD0166_space-MNI152NLin6Asym_FC-pearson_atlas-Schaefer200TianS3Buckner7N.csv
INFO: copied: data/clinical_connectome/derivatives/UNIPD/WashU/features/sub-STUNIPD0166/func/sub-STUNIPD0166_space-MNI152NLin6Asym_FC-pearson_atlas-Schaefer300TianS1Buckner7N.csv
INFO: copied: data/clinical_connectome/derivatives/UNIPD/WashU/features/sub-STUNIPD0166/func/sub-STUNIPD0166_space-MNI152NLin6Asym_FC-pearson_atlas-Schaefer300TianS2Buckner7N.csv
INFO: copied: data/clinical_connectome/derivatives/UNIPD/WashU/features/sub-STUNIPD0166/func/sub-STUNIPD0166_space-MNI152NLin6Asym_FC-pearson_atlas-Schaefer300TianS3Buckner7N.csv
INFO: copied: data/clinical_connectome/derivatives/UNIPD/WashU/features/sub-STUNIPD0166/func/sub-STUNIPD0166_space-MNI152NLin6Asym_FC-pearson_atlas-Schaefer400TianS1Buckner7N.csv
INFO: copied: data/clinical_connectome/derivatives/UNIPD/WashU/features/sub-STUNIPD0166/func/sub-STUNIPD0166_space-MNI152NLin6Asym_FC-pearson_atlas-Schaefer400TianS2Buckner7N.csv
INFO: copied: data/clinical_connectome/derivatives/UNIPD/WashU/features/sub-STUNIPD0166/func/sub-STUNIPD0166_space-MNI152NLin6Asym_FC-pearson_atlas-Schaefer400TianS3Buckner7N.csv
INFO: copied: data/clinical_connectome/derivatives/UNIPD/WashU/features/sub-STUNIPD0166/func/sub-STUNIPD0166_desc-motion.tsv
INFO: copied: data/clinical_connectome/derivatives/UNIPD/WashU/features/sub-STUNIPD0166/func/sub-STUNIPD0166_desc-motion.json
INFO: copied: data/clinical_connectome/derivatives/UNIPD/WashU/features/sub-STUNIPD0166/func/sub-STUNIPD0166_desc-outliers.tsv
INFO: copied: data/clinical_connectome/derivatives/UNIPD/WashU/features/sub-STUNIPD0166/func/sub-STUNIPD0166_desc-outliers.json
INFO: copied: data/clinical_connectome/derivatives/UNIPD/WashU/features/sub-STUNIPD0168/func/sub-STUNIPD0168_space-MNI152NLin6Asym_FC-pearson_atlas-GlasserTianS1Buckner7N.csv
INFO: copied: data/clinical_connectome/derivatives/UNIPD/WashU/features/sub-STUNIPD0168/func/sub-STUNIPD0168_space-MNI152NLin6Asym_FC-pearson_atlas-GlasserTianS2Buckner7N.csv
INFO: copied: data/clinical_connectome/derivatives/UNIPD/WashU/features/sub-STUNIPD0168/func/sub-STUNIPD0168_space-MNI152NLin6Asym_FC-pearson_atlas-GlasserTianS3Buckner7N.csv
INFO: copied: data/clinical_connectome/derivatives/UNIPD/WashU/features/sub-STUNIPD0168/func/sub-STUNIPD0168_space-MNI152NLin6Asym_FC-pearson_atlas-Schaefer100TianS1Buckner7N.csv
INFO: copied: data/clinical_connectome/derivatives/UNIPD/WashU/features/sub-STUNIPD0168/func/sub-STUNIPD0168_space-MNI152NLin6Asym_FC-pearson_atlas-Schaefer100TianS2Buckner7N.csv
INFO: copied: data/clinical_connectome/derivatives/UNIPD/WashU/features/sub-STUNIPD0168/func/sub-STUNIPD0168_space-MNI152NLin6Asym_FC-pearson_atlas-Schaefer100TianS3Buckner7N.csv
INFO: copied: data/clinical_connectome/derivatives/UNIPD/WashU/features/sub-STUNIPD0168/func/sub-STUNIPD0168_space-MNI152NLin6Asym_FC-pearson_atlas-Schaefer200TianS1Buckner7N.csv
INFO: copied: data/clinical_connectome/derivatives/UNIPD/WashU/features/sub-STUNIPD0168/func/sub-STUNIPD0168_space-MNI152NLin6Asym_FC-pearson_atlas-Schaefer200TianS2Buckner7N.csv
INFO: copied: data/clinical_connectome/derivatives/UNIPD/WashU/features/sub-STUNIPD0168/func/sub-STUNIPD0168_space-MNI152NLin6Asym_FC-pearson_atlas-Schaefer200TianS3Buckner7N.csv
INFO: copied: data/clinical_connectome/derivatives/UNIPD/WashU/features/sub-STUNIPD0168/func/sub-STUNIPD0168_space-MNI152NLin6Asym_FC-pearson_atlas-Schaefer300TianS1Buckner7N.csv
INFO: copied: data/clinical_connectome/derivatives/UNIPD/WashU/features/sub-STUNIPD0168/func/sub-STUNIPD0168_space-MNI152NLin6Asym_FC-pearson_atlas-Schaefer300TianS2Buckner7N.csv
INFO: copied: data/clinical_connectome/derivatives/UNIPD/WashU/features/sub-STUNIPD0168/func/sub-STUNIPD0168_space-MNI152NLin6Asym_FC-pearson_atlas-Schaefer300TianS3Buckner7N.csv
INFO: copied: data/clinical_connectome/derivatives/UNIPD/WashU/features/sub-STUNIPD0168/func/sub-STUNIPD0168_space-MNI152NLin6Asym_FC-pearson_atlas-Schaefer400TianS1Buckner7N.csv
INFO: copied: data/clinical_connectome/derivatives/UNIPD/WashU/features/sub-STUNIPD0168/func/sub-STUNIPD0168_space-MNI152NLin6Asym_FC-pearson_atlas-Schaefer400TianS2Buckner7N.csv
INFO: copied: data/clinical_connectome/derivatives/UNIPD/WashU/features/sub-STUNIPD0168/func/sub-STUNIPD0168_space-MNI152NLin6Asym_FC-pearson_atlas-Schaefer400TianS3Buckner7N.csv
INFO: copied: data/clinical_connectome/derivatives/UNIPD/WashU/features/sub-STUNIPD0168/func/sub-STUNIPD0168_desc-motion.tsv
INFO: copied: data/clinical_connectome/derivatives/UNIPD/WashU/features/sub-STUNIPD0168/func/sub-STUNIPD0168_desc-motion.json
INFO: copied: data/clinical_connectome/derivatives/UNIPD/WashU/features/sub-STUNIPD0168/func/sub-STUNIPD0168_desc-outliers.tsv
INFO: copied: data/clinical_connectome/derivatives/UNIPD/WashU/features/sub-STUNIPD0168/func/sub-STUNIPD0168_desc-outliers.json
INFO: copied: data/clinical_connectome/derivatives/UNIPD/WashU/features/sub-STUNIPD0169/func/sub-STUNIPD0169_space-MNI152NLin6Asym_FC-pearson_atlas-GlasserTianS1Buckner7N.csv
INFO: copied: data/clinical_connectome/derivatives/UNIPD/WashU/features/sub-STUNIPD0169/func/sub-STUNIPD0169_space-MNI152NLin6Asym_FC-pearson_atlas-GlasserTianS2Buckner7N.csv
INFO: copied: data/clinical_connectome/derivatives/UNIPD/WashU/features/sub-STUNIPD0169/func/sub-STUNIPD0169_space-MNI152NLin6Asym_FC-pearson_atlas-GlasserTianS3Buckner7N.csv
INFO: copied: data/clinical_connectome/derivatives/UNIPD/WashU/features/sub-STUNIPD0169/func/sub-STUNIPD0169_space-MNI152NLin6Asym_FC-pearson_atlas-Schaefer100TianS1Buckner7N.csv
INFO: copied: data/clinical_connectome/derivatives/UNIPD/WashU/features/sub-STUNIPD0169/func/sub-STUNIPD0169_space-MNI152NLin6Asym_FC-pearson_atlas-Schaefer100TianS2Buckner7N.csv
INFO: copied: data/clinical_connectome/derivatives/UNIPD/WashU/features/sub-STUNIPD0169/func/sub-STUNIPD0169_space-MNI152NLin6Asym_FC-pearson_atlas-Schaefer100TianS3Buckner7N.csv
INFO: copied: data/clinical_connectome/derivatives/UNIPD/WashU/features/sub-STUNIPD0169/func/sub-STUNIPD0169_space-MNI152NLin6Asym_FC-pearson_atlas-Schaefer200TianS1Buckner7N.csv
INFO: copied: data/clinical_connectome/derivatives/UNIPD/WashU/features/sub-STUNIPD0169/func/sub-STUNIPD0169_space-MNI152NLin6Asym_FC-pearson_atlas-Schaefer200TianS2Buckner7N.csv
INFO: copied: data/clinical_connectome/derivatives/UNIPD/WashU/features/sub-STUNIPD0169/func/sub-STUNIPD0169_space-MNI152NLin6Asym_FC-pearson_atlas-Schaefer200TianS3Buckner7N.csv
INFO: copied: data/clinical_connectome/derivatives/UNIPD/WashU/features/sub-STUNIPD0169/func/sub-STUNIPD0169_space-MNI152NLin6Asym_FC-pearson_atlas-Schaefer300TianS1Buckner7N.csv
INFO: copied: data/clinical_connectome/derivatives/UNIPD/WashU/features/sub-STUNIPD0169/func/sub-STUNIPD0169_space-MNI152NLin6Asym_FC-pearson_atlas-Schaefer300TianS2Buckner7N.csv
INFO: copied: data/clinical_connectome/derivatives/UNIPD/WashU/features/sub-STUNIPD0169/func/sub-STUNIPD0169_space-MNI152NLin6Asym_FC-pearson_atlas-Schaefer300TianS3Buckner7N.csv
INFO: copied: data/clinical_connectome/derivatives/UNIPD/WashU/features/sub-STUNIPD0169/func/sub-STUNIPD0169_space-MNI152NLin6Asym_FC-pearson_atlas-Schaefer400TianS1Buckner7N.csv
INFO: copied: data/clinical_connectome/derivatives/UNIPD/WashU/features/sub-STUNIPD0169/func/sub-STUNIPD0169_space-MNI152NLin6Asym_FC-pearson_atlas-Schaefer400TianS2Buckner7N.csv
INFO: copied: data/clinical_connectome/derivatives/UNIPD/WashU/features/sub-STUNIPD0169/func/sub-STUNIPD0169_space-MNI152NLin6Asym_FC-pearson_atlas-Schaefer400TianS3Buckner7N.csv
INFO: copied: data/clinical_connectome/derivatives/UNIPD/WashU/features/sub-STUNIPD0169/func/sub-STUNIPD0169_desc-motion.tsv
INFO: copied: data/clinical_connectome/derivatives/UNIPD/WashU/features/sub-STUNIPD0169/func/sub-STUNIPD0169_desc-motion.json
INFO: copied: data/clinical_connectome/derivatives/UNIPD/WashU/features/sub-STUNIPD0169/func/sub-STUNIPD0169_desc-outliers.tsv
INFO: copied: data/clinical_connectome/derivatives/UNIPD/WashU/features/sub-STUNIPD0169/func/sub-STUNIPD0169_desc-outliers.json
INFO: copied: data/clinical_connectome/derivatives/UNIPD/WashU/features/sub-STUNIPD0172/func/sub-STUNIPD0172_space-MNI152NLin6Asym_FC-pearson_atlas-GlasserTianS1Buckner7N.csv
INFO: copied: data/clinical_connectome/derivatives/UNIPD/WashU/features/sub-STUNIPD0172/func/sub-STUNIPD0172_space-MNI152NLin6Asym_FC-pearson_atlas-GlasserTianS2Buckner7N.csv
INFO: copied: data/clinical_connectome/derivatives/UNIPD/WashU/features/sub-STUNIPD0172/func/sub-STUNIPD0172_space-MNI152NLin6Asym_FC-pearson_atlas-GlasserTianS3Buckner7N.csv
INFO: copied: data/clinical_connectome/derivatives/UNIPD/WashU/features/sub-STUNIPD0172/func/sub-STUNIPD0172_space-MNI152NLin6Asym_FC-pearson_atlas-Schaefer100TianS1Buckner7N.csv
INFO: copied: data/clinical_connectome/derivatives/UNIPD/WashU/features/sub-STUNIPD0172/func/sub-STUNIPD0172_space-MNI152NLin6Asym_FC-pearson_atlas-Schaefer100TianS2Buckner7N.csv
INFO: copied: data/clinical_connectome/derivatives/UNIPD/WashU/features/sub-STUNIPD0172/func/sub-STUNIPD0172_space-MNI152NLin6Asym_FC-pearson_atlas-Schaefer100TianS3Buckner7N.csv
INFO: copied: data/clinical_connectome/derivatives/UNIPD/WashU/features/sub-STUNIPD0172/func/sub-STUNIPD0172_space-MNI152NLin6Asym_FC-pearson_atlas-Schaefer200TianS1Buckner7N.csv
INFO: copied: data/clinical_connectome/derivatives/UNIPD/WashU/features/sub-STUNIPD0172/func/sub-STUNIPD0172_space-MNI152NLin6Asym_FC-pearson_atlas-Schaefer200TianS2Buckner7N.csv
INFO: copied: data/clinical_connectome/derivatives/UNIPD/WashU/features/sub-STUNIPD0172/func/sub-STUNIPD0172_space-MNI152NLin6Asym_FC-pearson_atlas-Schaefer200TianS3Buckner7N.csv
INFO: copied: data/clinical_connectome/derivatives/UNIPD/WashU/features/sub-STUNIPD0172/func/sub-STUNIPD0172_space-MNI152NLin6Asym_FC-pearson_atlas-Schaefer300TianS1Buckner7N.csv
INFO: copied: data/clinical_connectome/derivatives/UNIPD/WashU/features/sub-STUNIPD0172/func/sub-STUNIPD0172_space-MNI152NLin6Asym_FC-pearson_atlas-Schaefer300TianS2Buckner7N.csv
INFO: copied: data/clinical_connectome/derivatives/UNIPD/WashU/features/sub-STUNIPD0172/func/sub-STUNIPD0172_space-MNI152NLin6Asym_FC-pearson_atlas-Schaefer300TianS3Buckner7N.csv
INFO: copied: data/clinical_connectome/derivatives/UNIPD/WashU/features/sub-STUNIPD0172/func/sub-STUNIPD0172_space-MNI152NLin6Asym_FC-pearson_atlas-Schaefer400TianS1Buckner7N.csv
INFO: copied: data/clinical_connectome/derivatives/UNIPD/WashU/features/sub-STUNIPD0172/func/sub-STUNIPD0172_space-MNI152NLin6Asym_FC-pearson_atlas-Schaefer400TianS2Buckner7N.csv
INFO: copied: data/clinical_connectome/derivatives/UNIPD/WashU/features/sub-STUNIPD0172/func/sub-STUNIPD0172_space-MNI152NLin6Asym_FC-pearson_atlas-Schaefer400TianS3Buckner7N.csv
INFO: copied: data/clinical_connectome/derivatives/UNIPD/WashU/features/sub-STUNIPD0172/func/sub-STUNIPD0172_desc-motion.tsv
INFO: copied: data/clinical_connectome/derivatives/UNIPD/WashU/features/sub-STUNIPD0172/func/sub-STUNIPD0172_desc-motion.json
INFO: copied: data/clinical_connectome/derivatives/UNIPD/WashU/features/sub-STUNIPD0172/func/sub-STUNIPD0172_desc-outliers.tsv
INFO: copied: data/clinical_connectome/derivatives/UNIPD/WashU/features/sub-STUNIPD0172/func/sub-STUNIPD0172_desc-outliers.json
INFO: copied: data/clinical_connectome/derivatives/UNIPD/WashU/features/sub-STUNIPD0173/func/sub-STUNIPD0173_space-MNI152NLin6Asym_FC-pearson_atlas-GlasserTianS1Buckner7N.csv
INFO: copied: data/clinical_connectome/derivatives/UNIPD/WashU/features/sub-STUNIPD0173/func/sub-STUNIPD0173_space-MNI152NLin6Asym_FC-pearson_atlas-GlasserTianS2Buckner7N.csv
INFO: copied: data/clinical_connectome/derivatives/UNIPD/WashU/features/sub-STUNIPD0173/func/sub-STUNIPD0173_space-MNI152NLin6Asym_FC-pearson_atlas-GlasserTianS3Buckner7N.csv
INFO: copied: data/clinical_connectome/derivatives/UNIPD/WashU/features/sub-STUNIPD0173/func/sub-STUNIPD0173_space-MNI152NLin6Asym_FC-pearson_atlas-Schaefer100TianS1Buckner7N.csv
INFO: copied: data/clinical_connectome/derivatives/UNIPD/WashU/features/sub-STUNIPD0173/func/sub-STUNIPD0173_space-MNI152NLin6Asym_FC-pearson_atlas-Schaefer100TianS2Buckner7N.csv
INFO: copied: data/clinical_connectome/derivatives/UNIPD/WashU/features/sub-STUNIPD0173/func/sub-STUNIPD0173_space-MNI152NLin6Asym_FC-pearson_atlas-Schaefer100TianS3Buckner7N.csv
INFO: copied: data/clinical_connectome/derivatives/UNIPD/WashU/features/sub-STUNIPD0173/func/sub-STUNIPD0173_space-MNI152NLin6Asym_FC-pearson_atlas-Schaefer200TianS1Buckner7N.csv
INFO: copied: data/clinical_connectome/derivatives/UNIPD/WashU/features/sub-STUNIPD0173/func/sub-STUNIPD0173_space-MNI152NLin6Asym_FC-pearson_atlas-Schaefer200TianS2Buckner7N.csv
INFO: copied: data/clinical_connectome/derivatives/UNIPD/WashU/features/sub-STUNIPD0173/func/sub-STUNIPD0173_space-MNI152NLin6Asym_FC-pearson_atlas-Schaefer200TianS3Buckner7N.csv
INFO: copied: data/clinical_connectome/derivatives/UNIPD/WashU/features/sub-STUNIPD0173/func/sub-STUNIPD0173_space-MNI152NLin6Asym_FC-pearson_atlas-Schaefer300TianS1Buckner7N.csv
INFO: copied: data/clinical_connectome/derivatives/UNIPD/WashU/features/sub-STUNIPD0173/func/sub-STUNIPD0173_space-MNI152NLin6Asym_FC-pearson_atlas-Schaefer300TianS2Buckner7N.csv
INFO: copied: data/clinical_connectome/derivatives/UNIPD/WashU/features/sub-STUNIPD0173/func/sub-STUNIPD0173_space-MNI152NLin6Asym_FC-pearson_atlas-Schaefer300TianS3Buckner7N.csv
INFO: copied: data/clinical_connectome/derivatives/UNIPD/WashU/features/sub-STUNIPD0173/func/sub-STUNIPD0173_space-MNI152NLin6Asym_FC-pearson_atlas-Schaefer400TianS1Buckner7N.csv
INFO: copied: data/clinical_connectome/derivatives/UNIPD/WashU/features/sub-STUNIPD0173/func/sub-STUNIPD0173_space-MNI152NLin6Asym_FC-pearson_atlas-Schaefer400TianS2Buckner7N.csv
INFO: copied: data/clinical_connectome/derivatives/UNIPD/WashU/features/sub-STUNIPD0173/func/sub-STUNIPD0173_space-MNI152NLin6Asym_FC-pearson_atlas-Schaefer400TianS3Buckner7N.csv
INFO: copied: data/clinical_connectome/derivatives/UNIPD/WashU/features/sub-STUNIPD0173/func/sub-STUNIPD0173_desc-motion.tsv
INFO: copied: data/clinical_connectome/derivatives/UNIPD/WashU/features/sub-STUNIPD0173/func/sub-STUNIPD0173_desc-motion.json
INFO: copied: data/clinical_connectome/derivatives/UNIPD/WashU/features/sub-STUNIPD0173/func/sub-STUNIPD0173_desc-outliers.tsv
INFO: copied: data/clinical_connectome/derivatives/UNIPD/WashU/features/sub-STUNIPD0173/func/sub-STUNIPD0173_desc-outliers.json
INFO: copied: data/clinical_connectome/derivatives/UNIPD/WashU/features/sub-STUNIPD0174/func/sub-STUNIPD0174_space-MNI152NLin6Asym_FC-pearson_atlas-GlasserTianS1Buckner7N.csv
INFO: copied: data/clinical_connectome/derivatives/UNIPD/WashU/features/sub-STUNIPD0174/func/sub-STUNIPD0174_space-MNI152NLin6Asym_FC-pearson_atlas-GlasserTianS2Buckner7N.csv
INFO: copied: data/clinical_connectome/derivatives/UNIPD/WashU/features/sub-STUNIPD0174/func/sub-STUNIPD0174_space-MNI152NLin6Asym_FC-pearson_atlas-GlasserTianS3Buckner7N.csv
INFO: copied: data/clinical_connectome/derivatives/UNIPD/WashU/features/sub-STUNIPD0174/func/sub-STUNIPD0174_space-MNI152NLin6Asym_FC-pearson_atlas-Schaefer100TianS1Buckner7N.csv
INFO: copied: data/clinical_connectome/derivatives/UNIPD/WashU/features/sub-STUNIPD0174/func/sub-STUNIPD0174_space-MNI152NLin6Asym_FC-pearson_atlas-Schaefer100TianS2Buckner7N.csv
INFO: copied: data/clinical_connectome/derivatives/UNIPD/WashU/features/sub-STUNIPD0174/func/sub-STUNIPD0174_space-MNI152NLin6Asym_FC-pearson_atlas-Schaefer100TianS3Buckner7N.csv
INFO: copied: data/clinical_connectome/derivatives/UNIPD/WashU/features/sub-STUNIPD0174/func/sub-STUNIPD0174_space-MNI152NLin6Asym_FC-pearson_atlas-Schaefer200TianS1Buckner7N.csv
INFO: copied: data/clinical_connectome/derivatives/UNIPD/WashU/features/sub-STUNIPD0174/func/sub-STUNIPD0174_space-MNI152NLin6Asym_FC-pearson_atlas-Schaefer200TianS2Buckner7N.csv
INFO: copied: data/clinical_connectome/derivatives/UNIPD/WashU/features/sub-STUNIPD0174/func/sub-STUNIPD0174_space-MNI152NLin6Asym_FC-pearson_atlas-Schaefer200TianS3Buckner7N.csv
INFO: copied: data/clinical_connectome/derivatives/UNIPD/WashU/features/sub-STUNIPD0174/func/sub-STUNIPD0174_space-MNI152NLin6Asym_FC-pearson_atlas-Schaefer300TianS1Buckner7N.csv
INFO: copied: data/clinical_connectome/derivatives/UNIPD/WashU/features/sub-STUNIPD0174/func/sub-STUNIPD0174_space-MNI152NLin6Asym_FC-pearson_atlas-Schaefer300TianS2Buckner7N.csv
INFO: copied: data/clinical_connectome/derivatives/UNIPD/WashU/features/sub-STUNIPD0174/func/sub-STUNIPD0174_space-MNI152NLin6Asym_FC-pearson_atlas-Schaefer300TianS3Buckner7N.csv
INFO: copied: data/clinical_connectome/derivatives/UNIPD/WashU/features/sub-STUNIPD0174/func/sub-STUNIPD0174_space-MNI152NLin6Asym_FC-pearson_atlas-Schaefer400TianS1Buckner7N.csv
INFO: copied: data/clinical_connectome/derivatives/UNIPD/WashU/features/sub-STUNIPD0174/func/sub-STUNIPD0174_space-MNI152NLin6Asym_FC-pearson_atlas-Schaefer400TianS2Buckner7N.csv
INFO: copied: data/clinical_connectome/derivatives/UNIPD/WashU/features/sub-STUNIPD0174/func/sub-STUNIPD0174_space-MNI152NLin6Asym_FC-pearson_atlas-Schaefer400TianS3Buckner7N.csv
INFO: copied: data/clinical_connectome/derivatives/UNIPD/WashU/features/sub-STUNIPD0174/func/sub-STUNIPD0174_desc-motion.tsv
INFO: copied: data/clinical_connectome/derivatives/UNIPD/WashU/features/sub-STUNIPD0174/func/sub-STUNIPD0174_desc-motion.json
INFO: copied: data/clinical_connectome/derivatives/UNIPD/WashU/features/sub-STUNIPD0174/func/sub-STUNIPD0174_desc-outliers.tsv
INFO: copied: data/clinical_connectome/derivatives/UNIPD/WashU/features/sub-STUNIPD0174/func/sub-STUNIPD0174_desc-outliers.json
INFO: copied: data/clinical_connectome/derivatives/UNIPD/WashU/features/sub-STUNIPD0175/func/sub-STUNIPD0175_space-MNI152NLin6Asym_FC-pearson_atlas-GlasserTianS1Buckner7N.csv
INFO: copied: data/clinical_connectome/derivatives/UNIPD/WashU/features/sub-STUNIPD0175/func/sub-STUNIPD0175_space-MNI152NLin6Asym_FC-pearson_atlas-GlasserTianS2Buckner7N.csv
INFO: copied: data/clinical_connectome/derivatives/UNIPD/WashU/features/sub-STUNIPD0175/func/sub-STUNIPD0175_space-MNI152NLin6Asym_FC-pearson_atlas-GlasserTianS3Buckner7N.csv
INFO: copied: data/clinical_connectome/derivatives/UNIPD/WashU/features/sub-STUNIPD0175/func/sub-STUNIPD0175_space-MNI152NLin6Asym_FC-pearson_atlas-Schaefer100TianS1Buckner7N.csv
INFO: copied: data/clinical_connectome/derivatives/UNIPD/WashU/features/sub-STUNIPD0175/func/sub-STUNIPD0175_space-MNI152NLin6Asym_FC-pearson_atlas-Schaefer100TianS2Buckner7N.csv
INFO: copied: data/clinical_connectome/derivatives/UNIPD/WashU/features/sub-STUNIPD0175/func/sub-STUNIPD0175_space-MNI152NLin6Asym_FC-pearson_atlas-Schaefer100TianS3Buckner7N.csv
INFO: copied: data/clinical_connectome/derivatives/UNIPD/WashU/features/sub-STUNIPD0175/func/sub-STUNIPD0175_space-MNI152NLin6Asym_FC-pearson_atlas-Schaefer200TianS1Buckner7N.csv
INFO: copied: data/clinical_connectome/derivatives/UNIPD/WashU/features/sub-STUNIPD0175/func/sub-STUNIPD0175_space-MNI152NLin6Asym_FC-pearson_atlas-Schaefer200TianS2Buckner7N.csv
INFO: copied: data/clinical_connectome/derivatives/UNIPD/WashU/features/sub-STUNIPD0175/func/sub-STUNIPD0175_space-MNI152NLin6Asym_FC-pearson_atlas-Schaefer200TianS3Buckner7N.csv
INFO: copied: data/clinical_connectome/derivatives/UNIPD/WashU/features/sub-STUNIPD0175/func/sub-STUNIPD0175_space-MNI152NLin6Asym_FC-pearson_atlas-Schaefer300TianS1Buckner7N.csv
INFO: copied: data/clinical_connectome/derivatives/UNIPD/WashU/features/sub-STUNIPD0175/func/sub-STUNIPD0175_space-MNI152NLin6Asym_FC-pearson_atlas-Schaefer300TianS2Buckner7N.csv
INFO: copied: data/clinical_connectome/derivatives/UNIPD/WashU/features/sub-STUNIPD0175/func/sub-STUNIPD0175_space-MNI152NLin6Asym_FC-pearson_atlas-Schaefer300TianS3Buckner7N.csv
INFO: copied: data/clinical_connectome/derivatives/UNIPD/WashU/features/sub-STUNIPD0175/func/sub-STUNIPD0175_space-MNI152NLin6Asym_FC-pearson_atlas-Schaefer400TianS1Buckner7N.csv
INFO: copied: data/clinical_connectome/derivatives/UNIPD/WashU/features/sub-STUNIPD0175/func/sub-STUNIPD0175_space-MNI152NLin6Asym_FC-pearson_atlas-Schaefer400TianS2Buckner7N.csv
INFO: copied: data/clinical_connectome/derivatives/UNIPD/WashU/features/sub-STUNIPD0175/func/sub-STUNIPD0175_space-MNI152NLin6Asym_FC-pearson_atlas-Schaefer400TianS3Buckner7N.csv
INFO: copied: data/clinical_connectome/derivatives/UNIPD/WashU/features/sub-STUNIPD0175/func/sub-STUNIPD0175_desc-motion.tsv
INFO: copied: data/clinical_connectome/derivatives/UNIPD/WashU/features/sub-STUNIPD0175/func/sub-STUNIPD0175_desc-motion.json
INFO: copied: data/clinical_connectome/derivatives/UNIPD/WashU/features/sub-STUNIPD0175/func/sub-STUNIPD0175_desc-outliers.tsv
INFO: copied: data/clinical_connectome/derivatives/UNIPD/WashU/features/sub-STUNIPD0175/func/sub-STUNIPD0175_desc-outliers.json
INFO: copied: data/clinical_connectome/derivatives/UNIPD/WashU/features/sub-STUNIPD0176/func/sub-STUNIPD0176_space-MNI152NLin6Asym_FC-pearson_atlas-GlasserTianS1Buckner7N.csv
INFO: copied: data/clinical_connectome/derivatives/UNIPD/WashU/features/sub-STUNIPD0176/func/sub-STUNIPD0176_space-MNI152NLin6Asym_FC-pearson_atlas-GlasserTianS2Buckner7N.csv
INFO: copied: data/clinical_connectome/derivatives/UNIPD/WashU/features/sub-STUNIPD0176/func/sub-STUNIPD0176_space-MNI152NLin6Asym_FC-pearson_atlas-GlasserTianS3Buckner7N.csv
INFO: copied: data/clinical_connectome/derivatives/UNIPD/WashU/features/sub-STUNIPD0176/func/sub-STUNIPD0176_space-MNI152NLin6Asym_FC-pearson_atlas-Schaefer100TianS1Buckner7N.csv
INFO: copied: data/clinical_connectome/derivatives/UNIPD/WashU/features/sub-STUNIPD0176/func/sub-STUNIPD0176_space-MNI152NLin6Asym_FC-pearson_atlas-Schaefer100TianS2Buckner7N.csv
INFO: copied: data/clinical_connectome/derivatives/UNIPD/WashU/features/sub-STUNIPD0176/func/sub-STUNIPD0176_space-MNI152NLin6Asym_FC-pearson_atlas-Schaefer100TianS3Buckner7N.csv
INFO: copied: data/clinical_connectome/derivatives/UNIPD/WashU/features/sub-STUNIPD0176/func/sub-STUNIPD0176_space-MNI152NLin6Asym_FC-pearson_atlas-Schaefer200TianS1Buckner7N.csv
INFO: copied: data/clinical_connectome/derivatives/UNIPD/WashU/features/sub-STUNIPD0176/func/sub-STUNIPD0176_space-MNI152NLin6Asym_FC-pearson_atlas-Schaefer200TianS2Buckner7N.csv
INFO: copied: data/clinical_connectome/derivatives/UNIPD/WashU/features/sub-STUNIPD0176/func/sub-STUNIPD0176_space-MNI152NLin6Asym_FC-pearson_atlas-Schaefer200TianS3Buckner7N.csv
INFO: copied: data/clinical_connectome/derivatives/UNIPD/WashU/features/sub-STUNIPD0176/func/sub-STUNIPD0176_space-MNI152NLin6Asym_FC-pearson_atlas-Schaefer300TianS1Buckner7N.csv
INFO: copied: data/clinical_connectome/derivatives/UNIPD/WashU/features/sub-STUNIPD0176/func/sub-STUNIPD0176_space-MNI152NLin6Asym_FC-pearson_atlas-Schaefer300TianS2Buckner7N.csv
INFO: copied: data/clinical_connectome/derivatives/UNIPD/WashU/features/sub-STUNIPD0176/func/sub-STUNIPD0176_space-MNI152NLin6Asym_FC-pearson_atlas-Schaefer300TianS3Buckner7N.csv
INFO: copied: data/clinical_connectome/derivatives/UNIPD/WashU/features/sub-STUNIPD0176/func/sub-STUNIPD0176_space-MNI152NLin6Asym_FC-pearson_atlas-Schaefer400TianS1Buckner7N.csv
INFO: copied: data/clinical_connectome/derivatives/UNIPD/WashU/features/sub-STUNIPD0176/func/sub-STUNIPD0176_space-MNI152NLin6Asym_FC-pearson_atlas-Schaefer400TianS2Buckner7N.csv
INFO: copied: data/clinical_connectome/derivatives/UNIPD/WashU/features/sub-STUNIPD0176/func/sub-STUNIPD0176_space-MNI152NLin6Asym_FC-pearson_atlas-Schaefer400TianS3Buckner7N.csv
INFO: copied: data/clinical_connectome/derivatives/UNIPD/WashU/features/sub-STUNIPD0176/func/sub-STUNIPD0176_desc-motion.tsv
INFO: copied: data/clinical_connectome/derivatives/UNIPD/WashU/features/sub-STUNIPD0176/func/sub-STUNIPD0176_desc-motion.json
INFO: copied: data/clinical_connectome/derivatives/UNIPD/WashU/features/sub-STUNIPD0176/func/sub-STUNIPD0176_desc-outliers.tsv
INFO: copied: data/clinical_connectome/derivatives/UNIPD/WashU/features/sub-STUNIPD0176/func/sub-STUNIPD0176_desc-outliers.json
INFO: copied: data/clinical_connectome/derivatives/UNIPD/WashU/features/sub-STUNIPD0177/func/sub-STUNIPD0177_space-MNI152NLin6Asym_FC-pearson_atlas-GlasserTianS1Buckner7N.csv
INFO: copied: data/clinical_connectome/derivatives/UNIPD/WashU/features/sub-STUNIPD0177/func/sub-STUNIPD0177_space-MNI152NLin6Asym_FC-pearson_atlas-GlasserTianS2Buckner7N.csv
INFO: copied: data/clinical_connectome/derivatives/UNIPD/WashU/features/sub-STUNIPD0177/func/sub-STUNIPD0177_space-MNI152NLin6Asym_FC-pearson_atlas-GlasserTianS3Buckner7N.csv
INFO: copied: data/clinical_connectome/derivatives/UNIPD/WashU/features/sub-STUNIPD0177/func/sub-STUNIPD0177_space-MNI152NLin6Asym_FC-pearson_atlas-Schaefer100TianS1Buckner7N.csv
INFO: copied: data/clinical_connectome/derivatives/UNIPD/WashU/features/sub-STUNIPD0177/func/sub-STUNIPD0177_space-MNI152NLin6Asym_FC-pearson_atlas-Schaefer100TianS2Buckner7N.csv
INFO: copied: data/clinical_connectome/derivatives/UNIPD/WashU/features/sub-STUNIPD0177/func/sub-STUNIPD0177_space-MNI152NLin6Asym_FC-pearson_atlas-Schaefer100TianS3Buckner7N.csv
INFO: copied: data/clinical_connectome/derivatives/UNIPD/WashU/features/sub-STUNIPD0177/func/sub-STUNIPD0177_space-MNI152NLin6Asym_FC-pearson_atlas-Schaefer200TianS1Buckner7N.csv
INFO: copied: data/clinical_connectome/derivatives/UNIPD/WashU/features/sub-STUNIPD0177/func/sub-STUNIPD0177_space-MNI152NLin6Asym_FC-pearson_atlas-Schaefer200TianS2Buckner7N.csv
INFO: copied: data/clinical_connectome/derivatives/UNIPD/WashU/features/sub-STUNIPD0177/func/sub-STUNIPD0177_space-MNI152NLin6Asym_FC-pearson_atlas-Schaefer200TianS3Buckner7N.csv
INFO: copied: data/clinical_connectome/derivatives/UNIPD/WashU/features/sub-STUNIPD0177/func/sub-STUNIPD0177_space-MNI152NLin6Asym_FC-pearson_atlas-Schaefer300TianS1Buckner7N.csv
INFO: copied: data/clinical_connectome/derivatives/UNIPD/WashU/features/sub-STUNIPD0177/func/sub-STUNIPD0177_space-MNI152NLin6Asym_FC-pearson_atlas-Schaefer300TianS2Buckner7N.csv
INFO: copied: data/clinical_connectome/derivatives/UNIPD/WashU/features/sub-STUNIPD0177/func/sub-STUNIPD0177_space-MNI152NLin6Asym_FC-pearson_atlas-Schaefer300TianS3Buckner7N.csv
INFO: copied: data/clinical_connectome/derivatives/UNIPD/WashU/features/sub-STUNIPD0177/func/sub-STUNIPD0177_space-MNI152NLin6Asym_FC-pearson_atlas-Schaefer400TianS1Buckner7N.csv
INFO: copied: data/clinical_connectome/derivatives/UNIPD/WashU/features/sub-STUNIPD0177/func/sub-STUNIPD0177_space-MNI152NLin6Asym_FC-pearson_atlas-Schaefer400TianS2Buckner7N.csv
INFO: copied: data/clinical_connectome/derivatives/UNIPD/WashU/features/sub-STUNIPD0177/func/sub-STUNIPD0177_space-MNI152NLin6Asym_FC-pearson_atlas-Schaefer400TianS3Buckner7N.csv
INFO: copied: data/clinical_connectome/derivatives/UNIPD/WashU/features/sub-STUNIPD0177/func/sub-STUNIPD0177_desc-motion.tsv
INFO: copied: data/clinical_connectome/derivatives/UNIPD/WashU/features/sub-STUNIPD0177/func/sub-STUNIPD0177_desc-motion.json
INFO: copied: data/clinical_connectome/derivatives/UNIPD/WashU/features/sub-STUNIPD0177/func/sub-STUNIPD0177_desc-outliers.tsv
INFO: copied: data/clinical_connectome/derivatives/UNIPD/WashU/features/sub-STUNIPD0177/func/sub-STUNIPD0177_desc-outliers.json
INFO: copied: data/clinical_connectome/derivatives/UNIPD/WashU/features/sub-STUNIPD0178/func/sub-STUNIPD0178_space-MNI152NLin6Asym_FC-pearson_atlas-GlasserTianS1Buckner7N.csv
INFO: copied: data/clinical_connectome/derivatives/UNIPD/WashU/features/sub-STUNIPD0178/func/sub-STUNIPD0178_space-MNI152NLin6Asym_FC-pearson_atlas-GlasserTianS2Buckner7N.csv
INFO: copied: data/clinical_connectome/derivatives/UNIPD/WashU/features/sub-STUNIPD0178/func/sub-STUNIPD0178_space-MNI152NLin6Asym_FC-pearson_atlas-GlasserTianS3Buckner7N.csv
INFO: copied: data/clinical_connectome/derivatives/UNIPD/WashU/features/sub-STUNIPD0178/func/sub-STUNIPD0178_space-MNI152NLin6Asym_FC-pearson_atlas-Schaefer100TianS1Buckner7N.csv
INFO: copied: data/clinical_connectome/derivatives/UNIPD/WashU/features/sub-STUNIPD0178/func/sub-STUNIPD0178_space-MNI152NLin6Asym_FC-pearson_atlas-Schaefer100TianS2Buckner7N.csv
INFO: copied: data/clinical_connectome/derivatives/UNIPD/WashU/features/sub-STUNIPD0178/func/sub-STUNIPD0178_space-MNI152NLin6Asym_FC-pearson_atlas-Schaefer100TianS3Buckner7N.csv
INFO: copied: data/clinical_connectome/derivatives/UNIPD/WashU/features/sub-STUNIPD0178/func/sub-STUNIPD0178_space-MNI152NLin6Asym_FC-pearson_atlas-Schaefer200TianS1Buckner7N.csv
INFO: copied: data/clinical_connectome/derivatives/UNIPD/WashU/features/sub-STUNIPD0178/func/sub-STUNIPD0178_space-MNI152NLin6Asym_FC-pearson_atlas-Schaefer200TianS2Buckner7N.csv
INFO: copied: data/clinical_connectome/derivatives/UNIPD/WashU/features/sub-STUNIPD0178/func/sub-STUNIPD0178_space-MNI152NLin6Asym_FC-pearson_atlas-Schaefer200TianS3Buckner7N.csv
INFO: copied: data/clinical_connectome/derivatives/UNIPD/WashU/features/sub-STUNIPD0178/func/sub-STUNIPD0178_space-MNI152NLin6Asym_FC-pearson_atlas-Schaefer300TianS1Buckner7N.csv
INFO: copied: data/clinical_connectome/derivatives/UNIPD/WashU/features/sub-STUNIPD0178/func/sub-STUNIPD0178_space-MNI152NLin6Asym_FC-pearson_atlas-Schaefer300TianS2Buckner7N.csv
INFO: copied: data/clinical_connectome/derivatives/UNIPD/WashU/features/sub-STUNIPD0178/func/sub-STUNIPD0178_space-MNI152NLin6Asym_FC-pearson_atlas-Schaefer300TianS3Buckner7N.csv
INFO: copied: data/clinical_connectome/derivatives/UNIPD/WashU/features/sub-STUNIPD0178/func/sub-STUNIPD0178_space-MNI152NLin6Asym_FC-pearson_atlas-Schaefer400TianS1Buckner7N.csv
INFO: copied: data/clinical_connectome/derivatives/UNIPD/WashU/features/sub-STUNIPD0178/func/sub-STUNIPD0178_space-MNI152NLin6Asym_FC-pearson_atlas-Schaefer400TianS2Buckner7N.csv
INFO: copied: data/clinical_connectome/derivatives/UNIPD/WashU/features/sub-STUNIPD0178/func/sub-STUNIPD0178_space-MNI152NLin6Asym_FC-pearson_atlas-Schaefer400TianS3Buckner7N.csv
INFO: copied: data/clinical_connectome/derivatives/UNIPD/WashU/features/sub-STUNIPD0178/func/sub-STUNIPD0178_desc-motion.tsv
INFO: copied: data/clinical_connectome/derivatives/UNIPD/WashU/features/sub-STUNIPD0178/func/sub-STUNIPD0178_desc-motion.json
INFO: copied: data/clinical_connectome/derivatives/UNIPD/WashU/features/sub-STUNIPD0178/func/sub-STUNIPD0178_desc-outliers.tsv
INFO: copied: data/clinical_connectome/derivatives/UNIPD/WashU/features/sub-STUNIPD0178/func/sub-STUNIPD0178_desc-outliers.json
INFO: copied: data/clinical_connectome/derivatives/UNIPD/WashU/features/sub-STUNIPD0179/func/sub-STUNIPD0179_space-MNI152NLin6Asym_FC-pearson_atlas-GlasserTianS1Buckner7N.csv
INFO: copied: data/clinical_connectome/derivatives/UNIPD/WashU/features/sub-STUNIPD0179/func/sub-STUNIPD0179_space-MNI152NLin6Asym_FC-pearson_atlas-GlasserTianS2Buckner7N.csv
INFO: copied: data/clinical_connectome/derivatives/UNIPD/WashU/features/sub-STUNIPD0179/func/sub-STUNIPD0179_space-MNI152NLin6Asym_FC-pearson_atlas-GlasserTianS3Buckner7N.csv
INFO: copied: data/clinical_connectome/derivatives/UNIPD/WashU/features/sub-STUNIPD0179/func/sub-STUNIPD0179_space-MNI152NLin6Asym_FC-pearson_atlas-Schaefer100TianS1Buckner7N.csv
INFO: copied: data/clinical_connectome/derivatives/UNIPD/WashU/features/sub-STUNIPD0179/func/sub-STUNIPD0179_space-MNI152NLin6Asym_FC-pearson_atlas-Schaefer100TianS2Buckner7N.csv
INFO: copied: data/clinical_connectome/derivatives/UNIPD/WashU/features/sub-STUNIPD0179/func/sub-STUNIPD0179_space-MNI152NLin6Asym_FC-pearson_atlas-Schaefer100TianS3Buckner7N.csv
INFO: copied: data/clinical_connectome/derivatives/UNIPD/WashU/features/sub-STUNIPD0179/func/sub-STUNIPD0179_space-MNI152NLin6Asym_FC-pearson_atlas-Schaefer200TianS1Buckner7N.csv
INFO: copied: data/clinical_connectome/derivatives/UNIPD/WashU/features/sub-STUNIPD0179/func/sub-STUNIPD0179_space-MNI152NLin6Asym_FC-pearson_atlas-Schaefer200TianS2Buckner7N.csv
INFO: copied: data/clinical_connectome/derivatives/UNIPD/WashU/features/sub-STUNIPD0179/func/sub-STUNIPD0179_space-MNI152NLin6Asym_FC-pearson_atlas-Schaefer200TianS3Buckner7N.csv
INFO: copied: data/clinical_connectome/derivatives/UNIPD/WashU/features/sub-STUNIPD0179/func/sub-STUNIPD0179_space-MNI152NLin6Asym_FC-pearson_atlas-Schaefer300TianS1Buckner7N.csv
INFO: copied: data/clinical_connectome/derivatives/UNIPD/WashU/features/sub-STUNIPD0179/func/sub-STUNIPD0179_space-MNI152NLin6Asym_FC-pearson_atlas-Schaefer300TianS2Buckner7N.csv
INFO: copied: data/clinical_connectome/derivatives/UNIPD/WashU/features/sub-STUNIPD0179/func/sub-STUNIPD0179_space-MNI152NLin6Asym_FC-pearson_atlas-Schaefer300TianS3Buckner7N.csv
INFO: copied: data/clinical_connectome/derivatives/UNIPD/WashU/features/sub-STUNIPD0179/func/sub-STUNIPD0179_space-MNI152NLin6Asym_FC-pearson_atlas-Schaefer400TianS1Buckner7N.csv
INFO: copied: data/clinical_connectome/derivatives/UNIPD/WashU/features/sub-STUNIPD0179/func/sub-STUNIPD0179_space-MNI152NLin6Asym_FC-pearson_atlas-Schaefer400TianS2Buckner7N.csv
INFO: copied: data/clinical_connectome/derivatives/UNIPD/WashU/features/sub-STUNIPD0179/func/sub-STUNIPD0179_space-MNI152NLin6Asym_FC-pearson_atlas-Schaefer400TianS3Buckner7N.csv
INFO: copied: data/clinical_connectome/derivatives/UNIPD/WashU/features/sub-STUNIPD0179/func/sub-STUNIPD0179_desc-motion.tsv
INFO: copied: data/clinical_connectome/derivatives/UNIPD/WashU/features/sub-STUNIPD0179/func/sub-STUNIPD0179_desc-motion.json
INFO: copied: data/clinical_connectome/derivatives/UNIPD/WashU/features/sub-STUNIPD0179/func/sub-STUNIPD0179_desc-outliers.tsv
INFO: copied: data/clinical_connectome/derivatives/UNIPD/WashU/features/sub-STUNIPD0179/func/sub-STUNIPD0179_desc-outliers.json
INFO: copied: data/clinical_connectome/derivatives/UNIPD/WashU/features/sub-STUNIPD0180/func/sub-STUNIPD0180_space-MNI152NLin6Asym_FC-pearson_atlas-GlasserTianS1Buckner7N.csv
INFO: copied: data/clinical_connectome/derivatives/UNIPD/WashU/features/sub-STUNIPD0180/func/sub-STUNIPD0180_space-MNI152NLin6Asym_FC-pearson_atlas-GlasserTianS2Buckner7N.csv
INFO: copied: data/clinical_connectome/derivatives/UNIPD/WashU/features/sub-STUNIPD0180/func/sub-STUNIPD0180_space-MNI152NLin6Asym_FC-pearson_atlas-GlasserTianS3Buckner7N.csv
INFO: copied: data/clinical_connectome/derivatives/UNIPD/WashU/features/sub-STUNIPD0180/func/sub-STUNIPD0180_space-MNI152NLin6Asym_FC-pearson_atlas-Schaefer100TianS1Buckner7N.csv
INFO: copied: data/clinical_connectome/derivatives/UNIPD/WashU/features/sub-STUNIPD0180/func/sub-STUNIPD0180_space-MNI152NLin6Asym_FC-pearson_atlas-Schaefer100TianS2Buckner7N.csv
INFO: copied: data/clinical_connectome/derivatives/UNIPD/WashU/features/sub-STUNIPD0180/func/sub-STUNIPD0180_space-MNI152NLin6Asym_FC-pearson_atlas-Schaefer100TianS3Buckner7N.csv
INFO: copied: data/clinical_connectome/derivatives/UNIPD/WashU/features/sub-STUNIPD0180/func/sub-STUNIPD0180_space-MNI152NLin6Asym_FC-pearson_atlas-Schaefer200TianS1Buckner7N.csv
INFO: copied: data/clinical_connectome/derivatives/UNIPD/WashU/features/sub-STUNIPD0180/func/sub-STUNIPD0180_space-MNI152NLin6Asym_FC-pearson_atlas-Schaefer200TianS2Buckner7N.csv
INFO: copied: data/clinical_connectome/derivatives/UNIPD/WashU/features/sub-STUNIPD0180/func/sub-STUNIPD0180_space-MNI152NLin6Asym_FC-pearson_atlas-Schaefer200TianS3Buckner7N.csv
INFO: copied: data/clinical_connectome/derivatives/UNIPD/WashU/features/sub-STUNIPD0180/func/sub-STUNIPD0180_space-MNI152NLin6Asym_FC-pearson_atlas-Schaefer300TianS1Buckner7N.csv
INFO: copied: data/clinical_connectome/derivatives/UNIPD/WashU/features/sub-STUNIPD0180/func/sub-STUNIPD0180_space-MNI152NLin6Asym_FC-pearson_atlas-Schaefer300TianS2Buckner7N.csv
INFO: copied: data/clinical_connectome/derivatives/UNIPD/WashU/features/sub-STUNIPD0180/func/sub-STUNIPD0180_space-MNI152NLin6Asym_FC-pearson_atlas-Schaefer300TianS3Buckner7N.csv
INFO: copied: data/clinical_connectome/derivatives/UNIPD/WashU/features/sub-STUNIPD0180/func/sub-STUNIPD0180_space-MNI152NLin6Asym_FC-pearson_atlas-Schaefer400TianS1Buckner7N.csv
INFO: copied: data/clinical_connectome/derivatives/UNIPD/WashU/features/sub-STUNIPD0180/func/sub-STUNIPD0180_space-MNI152NLin6Asym_FC-pearson_atlas-Schaefer400TianS2Buckner7N.csv
INFO: copied: data/clinical_connectome/derivatives/UNIPD/WashU/features/sub-STUNIPD0180/func/sub-STUNIPD0180_space-MNI152NLin6Asym_FC-pearson_atlas-Schaefer400TianS3Buckner7N.csv
INFO: copied: data/clinical_connectome/derivatives/UNIPD/WashU/features/sub-STUNIPD0180/func/sub-STUNIPD0180_desc-motion.tsv
INFO: copied: data/clinical_connectome/derivatives/UNIPD/WashU/features/sub-STUNIPD0180/func/sub-STUNIPD0180_desc-motion.json
INFO: copied: data/clinical_connectome/derivatives/UNIPD/WashU/features/sub-STUNIPD0180/func/sub-STUNIPD0180_desc-outliers.tsv
INFO: copied: data/clinical_connectome/derivatives/UNIPD/WashU/features/sub-STUNIPD0180/func/sub-STUNIPD0180_desc-outliers.json
INFO: copied: data/clinical_connectome/derivatives/UNIPD/WashU/features/sub-STUNIPD0181/func/sub-STUNIPD0181_space-MNI152NLin6Asym_FC-pearson_atlas-GlasserTianS1Buckner7N.csv
INFO: copied: data/clinical_connectome/derivatives/UNIPD/WashU/features/sub-STUNIPD0181/func/sub-STUNIPD0181_space-MNI152NLin6Asym_FC-pearson_atlas-GlasserTianS2Buckner7N.csv
INFO: copied: data/clinical_connectome/derivatives/UNIPD/WashU/features/sub-STUNIPD0181/func/sub-STUNIPD0181_space-MNI152NLin6Asym_FC-pearson_atlas-GlasserTianS3Buckner7N.csv
INFO: copied: data/clinical_connectome/derivatives/UNIPD/WashU/features/sub-STUNIPD0181/func/sub-STUNIPD0181_space-MNI152NLin6Asym_FC-pearson_atlas-Schaefer100TianS1Buckner7N.csv
INFO: copied: data/clinical_connectome/derivatives/UNIPD/WashU/features/sub-STUNIPD0181/func/sub-STUNIPD0181_space-MNI152NLin6Asym_FC-pearson_atlas-Schaefer100TianS2Buckner7N.csv
INFO: copied: data/clinical_connectome/derivatives/UNIPD/WashU/features/sub-STUNIPD0181/func/sub-STUNIPD0181_space-MNI152NLin6Asym_FC-pearson_atlas-Schaefer100TianS3Buckner7N.csv
INFO: copied: data/clinical_connectome/derivatives/UNIPD/WashU/features/sub-STUNIPD0181/func/sub-STUNIPD0181_space-MNI152NLin6Asym_FC-pearson_atlas-Schaefer200TianS1Buckner7N.csv
INFO: copied: data/clinical_connectome/derivatives/UNIPD/WashU/features/sub-STUNIPD0181/func/sub-STUNIPD0181_space-MNI152NLin6Asym_FC-pearson_atlas-Schaefer200TianS2Buckner7N.csv
INFO: copied: data/clinical_connectome/derivatives/UNIPD/WashU/features/sub-STUNIPD0181/func/sub-STUNIPD0181_space-MNI152NLin6Asym_FC-pearson_atlas-Schaefer200TianS3Buckner7N.csv
INFO: copied: data/clinical_connectome/derivatives/UNIPD/WashU/features/sub-STUNIPD0181/func/sub-STUNIPD0181_space-MNI152NLin6Asym_FC-pearson_atlas-Schaefer300TianS1Buckner7N.csv
INFO: copied: data/clinical_connectome/derivatives/UNIPD/WashU/features/sub-STUNIPD0181/func/sub-STUNIPD0181_space-MNI152NLin6Asym_FC-pearson_atlas-Schaefer300TianS2Buckner7N.csv
INFO: copied: data/clinical_connectome/derivatives/UNIPD/WashU/features/sub-STUNIPD0181/func/sub-STUNIPD0181_space-MNI152NLin6Asym_FC-pearson_atlas-Schaefer300TianS3Buckner7N.csv
INFO: copied: data/clinical_connectome/derivatives/UNIPD/WashU/features/sub-STUNIPD0181/func/sub-STUNIPD0181_space-MNI152NLin6Asym_FC-pearson_atlas-Schaefer400TianS1Buckner7N.csv
INFO: copied: data/clinical_connectome/derivatives/UNIPD/WashU/features/sub-STUNIPD0181/func/sub-STUNIPD0181_space-MNI152NLin6Asym_FC-pearson_atlas-Schaefer400TianS2Buckner7N.csv
INFO: copied: data/clinical_connectome/derivatives/UNIPD/WashU/features/sub-STUNIPD0181/func/sub-STUNIPD0181_space-MNI152NLin6Asym_FC-pearson_atlas-Schaefer400TianS3Buckner7N.csv
INFO: copied: data/clinical_connectome/derivatives/UNIPD/WashU/features/sub-STUNIPD0181/func/sub-STUNIPD0181_desc-motion.tsv
INFO: copied: data/clinical_connectome/derivatives/UNIPD/WashU/features/sub-STUNIPD0181/func/sub-STUNIPD0181_desc-motion.json
INFO: copied: data/clinical_connectome/derivatives/UNIPD/WashU/features/sub-STUNIPD0181/func/sub-STUNIPD0181_desc-outliers.tsv
INFO: copied: data/clinical_connectome/derivatives/UNIPD/WashU/features/sub-STUNIPD0181/func/sub-STUNIPD0181_desc-outliers.json
INFO: copied: data/clinical_connectome/derivatives/UNIPD/WashU/features/sub-STUNIPD0182/func/sub-STUNIPD0182_space-MNI152NLin6Asym_FC-pearson_atlas-GlasserTianS1Buckner7N.csv
INFO: copied: data/clinical_connectome/derivatives/UNIPD/WashU/features/sub-STUNIPD0182/func/sub-STUNIPD0182_space-MNI152NLin6Asym_FC-pearson_atlas-GlasserTianS2Buckner7N.csv
INFO: copied: data/clinical_connectome/derivatives/UNIPD/WashU/features/sub-STUNIPD0182/func/sub-STUNIPD0182_space-MNI152NLin6Asym_FC-pearson_atlas-GlasserTianS3Buckner7N.csv
INFO: copied: data/clinical_connectome/derivatives/UNIPD/WashU/features/sub-STUNIPD0182/func/sub-STUNIPD0182_space-MNI152NLin6Asym_FC-pearson_atlas-Schaefer100TianS1Buckner7N.csv
INFO: copied: data/clinical_connectome/derivatives/UNIPD/WashU/features/sub-STUNIPD0182/func/sub-STUNIPD0182_space-MNI152NLin6Asym_FC-pearson_atlas-Schaefer100TianS2Buckner7N.csv
INFO: copied: data/clinical_connectome/derivatives/UNIPD/WashU/features/sub-STUNIPD0182/func/sub-STUNIPD0182_space-MNI152NLin6Asym_FC-pearson_atlas-Schaefer100TianS3Buckner7N.csv
INFO: copied: data/clinical_connectome/derivatives/UNIPD/WashU/features/sub-STUNIPD0182/func/sub-STUNIPD0182_space-MNI152NLin6Asym_FC-pearson_atlas-Schaefer200TianS1Buckner7N.csv
INFO: copied: data/clinical_connectome/derivatives/UNIPD/WashU/features/sub-STUNIPD0182/func/sub-STUNIPD0182_space-MNI152NLin6Asym_FC-pearson_atlas-Schaefer200TianS2Buckner7N.csv
INFO: copied: data/clinical_connectome/derivatives/UNIPD/WashU/features/sub-STUNIPD0182/func/sub-STUNIPD0182_space-MNI152NLin6Asym_FC-pearson_atlas-Schaefer200TianS3Buckner7N.csv
INFO: copied: data/clinical_connectome/derivatives/UNIPD/WashU/features/sub-STUNIPD0182/func/sub-STUNIPD0182_space-MNI152NLin6Asym_FC-pearson_atlas-Schaefer300TianS1Buckner7N.csv
INFO: copied: data/clinical_connectome/derivatives/UNIPD/WashU/features/sub-STUNIPD0182/func/sub-STUNIPD0182_space-MNI152NLin6Asym_FC-pearson_atlas-Schaefer300TianS2Buckner7N.csv
INFO: copied: data/clinical_connectome/derivatives/UNIPD/WashU/features/sub-STUNIPD0182/func/sub-STUNIPD0182_space-MNI152NLin6Asym_FC-pearson_atlas-Schaefer300TianS3Buckner7N.csv
INFO: copied: data/clinical_connectome/derivatives/UNIPD/WashU/features/sub-STUNIPD0182/func/sub-STUNIPD0182_space-MNI152NLin6Asym_FC-pearson_atlas-Schaefer400TianS1Buckner7N.csv
INFO: copied: data/clinical_connectome/derivatives/UNIPD/WashU/features/sub-STUNIPD0182/func/sub-STUNIPD0182_space-MNI152NLin6Asym_FC-pearson_atlas-Schaefer400TianS2Buckner7N.csv
INFO: copied: data/clinical_connectome/derivatives/UNIPD/WashU/features/sub-STUNIPD0182/func/sub-STUNIPD0182_space-MNI152NLin6Asym_FC-pearson_atlas-Schaefer400TianS3Buckner7N.csv
INFO: copied: data/clinical_connectome/derivatives/UNIPD/WashU/features/sub-STUNIPD0182/func/sub-STUNIPD0182_desc-motion.tsv
INFO: copied: data/clinical_connectome/derivatives/UNIPD/WashU/features/sub-STUNIPD0182/func/sub-STUNIPD0182_desc-motion.json
INFO: copied: data/clinical_connectome/derivatives/UNIPD/WashU/features/sub-STUNIPD0182/func/sub-STUNIPD0182_desc-outliers.tsv
INFO: copied: data/clinical_connectome/derivatives/UNIPD/WashU/features/sub-STUNIPD0182/func/sub-STUNIPD0182_desc-outliers.json
INFO: copied: data/clinical_connectome/derivatives/UNIPD/WashU/features/sub-STUNIPD0183/func/sub-STUNIPD0183_space-MNI152NLin6Asym_FC-pearson_atlas-GlasserTianS1Buckner7N.csv
INFO: copied: data/clinical_connectome/derivatives/UNIPD/WashU/features/sub-STUNIPD0183/func/sub-STUNIPD0183_space-MNI152NLin6Asym_FC-pearson_atlas-GlasserTianS2Buckner7N.csv
INFO: copied: data/clinical_connectome/derivatives/UNIPD/WashU/features/sub-STUNIPD0183/func/sub-STUNIPD0183_space-MNI152NLin6Asym_FC-pearson_atlas-GlasserTianS3Buckner7N.csv
INFO: copied: data/clinical_connectome/derivatives/UNIPD/WashU/features/sub-STUNIPD0183/func/sub-STUNIPD0183_space-MNI152NLin6Asym_FC-pearson_atlas-Schaefer100TianS1Buckner7N.csv
INFO: copied: data/clinical_connectome/derivatives/UNIPD/WashU/features/sub-STUNIPD0183/func/sub-STUNIPD0183_space-MNI152NLin6Asym_FC-pearson_atlas-Schaefer100TianS2Buckner7N.csv
INFO: copied: data/clinical_connectome/derivatives/UNIPD/WashU/features/sub-STUNIPD0183/func/sub-STUNIPD0183_space-MNI152NLin6Asym_FC-pearson_atlas-Schaefer100TianS3Buckner7N.csv
INFO: copied: data/clinical_connectome/derivatives/UNIPD/WashU/features/sub-STUNIPD0183/func/sub-STUNIPD0183_space-MNI152NLin6Asym_FC-pearson_atlas-Schaefer200TianS1Buckner7N.csv
INFO: copied: data/clinical_connectome/derivatives/UNIPD/WashU/features/sub-STUNIPD0183/func/sub-STUNIPD0183_space-MNI152NLin6Asym_FC-pearson_atlas-Schaefer200TianS2Buckner7N.csv
INFO: copied: data/clinical_connectome/derivatives/UNIPD/WashU/features/sub-STUNIPD0183/func/sub-STUNIPD0183_space-MNI152NLin6Asym_FC-pearson_atlas-Schaefer200TianS3Buckner7N.csv
INFO: copied: data/clinical_connectome/derivatives/UNIPD/WashU/features/sub-STUNIPD0183/func/sub-STUNIPD0183_space-MNI152NLin6Asym_FC-pearson_atlas-Schaefer300TianS1Buckner7N.csv
INFO: copied: data/clinical_connectome/derivatives/UNIPD/WashU/features/sub-STUNIPD0183/func/sub-STUNIPD0183_space-MNI152NLin6Asym_FC-pearson_atlas-Schaefer300TianS2Buckner7N.csv
INFO: copied: data/clinical_connectome/derivatives/UNIPD/WashU/features/sub-STUNIPD0183/func/sub-STUNIPD0183_space-MNI152NLin6Asym_FC-pearson_atlas-Schaefer300TianS3Buckner7N.csv
INFO: copied: data/clinical_connectome/derivatives/UNIPD/WashU/features/sub-STUNIPD0183/func/sub-STUNIPD0183_space-MNI152NLin6Asym_FC-pearson_atlas-Schaefer400TianS1Buckner7N.csv
INFO: copied: data/clinical_connectome/derivatives/UNIPD/WashU/features/sub-STUNIPD0183/func/sub-STUNIPD0183_space-MNI152NLin6Asym_FC-pearson_atlas-Schaefer400TianS2Buckner7N.csv
INFO: copied: data/clinical_connectome/derivatives/UNIPD/WashU/features/sub-STUNIPD0183/func/sub-STUNIPD0183_space-MNI152NLin6Asym_FC-pearson_atlas-Schaefer400TianS3Buckner7N.csv
INFO: copied: data/clinical_connectome/derivatives/UNIPD/WashU/features/sub-STUNIPD0183/func/sub-STUNIPD0183_desc-motion.tsv
INFO: copied: data/clinical_connectome/derivatives/UNIPD/WashU/features/sub-STUNIPD0183/func/sub-STUNIPD0183_desc-motion.json
INFO: copied: data/clinical_connectome/derivatives/UNIPD/WashU/features/sub-STUNIPD0183/func/sub-STUNIPD0183_desc-outliers.tsv
INFO: copied: data/clinical_connectome/derivatives/UNIPD/WashU/features/sub-STUNIPD0183/func/sub-STUNIPD0183_desc-outliers.json
INFO: copied: data/clinical_connectome/derivatives/UNIPD/WashU/features/sub-STUNIPD0185/func/sub-STUNIPD0185_space-MNI152NLin6Asym_FC-pearson_atlas-GlasserTianS1Buckner7N.csv
INFO: copied: data/clinical_connectome/derivatives/UNIPD/WashU/features/sub-STUNIPD0185/func/sub-STUNIPD0185_space-MNI152NLin6Asym_FC-pearson_atlas-GlasserTianS2Buckner7N.csv
INFO: copied: data/clinical_connectome/derivatives/UNIPD/WashU/features/sub-STUNIPD0185/func/sub-STUNIPD0185_space-MNI152NLin6Asym_FC-pearson_atlas-GlasserTianS3Buckner7N.csv
INFO: copied: data/clinical_connectome/derivatives/UNIPD/WashU/features/sub-STUNIPD0185/func/sub-STUNIPD0185_space-MNI152NLin6Asym_FC-pearson_atlas-Schaefer100TianS1Buckner7N.csv
INFO: copied: data/clinical_connectome/derivatives/UNIPD/WashU/features/sub-STUNIPD0185/func/sub-STUNIPD0185_space-MNI152NLin6Asym_FC-pearson_atlas-Schaefer100TianS2Buckner7N.csv
INFO: copied: data/clinical_connectome/derivatives/UNIPD/WashU/features/sub-STUNIPD0185/func/sub-STUNIPD0185_space-MNI152NLin6Asym_FC-pearson_atlas-Schaefer100TianS3Buckner7N.csv
INFO: copied: data/clinical_connectome/derivatives/UNIPD/WashU/features/sub-STUNIPD0185/func/sub-STUNIPD0185_space-MNI152NLin6Asym_FC-pearson_atlas-Schaefer200TianS1Buckner7N.csv
INFO: copied: data/clinical_connectome/derivatives/UNIPD/WashU/features/sub-STUNIPD0185/func/sub-STUNIPD0185_space-MNI152NLin6Asym_FC-pearson_atlas-Schaefer200TianS2Buckner7N.csv
INFO: copied: data/clinical_connectome/derivatives/UNIPD/WashU/features/sub-STUNIPD0185/func/sub-STUNIPD0185_space-MNI152NLin6Asym_FC-pearson_atlas-Schaefer200TianS3Buckner7N.csv
INFO: copied: data/clinical_connectome/derivatives/UNIPD/WashU/features/sub-STUNIPD0185/func/sub-STUNIPD0185_space-MNI152NLin6Asym_FC-pearson_atlas-Schaefer300TianS1Buckner7N.csv
INFO: copied: data/clinical_connectome/derivatives/UNIPD/WashU/features/sub-STUNIPD0185/func/sub-STUNIPD0185_space-MNI152NLin6Asym_FC-pearson_atlas-Schaefer300TianS2Buckner7N.csv
INFO: copied: data/clinical_connectome/derivatives/UNIPD/WashU/features/sub-STUNIPD0185/func/sub-STUNIPD0185_space-MNI152NLin6Asym_FC-pearson_atlas-Schaefer300TianS3Buckner7N.csv
INFO: copied: data/clinical_connectome/derivatives/UNIPD/WashU/features/sub-STUNIPD0185/func/sub-STUNIPD0185_space-MNI152NLin6Asym_FC-pearson_atlas-Schaefer400TianS1Buckner7N.csv
INFO: copied: data/clinical_connectome/derivatives/UNIPD/WashU/features/sub-STUNIPD0185/func/sub-STUNIPD0185_space-MNI152NLin6Asym_FC-pearson_atlas-Schaefer400TianS2Buckner7N.csv
INFO: copied: data/clinical_connectome/derivatives/UNIPD/WashU/features/sub-STUNIPD0185/func/sub-STUNIPD0185_space-MNI152NLin6Asym_FC-pearson_atlas-Schaefer400TianS3Buckner7N.csv
INFO: copied: data/clinical_connectome/derivatives/UNIPD/WashU/features/sub-STUNIPD0185/func/sub-STUNIPD0185_desc-motion.tsv
INFO: copied: data/clinical_connectome/derivatives/UNIPD/WashU/features/sub-STUNIPD0185/func/sub-STUNIPD0185_desc-motion.json
INFO: copied: data/clinical_connectome/derivatives/UNIPD/WashU/features/sub-STUNIPD0185/func/sub-STUNIPD0185_desc-outliers.tsv
INFO: copied: data/clinical_connectome/derivatives/UNIPD/WashU/features/sub-STUNIPD0185/func/sub-STUNIPD0185_desc-outliers.json
INFO: copied: data/clinical_connectome/derivatives/UNIPD/WashU/features/sub-STUNIPD0187/func/sub-STUNIPD0187_space-MNI152NLin6Asym_FC-pearson_atlas-GlasserTianS1Buckner7N.csv
INFO: copied: data/clinical_connectome/derivatives/UNIPD/WashU/features/sub-STUNIPD0187/func/sub-STUNIPD0187_space-MNI152NLin6Asym_FC-pearson_atlas-GlasserTianS2Buckner7N.csv
INFO: copied: data/clinical_connectome/derivatives/UNIPD/WashU/features/sub-STUNIPD0187/func/sub-STUNIPD0187_space-MNI152NLin6Asym_FC-pearson_atlas-GlasserTianS3Buckner7N.csv
INFO: copied: data/clinical_connectome/derivatives/UNIPD/WashU/features/sub-STUNIPD0187/func/sub-STUNIPD0187_space-MNI152NLin6Asym_FC-pearson_atlas-Schaefer100TianS1Buckner7N.csv
INFO: copied: data/clinical_connectome/derivatives/UNIPD/WashU/features/sub-STUNIPD0187/func/sub-STUNIPD0187_space-MNI152NLin6Asym_FC-pearson_atlas-Schaefer100TianS2Buckner7N.csv
INFO: copied: data/clinical_connectome/derivatives/UNIPD/WashU/features/sub-STUNIPD0187/func/sub-STUNIPD0187_space-MNI152NLin6Asym_FC-pearson_atlas-Schaefer100TianS3Buckner7N.csv
INFO: copied: data/clinical_connectome/derivatives/UNIPD/WashU/features/sub-STUNIPD0187/func/sub-STUNIPD0187_space-MNI152NLin6Asym_FC-pearson_atlas-Schaefer200TianS1Buckner7N.csv
INFO: copied: data/clinical_connectome/derivatives/UNIPD/WashU/features/sub-STUNIPD0187/func/sub-STUNIPD0187_space-MNI152NLin6Asym_FC-pearson_atlas-Schaefer200TianS2Buckner7N.csv
INFO: copied: data/clinical_connectome/derivatives/UNIPD/WashU/features/sub-STUNIPD0187/func/sub-STUNIPD0187_space-MNI152NLin6Asym_FC-pearson_atlas-Schaefer200TianS3Buckner7N.csv
INFO: copied: data/clinical_connectome/derivatives/UNIPD/WashU/features/sub-STUNIPD0187/func/sub-STUNIPD0187_space-MNI152NLin6Asym_FC-pearson_atlas-Schaefer300TianS1Buckner7N.csv
INFO: copied: data/clinical_connectome/derivatives/UNIPD/WashU/features/sub-STUNIPD0187/func/sub-STUNIPD0187_space-MNI152NLin6Asym_FC-pearson_atlas-Schaefer300TianS2Buckner7N.csv
INFO: copied: data/clinical_connectome/derivatives/UNIPD/WashU/features/sub-STUNIPD0187/func/sub-STUNIPD0187_space-MNI152NLin6Asym_FC-pearson_atlas-Schaefer300TianS3Buckner7N.csv
INFO: copied: data/clinical_connectome/derivatives/UNIPD/WashU/features/sub-STUNIPD0187/func/sub-STUNIPD0187_space-MNI152NLin6Asym_FC-pearson_atlas-Schaefer400TianS1Buckner7N.csv
INFO: copied: data/clinical_connectome/derivatives/UNIPD/WashU/features/sub-STUNIPD0187/func/sub-STUNIPD0187_space-MNI152NLin6Asym_FC-pearson_atlas-Schaefer400TianS2Buckner7N.csv
INFO: copied: data/clinical_connectome/derivatives/UNIPD/WashU/features/sub-STUNIPD0187/func/sub-STUNIPD0187_space-MNI152NLin6Asym_FC-pearson_atlas-Schaefer400TianS3Buckner7N.csv
INFO: copied: data/clinical_connectome/derivatives/UNIPD/WashU/features/sub-STUNIPD0187/func/sub-STUNIPD0187_desc-motion.tsv
INFO: copied: data/clinical_connectome/derivatives/UNIPD/WashU/features/sub-STUNIPD0187/func/sub-STUNIPD0187_desc-motion.json
INFO: copied: data/clinical_connectome/derivatives/UNIPD/WashU/features/sub-STUNIPD0187/func/sub-STUNIPD0187_desc-outliers.tsv
INFO: copied: data/clinical_connectome/derivatives/UNIPD/WashU/features/sub-STUNIPD0187/func/sub-STUNIPD0187_desc-outliers.json
INFO: copied: data/clinical_connectome/derivatives/UNIPD/WashU/features/sub-STUNIPD0188/func/sub-STUNIPD0188_space-MNI152NLin6Asym_FC-pearson_atlas-GlasserTianS1Buckner7N.csv
INFO: copied: data/clinical_connectome/derivatives/UNIPD/WashU/features/sub-STUNIPD0188/func/sub-STUNIPD0188_space-MNI152NLin6Asym_FC-pearson_atlas-GlasserTianS2Buckner7N.csv
INFO: copied: data/clinical_connectome/derivatives/UNIPD/WashU/features/sub-STUNIPD0188/func/sub-STUNIPD0188_space-MNI152NLin6Asym_FC-pearson_atlas-GlasserTianS3Buckner7N.csv
INFO: copied: data/clinical_connectome/derivatives/UNIPD/WashU/features/sub-STUNIPD0188/func/sub-STUNIPD0188_space-MNI152NLin6Asym_FC-pearson_atlas-Schaefer100TianS1Buckner7N.csv
INFO: copied: data/clinical_connectome/derivatives/UNIPD/WashU/features/sub-STUNIPD0188/func/sub-STUNIPD0188_space-MNI152NLin6Asym_FC-pearson_atlas-Schaefer100TianS2Buckner7N.csv
INFO: copied: data/clinical_connectome/derivatives/UNIPD/WashU/features/sub-STUNIPD0188/func/sub-STUNIPD0188_space-MNI152NLin6Asym_FC-pearson_atlas-Schaefer100TianS3Buckner7N.csv
INFO: copied: data/clinical_connectome/derivatives/UNIPD/WashU/features/sub-STUNIPD0188/func/sub-STUNIPD0188_space-MNI152NLin6Asym_FC-pearson_atlas-Schaefer200TianS1Buckner7N.csv
INFO: copied: data/clinical_connectome/derivatives/UNIPD/WashU/features/sub-STUNIPD0188/func/sub-STUNIPD0188_space-MNI152NLin6Asym_FC-pearson_atlas-Schaefer200TianS2Buckner7N.csv
INFO: copied: data/clinical_connectome/derivatives/UNIPD/WashU/features/sub-STUNIPD0188/func/sub-STUNIPD0188_space-MNI152NLin6Asym_FC-pearson_atlas-Schaefer200TianS3Buckner7N.csv
INFO: copied: data/clinical_connectome/derivatives/UNIPD/WashU/features/sub-STUNIPD0188/func/sub-STUNIPD0188_space-MNI152NLin6Asym_FC-pearson_atlas-Schaefer300TianS1Buckner7N.csv
INFO: copied: data/clinical_connectome/derivatives/UNIPD/WashU/features/sub-STUNIPD0188/func/sub-STUNIPD0188_space-MNI152NLin6Asym_FC-pearson_atlas-Schaefer300TianS2Buckner7N.csv
INFO: copied: data/clinical_connectome/derivatives/UNIPD/WashU/features/sub-STUNIPD0188/func/sub-STUNIPD0188_space-MNI152NLin6Asym_FC-pearson_atlas-Schaefer300TianS3Buckner7N.csv
slurmstepd-brain02: error: *** JOB 332998 ON brain02 CANCELLED AT 2026-07-22T11:47:35 ***
